source,keyword,title,authors,doi,publication_date,journal,abstract
PubMed,aortic stenosis,Prognostic determinants in patients with severe aortic stenosis and moderate fragility following TAVI.,Clara Belmonte Herrera; Daniel Mauricio Rojas Aguirre; Laia Carla Belarte Tornero; Sonia Ruiz Bustillo; Beatriz Vaquerizo Montilla; Sandra Valdivielso Moré,10.24875/RECICE.M25000539,2026,"REC, interventional cardiology",
PubMed,aortic stenosis,Transcatheter aortic valve implantation without immediate cardiac surgery backup. A single-center retrospective analysis.,António Rocha de Almeida; Renato Fernandes; Ângela Bento; David Neves; Diogo Brás; Gustavo Mendes; Rita Rocha; Marta Paralta Figueiredo; Rafael Viana; Rita Louro; Álvaro Laranjeira Santos; Lino Patrício,10.24875/RECICE.M25000549,2026,"REC, interventional cardiology","Transcatheter aortic valve implantation (TAVI) is traditionally performed with on-site cardiac surgery (CS) backup. However, procedural advances enabled TAVI to be performed safely without immediate CS backup. This study describes our single-center experience with TAVI performed in a center without on-site CS backup.
We conducted a retrospective analysis of the first 300 patients undergoing TAVI without on-site CS backup between 2020 and 2024. The primary endpoint was 30-day mortality. Secondary endpoints included procedural and in-hospital mortality, stroke, emergency cardiac surgery (ECS), vascular complications, major hemorrhage, and pacemaker implantation. Outcomes were compared with those from the Portuguese national TAVI registry.
The cohort mean age was 82±5 years (54% women). The median STS risk score was 3.8 [IQR, 2.3-6.6], with 17% high-risk patients (STS > 8). Most procedures were elective (83%). Transfemoral access was used in 99% of cases, and self-expandable valves were implanted in 95%. The 30-day mortality rate was 3.7% (n = 11), while stroke occurred in 2.7% (n = 8). The procedural survival rate was 99% (n = 298). No cases of ECS occurred (n = 0), coronary obstruction, TAVI-in-TAVI deployment as a bailout, or valve embolization were reported. Pericardial tamponade occurred in 0.7% of cases (n = 2). Major hemorrhage and vascular complications occurred in 8%, and pacemaker implantation in 20%. The 1-year mortality rate was 12%, with 4% attributed to cardiovascular causes; among survivors, and 91% reported symptomatic improvement. There were no significant differences in outcomes vs the results from the TAVI national registry.
TAVI was safely and effectively performed without on-site CS, including emergency and complex cases. The non-ECS rate and outcomes comparable to national benchmarks support the feasibility of TAVI in selected non-CS centers. In this context, expanding TAVI access may reduce waiting times and improve the management of severe aortic stenosis while maintaining high procedural quality."
PubMed,aortic stenosis,Working towards the future of transcatheter aortic valve replacement: integrating computational modeling with patient-specific clinical care.,Courtney Ream; Imran Shah; Luis René Mata Quiñonez; Srujana Joshi; Thangam Natarajan; Sanchita S Bhat; Lakshmi Prasad Dasi,10.1080/14779072.2026.2735939,2026-09-16,Expert review of cardiovascular therapy,"Transcatheter aortic valve implantation (TAVR) is rapidly evolving to become the standard of care for all types of aortic stenosis (AS) patients, as opposed to open-heart surgery. The emergence of new commercial TAVR devices, as well as technological advancements in AS diagnosis and procedural planning, combat post-TAVR complications while also posing new challenges with patient selection and optimal timing of valve replacement. Computational modeling is a powerful tool that may help streamline solutions for heart teams when faced with these complexities.
This narrative review outlines the evolving landscape of TAVR patients - with a primary focus on AS - and examines the paradigm shift toward computational modeling in diagnostics, procedural planning, and intraoperative guidance. Highlighted mechanistic and AI-accelerated modeling studies were identified via PubMed search with publication dates ranging from January 2016-April 2026. The remaining sources were also identified via PubMed without a publication date constraint.
TAVR indications and available devices will continue to increase. The development of TAVR devices with improved durability is underway, which is increasingly necessary as the mean age of TAVR patients decreases and the general life expectancy increases. Emerging computational techniques such as radiomics, as well as AI/ML tools to enhance standard imaging modalities, hold promise in identifying who and when to treat for AS or AR. Digital twins may facilitate TAVR planning to ensure the optimal treatment pathway for individual patients, navigating through these compounded complexities."
PubMed,aortic stenosis,Gutter Rotation Technique for Percutaneous Ipsilateral Retrieval of a Ruptured SAPIEN-3 Balloon.,Anne Venkata Ganeshkumar; Guru Chaithanya Kumar Chagalakondu; Naveen Kumar Murki; Siva Sankara Kattinti; Sarat Surapaneni; Somaraju Bhupatiraju,10.1002/ccd.70893,2026-09-15,Catheterization and cardiovascular interventions : official journal of the Society for Cardiac Angiography & Interventions,"Balloon rupture during transcatheter aortic valve replacement (TAVR) with balloon-expandable valves is a rare but potentially serious complication that may result in incomplete valve expansion, difficult device retrieval, and vascular injury. We report the case of an 88-year-old woman with severe calcific aortic stenosis who underwent TAVR using a 20-mm SAPIEN 3 transcatheter heart valve. Balloon rupture during valve deployment resulted in partial valve expansion and significant paravalvular leak. Conventional retrieval attempts were unsuccessful because the crumpled balloon became entrapped within the posterior expandable segment (""gutter"") of the Edwards E-sheath. A novel Gutter Rotation Technique, involving counter-clockwise rotation of the E-sheath with simultaneous clockwise rotation of the Commander delivery system, redirected the balloon toward the rigid portion of the sheath, enabling successful ipsilateral percutaneous retrieval without surgical or contralateral intervention. Valve expansion was subsequently optimized with balloon post-dilatation. This technique may represent a feasible bailout maneuver in selected cases of Type 1 or Type 2 balloon rupture and warrants further evaluation."
PubMed,aortic stenosis,Helical 3D DSA for Whole-Head-and-Neck Vascular Imaging: Technical Development and First-in-Human Application.,Yingkun He; Mengqi Li; Yaping Wu; Yao Tang; Weilong Mao; Baolin Mao; Qingfang Wang; Huikai Liu; Yang Yang; Ranran Ban; Huizhen Peng; Wei Wei; Yan Bai; Yinsheng Li; Xiaojie Lin; Xuming Zhang; Canzhen Ma; Jun Xiang; Meiyun Wang,10.1148/radiol.260398,2026-09,Radiology,"Background Conventional three-dimensional (3D) digital subtraction angiography (DSA) has limited longitudinal coverage, requiring multiple selective injections and acquisitions for head-and-neck vascular assessment, increasing procedural complexity and contrast material use. Purpose To develop and evaluate the feasibility of a helical 3D DSA technique for panoramic 3D angiography of the entire head-and-neck vasculature using a single contrast material injection and a single acquisition. Materials and Methods A continuous helical scanning trajectory was implemented on a robotic C-arm system using 400° rotation with simultaneous axial translation. The technique was evaluated in phantom experiments to assess geometric accuracy and imaging performance, in vivo imaging in two swine to optimize contrast material injection protocols, and a feasibility study in a human patient with bilateral carotid disease. Results The helical scan achieved a longitudinal coverage of 419.4 mm within 7.6 seconds (conventional 3D DSA: 174.0 mm within 5.0 seconds). Spatial resolution was preserved at 11 line pairs per centimeter on Catphan 700 testing, equivalent to that of conventional 3D DSA. In a simulated head-and-neck vascular phantom, the mean absolute percentage error in contrast to noise ratio between the two techniques was 2.18% ± 0.68 (SD). In two swine, undiluted contrast agent injected at 10 mL/sec produced diagnostically adequate image quality, with high interreader agreement among three readers (intraclass correlation coefficient > 0.90). In the human case, helical 3D DSA enabled continuous 3D angiography from the aortic arch to the cranial vertex in a single acquisition. Stenosis rate measurements in the ophthalmic segment of the left internal carotid artery showed strong agreement between methods, with a mean absolute error of 2.57% ± 0.90. Conclusion This study demonstrated the feasibility of a helical scanning trajectory in 3D DSA, achieving panoramic 3D angiography from the aortic arch to the cranial vertex in a single acquisition while preserving high spatial resolution and contrast fidelity. © The Author(s) 2026. Published by the Radiological Society of North America under a CC BY 4.0 license. Supplemental material is available for this article."
PubMed,aortic stenosis,Serial Changes in Left Ventricular Ejection Fraction After Transcatheter Aortic Valve Implantation: Associations With Ischemic Heart Disease and Left Ventricular End-Diastolic Diameter.,Koji Tanaka; Shigetaka Kageyama; Hirofumi Sugiyama; Riho Sano; Takahiro Suzuki; Aya Endo; Miho Kusuyama; Hiromi Takamura; Fumie Sano; Yohei Sumizawa; Sakurako Mizushima; Yusuke Suzuki; Kengo Shigenaga; Kango Sakamoto; Hidekatsu Fujita; Dai Motosugi; Eriko Kojima; Eri Ishikawa; Yoshinori Tokumasu; Muneaki Yamada; Michitomo Kawahito; Koichiro Murata; Masanao Nakai; Ryuzo Nawada; Tomoya Onodera,10.1111/echo.70626,2026-09,"Echocardiography (Mount Kisco, N.Y.)","Left ventricular ejection fraction (LVEF) recovery after transcatheter aortic valve implantation (TAVI) varies among patients with severe aortic stenosis and reduced LVEF. We characterized serial changes in LVEF and examined their associations with ischemic heart disease (IHD) and baseline left ventricular end-diastolic diameter.
Among 685 patients who underwent TAVI between 2014 and 2024, 121 with native-valve severe aortic stenosis and baseline LVEF < 50% were analyzed. Echocardiography was performed before TAVI, early after TAVI (median, 3 days), and at 1, 6, and 12 months. Serial LVEF recovery was evaluated using linear mixed-effects models incorporating all available post-TAVI measurements.
LVEF improved significantly through 1 year, with a model-estimated increase of 12.3 percentage points (p < 0.001); left ventricular end-diastolic diameter, end-systolic diameter, and mass index also decreased. In multivariable mixed-effects models, IHD, baseline LVEF, baseline left ventricular end-diastolic diameter, and baseline mean aortic valve pressure gradient were associated with serial LVEF recovery. Adjusted recovery was greatest in patients without IHD and with smaller left ventricular end-diastolic diameter and most limited in those with IHD and larger left ventricular end-diastolic diameter.
TAVI was associated with serial LVEF improvement and left ventricular reverse remodeling. IHD and larger baseline left ventricular end-diastolic diameter were associated with limited LVEF recovery."
PubMed,aortic stenosis,App-based assessment of neurocognitive changes in patients undergoing transcatheter aortic valve implantation - a prospective cohort study.,Anna Leonie Gaul; Christian Butter; Frank Hölschermann; Michael Hauptmann; Georg Fritz; Anja Haase-Fielitz; Jonathan Nübel,10.26599/1671-5411.2026.07.003,2026-07-28,Journal of geriatric cardiology : JGC,"Transcatheter aortic valve implantation (TAVI) has emerged as an established treatment for severe aortic stenosis in elderly patients. Periprocedural cerebral embolic events are common and may contribute to subtle neurocognitive changes. Conventional neurocognitive assessments are time-consuming and resource-intensive, limiting their routine use. Digitalized, app-based testing with AI-assisted recording may offer a feasible alternative. This study aimed to evaluate the use of app-based cognitive screening with AI-assisted recording in elderly TAVI patients and, building on prior pilot findings, to provide a more comprehensive, norm-referenced evaluation of cognitive function across multiple domains.
Neurocognitive assessments were performed before and after TAVI. Seven validated tests were administered and recorded using the ""Δelta-App"" on a tablet. Patient performance was compared with normative data.
Between October 2020 and March 2022, 141 patients (mean age 81 ± 6 years; 57.5% male) were enrolled, of whom 112 (79%) completed post-TAVI testing. Memory performance improved significantly (Word List Learning + 2.13 (± 3.22) words; P < 0.001; Word List Recall + 1 word; P < 0.001), while executive function, attention and processing speed remained stable. Overall, 37.7% were cognitively impaired pre-TAVI vs. 31.6% post-TAVI, with 59.6% remaining stable. Compared with normative data, performance was reduced but unchanged post-procedure. The app-based assessment proved well applicable in this elderly population.
In this single-center study, TAVI was not associated with a consistent decline in global cognitive performance during the early postoperative period. App-based neurocognitive testing proved to be readily applicable and may represent a valuable tool for routine clinical monitoring, supporting systematic assessment and early detection of cognitive changes to optimize rehabilitation outcomes."
PubMed,aortic stenosis,Predicting left-ventricular recovery and characterizing Cardiorenal risk after Transcatheter aortic valve replacement: A routine-data phenotyping and prediction-model study.,Fuhai Li; Yongchao Zhao; Wei Luo; Jingmin Zhou; Chun Xiao; Junbo Ge,10.1016/j.ijcha.2026.101999,2026-10,International journal of cardiology. Heart & vasculature,"Ejection fraction (LVEF) underpins risk stratification before transcatheter aortic valve replacement (TAVR), yet it does not indicate whether an impaired ventricle will recover once the stenosis is relieved, or what drives death in high-risk patients. We asked whether routine preprocedural data could address both.
Among 1212 consecutive patients (1213 procedures) who underwent TAVR for severe aortic stenosis (2012-2026), unsupervised clustering of 18 routine variables (principal components, Ward linkage) defined four phenotypes: low-risk, elderly preserved-EF, reduced-EF, and cardiorenal. Five-year mortality ranged from 13.5% to 44.2% (P < 0.001). Among 180 patients with a baseline LVEF below 50%, a parsimonious model combining LV end-diastolic diameter, mean gradient, and coronary disease predicted a ≥ 10-point LVEF gain (optimism-corrected AUC, 0.75; 0.65 for LVEF alone, a difference that was not statistically significant in this sample), and an integer TAVR-RECOVER score stratified observed recovery from 69% to 98%. Reduced-EF patients recovered from a mean LVEF of 38% to 59% by 1 year. The cardiorenal phenotype carried a 3.4-fold age-adjusted mortality (95% CI, 2.0-5.6) but died chiefly of noncardiovascular causes (5-year incidence, 32% versus 13% cardiovascular); its excess risk became non-significant after adjustment for renal function and other routine laboratories (hazard ratio, 1.60; 95% CI, 0.61-4.17). Phenotype re-stratified mortality within each LVEF category, with an almost 3-fold gradient among preserved-EF patients.
Routine preprocedural data can estimate which impaired ventricles recover after TAVR and identify a cardiorenal phenotype whose excess, largely noncardiovascular mortality is statistically explained by measurable renal dysfunction rather than captured by ejection fraction. Prospective external validation is warranted."
PubMed,aortic stenosis,Cerebral Infarctions After Transcatheter Aortic Valve Replacement of Horizontal Aorta Versus Non-Horizontal Aorta.,Hanyi Dai; Dao Zhou; Wenjing Sheng; Rongrong Zheng; Jun Chen; Abuduwufuer Yidilisi; Xianbao Liu; Lihan Wang,10.3390/jcm15176715,2026-08-29,Journal of clinical medicine,"Background/Objectives: Horizontal aorta, characterized by a high aortic angle, represents a challenging anatomical feature during transcatheter aortic valve replacement (TAVR), but its association with cerebral ischemic injury remains unclear. This study investigated the association between horizontal aorta and diffusion-weighted magnetic resonance imaging (DW-MRI)-detected cerebral infarctions after TAVR. Methods: We retrospectively enrolled 411 consecutive patients with severe aortic stenosis undergoing transfemoral self-expanding TAVR between March 2017 and May 2022. Aortic angle was defined as the angle between the aortic annular plane and the horizontal plane on preprocedural computed tomography, and horizontal aorta was defined as an aortic angle > 60°. Patients were categorized into horizontal aorta and non-horizontal aorta groups. The incidence, number, and volume of new DW-MRI lesions were compared between groups. Results: The median age was 74.0 years (interquartile range [IQR]: 69.0 to 79.0); 54.5% were male, and the median Society of Thoracic Surgeons score was 3.83% (IQR: 2.29 to 6.39). Horizontal aorta was present in 69 patients (16.8%). Procedural complications were infrequent and comparable between groups. Although the incidence of new cerebral infarctions was similar between groups (89.9% vs. 83.0%; p = 0.157), patients with horizontal aorta had more cerebral infarction lesions (median, 4.0 vs. 3.0; p = 0.031), larger total lesion volume (320.0 vs. 180.0 mm3; p = 0.017), and larger lesion volume per infarction (70.0 vs. 51.7 mm3; p = 0.036). Multivariable analysis identified horizontal aorta as an independent predictor of the number of post-TAVR cerebral infarctions. Conclusions: Horizontal aorta is relatively common among patients undergoing TAVR and is independently associated with a greater burden of DW-MRI-detected subclinical cerebral ischemic injury."
PubMed,aortic stenosis,"Lipoprotein(a) in Personalized Cardiovascular Prevention: Risk Stratification, Coronary Artery Calcium, and Emerging Lp(a)-Lowering Therapies.",Alveena Batool Syed; Samuel Michalak; Indra Kiran Reddy Potulapati; Aravinthan Vignarajah; Gautam V Shah,10.3390/jcm15176640,2026-08-28,Journal of clinical medicine,"Lipoprotein(a) [Lp(a)] is an independent and causal risk factor for atherosclerotic cardiovascular disease (ASCVD) and calcific aortic valve stenosis (CAVS), with plasma levels largely genetically determined and minimally influenced by lifestyle. Contemporary dyslipidemia guidelines now recommend at least one lifetime measurement and increasingly incorporate Lp(a) into personalized cardiovascular risk evaluation. Recent guideline updates integrate traditional risk estimation with risk-enhancing factors and coronary artery calcium (CAC) imaging. The 2026 U.S. multi-society guideline classifies Lp(a) ≥ 125 nmol/L as a risk-enhancing factor and ≥250 nmol/L as a major risk enhancer. The PREVENT equations provide baseline risk estimation, personalized by Lp(a) and refined through CAC-based reclassification when treatment decisions remain uncertain. Despite its established role in risk assessment, current management remains indirect and emphasizes aggressive control of modifiable risk factors, particularly low-density lipoprotein cholesterol (LDL-C). Emerging Lp(a)-targeted therapies, including antisense oligonucleotides, small interfering RNA agents, and oral small-molecule inhibitors, have shown substantial and sustained reductions in Lp(a) levels, although definitive evidence of cardiovascular benefit is still pending. This review provides a practical, evidence-based synthesis of Lp(a) biology, contemporary guideline recommendations, integrated risk stratification using PREVENT and CAC, current management, and emerging Lp(a)-targeted therapies for use across primary care and cardiology practice."
PubMed,aortic stenosis,Circulating Extracellular Matrix-Remodeling Biomarkers in Children with Bicuspid Aortic Valve: An Exploratory Cross-Sectional Study.,Oana Iulia Man; Ximena Maria Mureșan; Mădălina Nistor; Andra Negru; Bogdan M Tarcău; Renata Agoston; Rares Ilie Orzan; Crina Șufană; Călin Lazăr; Lucia Agoston-Coldea; Cecilia Lazea,10.3390/diagnostics16172812,2026-09-01,"Diagnostics (Basel, Switzerland)","Background/Objectives: Bicuspid aortic valve (BAV) is frequently associated with valvular dysfunction and aortic remodeling. This exploratory study examined cross-sectional associations between circulating extracellular matrix-related biomarkers and concurrent echocardiographic characteristics in children with BAV. Methods: We included 43 pediatric participants-26 with BAV and 17 with tricuspid aortic valves (TAV). All participants underwent clinical assessment, transthoracic echocardiography, and serum biomarker quantification at the same study visit. MMP-2, MMP-9, TIMP-1, and TGF-β1 were measured using ELISA. Biomarker levels were compared between the BAV and TAV groups and, within the BAV group, according to the presence of concurrent aortopathy, aortic stenosis, and aortic regurgitation. Results: MMP-9, TIMP-1, and the MMP-9/TIMP-1 ratio were higher in the BAV group than in the TAV comparison group. Within the BAV cohort, none of the investigated biomarkers differed significantly between participants with and without aortopathy. TGF-β1 was higher in BAV patients with aortic stenosis, whereas the MMP-9/TIMP-1 ratio showed a borderline difference according to aortic regurgitation status; these subgroup findings are exploratory and limited by small sample size and multiple comparisons. Conclusions: In this selected pediatric cohort, circulating MMP-9 and TIMP-1 levels differed between children with BAV and the TAV comparison group. However, none of the investigated biomarkers differed significantly between BAV patients with and without aortopathy. These cross-sectional findings describe exploratory associations with the BAV phenotype but do not establish diagnostic, predictive, or prognostic utility. Larger longitudinal studies including the broader clinical spectrum of BAV and independent validation cohorts are required."
PubMed,aortic stenosis,Inhibiting TNAP Attenuates the Aortic Valve Calcification and Reduces Oxidative Stress.,Hyeshin Kwon; Hak Su Kim; Minjeong Kwon; Soyoung Jo; Giwon Hwang; Sae-Kwang Ku; Ilwhea Ku; Yong Hwa Jo,10.3390/cells15171543,2026-08-26,Cells,"Calcific aortic valve disease (CAVD) is a progressive condition driven by oxidative stress, chronic inflammation, and the osteogenic reprogramming of valvular interstitial cells, leading to hydroxyapatite crystallization. Because tissue non-specific alkaline phosphatase (TNAP) drives phosphate-mediated mineralization, this study evaluated the efficacy of novel TNAP inhibitors as a disease-modifying strategy. Using a vitamin D3-induced CAVD mouse model presenting human-like annular thickening and valvular calcification, we analyzed the therapeutic impact of these inhibitors. TNAP expression was highly elevated in diseased valves; however, inhibitor treatment significantly lowered TNAP levels and attenuated valvular calcification. Notably, the inhibitors suppressed lipid peroxidation and restored antioxidant capacity, significantly regulating GSH, SOD, and CAT levels while decreasing lipid oxidation markers (MDA, 4-HNE, MPO). Furthermore, pro-inflammatory cytokines (IL-1β, TNF-α) and apoptotic markers (cleaved Cas-3, cleaved PARP) were markedly decreased, accompanied by diminished fibrotic and osteogenic remodeling, while maintaining normal bone homeostasis. In conclusion, TNAP inhibition effectively reduces pathological valve calcification by suppressing interconnected oxidative, inflammatory, fibrotic, and osteogenic pathways, positioning it as a promising and safe therapeutic approach for CAVD."
PubMed,aortic stenosis,TAVR for Bicuspid Aortic Stenosis: Toward a More Appropriate Comparator?,Eric Van Belle; Louis Labrousse; Paul Guedeney; Philippe Pibarot,10.1016/j.jcin.2026.07.021,2026-09-14,JACC. Cardiovascular interventions,
PubMed,aortic stenosis,Long-Term Outcomes of Contemporary Balloon-Expandable TAVR in Bicuspid Aortic Valve: A Propensity-Matched Comparison to Tricuspid.,Kazuki Suruga; Vivek Patel; Hidemasa Shitan; Guo Yuchao; Takashi Nagasaka; Daniel Ng; Jaideep Menda; Adishwar Singh; Ayush Goyal; Elijah Buss; Andjela Kremenovic; Emily Dermand; Harsh Jain; Dhairya Patel; Aakriti Gupta; Tarun Chakravarty; Wen Cheng; Yuito Okada; Hasan Jilaihawi; Mamoo Nakamura; Raj R Makkar,10.1016/j.jcin.2026.06.015,2026-09-14,JACC. Cardiovascular interventions,"Limited data are available comparing clinical outcomes between bicuspid and tricuspid patients following transcatheter aortic valve replacement (TAVR).
This study sought to investigate 5-year clinical outcomes in patients with severe aortic stenosis following TAVR with contemporary balloon-expandable valves (BEVs) in patients with bicuspid vs tricuspid leaflet morphology.
From August 2015 to December 2023, a total of 3,393 patients with native aortic stenosis who underwent TAVR with contemporary BEVs were divided into bicuspid and tricuspid groups. A 1:1 propensity score-matched analysis was performed to adjust for baseline differences. The primary endpoint was all-cause mortality at 5-year follow-up.
Among 515 matched pairs, over a median follow-up duration of 1,511 days (Q1-Q3: 937-1825 days), there were no significant differences in all-cause mortality (13.2% vs 13.7%; P = 0.384). Heart failure rehospitalization (8.5% vs 6.8%; P = 0.622), stroke (2.4% vs 2.6%; P = 0.618), or aortic valve reintervention (0.7% vs 1.6%; P = 0.706) at 5 years was not significantly different between the groups. Ascending aortic growth rates (0.37 mm/y vs 0.31 mm/y; P = 0.578), in-hospital death (0.8% vs 1.0%; P = 0.738), valve hemodynamics through 5 years, including mean transvalvular gradients (12.0 mm Hg vs 11.5 mm Hg; P = 0.863), effective orifice area (1.35 cm2 vs 1.50 cm2, P = 0.084), and moderate or greater paravalvular leak (3.9% vs 5.6%; P = 0.578) did not differ significantly between groups.
In propensity score-matched patients undergoing TAVR with contemporary BEVs, long-term clinical outcomes, valve performance, and ascending aortic growth rate showed no statistically significant differences between bicuspid and tricuspid groups."
PubMed,aortic stenosis,Surgical Bailout During TAVR: A Contemporary Analysis of the Centers for Medicare and Medicaid Services Database.,Maxwell C Braasch; Mary A Siki; Yun Zhu Bai; Mehran Rahimi; June He; Ahmed Hanafy; Saige Gulati; Alexander A Brescia; Puja Kachroo; Nicholas Kouchoukos; Tsuyoshi Kaneko,10.1016/j.jcin.2026.06.030,2026-09-14,JACC. Cardiovascular interventions,"Surgical bailout during transcatheter aortic valve replacement (TAVR) may be necessary to manage emergent TAVR complications. With discussions of performing TAVR in U.S. hospitals without in-hospital cardiac surgery support, analysis of TAVR bailout on a national level is needed.
This study sought to analyze the annual trends and outcomes of TAVR bailout.
This study included Medicare beneficiaries who underwent TAVR between 2016 and 2024. Annual trends of bailout were analyzed. The primary outcome was 30-day mortality. Additionally, the impact of hospital surgical aortic valve replacement (SAVR) volume on TAVR bailout mortality was assessed with multivariable analysis.
TAVR bailout occurred in 0.56% (2,240/400,862) of TAVRs. The annual incidence of TAVR bailout decreased from 0.92% (261/28,430) in 2016 to 0.40% (216/54,301) in 2024 (P < 0.001). The median follow-up time after TAVR was 952 days (IQR: 414-1,615 days). The 30-day mortality rate of TAVR bailout was 26.3% (588/2,240). Landmark analysis demonstrated higher mortality of TAVR bailout compared to TAVR without bailout up to 1 year after TAVR (P < 0.001), but similar mortality was seen after 1 year (P = 0.53). When compared across low-, intermediate-, and high-volume SAVR hospitals in a multilevel hierarchal model, 30-day mortality was similar (27% [102/383] vs 29% [163/566] vs 25% [322/1,291], respectively; P = 0.28).
In contemporary data, the annual incidence of TAVR surgical bailout is decreasing, but the short-term mortality remains high. However, patients who survived 1 year after TAVR had similar long-term mortality to patients without surgical bailout. These data support the need for continued cardiac surgical support in TAVR centers to manage emergent complications."
PubMed,aortic stenosis,Chronic hypophosphatemia leading to the diagnosis of autosomal recessive hypophosphatemic rickets type 2 caused by a novel pathogenic variant in ENPP1.,Peihsuan Tsai; Naim M Maalouf,10.1016/j.bone.2026.118086,2026-09-14,Bone,"Autosomal recessive hypophosphatemic rickets type 2 (ARHR2) is a rare metabolic bone disorder caused by biallelic loss-of-function variants in ENPP1, the gene encoding for Ectonucleotide pyrophosphatase/phosphodiesterase 1 (ENPP1), an enzyme essential for generating extracellular pyrophosphate, a key endogenous inhibitor of ectopic calcification. The clinical spectrum of ENPP1 deficiency varies widely, and recognition in adulthood is challenging due to phenotypic heterogeneity and overlap with more common metabolic bone and parathyroid disorders. We describe two brothers in their late 40s with a novel homozygous ENPP1 splice-site pathogenic variant (c.1437 + 1G > C) presenting with chronic hypophosphatemia, elevated serum PTH, extra-skeletal calcifications, and markedly abnormal bone microarchitecture on high-resolution peripheral quantitative computed tomography (HR-pQCT). Brother 1 exhibited long-standing hypophosphatemia, ossification of the posterior longitudinal ligament, conductive hearing loss, congenital hip dysplasia, and aortic valve calcification. Brother 2 presented with progressive myelopathy and spinal stenosis, and underwent parathyroidectomy for presumed normocalcemic primary hyperparathyroidism. Postoperative hypoparathyroidism led to initiation of calcitriol and calcium supplementation, and subsequent nephrolithiasis. Both patients demonstrated FGF23-mediated renal phosphate wasting, low-normal 1,25-dihydroxyvitamin D, elevated parathyroid hormone and normocalcemia, favored to represent secondary rather than primary hyperparathyroidism, and significant abnormalities in cortical and trabecular bone parameters by HR-pQCT. These cases highlight diagnostic pitfalls in adult-onset ARHR2, including delayed recognition of FGF23-mediated phosphate wasting and misdiagnosis as primary hyperparathyroidism. Accurate genetic diagnosis is essential because ARHR2 clinically mimics X-linked hypophosphatemia, underscoring the need for early recognition to guide safe and effective treatment."
PubMed,aortic stenosis,Five-Year Follow-Up of Transcatheter Aortic Valve Replacement With Self-Expanding Intra-Annular Versus Commercially Available Valves.,Raj R Makkar; Wen Cheng; Ron Waksman; Tarun Chakravarty; Lowell F Satler; Mark Groh; William Abernethy; Mark J Russo; David Heimansohn; James Hermiller; Stephen Worthley; Bassem M Chehab; Ray Matthews; Ravi K Ramana; Gerald Yong; Chunguang Chen; Federico M Asch; Mamoo Nakamura; Hasan Jilaihawi; Rahul Sharma; Dhairya Patel; Samir Kapadia; Michael J Reardon; Deepak L Bhatt; Gregory P Fontana,10.1016/j.jcin.2026.05.032,2026-09-01,JACC. Cardiovascular interventions,"Long-term outcomes of the self-expanding intra-annular Portico transcatheter aortic valve are not known.
This study aimed to report the 5-year outcomes of the PORTICO IDE randomized controlled trial.
This multicenter trial randomized (1:1) patients with severe symptomatic aortic stenosis at high/extreme surgical risk to transcatheter aortic valve replacement (TAVR) with the self-expanding intra-annular valve (study valve) or Food and Drug Administration-approved commercially available valves (CAVs; balloon-expandable or self-expanding supra-annular platforms). Assessments of the primary safety endpoint (30 days) and the primary efficacy endpoint (1 year) have been previously reported. Prespecified clinical outcomes and hemodynamic valve parameters are presented through 5 years.
We randomized 750 eligible patients (mean age: 83 years, 52.7% female) to the study valve (n = 381) or CAV (n = 369). Compared with CAV, the study valve showed similar 5-year all-cause mortality or stroke (55.6% vs 51.3%, P = 0.42). Cardiovascular mortality was numerically higher in the study valve group compared with the CAV group (33.4% vs 25.8%; P = 0.06). Naïve permanent pacemaker implantation was higher in the study valve group (36.6%) than the CAV group (20.3%; P < 0.0001) at 5 years. At 5 years, the study valve showed a lower mean transvalvular gradient (7.2 ± 3.0 vs 9.5 ± 6.5 mm Hg, P = 0.008), but similar valve area (1.78 ± 0.45 vs 1.71 ± 0.51 cm2, P = 0.40) compared to CAV.
In patients at high or extreme surgical risk, TAVR with the self-expanding intra-annular transcatheter heart valve had similar 5-year overall survival, stroke rates, and valve function compared with commercially available valves."
PubMed,aortic stenosis,Hypertrophic cardiomyopathy: state of the art on diagnosis and current therapeutic approach.,Eluisa La Franca; Francesca Parisi; Alessandro Lucchino; Leyla Elif Sade; Tim Wong; Italia Loddo; Luigi Alioto; Giovanni Gentile; Michele Pilato; Manlio Cipriani; Francesco Fulvio Faletra,10.1186/s12947-026-00382-6,2026-09-14,Cardiovascular ultrasound,"Hypertrophic cardiomyopathy is the most common genetic cardiomyopathy and is characterized by unexplained myocardial hypertrophy. This condition exhibits marked clinical and prognostic heterogeneity. Advances in cardiovascular imaging techniques and genetic testing have significantly improved the diagnostic accuracy, phenotypic characterization, and prognostic assessment. Hypertrophic cardiomyopathy can present with a broad spectrum of genetic substrates and clinical presentations, ranging from asymptomatic individuals to those with heart failure, arrhythmias, and even sudden cardiac death. The first-line method for diagnosis, risk stratification, and follow-up of these patients is echocardiography, but additional techniques, such as cardiac magnetic resonance imaging, provide complementary information, such as quantification of fibrosis, and more accurate measurements. Genetic testing contributes to etiological diagnosis and family screening. Treatment options include both pharmacological therapy (such as beta-blockers, calcium channel blockers, and disopyramide), which is the first-line therapy, and septal reduction techniques (alcohol septal ablation, surgical myectomy), which should be reserved for selected patients. Recently, cardiac myosin inhibitors have emerged as a novel therapeutic option, demonstrating significant reductions in left ventricular outflow tract obstruction and improvement in symptoms.
Hypertrophic cardiomyopathy has evolved considerably with advances in imaging techniques, genetic evaluation, and targeted therapies. This review examines the primary diagnostic and management strategies, both established and emerging, for hypertrophic cardiomyopathy."
PubMed,aortic stenosis,Lipoprotein(a) in Japan: An Expert Consensus Statement.,Masayuki Yoshida; Masatsune Ogura; Hayato Tada; Tomoaki Yamada; Sayaka Funabashi; Yu Kataoka; Masahito Michikura; Hiroshi Yoshida; Mariko Harada-Shiba,10.5551/jat.66330,2026-09-14,Journal of atherosclerosis and thrombosis,"Lipoprotein(a) [Lp(a)] is a genetically determined causal factor for atherosclerotic cardiovascular disease (ASCVD) and calcific aortic valve stenosis (CAVS). Although international societies have issued various guidelines, Japan requires a framework that incorporates domestic epidemiology, clinical practice, and evolving laboratory standardization. Recent Japanese evidence-including the LEAP Study-confirms that while median Lp(a) levels in Japan are lower than in Western populations, individuals with elevated concentrations (particularly ≥ 125 nmol/L) face substantial incremental ASCVD and CAVS risk.This consensus provides Japan-specific recommendations for Lp(a) measurement, risk thresholds, interpretation, and management. We propose three pragmatic risk categories based on nmol/L: low (＜25 nmol/L), intermediate (≥ 25 to ＜125 nmol/L), and high (≥ 125 nmol/L). While standardized nmol/L reporting is not yet available in Japan, the clinical significance of standardization is increasingly recognized, and the adoption of International Federation of Clinical Chemistry and Laboratory Medicine (IFCC)-aligned assays is expanding. Lp(a) should be measured at least once in adulthood, with an emphasis on high-risk groups, including familial hypercholesterolemia (FH), premature ASCVD families, and patients with recurrent cardiovascular events.Management focuses on aggressive low-density lipoprotein cholesterol (LDL-C) lowering and optimization of modifiable risk factors. Emerging Lp(a)-specific therapies, including pelacarsen, olpasiran, muvalaplin, and SLN360, demonstrate up to 80-95% reductions in Lp(a) and may redefine care once outcome trial data (e.g., HORIZON) become available.Finally, we outline the implementation priorities for Japan, emphasizing improved measurement access, laboratory harmonization, public and professional education, and the integration of Lp(a) into existing clinical pathways and research infrastructures. This consensus statement is intended to support clinicians, researchers, and policymakers in reducing the residual ASCVD risk attributable to Lp(a) in Japan."
PubMed,aortic stenosis,Features of aortic anatomy in patients with proximal thoracic aortic aneurysmal disease.,D S Panfilov; N E Kolesnikova; E A Petrakova; V V Saushkin; V V Zatolokin; B N Kozlov,10.33029/1027-6661-2026-32-2-14-19,2026-06-01,Angiologiia i sosudistaia khirurgiia = Angiology and vascular surgery,"Despite growing interest in studying the anatomical characteristics of the thoracic aorta, the current evidence base remains insufficient.
To analyze the features of anatomy of the thoracic aorta and its branches in patients with aneurysmal pathology of the aortic root and ascending aorta.
This retrospective study included 81 patients with aneurysmal pathology of the proximal thoracic aorta. They were divided into two groups based on the extent of the pathological process: an ascending aortic aneurysm with a normal aortic root (AAA, n=47) and a tubular ascending aortic aneurysm with root involvement (AAAR, n=34). A comparative analysis of the anatomical features of the aorta and its branches was conducted.
Patients with isolated ascending aortic aneurysms were statistically significantly more likely to have bicuspid aortic valve disease (p=0.043) and aortic valve stenosis (p=0.005). The aortic valve annulus size was statistically significantly larger in patients with a combined root and ascending aortic aneurysm (p=0.002), as were the thoracic aortic diameters at all analyzed levels. There were no statistically significant differences in thoracic aortic length between groups. Patients with local ascending aortic aneurysms were more likely to have aortic arch vascular anomalies than those with root and ascending aortic aneurysms.
Patients with both isolated tubulars ascending aortic aneurysms and ascending and root aortic aneurysms had comparable aortic status. At the same time, there are a number of important intergroup differences, which suggests the need to consider these patients from the perspective of different variants of the same pathology, especially when implementing a personalized approach to the diagnosis and monitoring of these patients."
PubMed,mitral regurgitation,Late Diagnosis of Noonan Syndrome Presenting With Infective Endocarditis: A Multidisciplinary Challenge in an Underserved Population.,Nur Farhanah; Jessica Novia Hadiyanto; Sefri Noventi Sofia; Tania Tedjo Minuljo; Tri Indah Winarni,10.12659/AJCR.952213,2026-09-16,The American journal of case reports,"BACKGROUND Noonan syndrome is a clinically diagnosed genetic disorder frequently associated with congenital and structural cardiac abnormalities such as valvular dysplasia and cardiomyopathy, which may predispose patients to infective endocarditis. Delayed recognition, particularly in underserved populations, can lead to advanced cardiac complications and complex presentations. CASE REPORT A 29-year-old woman from a rural area with no previous medical history presented with severe respiratory distress, weight loss, and newly detected cardiac murmurs. Physical examination revealed dysmorphic features suggestive of Noonan syndrome, including low-set ears, hypertelorism, short stature, and broad thorax, leading to a clinical diagnosis. Echocardiography demonstrated severe mitral regurgitation with mobile vegetations, a pedunculated mass in the right ventricular outflow tract, left atrial enlargement, reduced right ventricular systolic function (Tricuspid Annular Plane Systolic Excursion, 14 mm), and mild pericardial effusion. Blood cultures remained negative after prolonged incubation, consistent with blood culture-negative infective endocarditis. Concomitant hyperthyroidism contributed to heart failure decompensation. A multidisciplinary team initiated empirical antibiotics, heart failure therapy, thyroid control, and supportive care. The patient improved clinically and was discharged with a plan for elective valve surgery after infection control. CONCLUSIONS This case highlights infective endocarditis as a serious complication in late-diagnosed Noonan syndrome due to underlying structural cardiac abnormalities. Early recognition of Noonan syndrome and multidisciplinary management are essential to improve outcomes and ensure timely referral for definitive cardiac intervention."
PubMed,mitral regurgitation,"Feasibility, Safety, and Efficacy of Pulsed Field Ablation for Ventricular Arrhythmias: Insights From a Large Health System Registry in the United States.",Narut Prasitlumkum; Juan F Rodriguez-Riascos; Hema Vemulapalli; Aakash Somappa; Camilo A Estrada-Vargas; Olubadewa A Fatunde; Carlos A Rojas; Poojan Prajapati; Keerthika Vijayakumar; Suraj Kapa; Duy Nguyen; Samuel Asirvatham; Malini Madhavan; Christopher McLeod; Hicham Z El Masry; Abhishek J Deshmukh; Danesh K Kella; Ammar M Killu; Siva K Mulpuru; Mayank Sardana; Luis R Scott; Alan M Sugrue; Komandoor Srivathsan,10.1111/jce.70503,2026-09-15,Journal of cardiovascular electrophysiology,"Pulsed field ablation (PFA) is an emerging non-thermal ablation modality with proven safety in atrial arrhythmia ablation. However, data on its performance for ventricular arrhythmias (VA) remain limited.
To evaluate the feasibility, safety, and efficacy of PFA for complex VA in a multicenter real-world US registry.
This retrospective study included consecutive patients undergoing PFA for ventricular tachycardia (VT) or premature ventricular contractions (PVCs) at three Mayo Clinic centers (April 2024 to July 2025). The primary feasibility outcome was the successful delivery of PFA lesions to the intended target substrate. Primary efficacy outcomes included acute procedural success; sustained VT recurrence requiring implantable cardioverter-defibrillator (ICD) shocks or multiple antitachycardia pacing therapies; and ≥ 80% reduction in PVC burden. Safety outcomes included procedural complications, valvular function, thromboembolic events, renal function, and conduction disturbances.
Twenty-six patients were included (13 PVC, 13 VT). Acute success was achieved in all VT ablations (69.2% complete; 30.8% partial) and in 92.3% of PVC ablations. Complications occurred in 11.5% of patients (transient LBBB [n = 1] and vascular complications [n = 2]). No thromboembolic events, intracardiac thrombus, or acute kidney injury were observed. Lesions near the mitral valve apparatus did not worsen mitral regurgitation, including in patients with pre-existing valve disease. After a median follow-up of 365 days, one patient experienced VT recurrence requiring ICD shocks. Estimated recurrence-free survival after VT ablation was 61.5% at 12 months; 58.3% of PVC patients achieved ≥ 80% burden reduction.
PFA for VA appears feasible and acutely effective, with a low rate of procedure-related complications. While acute success was high, long-term outcomes were acceptable for VT ablation and relatively modest for PVC ablation, highlighting the need for continued refinement of technology and energy-delivery strategies. Larger prospective studies are warranted."
PubMed,mitral regurgitation,Brain-first strategy for infective endocarditis with infectious intracranial aneurysm: Coil embolization followed by endoscopic mitral valve repair.,Shigeru Hattori; Soh Hosoba; Takahiro Fujinawa; Yusuke Gunji,10.1093/icvts/ivag255,2026-09-12,Interdisciplinary cardiovascular and thoracic surgery,"Infective endocarditis (IE) complicated by infectious intracranial aneurysms (IIAs) presents a therapeutic dilemma, as cardiopulmonary bypass (CPB) with systemic heparinization may trigger aneurysm rupture, whereas delaying surgery carries the risks of the disease worsening. A 38-year-old man presented with active IE caused by Streptococcus agalactiae with severe mitral regurgitation and a symptomatic 5-mm infectious intracranial aneurysm located in the distal left posterior cerebral artery. Urgent cardiac surgery was required but the aneurysm carried a substantial risk of rupture during CPB, endovascular coil embolization was performed first. Five days later, endoscopic minimally invasive mitral valve repair with an autologous pericardial patch was performed without complications. The patient was discharged after four weeks of antibiotic therapy. At six months postoperatively, the patient remains asymptomatic without recurrent infection or valve dysfunction. A staged strategy consisting of preoperative endovascular treatment followed by minimally invasive valve surgery may represent a safe and effective approach for patients with IE complicated by infectious intracranial aneurysms, allowing cardiac surgery while minimizing the risk of intracranial hemorrhage."
PubMed,mitral regurgitation,Floppy Mitral Valve/Mitral Valve Prolapse: Diagnosis and Clinical Classification in This Continuing Odyssey.,Konstantinos Dean Boudoulas; Filippos Triposkiadis; Konstantinos Marmagkiolis; Cezar Iliescu; Mehmet Cilingiroglu; Antonios Pitsis; Christodoulos Stefanadis; Harisios Boudoulas,10.15420/ecr.2025.65,2026,European cardiology,"Few disorders have evoked more interest and controversy in cardiology over recent centuries than floppy mitral valve (FMV)/mitral valve prolapse (MVP). FMV/MVP is a complex entity with multiple genotypes and phenotypes in which the clinical manifestations may not be directly related to the severity of mitral regurgitation. Furthermore, there is a lack of a precise definition of this complex entity. This review emphasises a diagnostic approach based mostly on FMV rather than solely on MVP, which frequently may be a non-specific finding. In addition, a clinical classification of FMV/MVP is presented that separates patients with symptoms not directly related to the severity of mitral regurgitation (referred to as FMV/MVP syndrome) from those in whom symptoms are directly related to mitral regurgitation and its complications. In the future, genetic variants will likely be incorporated into the diagnostic classification and management of this complex entity as this odyssey continues."
PubMed,mitral regurgitation,Comparison of circular and elliptical geometric models with optimal two-dimensional imaging view for Doppler quantification of mitral regurgitant volume in older patients.,Wu-Gang Wang; Ning Zhang; Miao-Miao Pei; Xue-Jia Guo; Gai-Qin Liu; Yan-Dong Deng,10.3389/fcvm.2026.1843639,2026,Frontiers in cardiovascular medicine,"Doppler volumetric quantification of mitral regurgitation (MR) depends on accurate stroke-volume estimation, but simplified assumptions regarding mitral annular area may introduce view-dependent error, particularly in older patients. This study evaluated whether circular versus elliptical annular models and standard two-dimensional (2D) imaging views influence Doppler-derived regurgitant volume (RVol) and effective regurgitant orifice area (EROA), using three-dimensional (3D) echocardiographic reference measures.
In this retrospective study, 286 older patients with MR in sinus rhythm underwent transthoracic echocardiography with 2D imaging and pulsed-wave and continuous-wave Doppler, transthoracic 3D color Doppler imaging, and three-dimensional transesophageal echocardiography (3D TEE) for mitral annular imaging. Six prespecified combinations of 2D view and geometric model were used to estimate mitral annular cross-sectional area (CSA), RVol, and EROA. These included three circular models based on the parasternal long-axis (PLAX), apical four-chamber (A4C), or apical two-chamber (A2C) view and three elliptical models combining pairs of these views. Reference measures included 3D planimetric EROA (EROA₃D) and 3D-derived RVol (RVol₃D), calculated as EROA₃D multiplied by the MR velocity-time integral (MR VTI). Agreement was assessed using Bland-Altman analysis.
Mitral annular diameters differed among views (A4C > A2C > PLAX; P < 0.001). Compared with 3D TEE planimetry, elliptical CSA estimates showed smaller biases and narrower limits of agreement than circular estimates, with the A4C + A2C elliptical model showing the most favorable agreement. For the primary outcomes, the PLAX circular strategy underestimated both RVol and EROA, with biases of -10.8 mL and -0.080 cm2, respectively (both P < 0.001). The A4C + A2C elliptical strategy showed near-zero bias and the narrowest limits of agreement for both RVol (bias, -0.6 mL; P = 0.317) and EROA (bias, -0.005 cm2; P = 0.209), with consistent performance across MR mechanisms and severity strata.
In older patients, Doppler-based MR quantification is sensitive to mitral annular geometric modeling and 2D view selection. An elliptical model integrating A4C and A2C diameters showed the most consistent agreement with 3D reference measures and may improve the standardization of Doppler-based MR assessment."
PubMed,mitral regurgitation,"Feasibility, Technical Safety, and Early Clinical Experience with an Automated Annular Suturing Device in Minimally Invasive Valve Replacement.",Robert Balan; Parwis Massoudy; Marius Mihai Harpa; Klara Brînzaniuc; Jonah Schwarz,10.3390/jcm15176870,2026-09-04,Journal of clinical medicine,"Background: Minimally invasive cardiac valve surgery (MIVS) provides distinct clinical advantages, yet annular suturing remains a technically demanding step. Automated annular suturing devices (RAM®) have been developed to standardize suture placement during valve replacement. This study evaluates the initial clinical feasibility, technical safety, and operational integration of automated suturing during its institutional adoption phase. Methods: We retrospectively evaluated 43 consecutive patients undergoing MIVS supported by the RAM® system (2021-2025), stratified into mitral valve replacements (RAM-MVR, n = 26) and aortic valve replacements (RAM-AVR, n = 17). Technical parameters, procedural safety metrics, and perioperative outcomes were descriptively analyzed and contextualized against our broader institutional MIVS platform using percutaneous femoral cannulation (n = 182). Results: Automated annular suturing achieved a 100% technical feasibility rate (43/43, 95% CI: 91.8-100.0%) with zero mechanical device failures or intraoperative suture-line disruptions (0%, 95% CI: 0.0-8.2%). In the RAM-MVR cohort, median cross-clamp and cardiopulmonary bypass (CPB) times were 73.0 min (IQR 64.0-91.0) and 114.5 min (IQR 94.8-129.5), respectively. In RAM-AVR, median cross-clamp time was 75.0 min (IQR 71.0-83.0). Thirty-day mortality was 4.7% (2/43, 95% CI: 0.6-15.8%), secondary to non-device-related medical complications in high-risk baseline patients. Postoperative echocardiography demonstrated no paravalvular regurgitation (0%, 95% CI: 0.0-8.2%). Conclusions: Initial institutional experience demonstrates that automated annular suturing is technically feasible and safe in minimally invasive mitral and aortic valve replacement. The system enables consistent procedural execution across valve positions. These observational data support automated suturing as a feasible alternative to manual suturing in MIVS workflows."
PubMed,mitral regurgitation,Percutaneous Vacuum-Assisted Debulking of Infected and Non-Infected Left-Sided Cardiac Masses Using the AngioVac System: A Systematic Review of Published Case Reports and Case Series.,Felix Bratosin; Jorgelina DeSanctis; Gordana Simeunovic,10.3390/jcm15176669,2026-08-28,Journal of clinical medicine,"Background and Objectives: Left-sided intracardiac masses (infected vegetations and non-infected thrombotic/tumor lesions) are traditionally managed with surgery in many cases, but procedural risk can be prohibitive. We systematically reviewed published experience with the AngioVac system for percutaneous debulking of left-sided cardiac masses. Methods: PubMed, Scopus, and Web of Science were searched for reports through November 2025, supplemented by hand-searching of congress abstract supplements; records were screened and assessed independently by two reviewers. Adult patients undergoing AngioVac removal of infected or non-infected left-sided cardiac masses were included. The primary effectiveness endpoint was technical success (≥70% debulking without conversion to open surgery). Safety outcomes included procedure-related complications. Data were synthesized descriptively due to heterogeneous designs and reporting. Patient-level and study-level data were distinguished a priori, pooled means were weighted by the number of patients contributed by each report, and pre-specified sensitivity analyses addressed possible patient overlap between reports from the same institution and exclusion of a non-intracardiac (aortic arch) target. Results: A total of 30 studies were included (predominantly single-patient reports, 90.0%). The pooled cohort comprised 42 patients; 23/42 (54.8%) had infective endocarditis (IE) and 45.2% had non-infected masses. Mean age was 62.9 years (range 30.0-86.0); sex distribution was female 47.6%, male 42.9%, and not reported 9.5%. All 42 patients were deemed to be at a prohibitively high risk of surgery. Access was mainly transseptal (29/42, 69.0%) or transapical (8/42, 19.0%). Mass size was reported in 23/42 (54.8%), with mean 23.3 mm, median 20.0 mm, and range 11.0-57.0 mm. Technical success was achieved in 35/42 (83.3%); residual mass occurred in 6/42 (14.3%) and one patient had cardiac perforation requiring conversion to open heart surgery (1/42, 2.4%). Procedure-related complications included valvular dysfunction (paravalvular leak or progressive mitral regurgitation), cardiac perforation, and cerebral infarctions (4/42, 9.5%). There were two deaths (2/42, 4.8%) after successful debulking, one in-hospital with recurrent embolic events and septic shock, and the other 4 months after the procedure following procedure-related progressive mitral regurgitation. Complications clustered in transapical procedures (3/8, 37.5% vs. 0/29 transseptal; p = 0.007) and in fungal endocarditis (2/2; p = 0.012). New clinically apparent embolic events occurred in 2/42 (4.8%), both in patients without documented cerebral protection, the choice of which to apply in the total population was unrelated to mass size (mean 23.5 vs. 23.2 mm). Estimates were stable in sensitivity analyses (technical success 32/38, 84.2% after maximal-overlap de-duplication; 31/37, 83.8% restricted to strictly intracardiac targets). Length of stay was reported in 8/42 (19.0%) with a median of 3.5 days (range 1.0-30.0). Conclusions: In published, highly selected non-surgical candidates, left-sided AngioVac debulking achieved ≥70% mass reduction in 83% of the 42 patients, with 4.8% mortality and one patient (2.4%) converting to emergency surgery. Because the evidence consists almost entirely of single-patient reports subject to publication bias, and because technical success is operator-reported and did not preclude death, these data do not support substituting debulking for a guideline-indicated operation. The technique is best positioned as a bridge or palliative strategy, with transapical access and fungal aetiology identified as signals warranting particular caution."
PubMed,mitral regurgitation,Results of the Carillon Procedure in Proportionate and Disproportionate FMR: Effects of the Baseline Echocardiographic Parameters.,Piotr Kałmucki; Rafał Dankowski; Janusz Lipiecki; Artur Baszko; Tomasz Siminiak,10.3390/jcm15176641,2026-08-28,Journal of clinical medicine,"Background: Transcatheter edge-to-edge repair and percutaneous mitral annuloplasty with the Carillon device are techniques used in the treatment of functional mitral regurgitation (FMR). Both approaches have been shown to have divergent clinical outcomes in patients with proportionately severe and disproportionately severe FMR. Objective: To evaluate which patients could benefit most from percutaneous mitral annuloplasty, we evaluated the possible correlation between echocardiographic parameters at baseline and their change one year after the Carillon procedure in subjects with proportionate versus disproportionate FMR. Methods: We performed a pooled analysis from three trials of patients with FMR. The main inclusion criteria included persistent grades 2+ to 4+ FMR with >5.5 cm left ventricular (LV) end-diastolic diameters (LVEDDs) and a reduced LV ejection fraction. Patients with an effective regurgitant orifice area/LV end-diastolic volume (EROA/LVEDV) ratio equal to 0.15 mm2/mL or less were assigned to the proportionate FMR group (n = 74; 65%), and those with a ratio above 0.15 mm2/mL were classified as having disproportionate FMR (n = 39; 35%). Results: In both groups, the changes in LV systolic and diastolic volumes after the procedure correlate negatively with baseline LV volumes, suggesting larger improvements (decreases) in LV volumes in patients with more pronounced LV dilatation at the baseline. In contrast to the disproportionate group, in patients with proportionate FMR, no correlation between the baseline LV diameters and improvement in LV volumes after 12 months was observed. However, higher baseline LV diameters predicted a higher degree of decrease in LV diameters in ""proportionate"" but not ""disproportionate"" FMR patients. Interestingly, the improvement in EF as a result of the Carillon implantation was not predicted by any of the baseline parameters studied. However, in both groups, the 12-month change in mitral annular area negatively correlated with baseline vena contracta but not with RV and EROA. Conclusions: In FMR patients undergoing the Carillon procedure, higher baseline LV volumes may predict more pronounced reverse remodeling, defined as a decrease in LV volumes. Higher values of vena contracta may predict larger reductions in the mitral annular area. High baseline LV diameters could suggest improvements in LV volumes in disproportionate FMR and in LV diameters in proportionate FMR, probably due to different LV geometries."
PubMed,mitral regurgitation,Hypertensive heart disease and HFpEF:atrial functional valve regurgitation as the trigger of acute heart failure in a syndrome of exertional dyspnoea.,Maria Giulia Bellicini,10.1038/s41371-026-01227-5,2026-09-14,Journal of human hypertension,"Hypertensive heart disease (HHD) is widely regarded as the principal structural substrate underlying heart failure with preserved ejection fraction (HFpEF). Accordingly, contemporary models have largely focused on ventricular remodeling, myocardial fibrosis, microvascular abnormalities as the mechanisms linking chronic hypertension to heart failure (HF). However, current concepts increasingly recognize HFpEF as a syndrome predominantly characterized by impaired exercise tolerance and exertional dyspnea without tendency to congestion at rest, whereas the mechanisms responsible for progression to acute heart failure (AHF) remain incompletely understood. This distinction raises an important pathophysiological question: if hypertensive ventricular remodeling primarily accounts for a chronic exertional phenotype, what triggers the transition to acute congestion? We review the limitations of current epidemiological, imaging, and clinical trial data in addressing this question and discuss clinical observations suggesting that most episodes of acute heart failure with preserved or mildly reduced ejection fraction are associated with identifiable structural or haemodynamic abnormalities rather than isolated hypertensive remodeling. Based on these observations, we propose that progressive hypertensive atrial remodeling may represent an important mechanism linking stable HHD to decompensated AHF. Chronic atrial remodeling may promote atrial fibrillation and atrial functional mitral and tricuspid regurgitation. These lesions are dynamic and may become severe in patients with permanent atrial fibrillation or atrial fibrillation with a high ventricular response. When severe, they create a transient haemodynamic substrate for congestion that may partially regress following restoration of more favourable loading conditions. Rather than challenging the central role of HHD in HFpEF, this perspective extends the current pathophysiological framework by distinguishing the mechanisms responsible for chronic exertional symptoms from those precipitating AHF providing a rationale for future mechanism-oriented research."
PubMed,mitral regurgitation,Outcomes of mitral valve surgery for nonischemic ventricular functional mitral regurgitation.,Takahiro Ishigaki; Hiraku Kumamaru; Hisateru Tachimori; Satoru Wakasa; Noboru Motomura,10.1007/s11748-026-02387-4,2026-09-14,General thoracic and cardiovascular surgery,"This study aimed to assess the outcomes of mitral valve surgery for nonischemic ventricular functional mitral regurgitation (left ventricular ejection fraction ≤ 40%).
Study subjects were identified from the Japan Cardiovascular Surgery Database. Early and late mortality were assessed relative to established risk models. The extent of postoperative left ventricular reverse remodeling was also investigated.
A total of 131 patients were categorized into four groups: mitral valve repair alone (n = 25), mitral valve repair with subvalvular procedures (n = 18), mitral valve replacement alone (n = 81), and mitral valve replacement with subvalvular procedures (n = 7). Estimated operative mortality was 5.9%, 5.5%, 12.8%, and 11.6% for each group, while observed mortality was 8.0%, 16.7%, 11.1%, and 0% (corresponding to observed-to-estimated ratio of 1.36, 3.03, 0.87, and 0.00, respectively). Observed 2-year mortality rates were 19.5%, 25.6%, 24.5%, and 16.7% for each group, and were lower than the corresponding estimated mortality across all groups. Subvalvular procedures were associated with greater postoperative left ventricular reverse remodeling. Furthermore, papillary muscle suspension was associated with lower operative mortality (observed-to-estimated ratio = 0.77 vs. 4.03 without suspension), whereas papillary muscle approximation was not.
Given the favorable risk-adjusted outcomes and postoperative reverse remodeling, mitral valve surgery, particularly when combined with a subvalvular procedure, remains a feasible option for patients with nonischemic VFMR even in the era of catheter-based treatment."
PubMed,mitral regurgitation,"Sex Disparities in In-Hospital Outcomes After Transcatheter Edge-to-Edge Mitral Valve Repair: A National Inpatient Sample Analysis, 2016-2022.",Brett David Cohen; Nicholas Roma; Luke Miller; Michael Durkin,10.1016/j.shj.2026.101098,2026-10,Structural heart : the journal of the Heart Team,"•This research correspondence examines transcatheter edge-to-edge mitral valve repair (TEER) in 64,905 US hospitalizations (National Inpatient Sample [NIS] 2016-2022). Women represented 45.8% of recipients.•In-hospital mortality did not differ by sex (adjusted odds ratio [aOR] 0.96, 95% CI 0.71-1.30).•Women had higher tamponade, major bleeding, transfusion, and nonhome discharge.•Women had lower in-hospital implantable cardioverter-defibrillator (ICD)/cardiac resynchronization-defibrillator (CRT-D) placement after TEER (aOR 0.46).•Bleeding and tamponade gaps were consistent across mitral regurgitation etiology proxy strata."
PubMed,mitral regurgitation,A Novel Invasive Hemodynamic Parameter (V') to Predict Hemodynamic Response to Mitral Transcatheter Edge-to-Edge Repair.,Maryam Muhammad Ali Majeed-Saidan; Shivabalan Kathavarayan Ramu; Besir Besir; Odette Iskandar; James Yun; Rhonda Miyasaka; Amar Krishnaswamy; Serge Harb; Samir R Kapadia,10.1016/j.shj.2026.101069,2026-09,Structural heart : the journal of the Heart Team,"Left atrial (LA) V-wave amplitude can be higher with elevated left ventricular end-diastolic pressure, mitral regurgitation (MR), or both. This may cause hemodynamic and echocardiographic discordance when assessing MR. Identifying more specific hemodynamic correlates to MR severity helps in the setting of discordance. We examined the amplitude of the V-wave relative to the LA mean pressure following the reduction in MR after mitral transcatheter edge-to-edge repair (M-TEER).
A total of 231 patients who underwent M-TEER between 2019 and 2022 with reliable intraprocedural invasive hemodynamic waveforms were included. LA mean and V-wave pressures were measured pre- and post-M-TEER. V' was calculated as follows: (V' = V-wave - mean pressure).
Our cohort (median age 79) included 65% and 35% patients with primary mitral regurgitation (PMR) and secondary mitral regurgitation (SMR), respectively. LA mean, V-wave, and V' pressures decreased significantly after M-TEER in both groups. SMR patients had higher LA pressures after M-TEER. Baseline and post-M-TEER V' did not differ among groups. In the overall cohort, pre- and post-M-TEER V' were significantly higher in patients with >2+ residual MR compared to ≤2+ MR. Patients with post-M-TEER V' >13 mmHg had worse composite outcomes of heart failure hospitalization or all-cause mortality (hazard ratio: 3.01; 95% CI: 1.68-5.4; p < 0.001).
M-TEER decreased LA mean, V-wave, and V' pressures in PMR and SMR. Postprocedural V' provides a useful measure of residual MR and clinical outcomes and guides the adequacy of M-TEER."
PubMed,mitral regurgitation,Ventricular Fibrillation in a Patient with Marfan Syndrome without Severe Valvular Disease or Ventricular Dysfunction.,Mai Ishiwata; Kazutaka Ueda; Shunsuke Inoue; Norifumi Takeda; Norihiko Takeda,10.1536/ihj.26-162,2026-09-11,International heart journal,"An increased incidence of ventricular fibrillation (VF) has been reported in patients with Marfan syndrome (MFS) compared with the general population. Although reduced left ventricular systolic function and severe valvular disease are recognized as major risk factors for ventricular arrhythmias (VAs) in MFS, we report a case of VF that developed despite the absence of these risk factors.A 22-year-old man with MFS who had previously undergone a valve-sparing aortic root replacement with the David procedure, lost consciousness and was diagnosed with VF. After resuscitation, no new abnormal findings were observed except for mild QT prolongation (QTc 471 msec) and a slightly elevated B-type natriuretic peptide level (89.0 pg/mL). An echocardiogram revealed no significant changes compared with the previous examination. It showed that the ejection fraction was preserved and that there was mild aortic valve regurgitation and mild-to-moderate mitral valve regurgitation. Whole-exome sequencing analysis revealed no pathogenic variants, except for an FBN1 variant that was already known to be present. He was diagnosed with idiopathic VF and was implanted a subcutaneous implantable cardioverter-defibrillator.This case underscores the risk of VAs in MFS even in the absence of ventricular dysfunction or severe valvular diseases. A combination of various factors, such as subtle depolarization abnormalities, moderate valvular abnormalities, and underlying myocardial damage, may contribute to the development of VF. More careful surveillance and precise identification of risk factors for arrhythmias are warranted."
PubMed,mitral regurgitation,ARCAPA Unveiled During Preoperative Assessment for Mitral Valve Repair: Clinical Implications of an Incidental Finding.,Komal Verma Saluja; Simran Singh Cheema; Anmol Dhawan; Mohamed K Ibrahim; Ahmed Mustafa; Abozeed Mostafa,10.1016/j.jaccas.2026.110320,2026-09-11,JACC. Case reports,"Anomalous origin of the right coronary artery from the pulmonary artery (ARCAPA) in association with primary mitral regurgitation is an exceedingly uncommon congenital anomaly.
A 56-year-old man with progressive dyspnea for 12 years, apparently because of degenerative mitral regurgitation, was incidentally diagnosed with ARCAPA on coronary angiography during preoperative evaluation for mitral valve repair. Coronary computed tomography angiography confirmed ARCAPA, detailing the aberrant anatomy. The patient underwent successful complex mitral valve repair, closure of the coronary-pulmonary artery connection, and reimplantation of the right coronary artery into the ascending aorta, with modified cardioplegia. Postoperative imaging demonstrated effective repair and restoration of normal coronary perfusion.
ARCAPA is diagnosed by dilated right coronary artery, retrograde flow, and extensive collaterals on imaging. Correction of coronary steal and restoration of 2-vessel anatomy can be achieved through surgical repair or an endovascular approach.
ARCAPA should be considered in the differential diagnosis of adult onset exertional dyspnea. A missed preoperative diagnosis may lead to catastrophic ischemia following cardioplegia delivery."
PubMed,mitral regurgitation,Mitral Valve Prolapse Presenting as Unilateral Pulmonary Edema Mimicking Pneumonia.,Shigesato Inoue; Akihiro Jo; Hiroyuki Kumazoe; Kentaro Wakamatsu,10.1002/ccr3.73506,2026-09,Clinical case reports,A 40-year-old man presented with right-sided pulmonary infiltrates mimicking pneumonia. Imaging and transesophageal echocardiography revealed unilateral pulmonary edema (UPE) from acute severe mitral regurgitation (MR) due to chordal rupture. Unilateral infiltrates with rapid deterioration warrant early echocardiographic evaluation.
PubMed,mitral regurgitation,Aortic valve Libman-Sacks endocarditis with aortic root and coronary ostium involvement - A case report.,Michele D'Alonzo; Eric Bergoend; Cyrus Moini; Antonio Fiore,10.3389/fcvm.2026.1770621,2026,Frontiers in cardiovascular medicine,"Libman-Sacks (LS) endocarditis, a nonbacterial thrombotic endocarditis, is the most frequent cardiac manifestation of systemic lupus erythematosus (SLE), particularly when associated with antiphospholipid syndrome (APS). It usually involves the mitral valve and is often clinically silent.
We present a 25-year-old woman with SLE and APS who developed acute hemodynamic deterioration. Urgent surgery revealed a large endocarditic mass arising from the aortic valve leaflet, extending to the aortic root and obstructing the right coronary ostium. Resection and valve replacement were performed successfully.
Unlike typical LS endocarditis, which manifests as mild valvular lesions, this case demonstrates rare aortic root involvement with coronary ostial obstruction. A review of the literature confirms that such an extension has not been previously reported, underscoring the heterogeneous and potentially life-threatening nature of LS endocarditis.
LS endocarditis can present atypically. Recognition of unusual patterns is critical for timely intervention."
PubMed,mitral regurgitation,VALVE DISEASES IN CARDIAC AMYLOIDOSIS: WHAT WE HAVE TO KNOW.,Daniela Di Lisi; Francesca Di Salvo; Francesca Castro; Silvia Bruno; Francesco Bongiorno; Francesca Macaione; Cristina Madaudo; Giovanni Castelli; Oreste Fabio Triolo; Giuseppe Puccia; Francesco Stabile; Alfredo Ruggero Galassi; Giuseppina Novo,10.1016/j.cpcardiol.2026.103455,2026-09-11,Current problems in cardiology,"Cardiac amyloidosis (CA) is an infiltrative cardiomyopathy caused by extracellular deposition of amyloid fibrils, most commonly derived from immunoglobulin light chains (AL) or transthyretin (ATTR). While myocardial involvement has been extensively characterized, valvular disease in CA has received comparatively less attention, despite its frequent occurrence and significant clinical impact. Aortic stenosis (AS) represents the most prevalent valvular manifestation, particularly in wild-type ATTR amyloidosis, where shared demographic and pathophysiological factors contribute to a frequent overlap. Concomitant CA and AS create a synergistic interaction, leading to disproportionate ventricular dysfunction, a high prevalence of the low-flow low-gradient phenotype and increased perioperative risk. Echocardiographic strain analysis, dedicated scoring systems and advanced imaging such as cardiac magnetic resonance and computed tomography allow earlier recognition of this association and aid in patient stratification. Mitral and tricuspid regurgitation, usually functional and related to atrial enlargement, annular dilatation and restrictive physiology, are also common in CA and carry important prognostic implications. Severe regurgitation is associated with heart failure progression, systemic congestion and increased mortality. Although surgical approaches are rarely feasible, transcatheter interventions (TAVR, TEER and emerging tricuspid devices) offer promising therapeutic alternatives in selected patients. Management of valvular disease in CA must therefore integrate interventional options with disease-modifying therapies targeting amyloid deposition, such as TTR stabilizers and silencers, to optimize outcomes. Thus, considering the valves involvement in patients with CA, the aim of this review was to illustrate the main valvular alterations in CA, their prognostic role and their treatment."
PubMed,mitral regurgitation,Mitral valve prolapse: New clinical and scientific insights in 2026.,Masashi Yamaguchi; Radha Madhyastha; Koji Furukawa; Koichi Kaikita; Nozomi Watanabe,10.1016/j.jjcc.2026.09.004,2026-09-11,Journal of cardiology,"Mitral valve prolapse (MVP) is a prevalent valvular abnormality affecting 2-3% of the general population. MVP has two distinct anatomical subtypes: Barlow's disease and fibroelastic deficiency; each reflects different underlying structural and pathological processes. While most individuals generally remain asymptomatic with subclinical regurgitation, some develop significant mitral regurgitation followed by heart failure. A malignant form of MVP, marked by bileaflet prolapse, mitral annular disjunction (MAD), and myocardial fibrosis, is increasingly recognized as a substrate for ventricular arrhythmias and sudden cardiac death. In addition to transthoracic/transesophageal echocardiography, cardiac magnetic resonance is expected to contribute to risk stratification, particularly in identifying high-risk features such as MAD and fibrosis. As diagnostic capabilities continue to advance, integrating phenotypic, imaging, and electrophysiological insights will be key to optimizing outcomes in patients with MVP. This review provides a comprehensive overview of MVP, encompassing its epidemiology, molecular mechanisms, imaging evaluation, and current therapeutic strategies."
PubMed,mitral regurgitation,"Late Is Not Too Late, but It Is Not Free: Timing of M-TEER in Degenerative Mitral Regurgitation.",Andrea Panza; Giuseppe Tarantini,10.1016/j.amjcard.2026.09.005,2026-09-11,The American journal of cardiology,
PubMed,mitral regurgitation,Repair of the Anterior mitral leaflet in a growing porcine model using a partially resorbable knitted patch.,J H Jedrzejczyk; M Hazekamp; M Palmen; S Nemoto; J Honge; J Hjortnaes; T D Jeppesen; J M Hasenkam; Valve Repair Consortium,10.1093/icvts/ivag229,2026-09-11,Interdisciplinary cardiovascular and thoracic surgery,"Mitral valve repair using patch materials is frequently limited by degeneration, inflammation, and calcification, particularly in younger patients. This study evaluated the feasibility and functional durability of a partially resorbable hybrid warp-knitted bioscaffold (Synfolium, Teijin Medical Technologies, Osaka, Japan) for mitral reconstruction in a growing porcine model. In a six-month-old Danish Landrace pig (80 kg), the mitral A2 segment was replaced with a 10 × 30 mm Synfolium patch via left thoracotomy. Postoperative echocardiography demonstrated normal valve function. After 181 days, echocardiography was repeated prior to sacrifice, followed by macroscopic inspection, histological analysis, and high-resolution micro-computed tomography (micro-CT) of the explanted valve. During follow-up, the animal grew to 159 kg. Six-month echocardiography demonstrated preserved valve function with minimal regurgitation despite a 62% increase in annular diameter. Macroscopically, the patch was fully integrated and endothelialised, with no signs of structural failure. Histology demonstrated low-grade chronic inflammation confined to suture interfaces, with no fibrosis or inflammation within the patch matrix. No calcification was identified on histology or micro-CT. In this growing porcine model, mitral leaflet reconstruction using a Synfolium patch preserved valve competence and resisted calcification over six months despite substantial cardiac growth. These findings are encouraging, although repetition of the study is required to confirm the results."
PubMed,valvular heart disease,HFpEF in perioperative medicine.,Maria Giulia Bellicini,10.1186/s13741-026-00702-4,2026-09-15,"Perioperative medicine (London, England)","Recent perioperative literature has increasingly questioned the central role of left ventricular ejection fraction (LVEF) in cardiovascular risk stratification. While patients with preserved LVEF may experience perioperative complications, acute heart failure (AHF) in appears uncommon in the absence of identifiable major structural or hemodynamic dysfunction, such as severe valvular disease, precapillary pulmonary hypertension with cor pulmonale, restrictive cardiomyopathies, or terminal renal disease. This distinction has important implications for the interpretation of perioperative risk in patients with heart failure with preserved ejection fraction (HFpEF).In the absence of these conditions, the HFpEF label may often identify a heterogeneous syndrome dominated by exertional dyspnoea, frequently with substantial extracardiac and peripheral contributors, rather than a cardiac phenotype intrinsically prone to acute decompensation. Perioperative vulnerability in these patients may therefore reflect advanced age, extracardiac comorbidity burden, pulmonary or renal disease, and generalized multisystem frailty, while cardiac systolic performance itself remains largely preserved. A physiology-guided perioperative approach integrating structural abnormalities, pulmonary pressures, congestion, and right ventricular function may therefore provide greater clinical relevance than LVEF-based categorization alone."
PubMed,valvular heart disease,Epidemiology of bloodstream infections and infective endocarditis: new insights on typical species and echocardiography screening.,Elayne Kelen De Oliveira; Kristien Van Vaerenbergh; Monika Shumkova; Monika Beles; Arthur Iturriagagoitia; Ana Moya; Raffaella Mistrulli; Sara Gharehdaghi; An Boel; Lien Cattoir; Dan Schelfaut; Thomas Castelein; Stijn Wouters; Frank Van Praet; Filip Casselman; Ivan Degrieck; Bernard Stockman; Karel Van Praet; Jerrold Spapen; Sofie Brouwers; Martin Penicka; Guy Van Camp,10.1136/openhrt-2026-004301,2026-09-15,Open heart,"Real-world data on bloodstream infections (BSI) and infective endocarditis (IE) epidemiology, their implications for screening and the applicability of typical species concepts by guidelines are scarce.
This study aims to elucidate the relationship between BSI epidemiology and the predictors of IE, as well as the use of echocardiographic screening for IE in BSI.
Single-centre registry included all BSI of consecutive hospitalised patients from January 2015 to December 2021. IE prevalence and echocardiographic screening were assessed, also aggregating according to typical species by the European Society of Cardiology and by 2023 Duke-International Society for Cardiovascular Infectious Diseases.
From 4939 BSIs related to 4242 admissions in 3708 patients, 2.7% had a diagnosis of definite IE. The most prevalent BSI pathogens were Enterobacterales (48.3%) and Staphylococcus aureus (11.5%). Some less frequent BSI presented the highest IE proportions: Streptococcus bovis complex (19.2%) and Listeria monocytogenes (16.7%). BSI in patients with intracardiac prosthetic material showed an IE prevalence almost five times higher than overall BSI. The IE risk was underestimated when micro-organisms were grouped as suggested by the main guidelines. Echocardiography screening was highest for S. aureus (75%) and Staphylococcus lugdunensis (72.2%). Among BSI without IE cases, the echocardiography range was between 27.3% and 59.4%.
The study illustrates a discrepancy between BSI pathogen prevalence and their IE risk, emphasising the need for sufficient granularity in defining species typically linked to IE. Typical microorganism concepts may underestimate high risk if species are grouped or if IE risk factors are ignored. There is a mismatch between efforts to diagnose definite IE via echocardiography for each microorganism and the IE risk associated with BSI."
PubMed,valvular heart disease,Impact of adenosine in controlled aortic root reperfusion on clinical outcomes among patients undergoing valvular heart surgery.,Farshad Jalili Shahandashti; Naser Kachoueian; Mostafa Fattahi; Davoud Samaie; Maryam Ghanbari Garekani; Atefeh Taherkhani; Seyedehmasoumeh Seyedebrahimi; Saied Heydari Nia; Farhad Gorjipour; Fazel Gorjipour,10.1051/ject/2026006,2026-09,The journal of extra-corporeal technology,"Adenosine is a vital medication in cardiac surgery, particularly in valvular heart procedures. While its use has been linked to improved postoperative cardiac function in some studies, there remains significant uncertainty regarding the adenosine usage in aortic reperfusion phase. This lack of consensus poses challenges for surgeons, perfusionists, and anesthesiologists alike. This study aims to explore the impact of adenosine on clinical outcomes in patients undergoing valvular heart surgery.
This prospective randomized controlled trial was conducted over a three-month period. Sixty patients undergoing valvular heart surgery were enrolled using a continuous sampling method and randomly allocated into two equal groups of 30 patients each. The intervention group received adenosine-enriched aortic root reperfusion immediately prior to aortic declamping, while the control group underwent standard warm blood aortic root reperfusion. Both groups were matched for demographic and clinical characteristics to ensure comparability.
Results indicated no significant differences in mean cardiopulmonary bypass (CPB) time, aortic cross-clamping duration, or mechanical ventilation between the intervention and control groups. However, the intervention group that received adenosine had a higher rate of antiarrhythmic agent usage in the operating room (P < 0.05). Inotropic agent usage was similar in both groups during surgery and in the ICU. Additionally, laboratory parameters on the first day of ICU admission were comparable between groups.
Results in the control group showed more favorable outcomes in terms of anti-arrhythmic drug usage, electroshock application, and arrhythmia prevalence. This study showed advantages for the standard warm blood aortic root reperfusion technique in managing post-operative cardiac rhythm disturbances, in comparison with the trial group."
PubMed,valvular heart disease,Prevalence of Cancer Across Cardiovascular and Cardiometabolic Conditions: A Systematic Review and Meta-Analysis.,Akhmetzhan Galimzhanov; Elif Beytekin; Leh Chuan Lim; Abdul Basit Ali Zai; Gemina Doolub; Mustafa Aljarshawi; Balamrit Singh Sokhal; Andrija Matetic; Rodrigo Bagur; Louise Y Sun; Cheng Han Ng; Miguel Nobre Menezes; Sarah Zaman; Bonnie Ky; Mamas A Mamas,10.1111/eci.70260,2026-09,European journal of clinical investigation,"To the best of our knowledge, no previous systematic review has comprehensively quantified cancer prevalence across the broad spectrum of cardiovascular and cardiometabolic conditions included in the present study. We aimed to estimate pooled prevalence of active cancer (primary outcome) and other cancer categories among patients with coronary artery disease (CAD), heart failure (HF), atrial fibrillation (AF), hypertension, Type 2 diabetes mellitus (DM), stroke, peripheral artery disease (PAD), and valvular heart disease (VHD).
PubMed, Web of Science, and Scopus were searched from 2010 to July 2024. Secondary outcomes included prevalence of any, previous, haematological, solid, and metastatic cancer. Prevalence estimates were calculated using one-step generalized linear mixed models.
A total of 676 studies comprising approximately 180 million participants were included. The primary analysis of active cancer included 59 studies (4,759,695 patients). Active cancer prevalence ranged from 4.22% (95% confidence interval [CI] 2.18-5.32) in Type 2 DM to 5.55% (95% CI 3.97-7.01) in AF. The prevalence of any cancer, a secondary outcome with more heterogeneous ascertainment, ranged from 7.04% (95% CI 6.05-8.03) in CAD to 14.10% (95% CI 12.20-15.99) in AF.
Cancer represents a substantial comorbidity across cardiovascular and cardiometabolic conditions. Although cancer ascertainment methods varied across studies, particularly for any cancer, the findings provide contemporary estimates of cancer burden that may inform future cardio-oncology research, healthcare planning, risk stratification, and the design of cardiovascular and cardiometabolic clinical trials.
PROSPERO CRD42023494764."
PubMed,valvular heart disease,[Clinical analysis of infectious endocarditis in children with concomitant septic pulmonary embolism].,Y Liu; M Zhang; B Y Gu; X Y Xu; K Wang; W Ji; Y Guo; W Gao; H B Zhang; W Dong; J H Zheng; H Zhang; T L Liu,10.3760/cma.j.cn112140-20260601-00426,2026-09-15,Zhonghua er ke za zhi = Chinese journal of pediatrics,"Objective: To analyze the clinical characteristics, diagnosis, and treatment of infectious endocarditis (IE) with septic pulmonary embolism (SPE) in children. Methods: A case series study was conducted. Clinical data of 10 children with IE complicated by SPE admitted to the Department of Cardiovascular Medicine, Shanghai Children's Medical Center, Shanghai Jiao Tong University School of Medicine from January 2023 to September 2025 were analyzed. The detection rates of three pathogen detection methods, including blood culture, metagenomic next-generation sequencing (mNGS), and vegetation culture, were compared. The clinical diagnosis, treatment, and follow-up outcomes were summarized. Results: Among the 10 children, there were 3 males and 7 females, with an age at presentation of 8.5 (6.6, 11.0) years. Congenital heart disease was present in 9 cases, and intracardiac implants were present in 4 cases. The main clinical manifestations included fever in 10 cases, cough in 4 cases, dyspnea in 4 cases, and chest pain in 3 cases. Six cases had dental caries. A total of 10 pathogens were detected in 9 children, including 2 fungi, 7 bacteria, and 1 Coxiella burnetii. Blood culture was positive in 7 cases, mNGS was positive in 8 cases, and vegetation culture was positive in 4 cases. Echocardiography revealed right-sided vegetations in all cases, and cardiac CT angiography showed multiple pulmonary lesions, including pulmonary artery filling defects, patchy opacities, and streaky shadows. Nine children underwent surgical treatment, and the duration of antimicrobial therapy was 3.0 (2.5, 8.0) months. Under multidisciplinary management, 4 cases were cured, 5 cases improved, and 1 case was under control at discharge. After 6 months of follow-up, pulmonary lesions resolved in 9 cases, and valvular regurgitation improved in 8 cases. Conclusions: Embolization of right-sided IE vegetations is an important cause of SPE in children. Adjunctive mNGS testing, when required, contributes to a higher pathogen detection yield in patients with IE.For right-sided IE, early surgical intervention is often required in addition to antimicrobial therapy."
PubMed,valvular heart disease,"Deep Learning Applied to 12-Lead ECGs for Detection of Structural, Metabolic and Systemic Disease.",Shlomo Shaulian; Roman Zeltser; Amgad N Makaryus,10.3390/diagnostics16172834,2026-09-03,"Diagnostics (Basel, Switzerland)","The 12-lead electrocardiogram (ECG) is inexpensive, noninvasive, and widely available, but conventional interpretation may not capture subtle signals related to cardiac structure, systemic physiology, and future risk. This review examines the use of deep learning-enabled ECG analysis beyond conventional arrhythmia detection and evaluates the maturity, clinical relevance, and implementation challenges of these applications. This narrative review synthesizes landmark studies, external validation cohorts, pragmatic implementation trials, and recent investigations of artificial intelligence-enabled ECG (AI-ECG) models for structural, metabolic, systemic, and prognostic assessment. Particular attention is given to model performance, validation, clinical actionability, and barriers to translation. AI-ECG models have demonstrated the ability to detect reduced left ventricular ejection fraction, hypertrophic cardiomyopathy, valvular disease, cardiac amyloidosis, pulmonary hypertension, hyperkalemia and other dyskalemias, hyperthyroidism, anemia, and sepsis, and to estimate biologic age and mortality risk. Evidence is most mature for screening for reduced left ventricular ejection fraction, supported by large derivation cohorts, external validation, prognostic follow-up, and the EAGLE pragmatic trial. Evidence for many other applications remains retrospective or exploratory, with limitations related to reference standards, generalizability, calibration, disease prevalence, interpretability, and the absence of clearly defined clinical pathways. AI-ECG has the potential to expand the ECG from a conventional diagnostic test into a screening and decision-support platform. Its near-term role is to identify patients who may benefit from confirmatory imaging, laboratory testing, rhythm monitoring, or specialist evaluation. Broader adoption will require prospective validation, workflow integration, subgroup assessment, post-deployment monitoring, regulatory oversight, and evidence that AI-guided care improves outcomes."
PubMed,valvular heart disease,Left Ventricular Molecular Signature in Chronic Aortic Regurgitation.,Bachar El Oumeiri; Laurence Dewachter; Philippe Van de Borne; Géraldine Hubesch; Pascale Jespers; Constantin Stefanidis; Kathleen Mc Entee; Frédéric Vanden Eynden,10.3390/ijms27177950,2026-09-07,International journal of molecular sciences,"Molecular mechanisms underlying the progression from compensated eccentric hypertrophy to heart failure in chronic aortic regurgitation (AR) remain poorly understood. We investigated associated transcriptional changes induced by chronic volume overload in an experimental model of severe AR. AR was induced in male Wistar rats (n = 10) by retrograde aortic valve perforation and compared with age-matched control rats (n = 8). Sixty days after surgery, cardiac remodeling was evaluated by echocardiography, invasive hemodynamics and myocardial gene-expression profiling using RT-qPCR. Chronic AR induced marked left ventricular dilatation and systolic dysfunction, consistent with decompensated eccentric hypertrophy. These functional alterations were accompanied by coordinated transcriptional changes involving pathways related to apoptosis, oxidative balance, metabolic regulation and calcium handling. AR hearts exhibited an increased BAX/BCL2 ratio, together with reduced SOD2 and increased GPX1 expression, suggesting a transcriptional profile consistent with activation of pro-apoptotic and antioxidant responses. Metabolic remodeling was characterized by decreased AMPKα1, PPARγ and GLUT4 expression, together with increased OLR1 and 15-LOX. KLK10 expression was increased. Reduced SERCA2A expression was observed, consistent with transcriptional alterations involving calcium-handling pathways. Chronic AR is associated with marked structural and functional cardiac remodeling accompanied by coordinated transcriptional alterations across multiple pathways implicated in myocardial dysfunction. This provides potential molecular pathways for further investigation."
PubMed,valvular heart disease,[Application of echocardiography in transcatheter tricuspid valve interventional therapy].,Q Chen; Y T Ke; Z N Lu; G Y Song,10.3760/cma.j.cn112148-20260730-00483,2026-09-24,Zhonghua xin xue guan bing za zhi,
PubMed,valvular heart disease,[Transcatheter aortic valve replacement for aortic valve insufficiency complicated by third-degree atrioventricular block after left ventricular assist device implantation: a case report].,S Cheng; L Li; S F Liang; J Y Zhang; F Yang; Z M Zhou; F Xie; P A Lian; Z Z Zhu; S W Zhang,10.3760/cma.j.cn112148-20260730-00485,2026-09-24,Zhonghua xin xue guan bing za zhi,
PubMed,valvular heart disease,Endo-Bentall-Current data on safety and efficacy.,Maysam Shehab; Carlota F Prendes; Anders Wanhainen; William Yoon; Rickard Lindblom; Stefan James; Kevin Mani,10.1053/j.semvascsurg.2026.05.003,2026-09,Seminars in vascular surgery,"The ascending aorta and aortic root remain challenging areas for endovascular repair. While open surgical repair or replacement remains the gold standard, a proportion of the patients with ascending and/or root pathology are inoperable or at prohibitive surgical risk. Repair using conventional tubular ascending endografts is limited by anatomical constraints, especially inadequate proximal landing zones near the sinotubular junction (STJ), further complicated by the proximity of the coronary ostia. Therefore, endovascular strategies that enable anchoring in the aortic root may be required. To address these limitations, valve-carrying conduit concepts such as Endo-Bentall and Endo-Wheat have been proposed. These configurations integrate a transcatheter aortic valve with an ascending endograft, enabling coronary perfusion through fenestrations, branches, or uncovered segments. Early clinical experience is limited to a few published case reports to date, with heterogeneous techniques and no standardized procedural strategy. Although early technical success and short-term safety appear acceptable, conclusions are constrained by small sample size, selection bias, and limited follow-up. Proof-of-concept investigations, including ex vivo and in vivo animal studies, biomechanical modeling, and bench-top experiments using patient-specific three-dimensional (3D) anatomical models have been reported. These studies suggest stable deployment with preserved coronary perfusion; however, they do not establish clinical efficacy or safety in patients. At present, this approach should be considered an evolving strategy reserved for carefully selected patients with life-threatening aortic pathology where conventional surgery is not an option, pending robust evidence of safety, efficacy, and durability."
PubMed,valvular heart disease,Cardiac disease in pregnancy in Eastern Indonesia: a prospective regional registry from a tertiary referral center.,Yusra Pintaningrum; Ario Danianto; Yanna Indrayana; Wahyu Sulistya Affarah; A A Sg Mas Meiswaryasti Putra; R Mohamad Javier; Kristian Kurniawan,10.1016/j.ijcard.2026.134782,2026-09-14,International journal of cardiology,"Cardiac disease complicating pregnancy is a major contributor to maternal morbidity and mortality worldwide, particularly in low- and middle-income countries where access to specialized care remains limited. Data from Eastern Indonesia are scarce, limiting effective risk stratification and health system planning. This study aimed to establish a prospective regional registry describing the burden, clinical spectrum, and outcomes of cardiac disease in pregnancy in a tertiary referral center.
A prospective descriptive registry was conducted at Regional General Hospital (RSUD) Provinsi Nusa Tenggara Barat, Indonesia, from September 2023 to August 2024. All pregnant women diagnosed with cardiac disease during pregnancy were consecutively enrolled. Maternal demographic characteristics, obstetric history, cardiac diagnoses, comorbidities, and maternal-fetal outcomes were collected and analyzed descriptively.
Among 1023 pregnant women managed during the study period, 39 (3.8%) were diagnosed with cardiac disease. Most patients were multigravida, with third pregnancies being the most common (30.8%). Valvular heart disease was present in 18.0% of cases, predominantly involving the mitral valve. Cardiac arrhythmias occurred in 23.1%, including atrial fibrillation and supraventricular tachycardia. Hypertension was the most frequent cardiovascular comorbidity (30.8%). Heart failure developed in 25.6% of patients. Maternal in-hospital mortality was 10.3%, while 17.9% of pregnancies resulted in preterm birth.
Cardiac disease in pregnancy in Eastern Indonesia is associated with a high burden of maternal and neonatal complications, including heart failure, preterm birth, and substantial maternal mortality. These findings highlight the urgent need for structured cardio-obstetric services, early risk stratification, and preconception counseling. Regional prospective registries play a crucial role in informing context-specific strategies to reduce preventable adverse outcomes in resource-limited settings."
PubMed,valvular heart disease,Repaired tetralogy of Fallot across adulthood: from right ventricular remodelling to targeted intervention.,Krzysztof Cienkowski; Maciej Moll; Alicja Cienkowska; Karolina Kupczynska; Maciej Banach; Agata Bielecka-Dabrowa,10.1007/s10741-026-10678-4,2026-09-14,Heart failure reviews,"Adults with repaired tetralogy of Fallot (rTOF) constitute a rapidly growing adult congenital heart disease population with excellent early survival but substantial late morbidity. Chronic pulmonary regurgitation and/or residual right ventricular outflow tract obstruction drive progressive right ventricular dilatation, dysfunction, dyssynchrony, and myocardial fibrosis, predisposing to heart failure and ventricular arrhythmias. This review summarizes contemporary concepts in the surveillance and management of adults with rTOF, focusing on multimodality imaging, pulmonary valve replacement (PVR), arrhythmia risk stratification, aortopathy, and emerging pharmacological strategies. Echocardiography remains the first-line modality for assessing residual lesions and aortic dimensions, while cardiac magnetic resonance is central for quantifying right ventricular volumes, regurgitant fraction, and fibrosis; computed tomography complements anatomical evaluation when magnetic resonance imaging is not feasible. PVR, increasingly performed using transcatheter techniques, is a cornerstone intervention, with guideline-based decisions integrating symptoms, right ventricular volumes, functional testing, and ventricular function. Arrhythmia management combines risk stratification, catheter ablation, implantable cardioverter-defibrillators in selected patients, and individualized medical and pacing therapies. Aortic root dilatation is common, but dissection is rare; surveillance and surgery are guided by diameter thresholds and growth rate. Evidence for routine renin-angiotensin-aldosterone inhibition to improve right ventricular function remains limited, although selected agents and exercise-based interventions are under investigation. Infective endocarditis risk differs by pulmonary valve replacement modality and valve type, being generally higher after transcatheter than surgical replacement, and warrants individualized antiplatelet therapy and vigilant surveillance after implantation. Lifelong multidisciplinary follow-up in specialized adult congenital heart disease centers is essential to optimize reintervention timing and reduce arrhythmic and aortic complications in adults with rTOF. Graphical abstract summarises the overall pathophysiology and long-term management of repaired tetralogy of Fallot."
Crossref,valvular heart disease,Giant Cells in Health and Disease-A Review,Sonal Gupta,10.21276/ijchmr.2016.2.2.10,2106-06-20,International Journal Of Community Health And Medical Research,
Crossref,valvular heart disease,Chronic Disease Prevention and Management: Implications for Health Human Resources in 2020,Margo Orchard; Esther Green; Terrence Sullivan; Anna Greenberg; Verna Mai,10.12927/hcq.2013.19496,2088-01-15,Healthcare Quarterly,
Crossref,valvular heart disease,Contemporary Disease Management in Quebec,Amédé Gogovor; Michelle Savoie; Yola Moride; Marilyn Krelenbaum; Terrence Montague,10.12927/hcq.2013.19495,2088-01-15,Healthcare Quarterly,
Crossref,valvular heart disease,Woman Receives Genetically Modified Pig Kidney Transplant after Heart Pump Surgery,Tanya L,10.1038/scientificamerican072077-4hozib8kpx2m6wjvhqi1zz,2077-07,Scientific American,
Crossref,valvular heart disease,What a Study on Ultraprocessed Fake Meat and Heart Disease Really Found,Lori Y,10.1038/scientificamerican072077-2xmzfca9smsvxelw1jobgf,2077-07,Scientific American,
Crossref,valvular heart disease,Simultaneous Estimation and Variable Selection for Linear Transformation Models in the Presence of Functional and Missing Covariates with the Application to Alzheimer’s Disease,Yichen Lou; Mingyue Du; Jianguo Sun,10.5705/ss.202026.0046,2029,Statistica Sinica,
Crossref,valvular heart disease,Water Lily or Camelotte Sign in Pulmonary Hydatid Cyst – An Orphan Disease,Sudheer Tale; Soibampahel M; Mrudula K; Ritisha B; Subodh K; Girish S,10.23880/cclsj-16000132,2028-11-11,Cell &amp; Cellular Life Sciences Journal,"A 20 – year – old male without any previous comorbidity presented to pulmonary medicine outpatient department with complaints of dull aching chest pain on right side, dry cough and shortness of breath for the pastone year. He was non vegetarian and had no addictions. On general physical examination his vitals were stableand respiratory system examination revealed decreased breath sounds in the right hemithorax. All his routineblood investigations were normal. Chest radiograph revealed homogenous opacity in the right middle andlower zones. Contrast enhanced computed tomography of thorax and abdomen showed a well defined encapsulatedcystic lesion of size 12x10x14cm with internal floating membranes (water lily sign or Camelotte sign) with masseffect on adjacent lung parenchyma causing atelectasis and compression of adjacent vessels (Figure 1). Hydatid serology (IgG) was positive. Patient was treated symptomatically and referred for surgical intervention."
Crossref,valvular heart disease,Innovative deep learning computational approach for wheat disease detection employing faster region-based convolutional neural network,Shikai Zhou,10.1504/ijaac.2028.10080905,2028,International Journal of Automation and Control,
Crossref,valvular heart disease,Comparison of convolutional neural network (CNN) methods using AlexNet and VGG16 architectures for disease detection in apples,Anang Pramono; Zuhriah Virlani Putri,10.1504/ijaac.2028.10078919,2028,International Journal of Automation and Control,
Crossref,valvular heart disease,"Impact of diploma-disease, massification, and commodification in education on live interaction-phobia in the era of AI and digitalisation",Gazi Mahabubul Alam; Vesna Skrbinjek; Karima Bashir; Morsheda Parvin; Md. Mahfuzur Rahman; Romana Kader,10.1504/ijil.2028.10081039,2028,International Journal of Innovation and Learning,
Crossref,valvular heart disease,Galectin-1 Correlates with Inflammatory Cytokines and T-Cell Subsets in Children with Type 1 Diabetes and/or Celiac Disease: Evidence from an Iraqi Pediatric Cohort,Mohammad K. Murshid; Oras M. Shaheed,10.21608/ejmm.2026.502293.2588,2027-10-01,Egyptian Journal of Medical Microbiology,
Crossref,valvular heart disease,Diagnostic value for miRNA-21-5p and miRNA-27b-3p in Diabetic Retinopathy Disease Development,Malak B. Alshaheen; Ibrahim A. Altamem,10.21608/ejmm.2026.506159.2625,2027-10-01,Egyptian Journal of Medical Microbiology,
Crossref,valvular heart disease,"EFFECT OF FERTILIZER FACTORY WASTES ON SEED GERMINATION, PLANT GROWTH AND ROOT-KNOT DISEASE DEVELOPMENT IN TOMATO (Lycopersicon lycopersicum L.) PLANTS",Gopal Dixit,10.33865/wjb.002.02.0086,2027-08-31,World Journal of Biology and Biotechnology,"In the present research paper studies have been made on fertilizer factory wastes on percent seed germination, root and shoot length of plants and development of root-knot galls by Meloidogyne incognita in five cultivars of tomato. Though all the cultivars showed almost similar impact of fertilizer wastes on seed germination, plant growth and resistance for root-knot disease with little variation. Percent germination of seeds and plant growth was found decreased while the root-knot index was increased along with the increase in concentration of fertilizer wastes."
Crossref,valvular heart disease,RELATION OF HEART WEIGHT WITH AGE AND WEIGHT OF CADAVER,Jolly Agarwal; Virendra Kumar,10.21761/jms.v2i01.10838,2027-07-25,SRMS JOURNAL OF MEDICAL SCIENCE,"Introduction: Height, weight, and age of person has significant impact on the normal size of&#x0D; heart. These parameters need to be considered when cut-off values indicating the need for&#x0D; treatment or even surgery are established. The aim of present work is to study the relation of&#x0D; weight of the heart with age and weight of cadaver.&#x0D; Material and Methods: The study was performed in the Department of Anatomy, Shri Ram&#x0D; Murti Smarak Institute of Medical Sciences, Bareilly on 30 hearts from embalmed cadavers.&#x0D; The hearts were procured from the cadavers available in our department. The heart was&#x0D; thoroughly cleaned and measurements were taken.&#x0D; Results: The mean heart weight was 223.37 ± 57.78 g. Significant relationship between age of&#x0D; the cadaver and weight of the heart (p=0.0004), weight of cadaver and weight of heart&#x0D; (p=0.0001) was observed.&#x0D; Conclusion: The above study provides valuable data of the heart in our geographical location,&#x0D; which may be useful for cardiac surgeons and physicians."
Crossref,valvular heart disease,TNFAIP3 Downregulation Predicts Disease Activity and Recovers with Treatment Escalation in Rheumatoid Arthritis: A Cross-Sectional Analysis of NF-κB Dysregulation,Ali Qasim; Rafid Abdulkarrem,10.21608/ejmm.2026.497612.2518,2027-07-01,Egyptian Journal of Medical Microbiology,
Crossref,valvular heart disease,"Correlation of IL-1β, IL-17A, and CXCL13 Biomarkers with P2RX7 Genetic Polymorphism and Clinical Disease Activity of Iraqi Patients with Rheumatoid Arthritis",Zahraa Thamir; Mohammed Nader,10.21608/ejmm.2026.497902.2527,2027-07-01,Egyptian Journal of Medical Microbiology,
Crossref,valvular heart disease,Altered Gut Microbiota and Its Relationship with Circulating Plasma Cytokines in Parkinson's Disease Patients from Upper Egypt: A Cross-Sectional Case-Control Investigation,Roba R. Riad; Eman M. Khedr; Enas A. Daef; Mona A. Hassan; Maggie A. Ibrahim; Gellan K. Ahmed,10.21608/ejmm.2026.510190.2652,2027-07-01,Egyptian Journal of Medical Microbiology,
Crossref,valvular heart disease,Elevated TLR-9 Gene Expression Correlates with IL-41 and TNF-α Levels and Renal Dysfunction in Iraqi Patients with Chronic Kidney Disease,Fatima A. Habba; Basima Q. ALSaadi,10.21608/ejmm.2026.497345.2513,2027-07-01,Egyptian Journal of Medical Microbiology,
Crossref,valvular heart disease,Serum Interleukin-15 and Tumor Necrosis Factor-Alpha as Diagnostic and Disease Activity Biomarkers in Vitiligo,Ali S. Aziz; Raad A. Alasady,10.21608/ejmm.2026.494791.2477,2027-07-01,Egyptian Journal of Medical Microbiology,
Crossref,valvular heart disease,Immunological Significance of CPAs and IL-13 in Predicting Interstitial Lung Disease Among Patients with Rheumatoid Arthritis,Asmaa K. Yassin; Firas F. Raja,10.21608/ejmm.2026.504884.2613,2027-07-01,Egyptian Journal of Medical Microbiology,
OpenAlex,aortic stenosis,Relationship between baseline patient-reported health status and patient-centered outcomes after Transcatheter Aortic Valve Replacement.,Daijiro Tomii; Jonas Lanz; Dik Heg; Holger Thiele; Won-Keun Kim; Michael Joner; Helge Möllmann; Lenard Conradi; Christian Thilo; Stefan Toggweiler; Bernard Prendergast; Stephan Windecker; Thomas Pilgrim,10.48620/98197,2026-10-01,Open Access CRIS of the University of Bern,"Background Aortic stenosis (AS) impairs health-related quality of life but the prognostic impact of patient-reported health status prior to transcatheter aortic valve replacement (TAVR) is not fully established.Objectives To investigate the association of patient-reported health status at baseline with clinical outcomes and health status after transfemoral TAVR in patients with symptomatic severe AS.Methods In the investigator-initiated, multicenter SCOPE I randomized trial, patients underwent TAVR who provided baseline Kansas City Cardiomyopathy Questionnaire (KCCQ) assessment were included in this post-hoc analysis. An integrated patient-centered outcome was defined as being alive with good health status (KCCQ overall summary score [KCCQ-OS] ≥75 without a decline of >10 points from baseline).Results Of 739 patients enrolled in SCOPE I, 692 were included in the present analysis. Median baseline KCCQ-OS was 54.9 [39.6-71.9] distributed as follows: KCCQ-OS <25 - 74 (10.7%), 25-49 - 222 (32.1%), 50-74 - 271 (39.2%), ≥75 - 125 (18.1%). At 3 years after TAVR, higher baseline KCCQ-OS was associated with a greater likelihood of being alive with good health status (KCCQ-OS 50-75 vs. 0-25: adjusted odds ratio 2.25, 95% CI 1.12-4.54; 75-100 vs. 0-25: adjusted odds ratio 5.15, 95% CI 2.33-11.3). Restricted cubic spline modelling demonstrated an approximately linear relationship between baseline KCCQ-OS and all-cause mortality, and alive with good health status.Conclusions In this post-hoc analysis of SCOPE I, better baseline patient-reported health status was associated with a higher probability of being alive with good health status up to 3 years after TAVR.Clinical Trial Registration https://www.Clinicaltrials gov. NCT03011346."
OpenAlex,aortic stenosis,Effects of GLP-1 receptor agonists on body weight and cardiovascular outcomes: a review,Susan J. F. van Maren; Eveline P.M. van Doorn; Mark M. Smits; Cees J. J. Tack; Elisabeth F. C. van Rossum; Saloua El Messaoudi,10.1007/s12471-026-02073-3,2026-09-14,Netherlands Heart Journal,"Obesity is a rapidly increasing global health challenge that is strongly linked to the cardiorenometabolic syndrome, cardiovascular morbidity, and mortality. Lifestyle interventions remain the cornerstone of treatment, but average long-term weight loss is modest and durable weight maintenance is often limited. Bariatric surgery is not suitable for all patients, and substantial weight regain occurs in a considerable proportion over time. Glucagon-like peptide‑1 receptor agonists (GLP-1RAs), originally developed for type 2 diabetes (T2D), have emerged as potent agents for weight reduction and cardiometabolic risk improvement. By enhancing glucose-dependent insulin secretion, suppressing appetite, improving lipid metabolism, and exerting anti-inflammatory, endothelial, and haemodynamic effects, GLP-1RAs influence multiple pathways relevant to cardiovascular disease.Across large cardiovascular-outcome trials, GLP-1RAs consistently reduce major adverse cardiovascular events (MACE), all-cause mortality, and heart-failure hospitalizations in individuals with T2D. In populations with overweight or obesity without diabetes, semaglutide, as shown in the SELECT trial, has demonstrated significant cardiovascular risk reduction, partly independent of weight loss. Overall, GLP-1RAs represent a therapeutic option for cardiovascular prevention across a broad spectrum of patients at high-risk for or with established CVD. This review provides a comprehensive overview of the pleiotropic cardiovascular effects associated with GLP-1RAs and discusses their potential integration into cardiovascular care."
OpenAlex,aortic stenosis,Optical coherence tomography angiography (OCTA) assessing microvascular and macrovascular health in healthy octogenarians,ALoysius Niko; Pi-Shan Hsu; Wei-Wen Lin; Yi-Min Wang; Liang-Kung Chen; Chia‐Wei Sun,10.1007/s11357-026-02502-6,2026-09-14,GeroScience,"Subclinical cardiovascular abnormalities are recognized as primary risk factors for cardiovascular disease (CVD). Most studies explore microcirculation, while the associations of peripheral microvascular structures and abnormalities have been understudied. This study aimed to use OCTA to gauge the microvascular structure in the proximal nailfold and estimate cardiovascular health via echocardiography, arterial tonometry, and blood tests in samples of healthy octogenarians. We employ unsupervised machine learning methodologies, and vascular patterns are clustered to identify possible microcirculatory characteristics for assessing cardiovascular conditions. We conducted a cross-sectional analysis on 104 participants aged over 80 years to investigate the association between peripheral microvascular structures and subclinical cardiovascular changes. We extracted 12 vascular features from processed three-dimensional nailfold microvasculature obtained from optical coherence tomography angiography (OCTA). Subjects with different microvascular patterns were assigned to one of two clusters using hierarchical clustering analysis based on feature similarity. The cardiovascular parameters of the subjects between these two clusters were statistically compared. As a result, the cluster with denser, smaller, and less tortuous microvascular structure exhibits better cardiovascular conditions regarding resting heartbeats, systolic function, left ventricular sizes, and arterial stiffness. Our study highlights the potential of estimating cardiovascular health in the elderly from nailfold microvascular structure."
OpenAlex,aortic stenosis,CT-guided three-dimensional reconstruction with predictive modeling for personalized esophageal anastomosis in type C esophageal atresia,Vassiliy Lozovoy; Zhenis Sakuov; Assylzhan Yerekeshov; Dastan Rustemov; Ruslan Bilal; Temirlan Zhangaskanov; Zariat Shatkenova,10.3389/fsurg.2026.1871665,2026-09-14,Frontiers in Surgery,"Background Anastomotic stricture remains the most common and clinically significant complication following primary repair of type C esophageal atresia. Despite various technical modifications, postoperative narrowing at the anastomotic site continues to occur. We describe an approach incorporating preoperative three-dimensional CT reconstruction to enable individualized planning of the esophageal anastomosis. Aims and Objectives To evaluate the feasibility, safety, and early clinical outcomes of a modified esophageal anastomosis guided by preoperative radiological and CT-based measurements in neonates with type C esophageal atresia. Materials and Methods This single-center case series included five consecutive neonates who underwent primary repair between January 2022 and December 2023. Preoperative CT was performed to assess associated anomalies. Multiplanar and 3D reconstructions were used to measure the diameters of the proximal esophageal segment and the distal esophagus at the fistula level. Based on these parameters, a geometry-based calculation was applied preoperatively to determine the optimal length and configuration of the distal esophageal incision to achieve a wider anastomosis. Results On postoperative day 7, contrast esophagography demonstrated a mean anastomotic diameter of 4.71 ± 0.43 mm. One patient developed an anastomotic leak requiring re-thoracotomy and repair. No cases of tracheoesophageal fistula recurrence were observed. During 12 months of follow-up, no patients developed clinically significant anastomotic stricture requiring gastrostomy or repeated dilatation. Conclusion CT-based three-dimensional reconstruction combined with predictive modeling enables individualized incision planning and formation of a wider anastomosis. This approach may reduce postoperative strictures and support patient-specific management of type C esophageal atresia."
OpenAlex,aortic stenosis,Enabling Transfemoral TAVI Through a Hostile Abdominal Aortic Anatomy and a Migrated Mesenteric Stent Fragment: Review of the Literature and a Case Presentation,Catalina A. Parasca; Crina-Ioana Radulescu; Pavel Platon; Andreea Călin; Serban Bubenek-Turconi; Bogdan A. Popescu; Vlad Anton Iliescu,10.3390/life16091527,2026-09-14,Life,"Hostile abdominal aortic anatomy may limit transfemoral transcatheter aortic valve implantation (TAVI), even when the iliofemoral access vessels are suitable. The principal anatomical substrate is advanced atherosclerotic calcification, which may cause luminal stenosis, reduced arterial compliance, and an increased risk of vascular injury or embolization during large-bore device passage. Evidence regarding endovascular access facilitation is derived predominantly from iliofemoral interventions, whereas experience with direct modification of the abdominal aorta remains limited. This review examines balloon angioplasty, intravascular lithotripsy, and other endovascular strategies used to facilitate transfemoral TAVI in hostile iliofemoral and aortic anatomy, complemented by an illustrative case highlighting the additional challenge posed by intraluminal foreign material. Within this context, we present a 75-year-old high-risk patient with symptomatic severe aortic stenosis and significant coronary artery disease, in whom otherwise suitable iliofemoral access was complicated by focal calcific abdominal aortic stenosis and an asymptomatic impacted fragment of a fractured superior mesenteric artery stent following a previous intervention. A staged strategy comprising coronary revascularization, abdominal aortic balloon angioplasty with apposition of the fragment against the aortic wall, and subsequent balloon-expandable TAVI was successfully performed. This case underscores the importance of individualized, imaging-guided planning for complex transfemoral access."
OpenAlex,aortic stenosis,Evaluating Diagnostic Accuracy of an On-Site Deep Learning-Based CT-FFR Algorithm Using Invasive FFR as the Reference Standard,Sami Marzouki; Lotte Pyfferoen; Jan Van der Heyden; Emmanuel De Cock; Bert Geerts,10.21203/rs.3.rs-10905436/v1,2026-09-14,Research Square,
OpenAlex,aortic stenosis,Development and External Validation of a Machine Learning–Based Clinical Prediction Model for Postoperative Ischemic Stroke in Patients Undergoing Coronary Artery Bypass Grafting: Validation Using the eICU Collaborative Research Database,Siji Chen; Yang Zhao; Shuanglei Zhao; Mingxiu Wen; Yi Hu; Jiazhen Mei; Qi Wen; Hongxu Song; Ming Gong,10.21203/rs.3.rs-10886469/v1,2026-09-14,Research Square,
OpenAlex,aortic stenosis,Perioperative Considerations of the Obstetric Patient with Heart Disease,Afif Kraitem; Yara Aboshady; Marie‐Louise Meng,10.1007/s40140-026-00732-0,2026-09-14,Current anesthesiology reports,"Abstract Purpose of Review This review summarizes perioperative anesthetic considerations for obstetric patients undergoing non-obstetric surgery, with a focus on cardiac surgery and interventional cardiology procedures. Recent Findings In general, current evidence supports managing pregnant patients similarly to non-pregnant patients when medically indicated. A patient’s pregnant state should not impede necessary surgery, interventions, or medications. Anesthetic agents used at standard concentrations are not associated with teratogenicity, and moderate sedation is an acceptable option for pregnancy termination in high-risk cardiac patients at early gestations. Summary Obstetric patients presenting for cardiac procedures require multidisciplinary, patient-centered care that adheres to established perioperative principles for non-obstetric surgery in pregnancy. The anesthesiologist plays a critical role in optimizing maternal and fetal outcomes within the pregnancy heart team."
OpenAlex,aortic stenosis,Short-term outcomes of Solaris self-expanding covered stent in iliac artery occlusive disease: a single-center retrospective cohort,Halil Tekdemir; Muhammed Said Beşler; Eda Sener Alcın; Murat Canyiğit,10.4274/dir.2026.264163,2026-09-14,Diagnostic and Interventional Radiology,"occlusive disease: a single-center retrospective cohort PURPOSE Endovascular therapy is the preferred treatment for most iliac artery lesions; however, outcomes in complex TransAtlantic Inter-Society Consensus II (TASC) C-D anatomy remain less consistent than in simpler disease.This study evaluated the short-term clinical and patency outcomes of the Solaris self-expanding covered stent in a real-world cohort of patients with iliac artery disease. METHODSThis single-center retrospective study included 99 consecutive patients (140 iliac arteries) treated with the Solaris self-expanding covered stent between October 2023 and December 2025.Demographic, lesion, procedural, and follow-up data were analyzed.Primary patency was estimated using the Kaplan-Meier method, and TASC A-B and TASC C-D lesions were compared using the log-rank test. RESULTSThe mean age was 63.4 ± 9.8 years, 82.8% of patients were men, and TASC C-D lesions accounted for 55.7% of treated arteries.A total of 184 covered stents were implanted, and technical success was 100%.Median follow-up was 278 days (range, 32-576 days).Estimated Kaplan-Meier primary patency was 100% at 6 months and 97.6% at 12 months, with no significant difference between TASC A-B and TASC C-D lesions (log-rank P = 0.206).Complete clinical improvement (Rutherford category 0) was achieved in 80.8% of patients, and 96.0%improved by at least one Rutherford category.Procedure-related complications were infrequent, and no procedure-related deaths occurred. CONCLUSIONIn a real-world cohort with a high proportion of complex iliac lesions, the Solaris self-expanding covered stent demonstrated excellent technical success, durable short-term patency, and favorable clinical outcomes. CLINICAL SIGNIFICANCEThe Solaris self-expanding covered stent demonstrated high technical success, excellent 12-month patency, and meaningful symptom improvement in patients with iliac artery occlusive disease, including a substantial proportion of complex TASC C-D lesions.These real-world findings suggest that this device may provide a durable endovascular solution for challenging iliac anatomy while maintaining a favorable safety profile."
OpenAlex,aortic stenosis,Aortic Haemodynamics Are Independent Longitudinal Determinants of Left Ventricular Function in Repaired Tetralogy of Fallot,Sadman Chowdhury; Panagiota Mitropoulou; Precylia Fernandes; Luca Tin Yau Cheung; Andrew M. Taylor; Vivek Muthurangu; Michael A. Quail,10.64898/2026.09.11.26362746,2026-09-13,medRxiv,"BACKGROUND: Left ventricular ejection fraction (LVEF) independently predicts mortality in repaired tetralogy of Fallot (ToF), but the causes of LV dysfunction are incompletely understood. The intrinsic aortopathy of ToF increases pulsatile afterload, yet whether this contributes to LV dysfunction is unknown. We sought to determine whether aortic dimensions and flow-derived afterload act as cross-sectional markers of LV dysfunction, dynamic contributors to change in LV function over time, or both. METHODS: Retrospective longitudinal study of 554 patients with repaired ToF (1,448 serial cardiovascular magnetic resonance examinations, 2003-2026). Aortic root dimensions, total arterial compliance (TAC: aortic forward flow volume/pulse pressure), and systemic vascular resistance (SVR) were derived, and a within-between decomposition separated between-patient from within-patient associations with LVEF in mixed-effects models. RESULTS: In the analytic sample (1,053 observations, 521 patients), aortic sinus diameter predicted LVEF at both levels (within:β = -0.23, p<0.001; between: β = -0.20, p=0.003). Associations were reproduced at the sinotubular junction but absent at the ascending aorta, localising the effect to the root. TAC predicted LVEF within patients (β=0.90 per mL/mmHg, p=0.014) but not between patients (p=0.62), indicating that pulsatile afterload is a dynamic contributor to LV function. SVR predicted LVEF at both levels (within: β = -0.23; between: β = -0.25; both p<0.001). Blood pressure components alone, expressed as systolic and diastolic or as mean arterial and pulse pressure, did not predict LVEF and fitted the data less well. Adjustment for right ventricular ejection fraction attenuated the within-patient compliance association by 35%, suggesting a component shared with right ventricular function. CONCLUSIONS: Aortic root dimensions, TAC and SVR are independent longitudinal determinants of LVEF in repaired ToF, establishing an important role for aortic haemodynamics in LV function and identifying the systemic vasculature as a potentially modifiable contributor to LV dysfunction."
OpenAlex,aortic stenosis,Direct Percutaneous Access of Renal Artery for Treatment of Hypertensive Emergency in a Patient with Solitary Kidney,Travis Pebror; Faizan Khatib; Adam Schmitz; Mackenzie Madison; Thomas LaRoche; Jeffrey Ramkaransingh,10.1016/j.jvir.2026.109050,2026-09-13,Journal of Vascular and Interventional Radiology,
OpenAlex,aortic stenosis,Managing Cardiac Amyloidosis in a Rural Cardiology Practice: Bridging Gaps in Specialized Evaluation and Disease-Modifying Treatment,Arjun Khunger; Ankita Kapoor; Mohammad Karim; Nikhil Agrawal,10.7759/cureus.116194,2026-09-13,Cureus,"Cardiac amyloidosis is an underdiagnosed condition characterized by the deposition of amyloid fibrils in the myocardium.Its timely diagnosis remains challenging, particularly in a rural cardiology setting where access to advanced imaging, tissue biopsy, and genetic evaluation is often limited.Early initiation of disease-modifying therapy is critical; however, real-world guidance for clinicians practicing outside tertiary centers is sparse.We describe three consecutive patients diagnosed with cardiac amyloidosis in a rural cardiology clinic, each presenting with non-specific heart failure symptoms that masked classic red-flag features of cardiac amyloidosis.Despite resource constraints, all patients were effectively evaluated using a streamlined diagnostic pathway.Disease-modifying therapy was initiated promptly.This case series demonstrates that early recognition and effective management of cardiac amyloidosis can be achieved in rural settings using a practical and reproducible protocol.We present our experience as a real-world framework to help rural clinicians identify and treat amyloidosis at the earliest opportunity with the aim of improving patient outcomes."
OpenAlex,aortic stenosis,Triglyceride–glucose index‑integrated nomogram for six‑month outcomes after acute ST-elevation myocardial infarction,T. H. Hoang; Phuong Thi Ngoc Ha; Huy Duc Dinh,10.1038/s41598-026-71615-x,2026-09-13,Scientific Reports,"Risk stratification after ST‑elevation myocardial infarction (STEMI) treated with percutaneous coronary intervention (PCI) remains challenging, particularly for identifying residual risk beyond established clinical scores. The triglyceride–glucose (TyG) index, a surrogate marker of insulin resistance, may provide additional prognostic information. To develop and internally validate a TyG‑integrated nomogram for 6‑month major adverse cardiovascular events (MACE) after index hospital admission in STEMI patients undergoing PCI. In this single‑centre ambispective cohort, 169 consecutive STEMI patients treated with primary PCI were enrolled. The primary endpoint was time to first MACE within 6 months after index hospital admission, defined as all‑cause death, non‑fatal myocardial infarction, target‑vessel revascularisation, hospitalisation for unstable angina or heart failure, or stroke/transient ischaemic attack. Candidate predictors were analysed using Cox regression with elastic‑net penalisation. The final model included TyG index, GRACE score, hemoglobin, and left ventricular ejection fraction (LVEF). Apparent and bootstrap optimism-corrected model performance were assessed. Thirty-nine of 169 patients (23.1%) experienced a first MACE within 6 months after index hospital admission. Compared with the TyG-excluded clinical model containing GRACE score, hemoglobin, and LVEF, addition of TyG improved global model fit (likelihood-ratio χ2 = 8.36, df = 1, p = 0.0038; Akaike information criterion, 314.6 to 308.3) and reclassification (integrated discrimination improvement, 0.038; continuous net reclassification improvement, 0.574), but did not improve apparent or optimism-corrected C-index discrimination. The full model had an apparent C-index of 0.859 (95% confidence interval, 0.799–0.920), an optimism-corrected C-index of 0.848, and an optimism-corrected calibration slope of 0.923. A nomogram combining the TyG index with GRACE score, hemoglobin, and LVEF was associated with improved global model fit and reclassification relative to a TyG-excluded clinical model, but did not improve C-index discrimination. External validation in larger, contemporary cohorts is needed before clinical implementation."
OpenAlex,aortic stenosis,Simplifying Orthopedic Patient Education: A ChatGPT-Based Readability Analysis,Mendel Shloush; Klaudia Greer; Jonathan Brutti; Brayden Tolman; Jacob Rosenthal; Rafael Aldaya Bourricaudy; Marcia Varella; Fernando Aran,10.60118/001c.162549,2026-09-13,Journal of Orthopaedic Experience & Innovation,"Background Health literacy plays a crucial role in patient decision-making. National guidelines from the NIH and AMA recommend that patient education materials (PEMs) be written at or below a 6th-grade reading level. Materials and Methods Four common foot and ankle conditions were studied: bunions, diabetic foot ulcers, broken ankles, and arthritis of the big toe. Each condition was searched on Google, and the first ten non-sponsored, non-academic websites were selected. Readability was assessed using Readable.com for grade level, Flesch-Kincaid Grade Level, and Flesch Reading Ease, both before and after prompting ChatGPT to “translate the following to a 6th-grade reading level.” Paired t-tests and chi-square tests were used for statistical analysis in Stata v17. Results Before ChatGPT revision, 55% of websites received an “A” grade. The mean Flesch-Kincaid Grade Level was 7.69 (95% CI: 7.12–8.25), and the mean Flesch Reading Ease was 62.01 (95% CI: 58.65–65.37). After ChatGPT revision, the proportion of “A” grades rose to 85% (p=0.008). The average Flesch-Kincaid level dropped to 5.75 (95% CI: 5.18–6.31, p<0.001), and the Flesch Reading Ease score improved to 74.93 (p<0.001). Significant readability improvements were observed across all pathologies. Conclusion Online PEMs related to foot and ankle conditions often exceed recommended readability standards. ChatGPT revisions significantly improved readability scores, suggesting its potential as a tool to enhance patient comprehension."
OpenAlex,aortic stenosis,Mitral and tricuspid annuli in hemophilia—A detailed analysis from the three-dimensional speckle-tracking echocardiographic MAGYAR-Path Study,Attila Nemes; Nóra Ambrus; Zita Borbényi,10.37349/emed.2026.1001427,2026-09-13,Exploration of Medicine,"Aim: Hypocoagulability and associated alterations in myocardial mechanics seen in hemophilia could theoretically impact valvular geometry. Therefore, the purpose of the present study was to characterize mitral and tricuspid annular dimensions and functions in patients with hemophilia via 3D speckle-tracking echocardiography. Methods: Of the 17 hemophilia patients originally assessed, four were excluded due to inadequate image quality. The remaining cohort consisted of 13 males with hemophilia (mean age: 40.8 ± 16.3 years; 11 with hemophilia A and 2 with hemophilia B). Thirty age- and gender-matched healthy males (mean age: 40.4 ± 9.2 years) served as the control group. Results: Hemophilia patients presented with significant dilation of end-diastolic and end-systolic mitral annulus (MA) dimensions (diameter, area, and perimeter), leading to a reduction in MA fractional area change (MAFAC) compared with control subjects. In contrast, among the tricuspid annulus (TA) parameters, dilation was confined to end-diastolic values, while end-systolic dimensions were preserved. Conclusions: Dilated MA, along with its functional deterioration, is present in patients with hemophilia compared to matched controls. TA dilation seems less pronounced."
OpenAlex,aortic stenosis,Three-Dimensional Transthoracic Echocardiography as a Tool for Patient Selection for Percutaneous Atrial Septal Defect Closure,Talya Finke; Uriel Katz; Tal Grupel; Yarden Sarouf Gat; Gur Mainzer; Sharon Borik Chiger,10.1007/s00246-026-04480-0,2026-09-12,Pediatric Cardiology,"Planning for percutaneous closure of large atrial septal defects presents a challenge for pediatric cardiologists. Transcatheter repair is preferred to open heart surgery however in borderline cases, it may be difficult to assess whether the tissue rims around the atrial septal defect are sufficient for closure in the cath lab. In these cases, three-dimensional echocardiography in the outpatient clinic may assist decision making. All patients referred for atrial septal defect closure at our center, specializing in minimally-invasive surgery, over a three-year period were reviewed. At the start of the study period three-dimensional transthoracic echocardiography was introduced to the outpatient clinic work-up for patients whose two-dimensional echo imaging was insufficient for direct referral to surgical or percutaneous closure. Overall, 36 patients were included in the study. Following two-dimensional imaging 15 patients were referred for surgical closure and 8 patients were referred for percutaneous closure. After three-dimensional echocardiography 12 of 13 patients (age 4-44, median 8 years) were deemed suitable for percutaneous closure. 11 of these patients (weight 15.5-59.8, median 33 kg) underwent successful percutaneous device closure (device size 14-30 mm, median 24 mm). In four patients previously assessed at another tertiary center, surgical repair was recommended. In these, and other borderline cases, adequate rims for transcatheter closure were visualized clearly on three-dimensional echocardiogram. Two patients underwent surgical repair, one at the recommendation of the team, and one at the request of the parents. Three-dimensional transthoracic echocardiography is a useful decision making aid in percutaneous closure of large atrial septal defects. This may be especially useful to less experienced or more conservative interventionalists."
OpenAlex,aortic stenosis,Perioperative visual loss after spine surgery: a systematic review of risk factors and report of a reversible case,Giulio Bonomo; Sebastiano Mazzotta; Erica Grasso; Francesco Certo; Andrea Maugeri; Antonella Agodi; Giovanni Buscema; Giuseppe M. V. Barbagallo,10.1007/s00586-026-10366-9,2026-09-12,European Spine Journal,"BACKGROUND: Perioperative visual loss (POVL) is a rare but devastating complication of spinal surgery, most commonly associated with posterior ischemic optic neuropathy (PION) and central retinal artery occlusion (CRAO). Its pathophysiology remains multifactorial and incompletely understood. METHODS: A systematic review of the English-language literature was conducted using MEDLINE/PubMed and Scopus according to PRISMA guidelines. Studies reporting POVL after spinal surgery were included if they provided sufficient clinical, surgical, intraoperative, or outcome data. An illustrative reversible case was also reported according to CARE guidelines. RESULTS: Thirty-nine studies were included, comprising 76 patients. PION was the most frequent subtype (34.7%), followed by CRAO (33.3%), unspecified ischemic optic neuropathy (18.1%), cortical blindness (8.3%), anterior ischemic optic neuropathy (4.2%), and central retinal vein occlusion (1.4%). Visual loss was bilateral in 22.2% of patients. Overall prognosis was poor, with no recovery in 66.2%, partial recovery in 22.1%, and complete recovery in 11.8%. Median estimated blood loss was 1200 mL, with a mean hemoglobin reduction of 4.02 ± 2.24 g/dL. Significant differences among POVL subtypes were found for operative time and duration of prone positioning (p < 0.01), with the highest values in PION. Estimated blood loss was also significantly associated with PION subtype (p < 0.01), and postoperative anemia was most frequent in cortical blindness and PION. Steroids were the most commonly reported treatment, although no association between treatment and recovery was identified. CONCLUSIONS: POVL after spinal surgery is a multifactorial complication with predominantly poor outcomes. Hemodynamic impairment, anemia, prolonged prone positioning, blood loss, and fluid management appear central to its pathogenesis. The illustrative case suggests that reversible forms may occur, supporting a broader pathophysiological spectrum. Prevention remains the cornerstone of management."
OpenAlex,aortic stenosis,Myocardial contractile reserve by contrast and low-dose dobutamine echocardiography predicts 6-month left ventricular reverse remodeling after sacubitril/valsartan in ischemic cardiomyopathy,Xudong Chen; Chang Liu; Yun He; Tingting He; Ling Qiu; Yan Jiang,10.1038/s41598-026-65842-5,2026-09-12,Scientific Reports,"The response of left ventricular reverse remodeling (LVRR) following sacubitril/valsartan therapy varies substantially among patients with ischemic cardiomyopathy (ICM). Conventional clinical indicators have limited ability to identify myocardial recovery potential and predict treatment response. This study investigated the predictive value of myocardial contractile reserve assessed by stress echocardiography for LVRR after sacubitril/valsartan treatment. In this study, 174 patients with ICM underwent baseline evaluation and initiated sacubitril/valsartan therapy. Left heart contrast echocardiography and low-dose dobutamine stress echocardiography was performed before treatment. Myocardial contractile reserve was evaluated using changes in left ventricular ejection fraction (ΔLVEF), wall motion score index (ΔWMSI), and the number of contractile reserve-positive segments. LVRR was defined as a ≥ 15% reduction in left ventricular end-systolic volume index (LVESVI) at 24 ± 2 weeks compared with baseline. Logistic regression, receiver operating characteristic (ROC) analysis, incremental model assessment, and sensitivity analyses were performed. Of the 164 patients who completed follow-up, 67 (40.85%) achieved LVRR. Compared with the non-LVRR group, patients with LVRR exhibited significantly greater myocardial contractile reserve, characterized by higher ΔLVEF, lower ΔWMSI, and a greater number of contractile reserve-positive segments (all P < 0.05). After adjustment for clinical variables, all three indices remained independently associated with LVRR (all P < 0.001). The corresponding AUC values were 0.84, 0.80, and 0.82, respectively. Adding ΔLVEF to the clinical model improved the AUC from 0.70 to 0.88 ( P < 0.001). Myocardial contractile reserve is a strong predictor of left ventricular reverse remodeling after 6 months of sacubitril/valsartan therapy in patients with ischemic cardiomyopathy and may facilitate individualized risk assessment for reverse remodeling following treatment. Because all participants received sacubitril/valsartan, these findings should not be interpreted as demonstrating treatment-specific response classification. Clinical trial registration This observational study was approved by the institutional ethics committee. Clinical trial registration was not required according to local regulations."
OpenAlex,aortic stenosis,Bibliometric and knowledge-map analysis of research on robot-assisted vascular interventional surgery (2015–2025),Yanwen Liu; Shanshan Li; Chenggang Liu,10.1007/s11701-026-03947-9,2026-09-12,Journal of Robotic Surgery,"Vascular interventional procedures are minimally invasive but remain highly dependent on operator expertise and are associated with occupational radiation exposure and technically demanding catheter and guidewire manipulation. By integrating precision motion control, force sensing, haptic feedback, image-guided navigation, and teleoperation, robot-assisted vascular interventional surgery (RVIS) has emerged as an interdisciplinary field spanning robotics, biomedical engineering, and interventional medicine. However, its global research landscape, intellectual base, research hotspots, and thematic evolution remain insufficiently characterized. This study therefore systematically mapped the knowledge structure and research trends of RVIS from 2015 to 2025. The Web of Science Core Collection (WoSCC) and Scopus were searched for relevant English-language articles and reviews published between 2015 and 2025. After screening according to uniform eligibility criteria, 373 WoSCC records and 493 Scopus records were included. VOSviewer, CiteSpace, and Bibliometrix/Biblioshiny were used to analyze annual publication trends, country and institutional collaboration, authors, journals, co-citation relationships, highly cited publications, citation bursts, and keyword networks separately for the two databases. After cross-database deduplication, an English-abstract corpus was constructed from 541 unique publications, of which 524 met the eligibility requirements for latent Dirichlet allocation (LDA) modeling. The model fitted to the merged corpus served as the primary integrative analysis, while database-source sensitivity analyses were conducted in the WoSCC-only and Scopus-only corpora using the same five-topic configuration. Multiple testing in the temporal topic-trend analyses was controlled using the Benjamini-Hochberg procedure. Annual publication output in both databases showed an overall upward, albeit fluctuating, trend and remained relatively high during the later years of the study period. China and the United States were the two most prominent contributors to the field. In the corresponding-author country analysis, China ranked first and the United States second in WoSCC, whereas China and the United States ranked jointly first in Scopus. Analyses of core journals, authors, and co-citation networks indicated that the intellectual base of the field was jointly shaped by robotics and control technologies, biomedical engineering, computer-assisted surgery, and cardiovascular and neurovascular interventions. Highly cited publications, citation bursts, and keyword networks primarily focused on magnetically actuated guidewires and soft robots, endovascular catheter control, intelligent navigation, force and haptic feedback, and robot-assisted percutaneous coronary intervention. LDA identified five topics, of which remote image-guided platforms had the highest overall topic prevalence. After correction for multiple testing, the topic of magnetically actuated soft robots and microrobots showed a significant upward trend in the merged corpus. The single-database sensitivity analyses demonstrated moderate reproducibility of the principal topics, with the annual trend for magnetically actuated soft robots and microrobots showing a consistent direction across all three corpora. Research activity in RVIS increased overall between 2015 and 2025, accompanied by the emergence of an interconnected knowledge structure spanning engineering technologies and clinical interventional medicine. Catheter and guidewire manipulation, remote intervention, intelligent navigation, force sensing, and haptic feedback represent major research directions. The relative research attention devoted to magnetically actuated soft robots and microrobots increased consistently across all three LDA corpora. These findings reflect changes in publication output and research attention and should not be interpreted as direct evidence of technological maturity, clinical adoption, or patient benefit."
OpenAlex,mitral regurgitation,Short-term right heart reverse remodeling with vericiguat in HFrEF: reductions in pulmonary arterial pressure and chamber dimensions,Yaoting Zhang; Chengpeng Zhang; Chao Tang; Hui Li; Jing Zhu,10.3389/fcvm.2026.1894753,2026-09-14,Frontiers in Cardiovascular Medicine,"Background Heart failure is the end-stage of various cardiovascular diseases. Although a variety of drugs have slowed down the progression of the disease, the prognosis of heart failure patients remains unsatisfactory. Vericiguat can improve left ventricular function, but there is relatively less research on its effect on right ventricular function. This study aimed to evaluate whether vericiguat can improve the right ventricular function of heart failure patients. Methods Patients with left ventricular ejection fraction < 45% who were hospitalized for the first time in the Department of Cardiology, The Second Affiliated Hospital of Soochow University from January 1, 2023, to December 31, 2024 were included and divided into two groups. The baseline and 3-month follow-up clinical characteristics, laboratory data, routine transthoracic echocardiogram parameters, and medication use of patients were collected. Results A total of 90 eligible patients were finally included, with 60 cases in the vericiguat group and 30 cases in the control group. In the vericiguat group, right ventricular function improved significantly after treatment. The tricuspid annular plane systolic excursion to pulmonary artery systolic pressure (TAPSE/PASP) ratio increased significantly [0.51 ± 0.22 vs. 0.60 ± 0.22, p = 0.001]. Right atrial longitudinal dimension index significantly decreased [30.07 ± 5.80 mm/m 2 vs. 28.57 ± 5.43 mm/m 2 , p = 0.001], as did the Right atrial transverse dimension index [23.21 ± 5.13 mm/m 2 vs. 21.86 ± 4.40 mm/m 2 , p = 0.012] and right ventricular basal diameter index [22.48 ± 3.96 mm/m 2 vs. 21.07 ± 3.59 mm/m 2 , p < 0.001]. Pulmonary arterial systolic pressure decreased significantly [41.47 ± 16.25 mmHg vs. 36.20 ± 14.32 mmHg, p = 0.006]. In the control group, no significant changes were observed in right heart function parameters. Multiple linear regression analysis showed that the increase in ΔTAPSE/PASP was not significantly associated with changes in left ventricular function. Conclusions Vericiguat treatment was associated with a reduction in pulmonary artery systolic pressure, improves right ventricle-pulmonary artery coupling, and promotes structural reverse remodeling of the right atrium and right ventricle in heart failure patients. These right heart benefits occur independently of changes in left ventricular structure and function. Vericiguat showed good short-term safety."
OpenAlex,mitral regurgitation,Effect of empagliflozin with or without carvedilol on tricuspid regurgitation and right ventricular remodeling: PROVE trial,Ga Yun Kim; Somin Lim; Dong Hyun Yang; Jong Eun Lee; Sahmin Lee; Sung‐Ji Park; In-Chang Hwang; Yeonyee E. Yoon; Chi Young Shim; Hyung-Kwan Kim; Sung-Cheol Yun; Jong‐Min Song; Duk-Hyun Kang,10.1186/s44348-026-00095-4,2026-09-14,Journal of Cardiovascular Imaging,"Abstract Background Functional tricuspid regurgitation (TR) is associated with adverse outcomes. As TR, right ventricular (RV) remodeling, and worsening TR form a vicious cycle, therapies that reverse RV remodeling and reduce TR are needed. We examined whether sustained-release carvedilol (carvedilol SR), empagliflozin, or their combination reduces RV volumes and TR severity in patients with significant functional TR. Methods In this randomized trial with a 2 × 2 factorial design, 56 patients were assigned to carvedilol SR plus empagliflozin, carvedilol SR, empagliflozin, or placebo. The primary end point was the change in RV end-systolic volume index from baseline to 12 months. Secondary end points included changes in RV end-diastolic volume index, RV ejection fraction, vena contracta width (VCW), effective regurgitant orifice area (EROA), and regurgitant volume. Cardiac magnetic resonance imaging assessed RV volumes, and echocardiography evaluated TR severity. Results Baseline characteristics were well balanced between treatment groups (mean age 71 ± 7 years; men 55%; diabetes 14%; atrial fibrillation 89%). Empagliflozin did not change RV volumes or RV ejection fraction. However, empagliflozin reduced VCW (1.45 mm; 95% confidence interval [CI], 0.69–2.20), EROA (0.09 cm 2 ; 95% CI, 0.02–0.17), and regurgitant volume (10.7 mL; 95% CI, 4.2–17.2) compared with placebo. Carvedilol SR showed no significant effect on primary or secondary end points. Compared with placebo, carvedilol SR plus empagliflozin reduced VCW (− 0.78 ± 1.15 mm vs. 0.56 ± 1.45 mm, P = 0.03) but did not change other outcomes. Conclusions Carvedilol SR, empagliflozin, or their combination showed no significant reduction in RV volumes, but empagliflozin significantly reduced TR severity in patients with functional TR. Trial registration ClinicalTrials.gov identifier: NCT04345796 (PROVE trial)."
OpenAlex,mitral regurgitation,"THYROID STORM: FROM ENDOCRINE CRISIS TO CARDIOVASCULAR COLLAPSE — PATHOPHYSIOLOGY, DIAGNOSIS AND CONTEMPORARY MANAGEMENT",Małgorzata Grzybowska; Piotr Wilczkowski; Aleksandra Palka; Natalia Krzysztofek; Wojciech Kopyciński; Katarzyna Boszczyk; Norbert Krawczyk; Monika Kamela; Adrianna Baran; Olaf Krawczyk,10.31435/ijitss.3(51).2026.6569,2026-09-14,International Journal of Innovative Technologies in Social Science,"Thyroid storm is a rare but life-threatening endocrine emergency characterized by thyrotoxicosis accompanied by systemic decompensation and end-organ dysfunction. Despite advances in diagnosis and treatment, it remains associated with substantial mortality, cardiovascular failure and multiorgan dysfunction representing major causes of death. This narrative review aims to summarize current knowledge regarding the pathophysiology, clinical presentation, diagnostic approaches, cardiovascular complications, and contemporary treatment strategies for thyroid storm, with particular emphasis on the management of severe cardiovascular manifestations. A narrative literature review was conducted using PubMed and Google Scholar. Recent peer-reviewed studies, systematic reviews, case series, clinical guidelines, and international consensus recommendations were analyzed to provide an up-to-date overview of thyroid storm management. Thyroid storm requires rapid recognition based on clinical manifestations of systemic decompensation in the setting of biochemical thyrotoxicosis. Cardiovascular complications, including tachyarrhythmias, atrial fibrillation, acute heart failure, thyrotoxic cardiomyopathy, myocardial injury, cardiogenic shock, and cardiac arrest, are among the most clinically significant complications. Treatment requires a multimodal approach - antithyroid drugs, iodine, glucocorticoids, β-blockers, and supportive intensive care. Propranolol remains an important therapeutic option; however, β-blockade must be individualized in patients with impaired cardiac function or hemodynamic instability. Alternative and rescue therapies, including lithium, cholestyramine, therapeutic plasma exchange, and thyroidectomy, may be considered in refractory cases. Successful management of thyroid storm requires early diagnosis, prompt treatment, continuous cardiovascular monitoring, and an individualized multidisciplinary approach. Further studies are needed to establish optimal treatment strategies, particularly for patients with cardiovascular complications and those who fail or cannot tolerate conventional therapy."
OpenAlex,mitral regurgitation,Multivalvular Involvement in Acute Heart Failure: Associations with One-Year Outcomes and the Right-Heart Phenotype,G Aletras; Stylianos Fiflis; Theodora Gergopoulou; Georgia Halkiadaki; Yannis Pantazis; Kostas Stylianou; Michalis Hamilos; Emmanouil Foukarakis,10.3390/medsci14050564,2026-09-12,Medical Sciences,"Background: Valvular heart disease frequently accompanies acute heart failure (AHF), yet most studies address single valve lesions, and the prognostic weight of concurrent multivalvular involvement is less well defined. We examined the prevalence of single- and multi-valve disease and its relationship with one-year mortality. Methods: We analyzed 530 consecutive patients enrolled in a prospective single-center AHF registry between February 2023 and June 2025 and followed for 12 months. Aortic, mitral and tricuspid disease was graded according to European Society of Cardiology/European Association of Cardiovascular Imaging (ESC/EACVI) criteria, a valve being considered involved when it carried at least moderate stenosis and/or regurgitation; multivalvular disease was defined as involvement of two or more valves. The primary endpoint was one-year all-cause mortality. Cox regression was adjusted for admission log N-terminal pro-B-type natriuretic peptide (NT-proBNP), frailty (Clinical Frailty Scale ≥ 5) and age. In-hospital acute kidney injury was examined descriptively but was not entered into the models, because it is ascertained after admission. Results: Overall, 71.3% of patients had at least one significantly diseased valve—mitral in 44.3%, tricuspid in 43.8% and aortic in 27.5%—and 34.9% had multivalvular involvement. One-year mortality rose stepwise with the number of valves involved: 19.7%, 24.9%, 36.3% and 54.0% for zero, one, two and three valves, respectively (log-rank p < 0.001), corresponding to a crude hazard ratio (HR) of 1.51 (95% confidence interval [CI] 1.28–1.78) per additional valve. Multivalvular versus single or no valve involvement carried a crude HR of 2.07 (1.51–2.84) and remained associated with mortality after adjustment (HR 1.48, 95% CI 1.06–2.07, p = 0.020), as did each additional valve (HR 1.22, 1.03–1.45, p = 0.023). Adjustment for clinically manifest right heart failure (HF) attenuated the association with mortality (HR 1.15, 95% CI 0.96–1.37), whereas the association with the triple composite remained significant (HR 1.19, 95% CI 1.03–1.36). Propensity-score adjustment excluding right HF retained the association with mortality (HR 1.43, 95% CI 1.02–2.00), whereas inclusion of right HF attenuated it (HR 1.33, 0.94–1.87). The association was not detectable in the 304 patients without clinically manifest right HF (HR 1.06, 0.80–1.41, p = 0.69). In a post-discharge sensitivity analysis, the adjusted associations were directionally similar but did not reach statistical significance. Conclusions: In hospitalized AHF, multivalvular involvement was common, followed a predominantly mitral–tricuspid pattern, and identified an older, frailer, more congested phenotype with substantial right-sided and chronic renal involvement. Valve burden showed a graded association with one-year mortality that persisted after adjustment for baseline prognostic characteristics, but was attenuated once right-sided involvement was taken into account, whether by direct adjustment or by propensity methods; the association was retained when right HF was omitted from the propensity model. Because right-sided variables lie downstream of significant tricuspid disease, this attenuation is what adjustment for an intermediate is expected to produce and does not establish absence of prognostic value. Cumulative valve burden is therefore best interpreted as a powerful phenotypic marker of a more advanced HF phenotype with prominent right-heart involvement, rather than as an independent causal determinant of mortality."
OpenAlex,mitral regurgitation,Mitral Valve Repair After MitraClip,Ahmed Ghazy,10.25373/ctsnet.33619783.v1,2026-09-11,CTSNet | The Cardiothoracic Surgery Network,"This video demonstrates that endoscopic mitral valve repair is feasible after a failed MitraClip and yields good results when the clip is properly removed and the leaflets are adequately reconstructed, as illustrated in a high-risk patient who underwent successful endoscopic double (mitral and tricuspid) valve repair with no residual mitral regurgitation."
OpenAlex,mitral regurgitation,Mitral Valve Fenestration Associated with Severe Mitral Re-gurgitation: A Case Report,Juliana Camoço Garcia; Neusa Canganjo; Rita Casimiro; André João; Gonçalves Manuel; Benvindo Barroso,10.52600/2965-0968.bjcmr.2026.4.1.jch6,2026-09-11,Brazilian Journal of Clinical Medicine and Review,"Introduction: Mitral regurgitation in pediatric patients represents a complex diagnostic challenge and may have either congenital or acquired etiology. In developing countries, rheumatic carditis secondary to untreated streptococcal infections remains one of the leading causes of mitral valve disease. Mitral valve fenestration is a rare structural abnormality characterized by a perforation in the valve leaflet. Its association with rheumatic carditis may increase the severity of regurgitation and promote progression to pulmonary hypertension. Case Report: We present the case of a 10-year-old male patient with a history of recurrent untreated chronic tonsillitis who was admitted to the emergency department with persistent fever, dry cough, progressive dyspnea, orthopnea, and lower-limb edema. On physical examination, the patient was febrile and tachycardic (heart rate, 145 bpm), hypoxemic despite supplemental oxygen therapy, with pulmonary crackles on auscultation and audible murmurs over the mitral, tricuspid, and aortic valve areas. Laboratory tests showed elevated inflammatory markers (C-reactive protein, erythrocyte sedimentation rate, and antistreptolysin O [ASO] titer), consistent with previous streptococcal exposure. Transthoracic echocardiography revealed remodeling of the left cardiac chambers, including a dilated left ventricle with moderate systolic dysfunction (ejection fraction, 45%) and a dilated left atrium. Valvular assessment demonstrated a thickened aortic valve with mild-to-moderate regurgitation and a thickened mitral valve with prolapse and fenestration of the anterior leaflet (A3 segment), resulting in severe mitral regurgitation. Moderate pulmonary and tricuspid regurgitation were also identified, with an estimated pulmonary artery systolic pressure (PASP) of 98 mmHg, suggestive of severe pulmonary hypertension. The clinical and echocardiographic findings suggested severe mitral regurgitation of mixed etiology, combining a congenital leaflet abnormality with rheumatic involvement. The patient was admitted for clinical stabilization and, after his condition improved, was transferred to a specialized cardiovascular disease hospital. Conclusion: Mitral valve fenestration is a rare structural abnormality. In the present case, echocardiography, as an available imaging modality in the hospital setting, enabled its identification and characterization of its hemodynamic consequences, contributing to the diagnostic assessment of severe mitral regurgitation with a complex etiology."
OpenAlex,mitral regurgitation,Acute hemodynamic and echocardiographic responses to pimobendan versus levosimendan in a dog with decompensated dilated cardiomyopathy,Tuğba Varlik; Didem Algan; Ela Nur Polat; Saim Sağ; Ryou Tanaka; Zeki Yılmaz,10.1007/s11259-026-11511-x,2026-09-11,Veterinary Research Communications,
OpenAlex,mitral regurgitation,"Minimally invasive approach versus median sternotomy in patients undergoing surgery for mitral valve infective endocarditis, a meta-analysis",Karam R. Motawea; Michael Blackledge; Abed M. Al-Sheikh; Mohammad El Diasty; Yakov Elgudin; Joseph F. Sabik; Yasir Abu-Omar,10.1177/02676591261488628,2026-09-11,Perfusion,"Objective We aimed to compare early and late postoperative clinical outcomes between minimally invasive surgery (MIS) and full sternotomy (FS) in patients with mitral valve (MV) infective endocarditis (IE). Methods This meta-analysis was conducted in compliance with the PRISMA guidelines. PubMed, Scopus, and Web of Science databases were searched for any randomized control trials or cohort studies that compared MIS versus FS in surgery for mitral valve infective endocarditis. Results Four cohort studies with 466 patients (137 in MIS group and 329 in FS group), were included in our study. Pooled analysis showed no significant difference between MIS and FS in terms of in-hospital/30-day mortality (RR = 0.71, 95% CI [0.31-1.60], p -value = 0.40), stroke (RR = 0.63, 95% CI [0.16-2.46], p -value = 0.50), atrial fibrillation (RR = 0.89, 95% CI [0.57-1.40], p -value = 0.62), acute kidney injury/renal failure (RR = 0.51, 95% CI [0.22-1.16], p -value = 0.11), multi-organ failure (RR = 0.94, 95% CI [0.33-2.70], p -value = 0.90), and readmission rates (RR = 0.75, 95% CI [0.39-1.45], p -value = 0.39). However, our study showed a statistically significant association between MIS and lower risk of postoperative sepsis (RR = 0.17, 95% CI [0.03-0.84], p -value = 0.03), fewer blood transfusions (RR = 0.63, 95% CI [0.48-0.84], p -value = 0.001), and shorter length of ICU stay (RR = −1.57, 95% CI [−2.16, −0.97], p -value <0.00001) compared to FS. The pooled effect estimate showed no significant difference between both groups in terms of need for reoperation, permanent pacemaker implantation, survival up to 2.5 years, and IE recurrence up to 3.5 years. Conclusions Our findings suggest that MIS may be a safe and cost-effective alternative for FS in patients undergoing surgery for mitral valve infective endocarditis. Surgical approach should be tailored to the patient’s clinical risk profile, the extent of endocarditis, and the team’s experience, to ensure optimal clinical outcomes."
OpenAlex,mitral regurgitation,Giant Left Atrium: A Clinical Case of Extreme Atrial Remodeling,António de Oliveira Catchuco; Yara Juanga; Letícia Janota; Carlos Catraio,10.52600/2965-0968.bjcmr.2026.4.1.jch11,2026-09-11,Brazilian Journal of Clinical Medicine and Review,"Introduction: Left atrial enlargement is an important marker of cardiac remodeling and is associated with an increased risk of atrial fibrillation, stroke, and cardiovascular mortality. Giant left atrium is a rare condition, generally associated with mitral valve disease, particularly of rheumatic etiology, although it may occur in different settings of chronic volume and/or pressure overload. Case Report: We report the case of a 56-year-old Black male patient with a history of long-standing hypertension, hypertensive heart disease with reduced left ventricular ejection fraction (LVEF), permanent atrial fibrillation, and previous stroke with residual motor impairment. He presented to the emergency department with a 15-day history of progressive exertional dyspnea, paroxysmal nocturnal dyspnea, orthopnea, and easy fatigability. On physical examination, he was conscious and tachypneic, with bilateral jugular venous distension and a positive hepatojugular reflux, and was unable to tolerate the supine position. Pulmonary auscultation revealed decreased breath sounds at the lung bases, bilateral fine crackles, and diffuse wheezing. Cardiac auscultation revealed irregular, normophonic heart sounds with a grade III/VI holosystolic murmur over the mitral area. Bilateral ankle edema and left-sided spastic hemiparesis secondary to the previous stroke were also present. Electrocardiography revealed atrial fibrillation with a ventricular rate of 78 bpm, left-axis deviation, and signs of left ventricular overload. Chest radiography showed an increased cardiothoracic ratio and signs of pulmonary congestion, without evidence of an infectious process. Transthoracic echocardiography demonstrated dilated hypertensive heart disease with reduced LVEF, right ventricular systolic dysfunction, and moderate mitral regurgitation. Marked left atrial enlargement was noted, with an area of 217.9 cm² and an estimated volume of 2,036 mL, consistent with a giant left atrium. Conclusion: Giant left atrium is a rare manifestation of chronic atrial remodeling, traditionally associated with significant mitral valve disease, particularly of rheumatic etiology. However, giant left atrium may also occur in the absence of severe mitral valve disease. In this case, the extreme atrial enlargement appears to have resulted from a multifactorial process involving hypertensive heart disease, permanent atrial fibrillation, and heart failure. Recognition of this condition should raise awareness of the high risk of complications, particularly thromboembolic events and worsening heart failure, warranting systematic clinical and echocardiographic assessment."
OpenAlex,mitral regurgitation,"Prevalence, types, maternal and perinatal outcomes of cardiac disease in pregnancy at a tertiary Hospital in the Eastern Cape, South Africa",Sibusiso B. Mbili; Vulikhaya Mpumlwana; Charles Bitamazire Businge,10.4102/jcmsa.v4i1.274,2026-09-11,Journal of the Colleges of Medicine of South Africa,"Background: Cardiac disease is a leading non-obstetric cause of maternal morbidity and mortality, particularly in low- and middle-income countries. Methods: Retrospective cross-sectional review of all deliveries from 01 January 2020 to 31 December 2022. Echocardiography-confirmed cardiac disease cases were identified. Data included demographics, lesion type and/or severity (New York Heart Association [NYHA]), timing of diagnosis, delivery characteristics and outcomes. Associations were examined using χ2 and t-tests (p < 0.05). Results: Among 11 728 deliveries, 182 had cardiac disease (prevalence 1.6%, 95% CI: 1.34–1.80). Median age was 26 years (IQR 22–31); 50.6% presented with NYHA III–IV. Rheumatic heart disease (RHD) predominated (61.5%), mainly mitral stenosis (43.8%) and mitral regurgitation (38.3%). Cardiomyopathy accounted for 31.3%; peripartum cardiomyopathy (PPCM) comprised 78.9% of cardiomyopathies, most diagnosed postpartum (64.9%) and frequently with Left Ventricular Ejection Fraction (LVEF) < 45%. Preterm birth occurred in 46.9% of pregnancies, particularly with RHD–MS (mean gestational age (GA) 33.0 ± 6.0 weeks; p = 0.005). Caesarean delivery occurred in 72.0% (131/182), mainly for obstetric (41.8%) rather than cardiac indications. Maternal complications were common (67.6%), including pulmonary oedema (28.6%, 95% CI: 22.1–35.7), pulmonary hypertension (13.2%, 95% CI: 8.6–19.0) and ICU admission (12.1%, 95% CI: 7.8–17.6). Maternal case fatality was 4.9% (9/182; 95% CI: 2.3–9.2). Most neonates had favourable short–term outcomes (5–min Apgar ≥ 7 in 83.5%) and were discharged (87.7%). Conclusion: Rheumatic heart disease and PPCM were the dominant lesions and major drivers of severe morbidity and mortality. Contribution: The high burden of late presentation and severe functional limitation underscores the need for earlier detection, systematised cardio-obstetric care and strengthened primary prevention of RHD."
OpenAlex,mitral regurgitation,Transcatheter Edge-to-Edge Repair in Older Adults With Mitral and Tricuspid Valve Disease,Radwan Alkhatib; Taha Hatab; Maha Alfaraidhy; Nishok Karthikeyan; Oliver Glen M. Ancheta; Mauricio G. Cohen; Samir Kapadia; Venu Menon; Michael G. Nanna; Abdulla A. Damluji,10.1161/circinterventions.126.017207,2026-09-11,Circulation Cardiovascular Interventions,"The older adult population is expanding rapidly. Parallel to this expansion, cardiologists care for a larger population of patients with clinically significant mitral regurgitation and tricuspid regurgitation who are ineligible for surgical repair due to frailty, multimorbidity, and coexisting geriatric conditions. Transcatheter edge-to-edge repair has emerged as a safe and effective alternative, with randomized trials and contemporary registries demonstrating durable reduction in regurgitation, improved functional status, and lower heart failure hospitalizations across age groups. Integration of geriatric cardiology tools to address frailty, cognition, delirium risk, nutrition, polypharmacy, and social support is critical to optimize procedural outcomes. Tools including the Comprehensive Geriatric Assessment, Mini Nutritional Assessment-Short Form, Katz Index of Independence in Activities of Daily Living, Kansas City Cardiomyopathy Questionnaire, and cognitive screening instruments enable individualized risk stratification and care planning. Periprocedural and postprocedural strategies, including structured rehabilitation, early mobilization, delirium prevention, and caregiver engagement, further enhance functional recovery. Despite favorable procedural outcomes, significant gaps remain in the care for older adults, including the inconsistent characterization of frailty and cognitive status in clinical trials, which limits evidence to guide selection, limited transcatheter edge-to-edge repair-specific tools to assess age-associated risks, and scarcity of long-term data on functional independence and quality-of-life end points. Future research should prioritize patient-centered outcomes and develop integrated, multidisciplinary care pathways that align procedural success with meaningful life expectancy and functional longevity in older adults."
OpenAlex,mitral regurgitation,"Aberrant, Elevated Papillary Muscle and LV Wall Forces Associated With Mitral Valve Prolapse Are Normalized by Surgical Neochordal Repair but Not by Transcatheter Edge-to-Edge Repair",Matthew H. Park; Antonia van Kampen; Chris Huynh; Katrina Liou; Seung Hyun Lee; Serguei Melnitchouk; Yuanjia Zhu; Stefan Elde; Alexander Reed; Gabe Weininger; Michael A. Borger; Robert A. Levine; Y. Joseph Woo,10.1161/circinterventions.125.016161,2026-09-11,Circulation Cardiovascular Interventions,"BACKGROUND: Recent studies have linked mitral valve prolapse to increased papillary muscle (PM) traction in mitral valve prolapse and MitraClip patients. We aimed to biomechanically compare edge-to-edge repair via MitraClip implantation and neochordal repair for mitral valve prolapse on PM forces ex vivo. METHODS: We developed a force transduction system to measure the forces exerted on the PMs throughout the cardiac cycle in a left heart simulator. Using a randomized, paired procedure with porcine mitral valves (n=8), we measured the hemodynamic parameters and PM forces for control, prolapse, chordal rupture, MitraClip edge-to-edge repair, surgical edge-to-edge repair, and neochordal repair conditions. RESULTS: Hemodynamic parameters, including maximum ventricular pressure and transmitral pressure gradients, remained consistent across all experimental conditions. The rupture condition induced pathological mitral regurgitation relative to control valves (23.7±18.5% versus 3.1±1.0%; P <0.001). In the chordal rupture model, composite peak PM forces were 7.8±1.3 N, ≈16% higher than baseline control valves (6.7±0.7 N, P =0.005). Both surgical and transcatheter edge-to-edge repair conditions resulted in significantly higher peak PM forces compared with both baseline ( P <0.001) and diseased prolapse conditions ( P =0.03). MitraClip repair valves recorded peak PM forces ≈23% higher than those of baseline control valves. Neochordal repair of the prolapsed model resulted in significant reductions of peak PM forces to near-baseline levels (6.8±1.3 N; P =0.53). All repair conditions reduced mitral regurgitation levels to moderate (<15%). CONCLUSIONS: We demonstrated that MitraClip, while reducing regurgitation, increases aberrant forces on the PMs. In contrast, neochordal repair both reduces regurgitation and restores PM forces back to physiological levels. Our work suggests that these elevated forces, associated with mitral valve prolapse and MitraClip, predispose the mitral valve to continued traction, altering the mechanical load on the subvalvular apparatus."
OpenAlex,mitral regurgitation,Epidemiological and Clinical Characteristics of Patients Undergoing Cardiac Valve Replacement Surgery in Angola: A Retrospective Study of 100 Cases,Núria Machado; Humberto Morais; Mauer Gonçalves,10.52600/2965-0968.bjcmr.2026.4.1.jch4,2026-09-11,Brazilian Journal of Clinical Medicine and Review,"Introduction: Valvular heart disease is a significant and growing global health concern. It is one of the leading causes of cardiovascular morbidity and mortality in sub-Saharan Africa. Historically, rheumatic heart disease has been the predominant form of cardiovascular disease in sub-Saharan Africa. Objective: To characterize the clinical and epidemiological profile of patients undergoing cardiac valve replacement surgery at the Cardiorespiratory Diseases Hospital Complex Cardinal Dom Alexandre do Nascimento between 2022 and 2025. Methods: This was a retrospective, descriptive, cross-sectional observational study using non-probability convenience sampling and incorporating quantitative and qualitative variables. The study population consisted of patients who underwent cardiac valve replacement surgery between 2022 and 2025. A total of 100 patients comprised the study sample. Patients aged ≥18 years who underwent cardiac valve replacement surgery during the study period were included. Patients who underwent valve repair without replacement and those with incomplete medical records were excluded. Results: The mean patient age was 34.9 years, ranging from 18 to 73 years, with a predominance of patients aged 18–40 years. Female patients predominated (66%), as did patients from Luanda Province. The most prevalent comorbidities were hypertension (18%), atrial fibrillation (7%), and diabetes mellitus (2%). Rheumatic etiology was the leading cause of valvular disease (66%), with the mitral valve being the most frequently affected and mitral regurgitation the predominant lesion. Biological prostheses were the most commonly used (70%). The main postoperative complications included bleeding, pulmonary thromboembolism, and stroke, while in-hospital mortality was only 1%. Conclusion: Rheumatic etiology remained the leading cause of cardiac valve replacement, predominantly affecting young women, with the mitral valve being the most frequently involved. Low in-hospital mortality and predominant use of biological prostheses were observed. These findings reinforce the need to strengthen strategies for the prevention of rheumatic heart disease and the planning of cardiac surgery services in Angola."
OpenAlex,valvular heart disease,Frailty Measures for Adult Patients and Outcomes for Vestibular Schwannoma Surgeries: A Retrospective Cohort Study.,Eric Michael Cohen; Emma Dunn; Bryan Clampitt; Jacob Parker; Mohammad Hassan A Noureldine; Emily Coughlin; Rahul Mhaskar; Siviero Agazzi,10.1227/neuprac.0000000000000289,2026-10-01,PubMed,"BACKGROUND AND OBJECTIVES: To determine whether preoperative frailty [5-item/11-item modified frailty index (mFI-5/mFI-11)] independently predicts length of stay (LOS) and early facial nerve function after vestibular schwannoma (VS) resection when adjusting for tumor and operative factors at a single center with standardized postoperative care. METHODS: This was a single-center, institutional review board-approved, retrospective review of consecutive adults undergoing microsurgical VS resection from 2014 to 2025. Candidate predictors included mFI-5, mFI-11, age, temporal muscle thickness, tumor size, surgical approach, preoperative nonauditory cranial nerve deficits, immediate postoperative facial nerve function, and ventriculoperitoneal shunt requirement. Primary outcomes were LOS (days) and House-Brackmann (HB) grade at discharge, modeled with negative binomial and cumulative odds ordinal logistic regression, respectively (two-sided α = 0.05). RESULTS: = .017). Substituting individual comorbidities for frailty indices did not materially alter findings. CONCLUSION: In VS microsurgery, tumor size rather than frailty was the dominant correlate of early postoperative outcomes after adjustment. Because frailer patients are often selected out before elective surgery, the null adjusted association does not prove frailty is clinically irrelevant but reflects its limited incremental value among already-fit patients. Counseling should prioritize tumor characteristics and surgical approach. These hypothesis-generating findings warrant prospective multicenter confirmation."
OpenAlex,valvular heart disease,Echo-Cardio Graphical Evaluation of Morphology of Bicuspid Aortic Valve and Associated Cardiac Malformations in Pediatric Patients,Poonam Daila; Nitesh Melana; Vikash Payal; Sandeep Choudhary; Jai Prakash Soni,10.32553/ijmbs.v10i8.3389,2026-09-15,International Journal of Medical and Biomedical Studies,"Introduction: Bicuspid aortic valve (BAV) occurs both as an isolated cardiac lesion and in association with congenital heart defects (CHD). Their aim was to identify the incidence and morphology of BAV in patients with coexisting CHD and complications compare to patients with isolated BAV. Methodology: The echocardiography data base was retrospectively analyzed to identify pediatric and young adult patients (birth to 18 years) who were diagnosed with BAV from 2017 to 2019. The morphology of BAV was determined from the echocardiographic studies before any intervention. Results: Overall, 102 patients with BAV were identi?ed, 48 (47.1%) with isolated BAV and 54 (52.9%) with BAV and coexisting CHD. The incidence of BAV was highest in patients with Ventricular septal defect (29.41%) and patent ductus aorta (22.54%). Most common type of BAV observed was type 1c (N-L; 33.3%) followed by type 1a (L-R; 30.4%). Difference in type of BAV among isolated BAV and BAV with CHD was found to be statistically significant. (p<0.01). In comparison to patients with isolated BAV, patients with BAV and left-sided heart lesions more frequently had noncoronary-left coronary cusp fusion (P=0.404). BAV in patients with right-sided heart lesions was rare, but they more frequently had noncoronary-left fusion (P<.001). Left sided heart lesions, right sided lesions and Shunt lesions VSD, PDA &ASD were frequently associated with type 1c BAV. Complications were also observed most common AS followed by AR. Conclusions: The BAV can occur as isolated form and also in association with congenital heart diseases most commonly with VSD and PDA. We found most frequently type1 BAV in which most common was type1c (N-L) followed by type1a(R-L). The incidence and morphology of cusp fusion in BAV varies with di?erent coexisting types of CHD. However, in childhood no signi?cant di?erence in valvular dysfunction, aortic dilation was noted in patients with BAV and coexisting CHD compared with patients with isolated BAV. Keywords: Bicuspid aortic valve, congenital heart defects"
OpenAlex,valvular heart disease,Hyperelastic Cardiovascular NN–FE: A Framework for Integrating Nonlinear Finite Element Solvers with Neural Networks for the Hyperelastic Modeling of Cardiac Valve Tissue,Maedeh Makki; Gerhard Holzapfel; Maziar Raissi; Chung‐Hao Lee,10.21203/rs.3.rs-11002082/v1,2026-09-14,Research Square,
OpenAlex,valvular heart disease,Left and Right Atrial Strain Across the Heart Failure Continuum: Multifaceted Markers of Subclinical Mechanical Dysfunction and Haemodynamic Burden,Christos Mantzios; Marino Basha; Sotiria Iliopoulou; Eleftheria Baltagianni; Amalia Baroutidou; Dimitrios Tavoularis; Vasileios Anastasiou; Matthaios Didagelos; Antonios Ziakas; Vasileios Kamperidis,10.3390/diagnostics16182965,2026-09-14,Diagnostics,"Heart failure (HF) is increasingly recognized as a progressive syndrome that begins long before patients develop clinical signs or symptoms, during which conventional echocardiographic parameters may fail to detect early myocardial impairment. Atrial strain imaging by speckle-tracking echocardiography has emerged as a sensitive, non-invasive tool capable of identifying subtle functional abnormalities before symptoms or structural remodeling occur. Impaired left atrial (LA) reservoir strain (LASr) serves as a sensitive marker of left ventricular (LV) diastolic dysfunction with elevated filling pressures, exercise intolerance, and HF with preserved ejection fraction, with incremental diagnostic or prognostic value reported in selected studies. Reduced LA strain is also strongly associated with atrial fibrillation (AF), valvular heart disease progression, adverse outcomes following myocardial infarction, and pulmonary vascular involvement. Although comparatively less studied, right atrial (RA) reservoir strain (RASr) reflects the haemodynamic burden of the right heart, right ventricular–pulmonary arterial coupling, and early subclinical dysfunction in cardiometabolic disease, pulmonary hypertension, and established HF. Similarly, RA strain has demonstrated potential diagnostic and prognostic value across the HF spectrum. This review summarizes contemporary evidence regarding the pathophysiological, diagnostic, and prognostic significance of LASr and RASr in unveiling subclinical dysfunction in HF. Both LA and RA strain may provide complementary information on atrioventricular coupling and may identify functional impairment and increased haemodynamic burden before overt structural remodeling becomes evident. Atrial strain assessment may therefore complement conventional echocardiography in the early detection, phenotypic characterization, and risk stratification of patients across different stages of HF."
OpenAlex,valvular heart disease,Case Report: Perioperative management of ovarian cancer surgery in suspected trousseau's syndrome with recent ischemic stroke and acute myocardial injury,Jiahui Si; Yuxiu Zhang; Jiejin Yang; Dongxin Wang; Ting Ding; Qiongfang Wu,10.3389/fmed.2026.1882939,2026-09-14,Frontiers in Medicine,"Purpose To describe the perioperative management for ovarian cancer surgery in a patient with suspected Trousseau's syndrome complicated by recent ischemic stroke and acute myocardial injury. Case presentation A 43-year-old woman with ovarian cancer developed recurrent cerebral infarctions and acute myocardial injury with dynamic ECG changes during anticoagulation. After multidisciplinary assessment of the competing risks of further surgical delay and intervention, definitive tumor surgery was undertaken under general anesthesia. Postoperatively, delayed emergence and marked troponin elevation occurred without clinically evident new neurological deficit or cardiac, symptomatic cardiac dysfunction, or ongoing cardiovascular instability. Conclusion This case illustrates individualized perioperative management in a patient with malignancy-associated hypercoagulability, emphasizing multidisciplinary decision-making, diagnostic restraint, and tailored perioperative care."
OpenAlex,valvular heart disease,Prognostic value of the atherogenic index of plasma combined with lactate-to-albumin ratio for in-hospital mortality in patients with acute myocardial infarction complicated by cardiogenic shock,Yinsheng Jin; Kai Yang; Lingling Yao,10.3389/fcvm.2026.1816471,2026-09-14,Frontiers in Cardiovascular Medicine,"Background Acute myocardial infarction complicated by cardiogenic shock (AMICS) carries high in-hospital mortality. We evaluated the combined prognostic value of the Atherogenic Index of Plasma (AIP), reflecting lipid metabolism, and the Lactate-to-Albumin Ratio (LAR), reflecting tissue hypoperfusion and inflammation, in AMICS. Methods This retrospective cohort included 207 consecutive patients with AMICS between January 2023 and January 2025, classified as survivors ( n = 174) or non-survivors ( n = 33). Admission clinical, laboratory, echocardiographic, and treatment variables were collected. Least Absolute Shrinkage and Selection Operator (LASSO) regression selected candidate predictors; multivariable logistic regression identified independent predictors and generated a nomogram. Performance was assessed using the area under the receiver operating characteristic curve (AUC), calibration metrics, bootstrap internal validation, and decision curve analysis. Results Non-survivors had higher AIP (0.33 ± 0.23 vs. 0.06 ± 0.30) and LAR than survivors ( P < 0.05). LASSO identified six candidate predictors. Mechanical ventilation (OR = 10.10, 95% CI: 3.09–33.09, P < 0.001), LVEF <40% (OR = 3.49, 95% CI: 1.23–9.90, P = 0.019), AIP (OR = 4.30 per SD increase, P < 0.001), and LAR (OR = 1.88 per SD increase, P = 0.005) were independently associated with in-hospital mortality. The combined model showed good-to-excellent internal discrimination (AUC = 0.909, bootstrap 95% CI: 0.853–0.957), exceeding AIP (AUC = 0.777) or LAR (AUC = 0.735) alone. Calibration was acceptable (Hosmer–Lemeshow P = 0.853; Brier score = 0.077, bootstrap 95% CI: 0.052–0.103). The model underwent internal validation only and should be considered hypothesis-generating pending external validation. Conclusion AIP and LAR were independently associated with in-hospital mortality and may reflect complementary lipid-metabolic and hypoperfusion-inflammatory pathways. The nomogram combines these biomarkers with hemodynamic and respiratory severity parameters and may support early risk stratification, but requires external multicenter validation before routine clinical use."
OpenAlex,valvular heart disease,Association Between Left Atrial Volume Index (LAVI) and Glycemic Control (HbA1c) in Patients With Atrial Fibrillation and Type 2 Diabetes Mellitus,Marvelous O Popoola; Muhammad Abbas Shahid; Faiq Aftab; Muhammed Osikhena Oseni; Sheriff Adedolapo Solarin; Ayesha Ghazal Jamali; Doris Agbaragu; Eemaz Nathaniel; Basmala Moheieldeen Farouk Ismail; Abdul Hannan,10.7759/cureus.116179,2026-09-13,Cureus,"Background: Glycemic control and left atrial remodeling in patients with concomitant type 2 diabetes mellitus (T2DM) and atrial fibrillation (AF) remain unclear.In this study, we examined the association between glycated hemoglobin (HbA1c) and left atrial volume index (LAVI) in this high-risk population.Methods: A total of 700 patients with AF and T2DM were included in this retrospective study.We used medical records to obtain HbA1c and echocardiographic parameters.We assessed LAVI as a continuous variable and as a binary variable (enlarged LAVI > 34 mL/m²).We used Spearman correlation, multivariable linear regression, and binary logistic regression to examine the relationship between HbA1c and LAVI.Results: There was a significant association between higher HbA1c and greater LAVI (Spearman's ρ = 0.287, p < 0.001).After multivariable adjustment, each 1% increase in HbA1c was associated with a 1.678 mL/m² increase in LAVI.Higher HbA1c was independently associated with increased odds of enlarged LAVI (adjusted odds ratio (OR) = 1.701, 95% confidence interval (CI): 1.391-2.081,p < 0.001).Hypertension, heart failure, and chronic kidney disease were also independently associated with enlarged LAVI.Conclusion: In patients with concurrent AF and T2DM, higher HbA1c was independently associated with larger LAVI and higher odds of left atrial enlargement (LAE).Future prospective studies are warranted to determine whether improved glycemic control can influence atrial remodeling."
OpenAlex,valvular heart disease,"Quality of life, caregiver burden, and clinical correlates in Kabuki syndrome: a cross-sectional observational study",Snir Boniel; Marta Zalewska; Robert Śmigiel; Maria Krajewska; Anna Majcher; Rafał Płoski; Krystyna Szymańska; Krzysztof Szczałuba,10.1038/s41598-026-71332-5,2026-09-13,Scientific Reports,"Kabuki syndrome (KS) is a rare multisystem neurodevelopmental disorder caused by pathogenic variants in KMT2D or KDM6A . We examine quality of life (QoL), its correlates, patterns of rehabilitation utilization, patient functioning, and caregiver burden in a Polish patient group. We recruited 45 individuals with KS between 2020 and 2023. Caregivers completed a 100-item QoL questionnaire. Participants underwent multidisciplinary clinical evaluations and a 2-year follow-up. Therapies, nutritional care, and recombinant growth hormone treatment were analyzed. Data were evaluated using descriptive statistics, non-parametric correlation analyses, and subgroup comparisons. Neurodevelopmental manifestations were prevalent (cognitive impairment: 91%; persistent global hypotonia: 84%). Cognitive fatigue was the primary fatigue domain and did not correlate with physical comorbidity severity (e.g., congenital heart defects, endocrine dysfunction). Caregiver burden peaked in early childhood but correlated inversely with patient age, suggesting longitudinal family adaptation. Pairwise therapy correlations reflected care-seeking behaviors rather than biological phenotypes. Quality of life and family burden in Kabuki syndrome are primarily driven by neurodevelopmental and cognitive fatigue factors rather than isolated organic comorbidities. Interventions should prioritize early psychological and educational management for patients accompanied by front-loaded family respite care."
OpenAlex,valvular heart disease,Bicuspid Aortic Valve Disease-Associated Aortopathy in Pediatric Subjects—From Traditional Assessment to Current Advances and Future Perspectives: A Narrative Review,Oana Iulia Man; Lucia Agoşton-Coldea; Cecilia Lazea,10.3390/medsci14050567,2026-09-13,Medical Sciences,"Background: Bicuspid aortic valve disease (BAVD) is the most frequent congenital heart disease, occurring either as an isolated lesion or in association with other congenital cardiovascular malformations, with variable patterns of progression and risk of valvular and vascular complications. Studies addressing pediatric bicuspid aortopathy are still in their infancy. This narrative review aims to provide a comprehensive perspective on the current scientific evidence regarding BAVD-associated aortopathy in pediatric patients, underscoring multiple challenges in initial diagnosis, long-term surveillance, and therapeutic decision-making, and focusing on the potential roles of circulating biomarkers and advanced multimodal imaging tools that may improve individualized risk stratification. Methods: Despite the narrative design of this review, a structured search of the current available literature was performed to identify studies addressing pediatric BAV, associated aortopathy, biomarkers, vascular remodeling, and multimodal imaging. Priority was given to pediatric cohorts, longitudinal studies, consensus documents, and contemporary guidelines. The search was conducted in the online databases PubMed/Medline and Web of Science for English-language original articles published in the last 10 years, up to May 2026. We used the following main terms: “Bicuspid Aortic Valve Disease” [MeSH], “Aorta” [MeSH], “Infant” [MeSH], “Child” [MeSH], “Adolescent” [MeSH], combined by Boolean operators with secondary keywords: “pathogenesis”, “mechanism”, “progression”, “multimodal imaging”, “echocardiography”, “cardiovascular magnetic resonance imaging”, “computed tomography”, “circulating biomarkers”. The retrieved studies were screened for eligibility using previously established inclusion and exclusion criteria. A total of 63 studies were included in the analysis for this narrative review. Results: Two main theories underpin the etiopathogenesis of aortopathy associated with the bicuspid aortic valve, positing that genetic factors predispose the aortic wall to remodeling in an abnormal hemodynamic environment. Embryological development and dysregulation of molecular and cellular structures are also intertwined during the formation and progression of the aortic valve with two semilunar cusps, resulting in consequent alterations in the aortic wall’s architectural organization. Advances in molecular studies have highlighted circulating biomarkers with potential utility in predicting aortopathy, as they are involved in extracellular matrix remodeling, endothelial dysfunction, and aortic valve calcification, including matrix metalloproteinases (MMPs) and their tissue inhibitors (TIMPs), transforming growth factor-β (TGF-β), and microRNAs. In addition, multimodal imaging techniques have emerged as essential tools for assessing the morphology and function of cardiovascular structures, particularly aortic biomechanical properties and hemodynamic abnormalities, at the time of initial diagnosis and during regular monitoring. Taken together, blood biomarkers and imaging parameters of aortic remodeling and flow disturbances might gain increasing prognostic value in pediatric BAVD-associated aortopathy. However, larger longitudinal studies are required for clinical validation beyond research settings. Although guidelines on the management of BAVD are available for adults, they are not entirely applicable to children, who are undergoing continuous somatic growth that affects diagnostic possibilities and therapeutic options. Conclusions: Despite growing literature in the realm of BAVD and related conditions, the management of pediatric patients remains challenging in daily clinical practice, as adult guidelines cannot be completely applied to children. Given the heterogeneity and complexity of pathogenic mechanisms, clinical presentations, natural history, and outcomes, future research is warranted to explore the progression profiles of valvular and vascular disorders associated with BAV in children and to achieve an optimal approach to pediatric bicuspid aortopathy."
OpenAlex,valvular heart disease,Real-world treatment patterns and healthcare utilization following omalizumab initiation in chronic spontaneous urticaria: a nationwide Brazilian cohort study,José Arnaldo Shiomi da Cruz; Breno Cordeiro Porto; Janniele Carla Malaquias de Lima; Tamara Goldenstein Schainberg; Luiz Rodolfo Egydio de Cerqueira Cesar; Carlos Augusto Lima de Campos; Victor Hugo Ovani Marchetti; Rodrigo Afonso da Silva Sardenberg,10.1007/s00210-026-05893-7,2026-09-12,Naunyn-Schmiedeberg s Archives of Pharmacology,"Chronic spontaneous urticaria (CSU) is a relapsing inflammatory skin disease associated with substantial symptom burden and repeated healthcare use. Omalizumab is recommended for patients whose disease remains uncontrolled despite second-generation H1-antihistamines, yet large-scale data describing its use in routine care remain limited, particularly in Latin America. The objective of this study is to characterize patients initiating omalizumab for CSU in a large Brazilian healthcare system and examine treatment patterns, healthcare utilization, and concomitant medication use before and after treatment initiation. We conducted a population-based retrospective cohort study using the institutional data lake of a nationwide integrated healthcare organization covering more than 8.9 million beneficiaries. Patients with CSU initiating omalizumab between January 2020 and December 2025 were identified from administrative authorization records linked to clinical and healthcare utilization data. The index date was the first administrative authorization for omalizumab. The primary longitudinal analysis compared healthcare utilization during the 12 months before and after the index date. Omalizumab dosing patterns, treatment exposure, concomitant medication use, and changes in healthcare utilization were assessed. Negative binomial regression was used in sensitivity analyses to estimate incidence rate ratios. The cohort included 492 patients; the mean age was 41.3 ± 13.5 years and 394 (80.1%) were women. Among 472 patients with available dosing information, 4614 omalizumab administrations were recorded, with doses ranging from 150 to 600 mg and a median of nine treatment cycles per patient. In the 12-month paired analysis (n = 429), mean outpatient visits increased from 5.10 to 10.31 per patient after treatment initiation (p < 0.001; IRR, 2.021; p < 0.001). Emergency department use did not change significantly (2.71 vs 2.45 visits per patient; p = 0.291; IRR, 0.907; p = 0.191), nor did hospitalizations (0.07 vs 0.08 per patient; p = 0.816; IRR, 1.065; p = 0.797). Recorded concomitant prescriptions declined from 541 in the pre-index period to 193 in the post-index period. Among patients evaluable for the guideline-concordance analysis, 95.1% were not receiving chronic treatment classified as non-recommended by the study definition. In this nationwide cohort from a Brazilian integrated healthcare system, omalizumab initiation coincided with a change in the pattern of recorded healthcare use for CSU: outpatient contacts increased substantially, whereas emergency department visits and hospitalizations remained statistically stable, and recorded concomitant prescribing declined. Because the study was observational and relied on administrative data without validated measures of disease activity or a concurrent comparator group, these findings describe patterns of care within this healthcare system rather than the clinical effectiveness of omalizumab or its causal impact on healthcare utilization, and extrapolation beyond the Brazilian supplementary healthcare setting studied here should be made with caution."
OpenAlex,valvular heart disease,Evaluating the hemodynamic impact of different aortic valve treatments via two-way FSI,Zhaomiao Liu; Xinyi Zhou; Yi Shi; Yan Pang,10.1007/s10409-026-51135-x,2026-09-12,Acta Mechanica Sinica,
OpenAlex,valvular heart disease,"Recent advances in anticoagulant-related nephropathy: risk factors, peribiopsy and therapeutic anticoagulation",Yiwen Chen; Hao Yan; JingJing Wu; Huixia Liu; Yujuan Li; Ye Yao; Chun Zhang; Jing Xiong,10.1093/ckj/sfag325,2026-09-12,Clinical Kidney Journal,"Abstract The concept of anticoagulant-related nephropathy (ARN), first proposed in 2009, manifests as acute kidney injury or the rapid deterioration of chronic kidney disease secondary to anticoagulant therapy. Large numbers of tubular RBCs and/or tubular RBC casts and ATN, without active glomerulonephritis are the main pathological features. The history of anticoagulant drug use and pathological manifestations are the most important characteristics that distinguish it from other renal injuries. ARN is considered rare, with just over 100 cases documented globally, yet its incidence may be underestimated due to limited awareness. This article reviews the epidemiology, risk factors, etiology and pathogenesis, diagnosis and treatment of ARN. New advances in recent years are highlighted, including the relationship between ARN and other kidney diseases, the characteristics of non-vitamin K oral anticoagulants and their effects on renal function, and the complexities of peri-biopsy and therapeutic anticoagulation. To address the critical peri-biopsy management impasse, we evaluated anticoagulation strategies from published case reports. Integrating these empirical insights with established perioperative antithrombotic principles, we propose a synthesized strategy for ARN management during the peri-biopsy and treatment phases, accompanied by a diagnostic flowchart. Given the current reliance on case-level evidence, this review does not intend to issue definitive clinical guidelines. Rather, it aims to build a comprehensive cognitive framework and a structured consideration system, facilitating nuanced assessments to ultimately improve patient outcomes in this challenging clinical domain."
OpenAlex,valvular heart disease,Pacemaker Syndrome Presenting as Acute Decompensated Heart Failure After an ERI-Associated Mode Change: A Case Report,Jana Sleiman; Sajida Hammoudi; Maurice Khoury,10.64874/crcscj.v2i2.2026.029,2026-09-12,Case Reports and Case Series in Cardiology Journal,"Background: Pacemaker syndrome is a recognized complication of atrioventricular (AV) dyssynchrony and may occur in patients with dual-chamber pacemakers following automatic mode changes associated with battery depletion. Case Presentation: A 75-year-old woman with a dual-chamber pacemaker implanted for carotid sinus hypersensitivity presented with acute decompensated heart failure, acute kidney injury, and newly developed massive tricuspid regurgitation. Device interrogation revealed that the pacemaker had reached recommended replacement time (RRT), corresponding to the elective replacement indicator (ERI) state, resulting in automatic transition to ventricular-only pacing with loss of AV synchrony. Following generator replacement and restoration of dual-chamber pacing, the patient experienced rapid improvement in symptoms, renal function, and tricuspid regurgitation severity. Discussion: This case demonstrates that ERI-associated loss of AV synchrony can precipitate acute heart failure, cardiorenal dysfunction, and reversible functional tricuspid regurgitation despite preserved ventricular systolic function. It underscores the importance of considering pacemaker syndrome in patients with implanted devices who present with otherwise unexplained clinical deterioration and highlights the value of prompt device interrogation. Conclusion: Early recognition of ERI-associated pacemaker syndrome and timely generator replacement can restore AV synchrony and lead to rapid reversal of hemodynamic compromise and clinical recovery."
OpenAlex,valvular heart disease,A Reassessment of Prophylactic Antibiotics in Low‐Infection‐Risk Electrophysiology Procedures,Rahel M. Sileshi; Katherine Mathes; Sathya Kosuri; Amulya Gupta; Neil Phillips; Rhea Pimentel; Martin Emert; Siva Soma; Rigoberto Ramirez; Raghuveer Dendi; Madhu Reddy; Seth H. Sheldon; Wissam El Atrouni; Larry M. Baddour; Amit Noheria,10.1111/pace.70427,2026-09-12,Pacing and Clinical Electrophysiology,"Certain electrophysiology (EP) procedures are associated with minimal tissue disruption and do not involve permanent transvenous leads. As a result, these interventions carry a lower risk of device- or procedure-related infection. These procedures include placement of implantable cardiac monitors, leadless pacemakers, and left atrial appendage occlusion devices, as well as catheter ablation procedures in patients with preexisting cardiac implantable electronic device or prosthetic valve. Due to lack of clear guidelines regarding the use of prophylactic antibiotics in these procedures, clinical practice is variable. Therefore, we conducted a review of literature to evaluate the practice of prophylactic antibiotic administration and infection rates in low-infection-risk EP procedures. Available data indicate that periprocedural infection rates are low regardless of antibiotic use. Due to their observational design and limited power, existing studies are, however, insufficient to determine the benefit of routine antibiotic administration. At the same time, unnecessary antibiotic use may contribute to antimicrobial resistance and disrupt the patient's gut microbiome. Adequately powered randomized controlled trials are needed to determine whether routine prophylactic antibiotic administration is justified for low-infection-risk EP procedures."
OpenAlex,deep learning,Antecedents and consequences of Green-tech FDI in emerging markets,Zhuoran Liu,10.17638/03195308,2031-01-01,University of Liverpool,"As environmental pressures intensify, attracting sustainable foreign direct investment (FDI), particularly green-tech FDI, has become a critical pathway for emerging markets to achieve environmental sustainability. However, existing research remains fragmented, offering limited insights into why green-tech FDI enters emerging markets and how it affects regional green innovation. This thesis addresses these gaps by systematically examining both the antecedents and consequences of green-tech FDI through three empirical studies using regional data from China. Study 1 and Study 2 focus on the antecedents of green-tech FDI. Study 1 examines how host-country conditions can attract green-tech FDI, highlighting the role of environmental management information disclosure (EMID) by domestic firms in reducing information gaps and strengthening green market–seeking motives. Study 2 shifts attention to the active decision-making of green-tech FDI, showing that under uncertainty, green-tech foreign investors engage in identity-based bandwagon learning by imitating peers with similar green identities, thereby mitigating investment risks. Study 3 turns to the consequences of green-tech FDI. It demonstrates that, due to the technological complexity of green innovation and limited absorptive capacity in emerging markets, green-tech FDI may generate crowding-out effects rather than purely positive spillovers. Adopting a network perspective, the study further finds that universities play a key moderating role: through broad linkages and deep collaborations, they help mitigate negative spillovers and facilitate the diffusion of green technologies. Together, the three studies advance the literature on sustainable FDI by differentiating green-tech FDI from general FDI and identifying the specific mechanisms that shape its entry decisions and local innovation outcomes. Practically, the findings provide guidance for emerging-market governments and firms on how to attract and manage sustainable investment, balance growth with environmental objectives, and strengthen local innovation ecosystems."
OpenAlex,deep learning,Combating Data and Target Shifts in Visual Tasks,Zhaorui Tan,10.17638/03194353,2031-01-01,University of Liverpool,"The rapid advancement of deep learning models for visual tasks has led to significant progress in many domains. However, a key challenge remains: ensuring that models can generalize effectively to unseen samples or novel classes, especially in real-world scenarios where training data-target pairs are often limited or unavailable, and test data may exhibit shifts in both data and targets. This thesis addresses the problem of shifts across data and targets, proposing novel methods to improve model generalization and transferability in complex settings. The thesis identifies the different shift scenarios for visual tasks and presents their problem forms. The research first relaxes the static target distribution assumption in Multi-Domain Generalization (mDG) tasks, introducing the General Multi-Domain Generalization (GMDG) objective to improve generalization under varying data shifts. Specifically, Extensive experiments validate that GMDG is feasible for classification, segmentation, and regression tasks. Further considering extreme target distribution shifts where even unknown novel classes emerge, the study also explores logical regularization techniques for tasks such as Generalized Category Discovery (GCD), mDG+GCD, and Class Incremental Learning (CIL), proposing a sample-based logical regularization term (L-Reg) to enhance data-, target-, and all-shift generalization. Additionally, a partial logic framework is introduced to address challenges in CIL, enabling models to retain room for unknown classes during training. This is further extended by the Partial-Logic Regularization (PL-Reg), which improves generalization across GCD, mDG+GCD, and transferability for CIL tasks. Furthermore, the thesis proposes a novel Semantic-aware Data Augmentation (SADA) framework for cross-modality generalization in text-to-image synthesis (T2Isyn), text-image retrieval (TIR), and image-text retrieval (ITR) tasks. This framework ensures semantic preservation across text and image modalities, improving both semantic consistency and image quality in cross-modality tasks. The methods proposed in this thesis offer significant advancements in visual generalization and transfer scenarios, providing theoretical insights and practical solutions for handling data shifts, target shifts, and multi-modalities in complex scenarios. Extensive experiments validate the effectiveness of the proposed methods, demonstrating their superior performance across a range of tasks."
OpenAlex,deep learning,"Depth of Processing, learner aptitude, and the acquisition of L2 English grammatical structures",Shweta Nigam,10.48683/1926.00128861,2031-01-01,CentAUR (University of Reading),"Depth of Processing (DoP) is central to several models of instructed second language acquisition (ISLA) (Leow, 2015). While DoP has been extensively examined in vocabulary learning (e.g., Laufer & Hulstijn, 2001), its role in the acquisition of grammatical structures, particularly through oral and audio-visual modalities remains comparatively underexplored. Drawing on the Levels of Processing framework (Craik & Lockhart, 1972), this study investigated whether task-induced processing depth influences the acquisition of third conditionals and comparatives, and whether language aptitude (LLAMA B, D, F) predicts learning gains. Using a pretest–posttest design, four intact classes involving 108 Grade 8 EFL learners in India were assigned to one of the three experimental conditions differing in level and type of processing: Low DoP, High DoP Explicit, and High DoP Implicit. The treatment task required the participants to listen to an audio-visual story containing the target structures (third conditionals and comparatives) and complete analytic tasks (varying in different groups) before listening to the story for a second time. The oral performance of the participants was analysed for accuracy, and frequency of use of the target structures. A grammaticality judgement test (GJT) and an elicited imitation task (EIT) were used to assess the participants’ gains in the knowledge of the target structures. In addition, language aptitude (LLAMA B, D, F) was measured and modelled as a predictor of gain scores. Results showed a significant effect of processing condition on GJT performance with the High DoP Implicit group outperforming the High DoP Explicit group on total scores and comparatives. In contrast, ANCOVA analyses indicated no significant group differences on EIT outcomes once pretest performance was controlled, with pretest scores strongly predicting posttest performance. In oral production, processing effects were structure-specific: the Low DoP group showed greater accuracy gains for comparatives, while both High DoP groups revealed increased frequency of use of third conditionals. However, across all four measures, multiple regression analyses indicated that LLAMA B, D, and F did not significantly predict gain scores. Overall, the findings support a processing-by-structure pattern: deeper processing benefits were most evident for the more salient structure (comparatives) on an explicit, written measure, whereas complex, low-salience forms (third conditionals) showed limited accuracy change but increased frequency of use under deeper processing."
OpenAlex,deep learning,Deep learning design of programmed enhancer pairs,Salil Garg; Blake M Torres; Joanna Wypasek,10.5281/zenodo.19463376,2030-04-08,Zenodo (CERN European Organization for Nuclear Research),
OpenAlex,deep learning,Deep learning design of programmed enhancer pairs,Salil Garg; Blake M Torres; Joanna Wypasek,10.5281/zenodo.19463375,2030-04-08,Zenodo (CERN European Organization for Nuclear Research),
OpenAlex,deep learning,Deep learning design of programmed enhancer pairs,Salil Garg; Blake M Torres; Joanna Wypasek,10.5281/zenodo.19477875,2030-04-08,Zenodo (CERN European Organization for Nuclear Research),
OpenAlex,deep learning,Data Augmentation Application in Deep Learning Drug Discovery by Utilizing Relationships Between Biological and Medical Entities,Tianjun Wang,10.17638/03195452,2029-01-01,University of Liverpool,
OpenAlex,deep learning,A UAV-Based Framework for Community-Scale Residential Building Energy Modelling in China,Mengfan Jin,10.17638/03195460,2029-01-01,University of Liverpool,"With increasing emphasis on energy efficiency and carbon emission reduction in the building sector, rapid and scalable energy modelling of existing buildings is critical for retrofit projects and policy development. Conventional surveys, data collection and energy modelling processes remain labour-intensive and impractical for large-scale applications, and energy modelling often dominates project time and cost. Unmanned Aerial Vehicles (UAVs) equipped with high-resolution and infrared cameras now offer fast and safe exterior surveys, showing great potential in building energy assessments. Yet, a systematic framework for UAV integration, from image capture through processing to inputs for building energy simulation, has not been established. This research addresses these challenges by developing a structured framework for community-scale building energy modelling, which integrates UAV photogrammetry to accelerate data acquisition, reduce labour, and shorten energy modelling time for retrofit projects. The framework is designed to minimise prior data requirements while maximising automation and retaining sufficient accuracy and reliability. It also addressed systemic issues, such as the lack of data necessary to fully exploit the potential of available technologies in the context of this study. To achieve this research objective, a mixed-methodology approach, combining desk studies and fieldwork, was adopted. First, a comprehensive review of UAV-based building energy studies mapped the current applications and available tools, proposing a preliminary framework. Fieldwork then encompassed a pilot study and a detailed case study. In the pilot test, a single building was surveyed to identify an optimal toolchain for flight planning, image capture, photogrammetric reconstruction, model generation, and selection of a simulation platform. The resulting refined framework was applied to a case study of a 39-building community, and it was demonstrated that further automation was necessary. The potential for automation was then further explored. Geomatic algorithms, machine learning, and deep learning techniques were compared, and the combination that best balanced accuracy and processing time was selected for 3D model generation and window-to-wall ratio (WWR) extraction. In parallel, an archetype library of residential buildings in the Hot Summer Cold Winter (HSCW) zone in China was compiled to facilitate the assignment of thermal parameters. Finally, a reusable community-scale building energy modelling (CBEM) workflow was assembled in Grasshopper using Ladybug Tools components to process the aforementioned inputs. In conclusion, this study integrates UAV photogrammetry, GIS-based geomatic algorithms, machine learning, and graphical programming to develop an UAV-CBEM framework. The outcomes establish a foundation for scalable UAV-based building energy assessments, enhancing applicability in data-limited and large-scale settings worldwide."
OpenAlex,deep learning,Spectral Materialism: Encounters with land-time-scapes,Sam Nightingale,10.25602/gold.00040593,2029-01-01,Goldsmiths (University of London),"This transdisciplinary, practice-based PhD introduces spectral materialism through art-based research encounters with ecologically and historically stratified land-time-scapes shaped by hypersalinity and colonial terraforming. Centred in the semi-arid Mallee (southeastern Australia) and read through echoes with California’s Imperial Valley, the project examines how spectral time—the co-presence and haunting of other temporalities—manifests in the material conditions of salt, soil, water, plants, and infrastructures. It asks how learning from geological, First Nations, colonial, and ecological pasts can orient responsibilities in unsettled futures. Treating the present as a crisis of time as much as a crisis of matter, the thesis critiques linear-progressive temporalities bound to Western modernity and extractive regimes. In response, spectral materialism is developed as both a conceptual framework and a critical creative methodology. Through alchemical media experiments with salt crystals, hypersaline soils, and halophytes, photography is reconfigured as a site-responsive, process-oriented practice. Salt is engaged as a material agent and ‘time-crystal’ whose phase shifts—dissolution, saturation, precipitation, crystallisation, evaporation—form a meta-chemistry that refracts deep-marine pasts, settler-colonial irrigation infrastructures, and contemporary dust into processual renderings of time. Methodologically, the project advances attunement as a mode of sensing and responsiveness to forces that are not always immediately perceptible yet are materially active. Field notes appear as para-writing, interrupting linear narration so that heterogeneous times co-present themselves within the text. The thesis is guided by First Nations temporalities—time as relational and in place—while remaining accountable to ethical limits and protocols. The contribution is twofold: a theoretical articulation of spectral materialism as a way to think time otherwise, and a set of site-responsive methods for engaging elemental media in saline environments. Together, they generate materially grounded accounts of spectral presences and open alternative pathways for knowing, sensing, and relating within land-time-scapes marked by enduring colonial and ecological afterlives amid planetary change."
OpenAlex,deep learning,DEVELOPMENT AND COMMERCIALIZATION OF COMPUTATIONAL METHODS TO ACCELERATE DERMATOLOGICAL DISCOVERY,Jasson Makkar,10.7273/000008421,2028-02-26,Washington State University,"The skin is the largest and outermost organ that surrounds the human body and provides a physical barrier that protects the more delicate internal tissues from the harsh surrounding environment. Over the course of evolution, specialized structures have also arisen in the skin, including sweat and sebaceous glands, nails and claws, and hair follicles. The hair follicle is a multi-lineage mini-organ that is a critical component in defining mammalian species. The gain of function derived from hair and fur benefited these species for millennia due to its insulative and protective properties, mechanosensing function, and ability to serve as camouflage. Current approaches to assess these fibers are generally non-quantitative or are low throughput due to technical limitations of ‘splitting hairs’. We developed a novel deep learning-based computer vision approach for the high throughput quantification of individual hair fibers at a high resolution. Our innovative computer vision tool can distinguish and extract overlapping fibers for quantification of multivariate features including length, width, and color to generate single-hair phenomes (shPhenome) of diverse conditions across the lifespan of mice. Using our tool, we explored the effects of hormone signaling, genetic modifications, and aging on hair follicle output. These analyses revealed novel hair phenotypes as a result of endocrinological, developmental, and aging-related alterations in the fur coats of mice. This tool was then adapted to capture more nuanced hair phenotypes, such as curvature, in a variety of mouse models harboring genetic perturbations. Commercialization of the deep hair phenomics technology presented a unique opportunity to pursue research translation, transforming fundamental biological research into marketable products. Much like the traditional academic route, the path to commercialization requires consistent and continuous iteration, testing of hypotheses, and allowing data to influence and lead subsequent actions. However, as opposed to the pursuit of knowledge, translating research into market-ready solutions requires a focus on consumer needs and the identification of market opportunities. Additionally, the shift in incentive structure requires commercial ventures to prioritize intellectual property protection, alter capital and resource allocation, and seek alternative fundraising sources. The entrepreneurial foundation built through this process culminated in the filing of a provisional patent and establishment of a startup company, kerat Inc. This journey illuminated the multifaceted challenges inherent in closing the gap between academic innovation and commercially viable goods, requiring simultaneous advancement of technical capabilities, adaptation to market dynamics, and fabrication of business infrastructure. Overall, the culmination of work presented in this dissertation sheds light on the importance of quantitatively assessing hair fiber properties to capture the biological phenomena that underlie this fundamental feature of mammalian skin. These findings also highlight the capabilities of this methodology for identifying perturbations in normal growth, potentially indicative of disease or dysfunction. Lastly, this showcased the potential of this technology’s commercial use cases in both the cosmetics and diagnostics industries."
OpenAlex,deep learning,Deep q-learning aided k-means clustering protocol for optimizing network lifetime in wireless sensor networks,Flynn Dowey,10.14288/1.0451106,2028-01-01,Open Collections,"The full abstract for this thesis is available in the body of the thesis, and will be available when the embargo expires."
OpenAlex,deep learning,Deep learning image analysis of donor red blood cells to predict deformability and transfusion efficacy,Erik S. Lamoureux,10.14288/1.0451932,2028-01-01,cIRcle (University of British Columbia),"The full abstract for this thesis is available in the body of the thesis, and will be available when the embargo expires."
OpenAlex,deep learning,Cost-Grounded Reward Scaling for Deep Reinforcement Learning in Zero-Buffer Flow-Shop Maintenance - DATA,Valentina Popolo; Silvestro Vespoli,10.17632/t73ckh3f7k,2027-07-09,Mendeley Data,
OpenAlex,deep learning,Cost-Grounded Reward Scaling for Deep Reinforcement Learning in Zero-Buffer Flow-Shop Maintenance - DATA,Valentina Popolo; Silvestro Vespoli,10.17632/t73ckh3f7k.1,2027-07-09,Mendeley Data,
OpenAlex,deep learning,"LeafMicroDefect-TR: A Digital Microscope-Based Dataset of Microscopic Leaf Surface Images for Defect Detection, Region-wise Analysis, and Explainable Deep Learning",HIDIR SELCUK NOGAY,10.17632/tvxkgj69kg.1,2027-01-12,Mendeley Data,
OpenAlex,deep learning,"LeafMicroDefect-TR: A Digital Microscope-Based Dataset of Microscopic Leaf Surface Images for Defect Detection, Region-wise Analysis, and Explainable Deep Learning",HIDIR SELCUK NOGAY,10.17632/tvxkgj69kg,2027-01-12,Mendeley Data,
OpenAlex,deep learning,Contested urbanisms: The politics of heritage and housing in Jakarta’s kampungs,"Binte Masron, Irna Nurlina",10.18743/pub.00056687,2027-01-01,"BIROn (Birkbeck, University of London)","Do heritage-making projects resist or advance gentrification in Southeast Asia? Like other Global South cities, contested urbanisms chequer Jakarta’s postcolonial urban landscape. Competing ideas about urban development manifest in various ways of seeing and producing the city, as demonstrated by evictions, revitalisation projects, and informal housing. Increased evictions of urban villages (urban kampungs) between 2013 and 2018 in Jakarta saw growing grassroots heritage movements as part of a spectrum of resistance to top-down urban management by state and private sector actors who also stake their claims on what ‘heritage’ is. These tensions amongst the political projects of various actors led me to ask: how do heritage-making projects of/by urban villages affect housing conditions in Jakarta, with reference to gentrification-led displacement? Using ethnographic methods and thematic analysis, I delve into the constructions of heritage, the impact of heritage-making on housing security for residents, and the broader political impact of heritage-making from above and below in Jakarta’s Kota Tua and two of its kampungs, Luar Batang and Pekojan. I argue that the dominant heritage constructions in Kota Tua demonstrate a top-down logic that emphasises infrastructure and the built environment with strong private sector presence, which impact the kampungs in varied ways. Findings showed that top-down heritage-making demonstrates higher likelihood of driving gentrification through the commodification of space, prioritising capital and material values. Residents and their advocates employ heritage-making from below in various forms to reclaim their place in the city as they face various forms of displacement, with unanticipated consequences. The processes of heritage-making from above and below reveal the connections and disjunctures between different authorities which subaltern actors work through, producing new politics that contest or entrench existing conditions. The findings contribute to the theorising of the politics of gentrification in heritage and urban studies, and a deeper understanding of Jakarta’s Old Town."
OpenAlex,deep learning,From Sparse to Dense: Label-Efficient Weakly Supervised Segmentation for Images and Videos,J. Wang,10.17638/03195330,2027-01-01,University of Liverpool,"Obtaining high-quality annotated data has become a primary bottleneck for training deep learning models, particularly for dense prediction tasks like semantic segmentation and video salient object segmentation. The demand for meticulous, pixel-level labeling makes fully-supervised approaches prohibitively expensive and limits their scalability. This thesis directly confronts this issue by proposing and systematically investigating a label-efficient ""sparse-to-dense'' paradigm. The core objective is to develop innovative frameworks that can learn from sparse, inexpensive weak supervision—such as image-level tags or scribbles—and intelligently propagate this minimal information to generate complete, pixel-accurate dense predictions. The major part of this thesis focuses on the ""sparse-to-dense'' challenge within Weakly Supervised Semantic Segmentation (WSSS) for images, where models learn from only image-level tags. Dominant approaches rely on Class Activation Maps (CAMs) as initial object seeds. However, CAMs inherently activate only the most discriminative object regions, leading to incomplete pseudo-labels. This gives rise to the central problem of activation densification: the critical process of expanding these sparse activations to cover the full extent of an object. Our research addresses this challenge through a progressive, multi-faceted strategy. Our exploration begins with a foundational framework (C3) designed to rectify the intrinsic flaws of initial CAMs. We propose a synergistic mutual calibration method. This method leverages the discrepancies between the two maps to generate local prototypes, which are simultaneously utilized to complete missing object parts and suppress background noise, yielding a significantly more accurate and complete initial seed. This foundational work immediately reveals the limitation of single-prototype instability and its inability to capture diverse features. Building on this foundation, we then develop architecture-specific strategies to address deeper limitations of the prototype-based approach. For Convolutional Neural Networks (CNNs) (C4), the use of a single prototype proves insufficient to capture significant intra-class variation. In response, we introduce an Optimal Transport (OT)-assisted framework that effectively mines multiple, diverse prototypes, thereby yielding more comprehensive activation maps. However, while C4 solves the intra-class diversity problem, the inherent local context constraint of the CNN architecture becomes the new bottleneck, fundamentally limiting the quality of globally-aware feature extraction needed for optimal multi-prototype assignment. This limitation necessitates a shift in architectural focus from CNNs to Vision Transformers. In the ViT architecture (C5), a new challenge arises where the token gap between the discriminative class token and varied patch tokens leads to incomplete activation. To bridge this gap, we leverage a tailored application of Optimal Transport, where the algorithm is tasked with learning a comprehensive proxy to ensure complete object activation. Despite these architectural advances (C3-C5), the overall WSSS performance hit a ceiling. This is fundamentally limited by the sparse supervision of class labels, which cannot provide precise boundary information. To break this ceiling, our WSSS exploration culminates in a universal enhancement strategy (C6) that transcends architecture-specific designs by leveraging Visual Foundation Models (VFMs). We resolve the conflict between the discriminative nature of initial CAMs and the VFM's need for holistic prompts. By modeling the CAM foreground as a graph and employing spectral analysis, our method intelligently selects a diverse set of prompt points that represent the overall structure of the foreground object. This guides the VFM to generate superior, boundary-aware supervision that can universally enhance any WSSS pipeline. Subsequently, the thesis extends the ""sparse-to-dense'' paradigm to the dynamic domain of video, addressing Weakly Supervised Video Salient Object Segmentation (WSVSOS) (C7) from sparse scribble annotations. In this specific context, the challenge evolves into spatio-temporal densification, which requires both full-object coverage within each frame and temporal consistency across the video sequences. To this end, we introduce the core CFMR framework, which utilizes Spatio-Temporal co-regulation. This framework is subsequently enhanced (CFMR+) by integrating the VFM guidance strategy from C6, which provides high-quality spatial priors essential for ensuring both high spatial detail and inter-frame consistency. By enforcing both intra-frame and cross-frame consistency between these two streams, our method effectively propagates the sparse initial signal to generate dense and temporally coherent saliency masks. In conclusion, this thesis presents a comprehensive and cohesive investigation into label-efficient segmentation tasks, offering a suite of innovative and effective strategies for the ""sparse-to-dense'' challenge. Our work establishes a progressive roadmap that systematically overcomes architectural and semantic limitations, culminating in highly robust and generalized densification pipelines. Our extensive experimental results on standard benchmarks validate the state-of-the-art performance of these methods, providing robust solutions to a long-standing problem in the computer vision field."
OpenAlex,deep learning,Unsupervised Deep-learning Methods for Low-dose Computed Tomography Reconstruction,Ran An,10.17638/03194237,2027-01-01,University of Liverpool,"Computed tomography (CT) has become an indispensable imaging technique in medical diagnostics and industrial applications, owing to its non-invasive nature and high resolution in visualizing object internal structures. While X-ray CT (X-ray computed tomography) significantly enhances lesion detection capabilities, excessive exposure to X-ray radiation raises substantial health concerns, including elevated cancer risks and potential genetic damage. Although low-dose CT (LDCT) protocols reduce radiation safety concerns, they inevitably introduce severe noise and artifacts, which might compromise diagnostic accuracy. Recent advances in supervised deep learning approaches have demonstrated remarkable success in LDCT reconstruction. However, the reliance on paired training data severely limits their deployment in practical CT applications. This fundamental constraint highlights the critical importance of developing unsupervised reconstruction methods. Although existing unsupervised LDCT methods have made notable progress, they still face challenges requiring systematic solutions. This thesis makes three contributions to advance the field of unsupervised LDCT reconstruction: 1. Current dual-domain self-supervised LDCT denoising methods typically neglect the heterogeneity of the non-stationary Gaussian noise levels in low-dose sinograms and usually treat them as common images without appropriately controlling the denoising strength. The denoisers employed by them, which are based on classic convolutional neural networks (CNN), will lead to blurring artifacts in the reconstructed images if directly used for sinogram denoising. In addition, the denoising strength in the sinogram and image domains must be well-balanced to avoid introducing over-blurring or secondary artifacts in the reconstructed images, but existing approaches do not focus on this crucial point. To address these limitations, this thesis proposes a novel end-to-end dual-domain self-supervised framework for LDCT denoising. It employs Dropblock layers to adaptively localize the effect of convolution for sinogram denoising and sets a weighted average between the denoised sinograms and their noisy counterparts to better control the denoising strength, thus effectively reducing the blurring artifacts and leading to a well-balanced dual-domain denoising. Numerical experiments demonstrate the effectiveness and superior performance of the proposed method. 2. Existing normalizing flows (NFs)-based unsupervised LDCT reconstruction methods face challenges in both image quality and computational efficiency. On one hand, they typically utilize a two-way transformation strategy between noisy images and latent variables, which could easily lead to detail loss and secondary artifacts in the reconstructed images. On the other hand, training NFs on high-resolution CT images is computationally intensive. Although conditional normalizing flows (CNFs) can mitigate computational costs by learning conditional probabilities, existing approaches rely on labeled data for conditionalization, leaving unsupervised CNFs-based LDCT reconstruction a challenge. To tackle these issues, this thesis proposes a novel unsupervised LDCT iterative reconstruction algorithm based on CNFs. The proposed method employs a strict one-way transformation strategy during the alternating optimization in the dual spaces to prevent detail loss and secondary artifacts, and proposes a novel unsupervised conditionalization strategy for CNFs, thus achieving efficient training and inference on high-resolution images. The proposed method illustrates high-quality and relatively fast unsupervised reconstruction. Experiments across two datasets demonstrate the superior performance of the proposed method by rivaling several state-of-the-art methods. 3. Current diffusion model-based LDCT reconstruction methods solely employ the prior distributions learned from normal-dose CT data but neglect the valuable priors in low-dose data, which contain information about the characteristics of low-dose noise and artifacts. In addition, their reconstruction speed suffers from multiple sampling steps, presenting low efficiency. Breaking new ground in prior utilization, this thesis proposes a novel unsupervised LDCT iterative reconstruction algorithm based on dual denoising diffusion probabilistic models (DDPM), which leverages both normal-dose and low-dose priors. Specifically, the proposed method employs two DDPMs to learn the prior distributions from normal-dose and low-dose images, respectively, and incorporates them into a joint iterative reconstruction framework. To accelerate the reconstruction, partial diffusion sampling and single-pass deterministic reconstruction strategy are utilized in the proposed method, as well as the spaced OS-SART approaches. Experiments at different dose levels demonstrate the outstanding performance and fast speed of the proposed reconstruction algorithm. Through these innovations and contributions, this thesis addresses some significant challenges in current deep-learning-based unsupervised LDCT reconstruction methods, and proposes three novel unsupervised reconstruction algorithms. The proposed methods effectively improve the performance and efficiency of LDCT reconstruction under different unsupervised learning conditions, and provide some new perspectives and inspirations for future research."
OpenAlex,deep learning,An Interpretable State-Conditioned Multi-Criteria Decision-Making Layer for Reward Shaping in Deep Reinforcement Learning: Dynamic TOPSIS Weighting Applied to Disaster Response,Ahmed İhsan Şimşek,10.17632/smbzhvhs3k.1,2027-01-01,Mendeley Data,
