source,keyword,title,authors,doi,publication_date,journal,abstract
PubMed,aortic stenosis,Understanding prosthesis patient mismatch in aortic valve replacement: from pitfalls to clinical impact.,Akihiro Tobe; Patrick W Serruys; Yoshinobu Onuma; Christian Juhl Terkelsen; Mads Jønsson Andersen; Michele Gallazzi; Angela McInerney; Scot Garg; Jose Luis Pomar,10.1007/s12928-026-01331-w,2026-08-07,Cardiovascular intervention and therapeutics,"Almost half a century ago, cardiac surgeons introduced the concept of prosthesis-patient mismatch (PPM), which was defined by indexing the effective orifice area (EOA) to body surface area. Although PPM has demonstrated strong prognostic value following surgical aortic valve replacement (SAVR), its significance in transcatheter aortic valve replacement (TAVR) remains uncertain. In this review, we revisit the concept of PPM and explore the methodological and clinical challenges in its application. Special focus is given to the limitations in interpreting EOA and indexed EOA (EOAi), including flow dependency and imaging variability. We also review the literature evaluating the association between PPM and clinical outcomes after SAVR and TAVR. Finally, we discuss a potential role of alternative metric such as the fitting index."
PubMed,aortic stenosis,Calpain-2 inhibition prevents pressure overload-induced lysosomal cathepsin release and cardiac hypertrophy.,Anna Martí-Boltaina; David Aluja; Sara Delgado-Tomás; Elisabet Miró-Casas; Rafael Rodriguez-Lecoq; Marisol Ruiz-Meana; Antonio Rodriguez-Sinovas; Begoña Benito; Elena Garcia-Trevijano; Elena Gutierrez-Calabres; Michel Baudry; José A Barrabés; Ignacio Ferreira-González; Javier Inserte,10.1016/j.lfs.2026.124614,2026-08-07,Life sciences,"Dysregulated calpains and cathepsins contribute to adverse cardiac remodeling following chronic pathological stress, but their interplay and the specific contributions of the classical calpain isoforms remain undefined. Here, we tested whether calpain-2 initiates a lysosome-cathepsin proteolytic axis that promotes pathological hypertrophy through mTORC1-dependent signaling.
Calpain expression was analyzed in septal myocardium from patients with aortic stenosis and mice subjected to transverse aortic constriction (TAC). Calpain activity was modulated genetically by Capns1 deletion or pharmacologically with the calpain-2 inhibitor NA-184 in TAC mice. Cathepsins were inhibited with balicatib. In vitro, Capn2 was silenced by siRNA in H9c2 cardiomyoblasts stimulated with angiotensin II.
TAC upregulated myocardial calpain-2 expression, which correlated with hypertrophy severity in septal tissue from patients. TAC induced lysosomal membrane permeabilization, evidenced by reduced cathepsin B-lysosome colocalization, and increased cytosolic cathepsin accumulation and activity. Mechanistically, calpain-2 cleaved the lysosomal protein LAMP2, generating a ~ 55 kDa fragment. Both Capns1 deletion and NA-184 preserved LAMP2 and lysosomal integrity, reduced autophagic dysregulation and the activation of the AKT/mTOR signaling, and attenuated cardiac hypertrophy. Capn2 silencing in H9c2 reproduced the effects by reducing LAMP2 proteolysis and hypertrophy. Balicatib produced comparable anti-hypertrophic effects, supporting a sequential calpain-cathepsin signaling cascade. When treatment was extended, NA-184 limited ventricular dilation and attenuated systolic dysfunction (30%, p < 0.001).
These findings identify calpain-2-mediated LAMP2 proteolysis as an upstream trigger linking lysosomal dysfunction to pathological hypertrophy, and highlight selective calpain-2 inhibition as a therapeutic strategy for heart failure treatment."
PubMed,aortic stenosis,Global Longitudinal Strain and Brain Natriuretic Peptide as Prognostic Biomarkers for Asymptomatic Severe Aortic Regurgitation With Preserved Ejection Fraction: Protocol for a Systematic Review and Meta-Analysis.,Myung-Rho Kim; Taha Shaikh; Spencer Taylor; Shawn Wang; Vidhani Goel; Michael DiCaro; Banveet Kaur Khetarpal; Kavita Batra,10.2196/71380,2026-08-07,JMIR research protocols,"Brain natriuretic peptide (BNP) and global longitudinal strain (GLS) are emerging biomarkers used to risk-stratify patients with asymptomatic severe aortic regurgitation (AR) and preserved ejection fraction (EF). Although numerous clinical trials have investigated the efficacy of these biomarkers in patients with aortic stenosis, only a limited number have examined these biomarkers in patients with AR. Therefore, the proposed systematic review and meta-analysis seeks to assess the prognostic value of BNP and/or GLS in patients with severe asymptomatic AR and preserved EF.
This is a protocol for a systematic review and meta-analysis that will aggregate and synthesize high-quality clinical data on the usefulness of BNP and GLS as prognostic indicators for asymptomatic severe AR with preserved EF. By providing a comprehensive review, our study will have a significant impact in determining surgical candidacy in this patient population.
In accordance with the PRISMA-S (Preferred Reporting Items for Systematic reviews and Meta-Analyses literature search extension), which is an extension of the PRISMA (Preferred Reporting Items for Systematic Reviews and Meta-Analyses) statement for reporting literature searches in systematic reviews, a comprehensive search of databases, including PubMed, Cochrane, and Embase, will be performed to retrieve peer-reviewed, English-language, observational, and experimental studies published from inception to November 2024. Studies that investigated patients aged ≥18 years with severe AR and preserved EF will be included. The National Heart, Lung, and Blood Institute tool will be used to assess the quality of the studies.
Search strategy development for this systematic review began in November 2024. A Peer Review of Electronic Search Strategies review of the search strategy with 2 academic librarians occurred in December 2024, and the final search strategy was finalized by the team of investigators in January 2025. Database queries and screening of studies began in January 2025 with title screening, followed by abstract screening in January and February 2025. Full-text screening took place from February to April 2025. Data extraction occurred between April and May 2025. Synthesis and risk of bias assessment occurred between April and May 2026, followed by data analysis between June and July 2026. Manuscript drafting will begin between June 2026 and July 2026, with manuscript writing and data dissemination continuing from May 2026 to August 2026. Findings will be submitted to a peer-reviewed journal by August 2026.
This systematic review will synthesize the existing evidence to determine the prognostic value of BNP and GLS in patients with asymptomatic severe AR and preserved EF, which could inform future clinical guidelines for the management of this population."
PubMed,aortic stenosis,Strategic aortic root enlargement for patients with a small aortic annulus in the era of transcatheter aortic valve-in-surgical aortic valve procedures.,Masataka Yamazaki; Yorihiko Matsumoto; Hirofumi Haida; Naritaka Kimura; Kenichi Hashizume; Hideyuki Shimizu,10.1007/s00595-026-03461-3,2026-08-07,Surgery today,"Transcatheter aortic valve-in-surgical aortic valve (TAV-in-SAV) is central to lifetime aortic stenosis management, making the initial surgery in small annuli increasingly important. In bioprosthetic surgical aortic valve replacement (AVR), surgeons must balance minimally invasive access, avoid prosthesis-patient mismatch, and prepare for future transcatheter reinterventions. We describe a sternum-sparing, minimally invasive AVR program using the Stonehenge technique with a TAV-in-SAV-oriented strategy for annular and root enlargement. Although Y-incision enlargement allows for valve upsizing, the geometry may remain unfavorable without adequate sinotubular junction (STJ) expansion, increasing the risk of sinus sequestration and coronary obstruction despite acceptable virtual valve-to-coronary (VTC) distances. We added STJ enlargement using the roof technique to achieve an en bloc expansion of the annulus, sinuses, STJ, and proximal ascending aorta. CT analyses and simulations showed that prosthesis tilt can shorten the VTC, especially in the right coronary artery (RCA), recreating a high-risk anatomy. STJ enlargement with tilt minimization may improve future TAV-in-SAV feasibility while preserving the surgical AVR benefits."
PubMed,aortic stenosis,Change in the prognostic utility of regional left ventricular longitudinal strain values in patients undergoing transcatheter aortic valve implantation.,Hiroki Usuku; Eiichiro Yamamoto; Mikuri Ryu; Ryudai Higashi; Atsushi Nozuhara; Fumi Oike; Yuichiro Shirahama; Kyoko Hirakawa; Masanobu Ishii; Shinsuke Hanatani; Tadashi Hoshiyama; Hisanori Kanazawa; Yuichiro Arima; Hiroaki Kawano; Yasuhiro Izumiya; Yasuhito Tanaka; Kenichi Tsujita,10.1007/s12574-026-00744-z,2026-08-07,Journal of echocardiography,"To evaluate the difference in prognostic utility of echocardiographic parameters between pre- and post-transcatheter aortic valve implantation (TAVI) periods.
This study enrolled 189 patients who underwent TAVI at Kumamoto University Hospital between 2015 and 2023 and had available echocardiographic data for the pre- and post-TAVI periods. Thirty-seven deaths occurred within the follow-up period (median 574 [357-934] days after post-TAVI period). Apical longitudinal strain (LS) in the pre- and post-TAVI periods and mid LS in the post-TAVI period were significantly associated with all-cause death after adjusting for various factors (pre-TAVI apical LS, hazard ratio [HR] 0.92, 95% confidence interval [CI] 0.85-0.99, p<0.05; post-TAVI apical LS, HR 0.88, 95%CI 0.82-0.95, p<0.01; post-TAVI mid LS, HR 0.87, 95%CI 0.78-0.97, p<0.05). Receiver operating characteristics analysis showed that the area under the curve for mid LS was significantly higher post-TAVI than pre-TAVI (0.65 vs. 0.54, p<0.05). For prediction of all-cause death, the optimal post-TAVI cutoff value for mid LS was 12.5% (sensitivity 75%, specificity 51%). Kaplan-Meier survival analysis revealed significantly higher all-cause mortality in patients with low mid LS (<12.5%) than in those with high mid LS (≥12.5%) (p<0.01, log-rank test).
Pre-TAVI apical LS was an important prognostic factor in patients undergoing TAVI. In contrast, mid LS and apical LS were significant prognostic factors in the post-TAVI period, indicating a change in the prognostic significance of left ventricular longitudinal strain parameters according to the timepoint in the TAVI procedure."
PubMed,aortic stenosis,Reproducibility of 3.0 T single-frequency cardiac MR elastography for quantification of left ventricular myocardial stiffness.,Jun Wang; Yong Cheng; Yewen Jiang; Zijun Zheng; Zhanglei Li; Zhen Wang; Shutian An; Jun Chen; Kevin J Glaser; Arvin Arani; Yongqiang Yu; Ren Zhao; Xiaohu Li; Md PhD,10.1093/radadv/umag032,2026-07,Radiology advances,"Cardiac magnetic resonance elastography (MRE) allows the non-invasive quantification of myocardial stiffness, but long-interval reproducibility data at 3.0 T single-frequency 140-Hz remain limited.
To evaluate the short- and long-interval reproducibility of 3.0 T cardiac MRE for left ventricular (LV) myocardial stiffness across healthy volunteers and patients with conditions associated with elevated myocardial stiffness.
This prospective single-center study included 69 participants: 60 healthy volunteers and 9 with cardiovascular disease (6 with aortic stenosis and 3 with long-standing hypertension). All participants underwent baseline cardiac MRE (scanner: Signa Premier 3.0 T, GE Healthcare, driver: Resoundant), an immediate short-interval rescan (SIR) within 5 minutes, and a long-interval rescan (LIR) after approximately 1 month. Left ventricular myocardial stiffness and octahedral shear strain signal-to-noise ratio were measured independently by 2 readers. Reproducibility was assessed using Bland-Altman analysis, intraclass correlation coefficients (ICCs), within-subject coefficient of variation, standard error of measurement, and smallest detectable change at the 95% confidence (SDC95) level.
Baseline LV myocardial stiffness was higher in the disease group than in healthy volunteers, 11.73 ± 1.01 kPa and 7.80 ± 0.70 kPa (mean ± SD; P < .001), respectively. Inter-reader agreement was excellent across all timepoints, with ICCs of 0.970 at baseline (95% CI, 0.953-0.982), 0.966 for SIR (95% CI, 0.945-0.979), and 0.962 for LIR (95% CI, 0.939-0.976). Within-reader scan-rescan reproducibility was also excellent. For Reader 1, stiffness ICC was 0.979 for the SIR (95% CI, 0.966-0.987) and 0.957 for the LIR (95% CI, 0.932-0.973), with SDC95 values of 0.616 kPa (95% CI, 0.528-0.741) and 0.869 kPa (95% CI, 0.744-1.044), respectively. Reader 2 showed excellent reproducibility, with ICCs ≤0.943.
3D single-frequency 140-Hz cardiac MRE at 3.0 T provides excellent short- and long-interval reproducibility for LV myocardial stiffness quantification. The SDC95 values may help distinguish true longitudinal stiffness changes from measurement variability."
PubMed,aortic stenosis,Dysphagia Lusoria Revealing Bicuspid Aortic Stenosis With an Aberrant Right Subclavian Artery and Contralateral Subclavian Aneurysm.,Amin Ullah; Noman Rahim; Izaz Iqbal; Diyan Muhammad; Muhammad Asad B Awan,10.7759/cureus.112224,2026-07,Cureus,"Aberrant right subclavian artery is the most common congenital anomaly of the aortic arch and may present with dysphagia lusoria due to esophageal compression. Although bicuspid aortic valve disease is commonly associated with aortopathy, its coexistence with an aberrant right subclavian artery and a contralateral subclavian artery aneurysm is exceedingly rare. We report the case of a 33-year-old male presenting with exertional dyspnea, chest pain, presyncope, and intermittent dysphagia to solids. Echocardiography demonstrated severe bicuspid aortic stenosis with a mean gradient of 95 mmHg and a peak velocity of 7.6 m/s. Computed tomography angiography revealed a retroesophageal aberrant right subclavian artery and a 34 mm aneurysm of the left subclavian artery. Following multidisciplinary discussion, the patient underwent a single-stage hybrid procedure consisting of right carotid-subclavian bypass and translocation of the aberrant vessel via a supraclavicular approach, followed by mechanical aortic valve replacement through median sternotomy. The postoperative course was complicated by transient complete heart block, which resolved spontaneously before discharge. Follow-up imaging demonstrated a patent bypass graft and stable aneurysm size, while dysphagia resolved completely. This case highlights the importance of investigating dysphagia in young adults with congenital valvular disease and demonstrates the value of individualized hybrid surgical strategies in complex arch pathology. The management of a contralateral subclavian artery aneurysm in the setting of bicuspid aortic valve aortopathy remains a clinical dilemma without clear guideline thresholds."
PubMed,aortic stenosis,ELN-Associated Supravalvular Aortic Stenosis With a Williams Syndrome-Like Cardiovascular Phenotype in a Neonate: A Case Report.,Jamshaid Akhtar; Kawthar Faour; Rakesh Donthula; Srilatha Alapati,10.7759/cureus.112187,2026-07,Cureus,"Williams syndrome (WS) is a rare microdeletion disorder affecting chromosome 7q11.23, including the ELN gene, which encodes elastin. Haploinsufficiency of ELN leads to vascular abnormalities, such as supravalvular aortic stenosis (SVAS), pulmonary stenosis, and coronary artery disease. SVAS can also occur in isolation due to heterozygous loss-of-function variants in ELN, independent of the broader WS deletion. We present a case of a term neonate with a Grade 4/6 systolic ejection murmur who underwent echocardiography, revealing severe supravalvular pulmonary stenosis, branch pulmonary artery stenosis, and mild SVAS. Due to these WS-like features, a chromosomal microarray was performed, which ruled out WS. Cardiac catheterization for pulmonary artery balloon angioplasty was complicated by ventricular fibrillation, requiring resuscitation. Angiography identified coronary artery stenosis. Intraoperative cardiac instability raised concerns for an ELN-related vasculopathy. Whole-exome sequencing (WES) revealed an ELN frameshift mutation in exon 6. This case describes a neonate with a WS-like cardiovascular phenotype but no WS-associated deletion, instead harboring a heterozygous pathogenic ELN loss-of-function variant consistent with isolated SVAS, thereby challenging genotype-phenotype correlations."
PubMed,aortic stenosis,The current and future in transcatheter treatment of aortic stenosis: from the 'beyond the guidelines' session at cardiovascular research technologies 2026.,Edward T Ha; Holger Thiele; Michael Joner; Howard C Herrmann; Hasanian A Jilaihawi; Gilbert H L Tang; Isaac George; Thomas E MacGillivray; Ron Waksman,10.1016/j.carrev.2026.07.018,2026-07-29,Cardiovascular revascularization medicine : including molecular interventions,"The introduction of transcatheter aortic valve replacement (TAVR) over two decades ago has fundamentally reshaped the management and treatment landscape for the treatment of severe aortic stenosis by introducing a less invasive approach compared to a surgical aortic valve replacement (SAVR). The field continues to rapidly evolve as clinical studies expand the indications for TAVR across all surgical risk strata. However, it is unclear whether TAVR can be safely applied to patients with complex aortic valve and root pathologies as well as match the long-term durability demonstrated by SAVR. Thus, optimizing patient selection to maximize net clinical benefit, by defining the indications and limitations of TAVR, continue to be areas of active research and discourse. To this end, the annual 'Beyond the Guidelines' session at the 2026 Cardiovascular Research Technologies (CRT) convened an expert panel to highlight the current state of evidence, summarize the accumulated evidence in current domains of clinical equipoise where investigative efforts are focused, and identify key areas of clinical unmet need. This article summarizes the expert panel discussions of current evidence supporting the latest societal guidelines on management of severe aortic stenosis, the accumulation of investigative evidence in established clinical domains of equipoise including TAVR for aortic stenosis in asymptomatic patients; those with bicuspid aortic valves, treatment of transcatheter aortic valve failure, and expert opinions on emerging areas of unmet need where future investigative efforts may need to be focused."
PubMed,aortic stenosis,Transcatheter aortic valve implantation vs surgical aortic valve replacement for aortic stenosis: the saga continues.,Filippo Crea,10.1093/eurheartj/ehag592,2026-08-07,European heart journal,
PubMed,aortic stenosis,PKA-Mediated Proteasome Activation Protects Against Cardiac Remodeling and Heart Failure During Systolic Overload.,Md Salim Ahammed; Penglong Wu; Yifan Wang; Liuqing Yang; Jack O Sternburg; Faqian Li; Jinbao Liu; Xuejun Wang,10.1096/fj.202602299R,2026-08-15,FASEB journal : official publication of the Federation of American Societies for Experimental Biology,"Heart failure (HF) resulting from chronic systolic overload is associated with increased burden on proteostasis and impaired proteasome function. Phosphorylation of proteasome subunit RPN6/PSMD11 at Ser14 (pS14-RPN6) mediates the activation of 26S proteasomes by PKA, but its significance in common forms of heart disease remains obscure. Hence, we investigated the impact of genetic blockade of pS14-RPN6 on cardiac remodeling and HF during systolic overload, a common condition occurring in hypertension and aortic stenosis. We detected marked increases in ubiquitin conjugates, along with elevated levels of RPN6 and pS14-RPN6 proteins in myocardial tissues from human patients with nonischemic HF. Similarly, myocardial pS14-Rpn6 was increased in wild-type mice 2 and 4 weeks after transverse aortic constriction (TAC). Compared with wild-type littermates, mice with genetic blockade of pS14-Rpn6 resulting from germline knock-in of Rpn6S14A (S14A mice) developed greater cardiac hypertrophy, fibrosis, left ventricular dysfunction, and lung congestion after TAC. Mechanistically, TAC induced comparable increases in 26S and 30S proteasomes at 2-week in both genotypes but, at 4-week post-TAC, the increases were remarkably attenuated in S14A mice. Meanwhile, TAC-induced increases in proteasome peptidase activities were significantly attenuated (2-week) or abolished (4-week) in S14A mice, accompanied by greater increases in total and K48-linked ubiquitin conjugates. Collectively, these findings demonstrate that pS14-RPN6 plays an essential role in upregulating myocardial proteasome activities and sustained upregulation of proteasome assembly, thereby assisting in maintaining proteostasis and protecting against maladaptive cardiac remodeling and HF during systolic overload."
PubMed,aortic stenosis,Supra-Annular Perceval Bentall: From Concept to Patient.,S Chris Malaisrie; Borut Gersak; Beth Whippo; Matthew Snyder,10.1177/15569845261469838,2026-08-06,"Innovations (Philadelphia, Pa.)","To demonstrate a supra-annular implantation of a composite valve-graft (CVG) constructed from a sutureless aortic valve within a Dacron graft for aortic root replacement. The anatomic rationale, preclinical validation, and clinical outcomes of this novel technique are described.
The anatomic rational for sizing of the valve and graft was examined by ex vivo implantation of a Perceval Plus XL valve (Corcym, Milan, Italy) within a 28 mm Valsalva Dacron graft (Terumo Aortic, Inchinnan, UK). Hydrodynamic in vitro testing with a ViVitro pulse duplicator system (ViVitro, Victoria, BC, Canada) validated the integrity of the CVG. The CVG was implanted supra-annular to the native aortic annulus in a clinical setting.
A Perceval XL valve within a 28 mm Valsalva Dacron graft provided 8% oversize of the valve inflow ring within the graft collar. In vitro testing showed valve stability within the Dacron graft under physiologic conditions. The first SUpra-annular PERceval Bentall (SUPERB) was performed in a 75-year-old male patient with concomitant aortic stenosis and aortic root aneurysm. The CVG was constructed by (1) suturing the graft to the aortic annulus, (2) construction of coronary buttons, and (3) deployment of the sutureless valve with the Dacron graft in a supra-annular position.
SUPERB uses a Perceval XL valve within a 28 mm Valsalva Dacron graft for aortic root replacement. Positioning of the sutureless valve within the Dacron graft and supra-annular to the native aortic annulus decouples valve sizing from the restrictions of native aortic annular dimensions. This approach simplifies CVG sizing and potentially mitigates patient-prosthetic mismatch."
PubMed,aortic stenosis,Prosthetic Aortic Valve Migration Into the Left Ventricular Outflow Tract in Takayasu Arteritis.,Yuki Tadokoro; Naonori Kawamoto; Kizuku Yamashita; Takashi Kakuta; Yojiro Machii; Satsuki Fukushima,10.1016/j.jaccas.2026.109647,2026-08-06,JACC. Case reports,"Prosthetic valve-related complications are well recognized in Takayasu arteritis (TAK). However, migration of a prosthetic aortic valve into the left ventricular outflow tract (LVOT) is exceedingly rare.
We report 2 patients with TAK who experienced downward migration of the aortic prosthetic valve into the LVOT after aortic valve replacement, without any evident paravalvular leak. In patient 2, progressive valve migration led to mechanical interference with the anterior mitral leaflet, resulting in hemodynamics similar to those of mitral stenosis. In both cases, valve migration advanced over time and ultimately necessitated double valve replacement. The underlying mechanism for this phenomenon could not be determined, and histopathological confirmation was not feasible because of insufficient tissue sampling.
Prosthetic valve migration into the LVOT represents a rare but clinically significant form of valve dysfunction in TAK, which may progress without overt regurgitation and necessitate complex reoperative valve surgery."
PubMed,aortic stenosis,Using AI-ECG to Stratify Long-Term Mortality Risk and Prognosis in TAVR Patients.,Wence Shi; Peirou Yan; Qifeng Zhu; Guo Pu; Xianbao Liu; Cheng Li; Moyang Wang; Guannan Niu; Zhenyan Zhao; Zheng Zhou; Dejing Feng; Yongjian Wu; Jian'an Wang; Hongliang Zhang,10.1016/j.jacasi.2026.05.034,2026-08-04,JACC. Asia,"Long-term mortality remains unsatisfactorily high after transcatheter aortic valve replacement (TAVR). Conventional risk models are limited in capturing subclinical electrophysiological alterations associated with poor prognosis, which can be identified on routine preoperative electrocardiograms.
The authors aim to develop and validate an artificial intelligence-enhanced electrocardiogram (AI-ECG) model for predicting long-term mortality in post-TAVR patients.
A total of 711 patients with severe aortic stenosis undergoing TAVR were enrolled from 2 centers. Patients from one center were divided into training and internal validation sets (7:3), and participants from another center served as the external validation cohort. Preoperative electrocardiogram images were analyzed using a Residual Network-18 model to generate mortality risk stratification. The primary endpoint was 3-year all-cause death.
The AI-ECG model demonstrated comparable discrimination between the internal and external patient cohorts, with areas under the receiver operating characteristics curve of 0.767 (95% CI: 0.657-0.877) vs 0.712 (95% CI: 0.627-0.795) (P for DeLong test = 0.428). High-risk patients (15.5% [39 of 251]) exhibited a 61.5% (24 of 39, 95% CI: 42.8%-74.1%) 3-year mortality rate vs 16.5% (35 of 212, 95% CI: 11.4%-21.4%) in low-risk patients (84.5% [212 of 251]) (log-rank P < 0.001). Adjusted for comorbidities, high-risk classification independently predicted mortality (adjusted HR: 3.49; 95% CI: 1.96-6.22). Subgroup analysis did not reveal significant interaction effects of the AI-ECG model across different patient populations. Decision curve analysis confirmed clinical net benefit across threshold probabilities (0.05-0.60).
The AI-ECG model provides noninvasive and accurate long-term risk stratification for TAVR patients, with promising clinical application value for individualized follow-up management."
PubMed,aortic stenosis,Same-session percutaneous closure of iatrogenic sinus of Valsalva rupture during transseptal puncture for balloon mitral valvotomy: a case report.,I Made Junior Rina Artha; Ni Made Ayu Wulan Sari; Made Satria Yudha Dewangga; David Yobel; Gusti Ngurah Prana Jagannatha,10.1093/ehjcr/ytag561,2026-08,European heart journal. Case reports,"Balloon mitral valvotomy (BMV) is a primary treatment for rheumatic mitral stenosis (MS), although rare procedural complications may occur. Iatrogenic sinus of Valsalva (SoV) rupture related to transseptal puncture is exceptionally uncommon, with limited reports describing immediate transcatheter management.
A 50-year-old woman with severe rheumatic MS, marked left atrial enlargement, and atrial fibrillation underwent elective BMV following successful anticoagulation therapy and resolution of a left atrial appendage thrombus. During transseptal puncture, she developed a sudden reduction in aortic diastolic pressure. Immediate angiography and transoesophageal echocardiography (TEE) confirmed a focal rupture at the non-coronary cusp region, directly attributable to needle/dilator trauma. The patient remained stable, allowing immediate percutaneous closure via femoral arterial access using a 6-4 mm multi-fenestrated septal occluder device. Successful closure was confirmed intra-procedurally by TEE, demonstrating no residual shunt or worsening of aortic regurgitation. Balloon mitral valvotomy was safely completed in the same session. Serial echocardiographic follow-up at 1, 6, and 12 months demonstrated stable device placement, preserved ventricular function, and moderate residual MS without further complications.
Same-session percutaneous closure is a feasible and effective strategy for managing transseptal puncture-related SoV rupture during BMV in haemodynamically stable patients. This case highlights the importance of meticulous transseptal technique, multimodality imaging guidance, and procedural adaptability in complex rheumatic interventions."
PubMed,aortic stenosis,Extracellular volume fraction by cardiac computed tomography (ECVCT): opportunities and challenges for clinical implementation.,Rhys Gray; Elisa Rauseo; Anna Herrey; Emma Cheasty; Thomas A Treibel; Francesca Pugliese,10.1093/ehjimp/qyag113,2026-08,European heart journal. Imaging methods and practice,"Cardiac computed tomography (CT)-derived extracellular volume (ECVCT) estimates myocardial interstitial expansion by quantifying the distribution of iodinated contrast within the extracellular space, providing a CT marker of focal and diffuse fibrosis as well as amyloid infiltration. In single-energy CT, ECVCT is calculated from the change in myocardial and blood-pool attenuation between non-contrast and delayed scans, adjusted for haematocrit. Spectral CT, including photon-counting CT (PCCT), can quantify ECVCT from energy-resolved data and may reduce reliance on a separate true non-contrast scan. Across several disease cohorts, ECVCT correlates well with cardiac magnetic resonance (CMR)-derived ECV and, in selected studies, with histological collagen volume fraction, supporting potential for global and regional assessment. ECVCT can add myocardial tissue characterization to examinations already performed for coronary and structural heart disease, including opportunistic screening for concomitant transthyretin amyloidosis during transcatheter aortic valve implantation planning, risk stratification in aortic stenosis, and adjunct phenotyping after CT coronary angiography in troponin-positive acute chest pain or heart failure work-up. Furthermore, CT is more accessible, better tolerated, and potentially cheaper than CMR. However, clinical adoption is potentially limited by added workflow steps due to the delayed acquisition, additional radiation exposure, and heterogeneous approaches to acquisition, reconstruction, and analysis, which reduce reproducibility and complicate the definition of normalcy rates and diagnostic thresholds. Developments in PCCT, automation, and synthetic haematocrit may streamline protocols, but require further calibration and agreement-focused validation. Consensus guidance and prospective multicentre outcome studies are needed to standardize protocols, harmonize reporting, define reference ranges, and support clinically actionable thresholds."
PubMed,aortic stenosis,The impact of frailty on postoperative complications and resource utilization in patients with severe aortic stenosis undergoing transcatheter aortic valve implantation (TAVI).,Hiroshi Yonekura; Tasuku Fujii; Koji Kawakami; Koichi Akiyama,10.18999/nagjms.88.2.274,2026-05,Nagoya journal of medical science,"Patients with severe aortic stenosis undergoing transcatheter aortic valve implantation are usually older adults with multiple comorbidities and often frail. Frailty reflects increased vulnerability to adverse outcomes and is an important factor in this population; however, its impact on postoperative complications and healthcare resource utilization remains uncertain. We investigated the association between preoperative frailty and postoperative outcomes using a nationwide electronic medical records database in Japan. We included patients aged 65 years or older who underwent transcatheter aortic valve implantation between April 2013 and December 2021. Frailty was assessed with the Hospital Frailty Risk Score, with a score of 5 or higher indicating frailty. The primary outcome was acute kidney injury within seven days. Secondary outcomes included major adverse kidney events, blood transfusion within 30 days, and hospital length of stay. Among 781 patients, 237 (30.3%) were classified as frail. Acute kidney injury occurred in 8.8% of non-frail and 12.7% of frail patients. After adjustment for age, sex, comorbidities, baseline estimated glomerular filtration rate, surgical approach, anesthesia type, and hospital size, the odds ratio for acute kidney injury in frail patients was 1.42 (95% confidence interval, 0.83-2.45; P = 0.20). Hospital stay was significantly longer in frail patients, with an adjusted mean difference of 3.45 days. Preoperative frailty was not significantly associated with acute kidney injury or other complications but was associated with prolonged hospitalization. Frailty screening before transcatheter aortic valve implantation may help identify patients at risk of extended hospital stay and guide perioperative care."
PubMed,aortic stenosis,Transcatheter versus surgical aortic valve replacement for severe aortic stenosis in low-risk adults: a network meta-analysis.,Kanandya Kizzandy; Yehezkiel Gian Pradipta Pahu; Satria Rafi Ratmandhika; Krisanto Tanjaya; Elsafira Rana Rinanada; Muhammad Yusuf; Muhammad Reva Aditya; Imam Suseno Bayuadi,10.1007/s12055-026-02245-1,2026-09,Indian journal of thoracic and cardiovascular surgery,"To compare the safety and efficacy of transcatheter aortic valve replacement (TAVR) versus surgical aortic valve replacement (SAVR) in low-risk severe aortic stenosis, and to assess the differential impact of balloon-expandable (BE) and self-expanding (SE) valve platforms on clinical outcomes.
A systematic search across seven databases was performed through May 2024. Frequentist and Bayesian network meta-analyses were conducted across three pre-specified time horizons: 30 days, 1 to 2 years, and 3 or more years. Results are reported as odds ratios (OR) with 95% confidence intervals (CI). Egger's regression testing and randomized controlled trial (RCT)-only sensitivity analyses were performed.
Thirty-one studies (37,741 patients) were included. All TAVR types demonstrated comparable short-term and intermediate-term mortality to SAVR, with TAVR-BE ranking most favourably by Surface Under the Cumulative Ranking (SUCRA) (81.2% and 87.7%); these rankings should be interpreted alongside the non-significant effect estimates. In exploratory ≥3-year analyses (k=10 studies, consistent with RCT-only sensitivity analyses), TAVR-Mixed showed significantly higher mortality than SAVR (OR 1.963 [95% CI 1.620 to 2.378]; p<0.001), while TAVR-BE and TAVR-SE showed no significant difference. TAVR-BE significantly reduced 30-day rehospitalization (OR 0.625; p=0.007), stroke (OR 0.534; p=0.001), atrial fibrillation, acute kidney injury, and major bleeding versus SAVR. All TAVR platforms shortened hospital stay by approximately 4 days. SAVR was associated with significantly lower rates of paravalvular regurgitation and permanent pacemaker implantation at all time horizons.
In low-risk severe aortic stenosis, TAVR, particularly with balloon-expandable valves, appears to offer comparable short-term and intermediate-term survival with superior procedural safety versus SAVR. In exploratory ≥3-year analyses, SAVR was associated with lower mortality specifically within the heterogeneous TAVR-Mixed cohort; TAVR-BE and TAVR-SE showed no significant mortality difference from SAVR at this horizon, underscoring the importance of platform-specific and individualised decision-making.
The online version contains supplementary material available at 10.1007/s12055-026-02245-1."
PubMed,aortic stenosis,Balloon Aortic Valvuloplasty as a bridge to Transcatheter Aortic Valve Implantation in a High-risk Patient with Severe Aortic Stenosis.,Dante Antonelli; Yoav Turgeman; Rafael Wolff; Avi Sebanciev; Meir Tabi,,2026-07,The Israel Medical Association journal : IMAJ,
PubMed,aortic stenosis,Hemodynamic Effects of Aortic Stenosis on Coronary Flow Dynamics.,Roy Banay; Shiri Polak; Matan Danon; Oren Salimi; Ed David Hausmann; Ron Waksman; Yonathan Hasin; Idit Avrahami,10.1007/s10439-026-04318-z,2026-08-05,Annals of biomedical engineering,"Aortic stenosis (AS) commonly coexists with coronary artery disease (CAD), yet the direct hemodynamic link between valve function, coronary flow waveforms, and spatial wall shear stress (WSS) remains poorly defined. This study isolates and quantifies how AS-induced flow alterations generate atheroprone coronary environments.
An in vitro mock circulation loop modeled severe AS (effective orifice area 0.7 cm2) and post-transcatheter aortic valve replacement (TAVR, Evolut R™) under 54 physiological states (heart rate 80-150 bpm; stroke volume 40-65 ml). Time-resolved coronary blood flow (CBF) measurements served as inlet boundary conditions for patient-specific computational fluid dynamics (CFD) simulations of coronary hemodynamics. Atherosclerotic risk was assessed using surface areas exposed to shear thresholds associated with plaque initiation or vulnerability: oscillatory shear index (OSI > 0.2), relative residence time (RRT > 4 Pa⁻1), endothelial cell activation potential (ECAP > 0.5 Pa⁻1), and time-averaged WSS (TAWSS < 0.45 Pa or > 4 Pa).
Compared to TAVR, severe AS produced higher systolic transvalvular pressure gradients (45-70 mmHg vs. 10-25 mmHg) and lower aortic-sinus gradients, particularly at elevated heart rates (HR). Diastolic CBF was elevated at normal HR but declined with increasing HR, resulting in increased pulsatility and reduced coronary flow reserve. CFD revealed larger regions of atheroprone WSS in AS, predominantly on convex arterial curvatures, while elevated WSS localized to concave regions. TAVR reduced adverse WSS exposure by 30-50%.
AS induces hemodynamic disturbances associated with atheroprone environments through altered coronary flow and adverse WSS patterns. TAVR mitigates these effects, highlighting opportunities for valve design optimization to improve the local coronary fluid-dynamic environment."
PubMed,mitral regurgitation,Risk assessment and outcomes of systolic anterior motion in robotically assisted mitral valve repair.,Yizhan Guo; Kei Kobayashi; John Yin; Martin Winter; Andrea Amabile; Christopher Lacomis; Irsa Hasan; Ezeldeen Abuelkasem; Michael Boisen; William Katz; Matthew Suffoletto; Johannes Bonatti,10.1007/s11701-026-03731-9,2026-08-07,Journal of robotic surgery,"Systolic anterior motion (SAM) is a known complication of mitral valve repair characterized by displacement of the anterior leaflet to the left ventricle outflow tract (LVOT) during systole leading to mitral regurgitation (MR) and LVOT obstruction. However, the value of the previously reported risk factors in robotically assisted mitral valve repair (RAMVR) is unknown. We reviewed the peri-operative parameters of 197 consecutive isolated RAMVRs. Patients were retrospectively stratified into low-risk (0-4) and high-risk (5-9) groups based on the total numbers of previously reported risks factors. Operative details and outcomes were compared between groups and the predictive value of the risk factors was analyzed. The overall SAM rate after RAMVR was 3.0% (6/197) with no significant differences between low-risk and high-risk patients (2.4% vs. 4.1%, p = 0.79). Distance from coaptation to interventricular septum (C-sept distance) was the only significant univariable predictor. Both anterior mitral leaflet length and C-sept distance were shown to be discriminatory for SAM in receiver operating characteristic (ROC) analysis. Flexible annuloplasty bands were used more often in the high-risk group (98.6% vs. 91.1% p = 0.034). The peri-operative outcomes between low-risk and high-risk patients were similar. The incidence of SAM after RAMVR was relatively low. Anterior mitral leaflet length and C-sept measured on pre-operative echocardiography appear to be of some predictive value. Use of flexible bands was potentially a viable preventive surgical strategy. Most of the SAM incidences could be managed with medical management and did not persist post-operatively."
PubMed,mitral regurgitation,Late aortic root pseudoaneurysm after pericardial patch reconstruction for bicuspid aortic valve endocarditis: a case report.,Reuben L Odai; Frank Kutilek; Laiba Sajjad; Anthony Alchaer; Hussam Farhoud,10.1080/14796678.2026.2713321,2026-08-06,Future cardiology,"A 70-year-old male with bicuspid aortic valve developed oxacillin-sensitive Staphylococcus aureus bacteremia complicated by infective endocarditis, aortic root abscess, and embolic stroke. Initial management included aortic valve replacement with a bioprosthetic valve, aortic root reconstruction with bovine pericardial patch, and anterior mitral leaflet repair. Despite appropriate antimicrobial therapy, the patient developed recurrent symptoms three years later. Transesophageal echocardiography revealed severe aortic regurgitation and a large pseudoaneurysm resulting from dehiscence of the previous pericardial patch repair. The patient underwent successful repeat sternotomy with aortic root replacement using a valved conduit and reimplantation of coronary arteries. This case highlights the challenging nature of endocarditis involving the aortic root, particularly when complicated by abscess formation requiring patch reconstruction, and emphasizes the importance of long-term surveillance for pseudoaneurysm formation following such complex repairs."
PubMed,mitral regurgitation,Reframing Anatomical Ineligibility: Staged Transcatheter Therapy Opens a New Door in Extreme Secondary Mitral Regurgitation.,Aniela Popescu,10.1016/j.jaccas.2026.109001,2026-08-05,JACC. Case reports,
PubMed,mitral regurgitation,Endoscopic mitral valve replacement in extensive mitral annular calcification with a posterior pericardial patch.,Carolina Orlandi; Ghazi Elshafie; Joseph Zacharias,10.1510/mmcts.2026.046,2026-08-06,Multimedia manual of cardiothoracic surgery : MMCTS,"Extensive mitral annular calcification represents a major technical challenge in mitral valve surgery and is associated with increased operative mortality and morbidity, including atrioventricular disruption, circumflex artery injury and prosthetic valve dehiscence. Management strategies remain controversial, including in patients suitable for transcatheter interventions. We present a case of severe symptomatic mitral regurgitation in an elderly female patient with extensive circumferential mitral annular calcification. Preoperative imaging confirmed severe mitral regurgitation with restricted calcified mitral leaflets and preserved left ventricular systolic function. Transcatheter mitral valve implantation was considered, but deemed unsuitable because of annular size. The patient therefore underwent endoscopic mitral valve replacement through a right minithoracotomy using femoro-femoral cardiopulmonary bypass. An endoaortic balloon was used to arrest the heart with cardioplegia. After excision of the native valve and limited debridement of calcification, a bioprosthetic mitral valve was implanted and tied with pledgeted braided sutures and an automatic suture knotting device (CorKnot). A bovine pericardial patch was sutured to the posterior portion of the prosthetic sewing ring using a posterior skirt technique to reinforce the posterior annulus and reduce paravalvular leakage risk. Postoperative echocardiography demonstrated a well-functioning prosthetic valve with preserved ventricular function and a trivial paravalvular leak."
PubMed,mitral regurgitation,Successful repair of a rare submitral aneurysm with basal septal defect: a technique combining edge-to-edge repair and patch exclusion.,Gaurish Sawant; Balaji Aironi; Ayush Agarwal; Aishwarya Purohit; Rajat Lohiya; Hitesh Makhija,10.1007/s12055-026-02212-w,2026-09,Indian journal of thoracic and cardiovascular surgery,"Submitral left ventricular aneurysm (SLVA) is an exceedingly rare clinical entity associated with high mortality due to potential rupture, systemic embolism, and severe mitral regurgitation (MR). Surgical management is complex, necessitating strategies that address both the aneurysm and the valvular pathology while preserving ventricular geometry. We present the case of a 44-year-old male presenting with syncope and acute heart failure. Multi-modality imaging, including cardiac magnetic resonance imaging (MRI), revealed a large (7.4 × 6.9 cm) basal septal left ventricle (LV) aneurysm with a thick mural thrombus and severe MR secondary to anterior leaflet tethering. Coronary angiography ruled out ischemic etiology. Under cardiopulmonary bypass, the mitral valve was accessed via a paraseptal left atrial approach. An Alfieri stitch (edge-to-edge repair) was utilized to correct the leaflet prolapse, achieving competent coaptation. The aneurysm was approached externally; the cavity was incised, and the thrombus evacuated. The 2.5-cm aneurysmal neck was excluded using an autologous pericardial patch, followed by a double-layer linear aneurysmorrhaphy to obliterate the cavity. The patient had an uneventful postoperative course and was discharged on day 9. This case demonstrates that a combined approach-aneurysm exclusion via pericardial patch and concomitant edge-to-edge mitral valve repair-provides a durable, safe solution for SLVA. This strategy effectively eliminates the embolic source and restores valvular competence without compromising left ventricular function.
The online version contains supplementary material available at 10.1007/s12055-026-02212-w."
PubMed,mitral regurgitation,Outcomes of minimally invasive mitral valve repair for non-rheumatic mitral regurgitation: an 8-year retrospective analysis.,Rajesh M Ramankutty; Jecco Ani Babu; Aiswarya Mohan,10.1007/s12055-026-02213-9,2026-09,Indian journal of thoracic and cardiovascular surgery,"Minimally invasive mitral valve repair (MIMVR) offers several advantages over sternotomy, including reduced surgical trauma and faster recovery. However, the quality of repair and long-term functional outcomes have been debated due to the limited access involved. This study evaluates the success of repair, various methods used, functional outcomes, survival rates, and re-intervention rates in patients undergoing MIMVR at Caritas Hospital, Kerala, from 2016 to 2023.
A retrospective cohort study of 114 patients who underwent MIMVR via right mini-thoracotomy was conducted. The techniques included triangular resection, posterior annuloplasty ring, neochords reconstruction, leaflet resection, foldoplasty, and Alfieri stitch. Transoesophageal echocardiography (TOE), intraoperative saline injection test, and on-pump antegrade cardioplegia were used to assess repair integrity. Patients were followed up at 1, 3, and 12 months post-discharge, and annually thereafter. The primary endpoints were survival and recurrent mitral regurgitation (MR), with secondary endpoints being periprocedural complications and freedom from reoperation.
The mean follow-up period was 5 years, with an 87% freedom from moderate or severe MR. The perioperative characteristics included a mean age of 52.13 ± 13.11 years, with 72.8% male. The average cardiopulmonary bypass (CPB) and aortic cross-clamp times were 178.78 ± 33.85 and 128.58 ± 27.61 min, respectively. No conversions to sternotomy were required. Postoperative outcomes showed no significant SAM or severe MR, with a stroke incidence of 1.75%. At 1 year, 86.8% of patients were asymptomatic, with 12.3% having moderate or greater MR.
MIMVR can achieve high-quality functional outcomes without compromising durability and is associated with low postoperative morbidity. The study supports MIMVR as a viable alternative to conventional approaches, providing favourable safety and results in treating MR. The technique has been particularly effective in patients with degenerative disease, including myxomatous and Barlow's disease, making it a preferred method at our institution.
The online version contains supplementary material available at 10.1007/s12055-026-02213-9."
PubMed,mitral regurgitation,Normal limits for the right ventricle-pulmonary circulation exercise echocardiography: a meta-analysis.,Francesco Ferrara; Valentina Capone; Monica Franzese; Andreina Carbone; Erberto Carluccio; Rosanna Castaldo; Rodolfo Citro; Antonio Cittadini; Anna D'Agostino; Michele D'Alto; Alessandra Maria Esposito; Giovanni Esposito; Luna Gargani; Stefano Ghio; Graziella Lacava; Alberto Maria Marra; Ciro Mauro; Emanuela Passaro; Salvatore Rega; Andrea Soricelli; Ekkehard Grünig; Robert Naeije; Eduardo Bossone,10.1183/16000617.0188-2025,2026-07,European respiratory review : an official journal of the European Respiratory Society,"Normal limits for exercise Doppler echocardiography (ex-TTE) measurements of the right ventricle (RV), pulmonary artery (PA) and left atrial (LA) unit remain inadequately defined. This meta-analysis aims to establish normal limits for measurements of the RV-PA-LA unit. A comprehensive literature search of Medline, Web of Science and Scopus (1 January 1999-December 2024) was performed. We included ex-TTE studies performed using a supine/semi-recumbent cycle ergometer in healthy subjects that reported the following parameters: tricuspid regurgitation velocity (TRV), systolic pulmonary artery pressure (sPAP), mean pulmonary artery pressure (mPAP), mPAP/cardiac output (CO) slope, mitral Doppler E to tissue Doppler e' ratio (E/e'), tricuspid annular plane excursion (TAPSE) and TAPSE/sPAP. Summary mean estimates were calculated using a restricted maximum-likelihood random-effects model. Lower and upper limits of normal (LLN and ULN) were defined as the 5th and 95th percentiles. Between-study heterogeneity was assessed using the Q-statistic and quantified with the inconsistency index. Data on 1122 healthy subjects (mean±sd age: 42.8±18.3 years) across 19 eligible studies were analysed. The pooled mean estimates and limits of normal for ex-TTE measurements were as follows: TRV 2.5 m·s-1 (ULN 3.4), sPAP 38.5 mmHg (ULN 57.8), mPAP 29.8 mmHg (ULN 43.0), mPAP/CO slope 1.4 mmHg·min·L-1 (ULN 3.0), E/e' 7.1 (ULN 11.5), TAPSE 31.8 mm (LLN 24.6), TAPSE/sPAP 0.8 mm·mmHg-1 (LLN 0.4). Despite notable heterogeneity for several measurements, the present meta-analysis provides a robust framework for defining normal reference limits for ex-TTE measurements of the RV-PA-LA unit."
PubMed,mitral regurgitation,Defining the boundaries of atrial functional mitral regurgitation: evidence from real-world data.,Nobuyuki Kagiyama; Tomohiro Kaneko; Kentaro Hayashida,10.1093/eurheartj/ehaf930,2026-08-05,European heart journal,
PubMed,mitral regurgitation,Challenges in defining atrial secondary mitral regurgitation.,Philipp von Stein; William A Zoghbi; Victor Mauri,10.1093/eurheartj/ehaf929,2026-08-05,European heart journal,
PubMed,mitral regurgitation,"Dyspnea as an Anginal Equivalent: Multimodality Diagnosis of Dynamic, Severe Ischemic Mitral Regurgitation.",Isaac Gorgy; Soham Rege; Anilkumar Mehra; Brandon M Wiley; Emily K Zern,10.1016/j.jaccas.2026.109635,2026-08-05,JACC. Case reports,"Dynamic ischemic mitral regurgitation (IMR), provoked by ischemia or exercise, may escape detection at rest and is associated with adverse outcomes.
A 65-year-old man with ischemic cardiomyopathy (left ventricular ejection fraction, 20%) and recurrent left circumflex in-stent restenosis refractory to multiple interventions presented with progressive dyspnea and chest pain. Resting filling pressures were mildly abnormal, though symptoms remained out of proportion to findings. During balloon angioplasty of the left circumflex, transient ischemia provoked large V waves on the pulmonary catheter wedge pressure tracing; simultaneous echocardiography confirmed severe MR that resolved on deflation of the intracoronary balloon. Stress echocardiography corroborated exercise-induced severe MR. Despite revascularization and medical therapy optimization, symptoms persisted, and mitral transcatheter edge-to-edge repair (M-TEER) was performed with successful resolution of symptoms.
Dynamic IMR may be underdiagnosed when diagnostic studies are performed at rest. This case demonstrates concordant invasive and noninvasive provocative strategies for diagnosis, with M-TEER for refractory symptoms.
Dynamic IMR requires a high index of suspicion and provocative multimodality testing. M-TEER may benefit patients with severe IMR refractory to revascularization and optimized medical therapy."
PubMed,mitral regurgitation,Critical Aortic Stenosis With Rapid Multiorgan Decompensation Reversed by Emergency TAVR.,David G Gent; Majid Jafar; Marwa Daghem; Kully Sandhu; Warkaa Shamkhani,10.1016/j.jaccas.2026.109639,2026-08-05,JACC. Case reports,"Critical aortic stenosis can deteriorate abruptly from compensated disease to low-output shock and multiorgan dysfunction. We describe rapid multiorgan decompensation from severe bicuspid aortic stenosis with recovery following emergency transcatheter aortic valve replacement (TAVR).
A previously active 69-year-old man with severe bicuspid aortic stenosis re-presented to the emergency department with pulmonary edema and rapidly progressive breathlessness. Although systolic blood pressure was preserved, he had severe hypoperfusion with lactate 8.6 mmol/L, alanine aminotransferase 5,379 IU/L, international normalized ratio 2.8, creatinine 189 μmol/L, and bilirubin 48 μmol/L. Repeat echocardiography demonstrated new biventricular dysfunction, functional mitral regurgitation, and a high probability of pulmonary hypertension. He underwent emergency transfemoral TAVR, which reduced the gradient from 129 to <10 mm Hg. The biochemical abnormalities improved within 48 hours, and he was discharged well 8 days later.
This case illustrates rapid, reversible multiorgan decompensation caused by critical aortic stenosis.
Deteriorating critical aortic stenosis should prompt urgent reassessment and expedited intervention. Emergency TAVR can restore forward flow and facilitate rapid physiologic recovery."
PubMed,mitral regurgitation,Novel Direct Transcatheter Mitral Annuloplasty System: Preclinical Feasibility Study.,Wanjiao Chen; Yuliang Long; Wei Li; Xiaochun Zhang; Lei Zhang; Daxin Zhou; Wenzhi Pan; Junbo Ge,10.1016/j.jacasi.2026.04.045,2026-08,JACC. Asia,"This study evaluated the novel L-Clip transcatheter mitral annuloplasty device in 18 porcine models, demonstrating its efficacy and safety. The device achieved 100% procedural success. Implantation times were a median of 28.4 minutes (22.7-34.1) for the first clip and 39.7 minutes (31.2-48.2) for the second. Significant immediate reductions were observed: annular area decreased 26% (from 13.4 cm2 [11.2-15.6] to 9.9 cm2 [7.5-12.3], P < 0.001), anteroposterior diameter decreased 31% (from 3.6 cm [3.2-4.0] to 2.5 cm [2.0-3.0], P < 0.001), and intercommissural distance decreased 17% (from 4.1 cm [3.8-4.4] to 3.4 cm [3.1-3.7], P < 0.001). Crucially, no mortality, valve damage, device displacement, embolism, or other serious adverse events occurred. The L-Clip system offers a user-friendly approach, achieving substantial annular reduction with an excellent safety profile in this model. These promising results support its potential as a minimally invasive alternative for functional mitral regurgitation, warranting further clinical investigation."
PubMed,mitral regurgitation,Mitral regurgitation and all-cause mortality in acute heart failure; a meta-analysis.,Max Berrill; Meric Bengisu; Konstantina Kipourou; Gie Ken Dror; Paula Coles; Isaac John; Pankaj Sharma; Aigul Baltabaeva,10.1093/eschf/xvag200,2026-08-04,ESC heart failure,"Despite previous studies investigating the impact of mitral regurgitation (MR) in acute heart failure (AHF) there are inconsistencies in trial data, and no meta-analyses to date. Our aim was to explore if MR is associated with mortality in AHF.
We performed a meta-analysis of AHF patients with MR to investigate any association with all-cause mortality. We identified 27 studies that met our inclusion criteria, encompassing 73,363 patients (age 72.9±4.2years; females 44.4%) with an average follow-up of 1.9 years. Moderate/severe MR was associated with an unadjusted 47% increased mortality risk compared to no/mild MR (OR 1.47 [95% CI 1.30-1.66, p<0.001]). This excess risk of death persisted among studies reporting adjusted data (OR 1.21 [95% CI 1.01-1.45, p=0.038]). Compared to those with no MR, MR severity was associated with increasing risk of death: mild MR OR 1.22 [95% CI 0.98-1.53, p=0.079], moderate MR OR 1.48 [95% CI 1.1-2.01, p=0.011] and severe MR OR 1.60 [95% CI 1.13-2.27, p=0.008]. We observed excess mortality in moderate/severe MR compared to no/mild MR among individuals with a left ventricular ejection fraction (LVEF) <50% (OR 1.26 [95% CI 1.18-1.35, p<0.001]) and LVEF 40-50% (OR 2.00 [95% CI 1.59-2.50, p<0.001]) but not LVEF >50% (OR 1.16 [95% CI 0.91-1.47, p=0.23]. Neither meta-regression nor pre-specified sensitivity analyses affected MR's association with the primary outcome. A substantial degree of heterogeneity was observed across the included studies.
We observed that MR during AHF is associated with increased mortality. Although causality cannot be inferred due to the observational design and high heterogeneity of the included studies, MR may represent a phenotype amenable to targeted therapies during decompensated heart failure."
PubMed,mitral regurgitation,Transcatheter Mitral Valve Replacement in Failed Mitral Bioprosthesis: Case Report.,Veselin Valkov; Nikolay Dragnev; Josef Bis; Nikolay Kalvachev,10.1155/cric/2277200,2026,Case reports in cardiology,"Transcatheter valve-in-valve mitral valve replacement (ViV TMVR) is an established therapeutic alternative for selected patients with symptomatic degeneration of a surgical mitral bioprosthesis and high or prohibitive surgical risk. We present a 75-year-old woman with a failed Pericarbon More 29-mm mitral bioprosthesis and severe prosthetic mitral stenosis, which was resolved with transseptal transcatheter ViV TMVR. Baseline echocardiography showed mitral valve area 0.45 cm2 by pressure half-time, mean transmitral gradient 13 mmHg, preserved left ventricular systolic function, estimated systolic pulmonary artery pressure of 55 mmHg, and severe tricuspid regurgitation. ECG-gated computed tomography was performed for proper procedural planning. During the procedure, after dilation of the interatrial septum, an abrupt left-to-right shunt caused hemodynamic compromise. Rapid rescue balloon dilation of the stenotic mitral bioprosthesis and subsequent implantation of a 26-mm SAPIEN 3 valve restored forward transmitral flow, reduced the interatrial shunt to a minimum, and avoided septal occluder implantation. Postprocedural echocardiography showed a mean transmitral gradient of 3.5 mmHg, no intraprosthetic or paravalvular regurgitation, no LVOT obstruction, and a minimal, hemodynamically insignificant residual shunt. At 6-month, 12-month, and 2-year follow-ups, the patient remained asymptomatic with stable prosthetic valve function, although the estimated pulmonary artery pressure remained mildly to moderately elevated and tricuspid regurgitation persisted at a moderate degree. Beyond demonstrating the feasibility of valve-in-valve TMVR, this case highlights that septal dilation in severe prosthetic mitral stenosis can precipitate abrupt hemodynamic deterioration by creating a clinically significant left-to-right interatrial shunt before relief of the mitral obstruction."
PubMed,mitral regurgitation,An 83-Year-Old Woman With Sudden-Onset Large Volume Hemoptysis During Right Heart Catheterization.,Sammy Tran; Maya Khodor; Adam Hurwitz; Everett Rogers; Ryan Charpin; Eddib Ahmed; Salah Al-Andary,10.1016/j.chpulm.2025.100220,2025-12,CHEST pulmonary,"An 83-year-old woman with a history of severe mitral and tricuspid valve regurgitation requiring surgical repair, sick sinus syndrome status after permanent pacemaker placement, and paroxysmal atrial fibrillation presented to the hospital for outpatient right heart catheterization as part of an evaluation for pulmonary hypertension and severe tricuspid regurgitation. During the procedure, the patient began to expectorate a large volume of blood. A rapid response was called due to concerns for respiratory compromise, and the patient was emergently intubated for airway protection. She was subsequently transported to the appropriate unit for further diagnostic studies."
PubMed,mitral regurgitation,Echocardiographic Analysis of Missed and Misdiagnosis in Children With Anomalous Origin of the Left Coronary Artery From the Pulmonary Artery.,Zhen Cheng; Changbai Ding; Shanliang Zhu; Hao Liu; Yu Mao; Ying Tang; Chengshuang Zhou; Jun Chen,10.1002/jcu.70352,2026-08-03,Journal of clinical ultrasound : JCU,"To evaluate the practical application of echocardiography in identifying anomalous left coronary artery from the pulmonary artery (ALCAPA) and to improve the precision of echocardiographic diagnosis for this specific condition.
We accomplished a retrospective review of 18 cases involving pediatric ALCAPA confirmed surgically, comparing preoperative echocardiographic findings with CT angiography (CTA) or surgical outcomes.
Among the 18 pediatric patients, 15 were referred from external facilities, with 2 correct and 13 misdiagnoses by echocardiography. Misdiagnoses included 3 cases of dilated cardiomyopathy, 2 of endocardial fibroelastosis, 3 cases of mitral valve prolapse accompanied by regurgitation. At our institution, echocardiography achieved a correct diagnosis in 14 cases, yielding a diagnostic concordance rate of 77.7%. One case was missed, and 3 were misdiagnosed, with 1 case missed because of coexisting pulmonary hypertension and ventricular septal defect. Among the misdiagnosed cases, 1 was misdiagnosed as multiple trabecular muscular ventricular septal defects with mitral valve anterior leaflet prolapse, 1 case was identified as an isolated abnormality of the mitral valve's papillary muscle, 1 as dilated cardiomyopathy, resulting in a miss and misdiagnosis rate of 22.2%. Of the 13 cases misdiagnosed at external facilities, 3 were erroneously identified as partial anomalous pulmonary venous connection (PAPVC), with 2 of these displaying color Doppler flow patterns mimicking right pulmonary vein-to-superior vena cava drainage.
Echocardiography proves to be an invaluable diagnostic instrument for detecting ALCAPA, offering a basis for clinical management."
PubMed,mitral regurgitation,Eclipsed Mitral Regurgitation: Paroxysmal Reversible Severe Mitral Regurgitation Presenting with Recurrent Pulmonary Edema: A Case Report.,Naoki Sumi; Rikuto Nii; Yuhei Saitoh,10.7759/cureus.113718,2026-07,Cureus,"Eclipsed mitral regurgitation (MR) is a rare, paroxysmal entity with preserved left ventricular ejection fraction, marked by abrupt, severe, but reversible MR that is demonstrable only during episodes. We report the case of an 82-year-old woman with systemic sclerosis and persistent atrial fibrillation who had four admissions for acute heart failure within six months. Transthoracic echocardiography captured massive MR with leaflet malcoaptation, severe pulmonary hypertension, a dagger-shaped MR jet, and a blood pressure drop; between episodes, MR was mild and leaflet coaptation was normal, and provocation testing was negative. Recurrent events during hospitalization prompted urgent surgery. Mitral valve replacement with concomitant tricuspid annuloplasty prevented recurrence, and the postoperative course was uneventful until death from tuberculosis-related sepsis. Operative inspection showed minimal structural change of the mitral valve, and histopathology demonstrated preserved leaflet architecture with mild fibrosis and myxomatous change, indicating no significant intrinsic valvular damage. These findings indicate that eclipsed MR is a unique pathophysiological entity."
PubMed,mitral regurgitation,Transcatheter Edge-to-Edge Repair Under Argatroban in IABP-Supported Acute Mitral Regurgitation With Suspected Heparin-Induced Thrombocytopenia.,Yurie Yoshikado; Takahiro Sawada; Hiroyuki Shimoura; Jun Mukai; Yuya Terao; Makoto Kadotani; Yoshio Onishi; Ken-Ichi Hirata,10.1016/j.jaccas.2026.109579,2026-08-01,JACC. Case reports,"Heparin-induced thrombocytopenia (HIT) is a prothrombotic immune-mediated complication that complicates cardiac surgery because cardiopulmonary bypass requires systemic heparinization. We report a case of acute severe mitral regurgitation (MR) complicated by clinically suspected HIT, in which conventional surgical repair was not feasible.
A 59-year-old man presented with acute severe MR due to chordal rupture and developed cardiogenic shock requiring intra-aortic balloon pump support. While awaiting surgery, his platelet count decreased from 262,000/μL to 23,000/μL. The 4Ts score was 6, and PF4/heparin antibody testing was positive, supporting clinically suspected HIT. Because cardiopulmonary bypass requiring systemic heparinization was considered prohibitively high risk, M-TEER was performed under continuous argatroban infusion. Two PASCAL Ace implants were successfully deployed, reducing MR from severe to trivial without thrombotic or bleeding complications. The patient recovered rapidly with immediate IABP removal and early extubation.
This case demonstrates that M-TEER under argatroban anticoagulation can be a feasible alternative when conventional surgery is precluded by suspected HIT and the anticipated challenges of anticoagulation during cardiopulmonary bypass.
M-TEER under argatroban may serve as a rescue strategy for critically ill patients with acute severe MR and suspected HIT when surgical management is not feasible."
PubMed,deep learning,First-stage assessment of AI-based anatomical measurement accuracy for the Cameriere European dental age estimation method.,Zehra Selin Karauğuz; Halenur Altan,10.1007/s00414-026-03950-7,2026-08-08,International journal of legal medicine,"This study represents the first methodological stage of a broader AI-assisted Cameriere European dental age estimation workflow. The aim of this first stage was to evaluate the performance of YOLOv8-based deep learning models in automatically detecting the anatomical landmarks and apical structures required for the Cameriere European method. Rather than directly estimating dental age, the proposed system was designed to automate the measurement-related inputs needed for subsequent Cameriere European-based age calculation.
This retrospective first-stage validation study included 4,050 panoramic radiographs of boys and girls aged 5-13 years. Two YOLOv8-based models were developed to automate the anatomical measurement components of the Cameriere European method: a YOLOv8x-pose model for open-apex landmark detection and tooth-length reference point localization, and a YOLOv8x-seg model for closed-apex segmentation. Owing to model-specific anatomical eligibility criteria, 3,796 images were used for the pose model and 2,971 images for the segmentation model. Image annotations were performed using CranioCatch software according to a standardized annotation protocol. Model outputs were compared with manual reference annotations to evaluate landmark detection, measurement-related localization, and apical segmentation performance.
In the YOLOv8x-pose model, mAP_0.5 = 0.963 and mAP_0.5:0.95 = 0.842 were achieved; recall was 0.928 and precision was 0.918. Error metrics were MAE = 0.0032, RMSE = 0.0045, SMAPE = 2.09%, and the coefficient of determination R² = 0.9992.
YOLOv8-based pose and segmentation models demonstrated technical feasibility for automating anatomical measurement extraction required for the Cameriere European dental age estimation method. Because dental age was not calculated in this first-stage analysis, the findings should be interpreted as measurement-level validation rather than complete dental age-estimation accuracy. Further validation is required to integrate AI-derived measurements into the Cameriere European formula and to compare AI-assisted dental age estimates with manual Cameriere-based assessment and chronological age."
PubMed,deep learning,Beyond the pelvic ring: benchmarking multi-bone segmentation for ROI-Guided fracture detection.,Siam Tahsin Bhuiyan; Rashedur Rahman; Sefatul Wasi; Halima Khatun; Manosh Sur Chowdhury; Riyadul Islam; Samiul Karim Mazumder; Naomi Yagi; Syoji Kobashi; Saadia Binte Alam,10.1038/s41598-026-47663-8,2026-08-07,Scientific reports,"Pelvic fractures are critical injuries associated with high mortality rates, yet accurate diagnosis using conventional radiography remains challenging due to complex anatomical overlaps. This study evaluates the impact of segmentation-guided preprocessing on fracture detection from pelvic X-rays by introducing a Multi-Bone Segmentation Method. Unlike traditional approaches that restrict analysis to the pelvic ring or treat the pelvis as a single region, our framework utilizes a transformer-enhanced U-Net to distinctly isolate nine individual pelvic bones, creating an anatomically precise input for downstream classification. For segmentation, the model was trained on PXR150 and evaluated on both PXR150 and externally on AMERI PXR, while classification models were trained and evaluated separately for each dataset. We benchmarked this approach against three methods: a Conventional (raw X-ray input) baseline, a Conventional ROI-Guided Method (binary segmentation), and a Reference Segmentation (manual annotation) to establish a performance upper bound. Using the public PXR150 and private AMERI PXR datasets, we demonstrated that segmentation-guided analysis consistently enhances diagnostic precision. The Proposed Multi-Bone Method outperformed the Conventional ROI-Guided Method, achieving higher Accuracy (81.30%, 95% CI: 79.70-82.90 and 83.20%, 95% CI: 78.74-87.66) and AUROC (0.822, 95% CI: 0.794-0.851 and 0.838, 95% CI: 0.792-0.884) across both datasets. By effectively filtering non-anatomical artifacts, the multi-bone strategy achieved performance metrics close to the manually annotated reference standard. GradCAM visualizations further confirmed that multi-bone segmentation aligns model activation with clinically relevant fracture sites, enhancing interpretability. These findings underscore that anatomical completeness in segmentation is a decisive factor in improving the reliability and explainability of automated fracture detection systems."
PubMed,deep learning,Automated CT Volumetry of Peripancreatic Collections for Risk Stratification in Acute Pancreatitis: A Multicenter Retrospective Study.,Siyuan Ouyang; Yujun Fan; Fuyao Liu; Qi Jiang; Ya Lan; Liming Yang; Hui Zhou; Yichao Xu; Wei Xing; Jie Chen; Jinggang Zhang,10.1016/j.acra.2026.07.036,2026-08-07,Academic radiology,"Extrapancreatic necrosis volume is an established prognostic marker in acute necrotizing pancreatitis, yet early diagnosis remains challenging and manual segmentation is labor-intensive. We developed and validated an automated CT volumetry tool for peripancreatic collections (PPCs) on contrast-enhanced CT (CE-CT) and evaluated its utility for early risk stratification.
This retrospective study initially screened 520 patients with acute pancreatitis and ultimately included 394. Patients from the primary center (n = 303) were temporally divided into a development cohort (n = 198) for model construction and an internal test cohort (n = 105). An additional 91 patients from two external hospitals formed the external test cohort. Using manual segmentations verified by two radiologists as the reference standard, model performance was assessed via Dice coefficients and Pearson correlation. Multivariable logistic regression and receiver operating characteristic (ROC) analyses evaluated the association between automated PPC volume and the primary outcome (organ failure) as well as the exploratory secondary outcome (infection).
The development, internal test, and external test cohorts included 198, 105, and 91 patients, respectively (mean age, 46 years; range, 18-90). In the external test cohort, automated segmentation showed excellent agreement with manual assessment [Dice coefficient, 0.89 (95% CI: 0.87-0.90); Pearson r = 0.99 (95% CI: 0.97-1.00; P < 0.001)]. Automated peripancreatic collection (PPC) volume (per 100 mL) was independently associated with organ failure and infection in both test cohorts (all P ≤ 0.006). In the external test cohort, automated PPC volume demonstrated strong performance for risk stratification of organ failure (AUC: 0.82 vs. modified CT severity index [mCTSI]: 0.73) and infection (AUC: 0.79 vs. mCTSI: 0.72). It also significantly outperformed mCTSI in the internal test cohort for both outcomes. The framework was substantially faster than manual segmentation (median, 25.2 s vs. 12.4 min per patient; P < 0.001) and surpassed radiologists' subjective binary classification (low vs. high PPC burden).
This deep learning framework enables rapid, fully automated PPC volumetry on CE-CT and provides clinically meaningful risk stratification for organ failure and infection in patients with acute pancreatitis and early peripancreatic collections."
PubMed,deep learning,AI Designed Conformation Locking Peptides Target STING to Restore Diabetic Wound Healing.,Xinyu Li; Haojie Fu; Zhe Wang; Xuanzhou Chen; Ruhong Zhang; Xudong Wang; Louis D Zhang; Xiang Li; Datao Li,10.1002/advs.76849,2026-08-07,"Advanced science (Weinheim, Baden-Wurttemberg, Germany)","Diabetic foot ulcers are a major complication of diabetes characterized by persistent inflammation and impaired tissue repair, in part driven by aberrant activation of the cGAS-STING innate immune pathway. Precision immunomodulation in the protease-rich wound microenvironment remains challenging because therapeutic efficacy requires both localized retention and responsiveness to pathological cues. Here, we developed an integrated AI-to-biomaterial strategy for diabetic wound repair by coupling generative AI-guided peptide discovery with microenvironment-responsive local delivery. A structure-guided deep-learning pipeline integrating RFDiffusion, ProteinMPNN, and AlphaFold2-multimer identified SCP-1, a conformation-locking peptide designed to stabilize the inactive STING dimer. To enable therapeutic translation, SCP-1 was incorporated into a dual-responsive hydrogel (Gel-SCP-1) that provides in situ gelation and MMP-9-triggered release in the wound bed. Gel-SCP-1 suppressed STING-TBK1-IRF3 signaling, reduced inflammatory and oxidative stress, promoted reparative macrophage polarization, and enhanced angiogenic activity. In a full-thickness excisional wound model in db/db diabetic mice, Gel-SCP-1 significantly accelerated wound closure and improved tissue regeneration, including enhanced re-epithelialization and collagen remodeling. These findings establish an AI-to-biomaterial therapeutic paradigm for precision immunoregenerative therapy in chronic diabetic wounds."
PubMed,deep learning,"Multi-modal ensemble learning prediction of anti-TNF treatment response in pediatric patients with Crohn's disease using clinical, radiomic, and deep learning MR enterography features.",Hailong Li; Zhixiu Lu; Nicholas Denson; Wen Pan; Julia Smith; Ryan Murphy; Emily R Miraldi; Alexander G Miethke; Jasbir Dhaliwal; Lee A Denson; Lili He; Jonathan R Dillman,10.1093/ibd/izag156,2026-08-07,Inflammatory bowel diseases,"Anti-tumor necrosis factor (TNF) medical therapy is a major advancement for Crohn's disease (CD) management, yet many patients fail to respond. This study aims to develop and evaluate a multi-modal ensemble model to predict anti-TNF treatment response in pediatric patients with CD using pre-treatment magnetic resonance enterography (MRE) and non-imaging clinical data.
This retrospective study included 92 pediatric CD patients (median [IQR] age, 14.6 [12.7, 16.6] years; 65.2% male; 37 responders and 55 non-responders) who underwent MRE within 3 months before initiating anti-TNF therapy between 2009 and 2021. Responders achieved mucosal healing within 36 months; non-responders did not, underwent surgery, or changed therapy. Four pre-treatment feature sets were used: (1) radiologist MRE assessment, (2) radiomic features from bowel regions, (3) deep learning features from representative bowel images, and (4) non-imaging clinical features. A 2-stage stacking ensemble model was trained and evaluated. The area under the receiver operating characteristic curve (AUROC) was the primary performance metric.
The multi-modal ensemble model integrating all MRE-based features achieved an AUROC of 0.771 [95% confidence intervals (CI): 0.745, 0.797], outperforming models using individual feature types (radiologist assessment: 0.706 [0.691, 0.721]; radiomic: 0.710 [0.691, 0.729]; deep learning: 0.724 [0.700, 0.749]). Combining MRE and clinical features (0.739 [0.696, 0.781]) achieved the highest AUROC of 0.817 [0.793, 0.842], though not significantly (P = .10). Radiomic features reflecting intensity distribution and texture heterogeneity were most predictive of treatment response.
A multi-modal ensemble model combining MRE-based radiologist assessment, radiomic, deep learning, and clinical features accurately predicted anti-TNF treatment response in pediatric CD patients."
PubMed,deep learning,AI-Powered Automated Visual Inspection of IV Bags: A Real-World Case Study: Poster Presented at PDA Week 2026.,Francesco Brazzarola; Luca Vescovi; Beatrice Balboni; Arianna Cella; Alessandro Mazzocchi; Federica Sartori,10.5731/pdajpst.2026.26402,2026-08-07,PDA journal of pharmaceutical science and technology,"A high-volume IV bag line with variable printing faced ongoing false rejects, prompting deployment of an AI-powered automated visual inspection (AVI) system from concept to production floor. The AVI system learns to distinguish subtle print artifacts from true particulates in real time, preserving print legibility while reducing misclassifications caused by printing variability, bag deformation, and lighting. The program progressed from concept through design, proof-of-concept testing, scale-up, FAT, SAT, and production qualification and validation. The AVI architecture blends deep learning defect detection with high-quality image capture and integrates with existing MES/packaging controls to gate good product and flag anomalies without slowing throughput. Practical design questions were addressed: camera placement, illumination strategies, data management and labeling, and model training and validation. Regulatory alignment (IQ/OQ/PQ, change control, GMP) underpins lifecycle management for AI-enabled inspection, including retraining and performance monitoring. Real-world learnings cover key design choices, maintenance strategies, and deployment milestones to sustain performance in continuous production. Expected outcomes include lower false rejects, improved detection of particulates on challenging flexible bag formats, and enhanced line efficiency while maintaining compliance."
PubMed,deep learning,PepOSX-AI: CPP - an interpretable transformer-based deep learning model for prediction of cell-penetrating peptides.,Haowen Chen; Weiwei He; Kaiyan Feng; Rong Xu; Sheng Yin; Lin Zheng; Jing Chen; Mouming Zhao; Jucai Xu; Lijun You,10.1016/j.aca.2026.345991,2026-10-08,Analytica chimica acta,"Cell-penetrating peptides (CPPs) are short-chain molecules capable of enhancing the transmembrane delivery of bioactive substances, displaying extensive application potential in the delivery of functional components and the improvement of their bioavailability. Traditional CPP discovery methods, however, rely on a tedious, step-by-step screening process involving cell and animal experiments, which is highly inefficient.
The deep-learning model, PepOSX-AI: CPP, was developed based on the Transformer architecture and integrative features of six physicochemical descriptors. This involved a series of explorations of model parameters and automated hyperparameter optimization. The model achieved a high area under the curve (AUC) of 0.914 on the dataset. Furthermore, the model effectively captured long-range dependencies in amino acid sequences through a self-attention mechanism, enabling the interpretability of attention patterns. This capability facilitates the identification of key sequence features influencing peptide penetration ability.
In comparison to some existing CPP prediction models, PepOSX-AI: CPP demonstrated an accuracy of 91.00% on the application test set, highlighting its acceptable predictive performance. It provides a novel computational tool and theoretical basis for the screening of CPPs. Based on these findings, an online platform was also developed to facilitate user application."
PubMed,deep learning,Use of Artificial Intelligence for Duodenal Biopsy for Celiac Disease: Developing a Prediction Model for Histopathology Diagnosis.,Claire L Jansson-Knodell; Erica Savage; Katherine Poissant; Matthew Kerosky; Ivan Yu; Rich Fong; Jarrod E Dalton; Scott Robertson; Alberto Rubio-Tapia,10.1016/j.cgh.2026.07.021,2026-08-07,Clinical gastroenterology and hepatology : the official clinical practice journal of the American Gastroenterological Association,"Duodenal biopsy combined with tissue transglutaminase (tTG-IgA) antibodies is the gold standard for celiac disease diagnosis. Issues with biopsy include artifacts, poorly oriented specimens, inter-observer reliability, and pathologist shortages. Artificial intelligence may address these challenges. We aimed to determine if deep learning-based image analysis can be used on duodenal biopsies to accurately diagnose celiac disease.
The study population was individuals with a duodenal biopsy and tTG-IgA antibody from 2008-2021. Inclusion criteria were adults ≥18 years. Exclusion criteria were those following a gluten-free diet. Patients were grouped into 5 categories: normal, celiac disease, increased intraepithelial lymphocytes (IELs) only, IELs with a positive tTG-IgA antibody, and seronegative villous atrophy. Whole-slide images were obtained. Clustering-constrained attention multiple-instance learning was the deep learning algorithm used. The dataset was split into training, validation, and testing splits with 10-fold cross validation.
A total of 2,406 whole-slide images from >2100 patients were included: 1290 normal, 414 celiac disease, 450 IELs only, 89 IELs with a positive TTG-IgA, and 163 with seronegative villous atrophy. For all categories, the average AUC was 0.872 with an accuracy of 74%. The model reliably differentiated celiac disease from normal with average AUC 0.992 and accuracy 97%. To distinguish celiac disease from seronegative villous atrophy the average AUC was 0.810 with accuracy 76%.
This deep learning model can discriminate between celiac disease and normal histology. It can also separate patients into 5 classifications, representing a promising tool that would benefit from further optimization to improve diagnostic accuracy, reduce the manual pathology review burden, and enhance resource management."
PubMed,deep learning,An Explanatory Deep Learning Pipeline for the Prediction and Visualization of Spatially Resolved Biomarker Expression in Triple-Negative Breast Cancer.,Vibha R Rao; Madhumala K Sadanandappa; Candice C Black; Scott M Palisoul; Adrienne A Workman; Todd A MacKenzie; Xiaoying Liu; Mary D Chamberlin; Louis J Vaickus; George J Zanazzi; Shrey S Sukhadia,10.1016/j.ajpath.2026.07.007,2026-08-07,The American journal of pathology,"Histopathologic evaluation remains central to cancer diagnosis and treatment planning, yet the molecular programs underlying distinct tissue morphologies aren't routinely accessible in clinical workflows. Spatial transcriptomic/proteomic platforms provide region-specific molecular measurements but are limited by cost, throughput, and scalability. Most computational pathology models rely on either bulk tissue-based gene expression or a focused gene/protein expression-panel prediction, thereby obscuring subregion-specific morpho-molecular relationships and limiting spatial interpretation of a wider gene/protein expression network. This limitation is particularly significant in triple-negative breast cancer (TNBC), which exhibits pronounced spatial heterogeneity across tumor, stroma, and immune compartments. We developed X-SPATIO, a spatially compatible computational pipeline designed to directly link hematoxylin and eosin (H&E) morphology with region-matched mRNA and protein expression. The model was trained on H&E-defined regions of interest paired with spatially-resolved omics data obtained from GeoMx Digital Spatial Profiling. Using a multiple-instance learning approach, X-SPATIO captures morpho-molecular associations, generating spatio-morphologic attention maps that indicate predictive tissue regions. X-SPATIO demonstrated strong performance across biologically relevant spatial biomarkers, achieving area under the curve values ranging from 0.79-0.97. Attention maps revealed spatial patterns consistent with known biology, indicating alignment between learned features and tissue organization. By integrating spatial molecular ground truth with routine histopathology, X-SPATIO enables cost-effective inference of spatial biomarker expression and establishes a foundation for biologically grounded discovery and precision oncology in TNBC."
PubMed,deep learning,Associations Between Deep Learning-Derived Infrapatellar Fat Pad Volume on MRI with Cartilage Thickness and Imaging Features of Knee Osteoarthritis: Data from the Osteoarthritis Initiative.,Adrian A Marth; Felix Liu; Gabby B Joseph; Romy Zwerin; Sharmila Majumdar; John A Lynch; Nancy E Lane; Michael C Nevitt; Charles E McCulloch; Thomas M Link,10.1016/j.joca.2026.08.001,2026-08-07,Osteoarthritis and cartilage,"To investigate associations between infrapatellar fat pad volume (IPFPVol) measured on MRI with imaging features of knee osteoarthritis.
This cross-sectional study used baseline data from the Osteoarthritis Initiative. IPFPVol was quantified using a deep learning algorithm for automatic volumetric IPFP segmentation. Outcomes by subregion included cartilage thickness in the lateral tibia (LT), medial tibia (MT), lateral femur (LF), medial femur (MF), and patella, along with Whole-Organ Magnetic Resonance Imaging Score (WORMS) scores for cartilage, bone marrow edema-like lesions (BMELL), and menisci across the same subregions and the trochlea. Linear regression models included an interaction term between IPFPVol and subregion. When interactions were significant, subregion-specific associations were estimated. Models were adjusted for relevant confounders.
A total of 4,257 participants were included in the final analysis. Significant interactions between IPFPVol and subregion were observed for cartilage thickness and all three WORMS scores (all p<0.001). Larger IPFPVol was associated with greater cartilage thickness in the patella (β = 0.011 mm per cm³; 95% CI, 0.006 to 0.016) and LT (β = 0.015 mm per cm³; 95% CI, 0.010 to 0.019). For WORMS, larger IPFPVol was associated with lower cartilage lesion scores in the patella (β = -0.036 points per cm³; 95% CI, -0.061 to -0.010), LF (β = -0.058 points per cm³; 95% CI, -0.076 to -0.039), and LT (β = -0.079 points per cm³; 95% CI, -0.099 to -0.060), along with lower BMELL scores in the LT (β = -0.027 points per cm³; 95% CI, -0.036 to -0.018) and lower lateral meniscus scores (β = -0.054 points per cm³; 95% CI, -0.070 to -0.037).
Larger IPFPVol was associated with greater patellofemoral cartilage thickness and less cartilage damage on WORMS scores in the patellofemoral and lateral tibiofemoral joint. These findings highlight the subregion-specific relationships between IPFP volume and knee osteoarthritis features."
PubMed,deep learning,Artificial intelligence of things-enhanced automated surveillance system for global antimicrobial resistance in food supply chain.,Jinxin Liu; Marti Z Hua; Xinyu Yan; Luyao Ma; Shenmiao Li; Yang Wang; Tian Yang; Yihan He; Michael E Konkel; Greta Gölz; Thomas Alter; Jinsong Feng; Qian Liu; Xiaonan Lu,10.1016/j.jare.2026.08.019,2026-08-07,Journal of advanced research,"Antimicrobial resistance (AMR) threatens food safety across the farm-to-fork continuum. Real-time surveillance is crucial to mitigate its global escalation, yet conventional antimicrobial susceptibility testing (AST) remains slow, labor-intensive, and impractical for large-scale monitoring.
We developed an Artificial Intelligence of Things (AIoT)-integrated multiplex microfluidic platform enabling automated AMR surveillance ofpathogens in food supply chain.
Each node combines a single-board AIoT controller (Orange Pi 5B), portable incubator, colorimetric microfluidic chips, and environmental sensors, reducing costs by 98% compared with standard AST. A lightweight YOLO model embedded in the controller achieved > 99% accuracy in identifying bacterial growth and inhibition under antibiotic pressure, showing 96% and 95% agreement with standard results forSalmonella andCampylobacter, respectively. Data are synchronized to a cloud server for real-time aggregation and early resistance warning.
This fully automated and low-cost system minimizes human error and workload, providing a scalable sample-to-answer solution for AMR surveillance in global agri-food system."
PubMed,deep learning,Slide-DML: Sliding-window-based Estimation of Heterogeneous Treatment Effects.,Zhizhong Fu; Zheng Gong; Zhan Shen; Shuaiting Yao; Xiaorong Ding; Yifan Chen,10.1088/1361-6579/ae9713,2026-08-07,Physiological measurement,"Heterogeneous treatment effect (HTE) is an important method for studying treatment effects between features in physiological measurements. This study proposes a new method for estimating HTE in physiological measurements, namely slide-windowbased double machine learning (slide-DML). HTE exhibit covariate dependence, therefore demonstrate different treatment effect under varying conditions. Current non-parametric methods for estimating HTE have complex computational mechanisms, limiting their applicability in realistic scenarios.
Slide-DML estimate HTE by sliding windows to capture local similarity in heterogeneous features, combined with machine learning algorithms.
We investigate the feasibility of the proposed method through simulations using synthetic data generated from statistical models. The simulation results indicate a mean square error of 0.006 in statistical models data, which is superior to machine learning-based HTE estimation methods. In the semi-synthetic data experiments, the proposed method achieved a root mean squared error of 3.526, outperforming other machine learning-based and deep learning-based approaches. Furthermore, real-life measurements demonstrate that the predictive outcomes of this method are more aligned with clinical reasoning and possess better interpretability.
Slide-DML can effectively and accurately predict HTE. Clinical and Translational Impact Statement: We propose a new method for estimating HTE using physiological measurement devices, which enables a better analysis of the impact of heart rate on blood pressure estimation in photoplethysmogram. This approach can assist doctors in making more effective health plans in home healthcare settings."
PubMed,deep learning,PlantCAD2: A DNA foundation model for interpreting genomes across flowering plants.,Jingjing Zhai; Aaron Gokaslan; Sheng-Kai Hsu; Szu-Ping Chen; Zong-Yan Liu; Edgar Marroquin; Eric Czech; Betsy Cannon; Ana Berthel; M Cinta Romay; Matt Pennell; Volodymyr Kuleshov; Edward S Buckler,10.1016/j.xgen.2026.101329,2026-08-07,Cell genomics,"Flowering plants (angiosperms) exhibit extraordinary species diversity, ∼200-fold variation in genome size, and relatively compact coding regions, presenting both a unique challenge and opportunity for DNA language models. Here, we introduce PlantCAD2, an extended-context, plant-specific DNA language model with single-nucleotide resolution, pre-trained on 65 angiosperm genomes, together with a series of public benchmarks for evaluation. Comprehensive zero-shot testing shows that PlantCAD2 (676 million parameters) efficiently captures evolutionary conservation, surpassing the 7-billion-parameter Evo2 in 10 of 12 tasks. With parameter-efficient fine-tuning, PlantCAD2 outperforms the 1-billion-parameter AgroNT across seven cross-species tasks including chromatin accessible region, gene expression, and protein translation. Its 8,192-bp context window substantially improves accessible chromatin prediction in large genomes such as maize (area under the precision-recall curve [AUPRC] increasing from 0.587 to 0.711), underscoring the importance of long-range context for modeling distal regulation. These results establish PlantCAD2 as a powerful and versatile foundation model for plant genome annotation and interpretation across diverse species."
PubMed,deep learning,Multi-modal AI-enabled steatotic liver disease diagnostics using facial images and metabolomics.,Yuanxu Gao; Kai Wang; Yu Ke; Zixin Zou; Guohui Wei; Fangfei Wang; Winston Wang; Gen Li; Manson Fok; Stephan Beck; Io Nam Wong; Kang Zhang,10.1016/j.xcrm.2026.102971,2026-08-07,Cell reports. Medicine,"Steatotic liver disease (SLD) affects one-third of the global population, yet current non-invasive diagnostic methods are too costly or operator-dependent for population-scale screening. Here, we present 3D-FAICE, a deep learning system that uses three-dimensional facial imaging for non-invasive SLD detection. Trained and tested on 11,456 participants, the facial model achieves robust performance across internal, external, and self-controlled longitudinal cohorts and remains effective in a smartphone-based point-of-care setting. Metabolomic analysis reveals that facial risk scores correlate with glycolipid and amino acid pathways, supporting biological plausibility. Multimodal fusion of facial and metabolomic data further improves accuracy, and a cross-modal distillation strategy significantly elevates the performance of the facial-only model. These findings establish facial image-based AI as a non-invasive, scalable, and privacy-aware tool for SLD screening, with potential applications in self-monitoring and population health management."
PubMed,deep learning,Deep learning-based control of electrically evoked activity in human visual cortex.,Pehuén Moure; Jacob Granley; Fabrizio Grani; Leili Soo; Antonio Lozano; Rocío López-Peco; Adrián Villamarín-Ortiz; Cristina Soto-Sánchez; Shih-Chii Liu; Michael Beyeler; Eduardo Fernández,10.1016/j.neuron.2026.07.006,2026-08-07,Neuron,"Visual cortical prostheses offer a promising path to sight restoration, but current systems elicit crude, variable percepts and rely on manual electrode-by-electrode calibration that does not scale. These limitations reflect a deeper challenge: electrical microstimulation evokes nonlinear, state-dependent population responses in the human visual cortex, complicating the link between stimulation and perception. Here, we present a deep learning framework that leverages a bidirectional cortical implant to causally shape stimulation-evoked population activity in the human visual cortex. The framework, trained on trial-resolved neural recordings, supports two complementary control strategies: a learned inverse network for real-time stimulation synthesis and a gradient-based optimizer for precise targeting. Both outperform conventional methods, achieve targets at lower stimulation currents, and elicit more consistent perception. Achievable responses lie on the intrinsic low-dimensional manifold of cortical activity, and recorded population activity predicts reported percepts substantially better than stimulation parameters alone. Together, these results provide a population-level foundation for linking microstimulation, cortical activity, and perception in the human visual system."
PubMed,deep learning,Differentiating behavioural variant frontotemporal dementia from misdiagnoses by deriving atrophy through deep-learning-based CT to MRI synthesis: A proof-of-concept study.,Joshua Flavell; Thomas B Shaw; Benignus Logan; Emily Gm Ahern; Caitlin At McElligott; Peter J Nestor,10.1016/j.ejrad.2026.113128,2026-07-31,European journal of radiology,"Differentiating behavioural variant frontotemporal dementia (bvFTD) from psychiatric misdiagnoses of the disease (often referred to as 'phenocopies') remains a major diagnostic challenge, particularly at early presentation. Although Fluorodeoxyglucose Positron Emission Tomography (FDG-PET) is often used in such cases, concomitantly acquired serial computed tomography (CT) scans are typically not analysed quantitatively for atrophy. We investigated whether longitudinal CT data could be used to distinguish bvFTD from psychiatric misdiagnoses of bvFTD, using an automated image-processing pipeline.
In this retrospective proof-of-concept study, 112 patients from a tertiary cognitive disorders clinic who were referred with suspected bvFTD; had behavioural syndromes compatible with bvFTD; and had serial CT imaging available were screened. After image quality control, 30 patients with bvFTD and 30 psychiatric misdiagnoses of bvFTD were included. Longitudinal regional volume statistics were extracted using SynthSR for CT to Magnetic Resonance Imaging (MRI) synthesis and FastSurfer (longitudinal stream) for segmentation.
Annualised whole frontotemporal atrophy normalised to intracranial volume (Δ(wFT/eTIV)) and its anterior subregion counterpart (Δ(aFT/eTIV)) both significantly differed between groups after FDR correction (all q < 0.001). Δ(wFT/eTIV) showed a large effect size (Hedges' g = -1.14) and yielded an optimism-corrected area under the curve of 0.79 (95 % CI 0.66-0.89), with 80 % sensitivity, 70 % specificity, and 75 % accuracy at the Youden-optimal cutoff. Higher-resolution CT acquisitions were associated with improved synthetic MRI quality metrics.
In this proof-of-concept study, the findings show that longitudinal analysis of routinely acquired CT scans can capture disease-relevant atrophy trajectories and may provide a practical adjunct for differentiating bvFTD from psychiatric misdiagnoses of bvFTD, provided image quality and longitudinal consistency are sufficient. This approach can re-purpose routinely acquired CT and could potentially be incorporated in dementia pathways to improve bvFTD diagnosis."
PubMed,deep learning,Self-supervised reconstruction framework via motion- and physics-informed learning for four-dimensional magnetic resonance fingerprinting.,Chenyang Liu; Lu Wang; Xiang Wang; Peilin Wang; Weihang Liao; Fan Zhang; Ziyi Zeng; Xinzhi Teng; Jiarui Zhu; Junyi Yan; Yat-Lam Wong; Victor Ho-Fun Lee; Peng Cao; Jing Qin; Tian Li; Jing Cai,10.1016/j.media.2026.104240,2026-08-03,Medical image analysis,"Four-dimensional magnetic resonance fingerprinting (4DMRF) provides multi-parametric and motion-resolved tissue property quantification, promising to enhance the precision of liver cancer radiotherapy. However, its clinical translation is hindered by prolonged reconstruction time. Deep learning acceleration is fundamentally constrained by the lack of ground-truth 4D data. To this end, we propose SS-4DMRF, the first self-supervised reconstruction framework for 4DMRF, to reconstruct motion-resolved tissue maps without using supervised image labels. SS-4DMRF features a core temporal low-rank-constrained registration (TelReg) network for precise motion modeling. It leverages the intrinsic low-rank compressibility of respiratory motion and is directly self-supervised by the original highly undersampled k-space data and the derived subspace images. Motion-resolved tissue maps are reconstructed using a motion-informed compensation approach via a physics-informed pattern matching (PiPM) network. PiPM network incorporates novel multi-scale Swin Transformers with Bloch-equation-guided subspace denoising to achieve high-fidelity tissue quantification. SS-4DMRF was validated on digital phantom (n=30) and in vivo liver cancer patient (n=33) datasets. Compared to state-of-the-art 4DMRF methods, SS-4DMRF demonstrated superior tissue quantification and motion measurement accuracy. It achieved significantly reduced NRMSE in 4D tissue property quantification and improved inter-phase structural repeatability in 4D motion characterization (Paired Student's t-tests, p<0.001). The measured tumor motion trajectory presented strong Peason correlation with motion reference (r=0.939±0.057). Crucially, SS-4DMRF achieves this dual improvement in accuracy with a 10-fold acceleration in reconstruction time compared with conventional 4DMRF methods. By enabling rapid, precise, and motion-resolved quantitative imaging, SS-4DMRF advances the precision of liver cancer radiotherapy and establishes a clinically feasible platform for abdominal quantitative MRI in oncology."
PubMed,deep learning,DAFNet: A multi-modal deep learning model based on whole-lung CT for the automated prediction of the air space spread of lung adenocarcinoma.,Jirui Guo; Shizheng Qiu; Huanyu You; Huiting Zhang; Haozheng Liang; Ping Wang; Zhishuai Zhang; Wei Meng; Yang Hu,10.1016/j.lungcan.2026.109557,2026-08-01,"Lung cancer (Amsterdam, Netherlands)","Spread through air spaces (STAS) is a characteristic invasive pattern of lung adenocarcinoma (LUAD), which is associated with a high recurrence rate and poor prognosis. This research introduced the automatic deep learning multimodal detection network (DAFNet) for predicting STAS based on preoperative whole-lung CT scans. In contrast to conventional approaches necessitating manual tumor delineation, DAFNet performs comprehensive end-to-end analysis of pulmonary imaging data through integrated multimodal data fusion and multiscale feature extraction methodologies. A retrospective analysis was performed on 1164 patients with LUAD (511 STAS-positive and 653 negative) from two centers, with a training-to-test split ratio of 70:30 (814 in training set and 350 in test set). In the test set, DAFNet demonstrated an area under the receiver operating characteristic curve (AUROC) of 0.90 (95% confidence interval 0.86-0.94), significantly outperforming predictive models utilizing clinical examination numerical data alone (AUROC 0.72) and radiomics features independently (AUROC 0.65). The implementation of an adaptive gate fusion mechanism combined with a DINOv3-based pre-trained architecture substantially improved predictive accuracy for STAS status determination. These findings establish DAFNet as a promising fully automated, non-invasive diagnostic tool for preoperative STAS prediction in lung adenocarcinoma, thereby advancing personalized surgical planning and promoting AI-driven oncological applications through enhanced clinical translation potential."
PubMed,deep learning,F2Mamba: Fine-grained forgery-aware Mamba for image manipulation localization.,Zi-Ying Zhao; Nan-Run Zhou; Ya-Yuan Luo; An-Wei Luo,10.1016/j.neunet.2026.109473,2026-08-05,Neural networks : the official journal of the International Neural Network Society,"Image Manipulation Localization (IML) aims to precisely identify forged regions within an image at the pixel level, which is crucial for preventing the spread of misinformation that may pose potential threats to public safety. Recent Transformer-based methods can model long-range dependencies to capture global forgery features, however, they usually require heavy computation and overlook local fine-grained details that are essential for forensic analysis. To address these limitations, we propose a Fine-grained Forgery-aware Mamba (F2Mamba) that can efficiently and accurately localize potential manipulations. Specifically, F2Mamba learns multi-scale global features at low computational cost with the linear-complexity global modeling capability of VMamba. The Fine-grained Forgery-aware Adapter (FFA) is further introduced to adaptively fuse local critical details with global representations during decoding, which facilitates the recovery of fine-grained information lost in the earlier feature learning stage. Additionally, a Forgery-Guided Refinement Decoder (FRD) is designed at the final decoding stage to calibrate boundary errors by performing iterative Conditional Random Field (CRF) refinement, effectively suppressing checkerboard artifacts and improving localization precision. Extensive experiments on diverse datasets show that F2Mamba achieves an average F1 score of 69.92% and an average IoU score of 61.26%, demonstrating strong generalization capability compared with state-of-the-art IML models. Code is available at: https://github.com/ii-zy/F2Mamba."
PubMed,deep learning,Entropy-aware filtering and hierarchical attention: A hybrid neural framework for fine-grained user satisfaction modeling.,Huiran Liu; Zheng Wang; Zhiming Fang,10.1016/j.neunet.2026.109435,2026-08-01,Neural networks : the official journal of the International Neural Network Society,"With the rapid proliferation of internet-based applications, the volume of user-generated reviews has grown dramatically. Effectively extracting users' perspectives and emotional dispositions from this massive, heterogeneous text data poses significant challenges. This paper presents a novel multi-dimensional satisfaction analysis framework that integrates sentiment analysis with fuzzy decision-making. The sentiment analysis module comprises three key components: (i) an entropy-based mechanism for information usefulness prediction (IUP), (ii) hierarchical feature extraction using PERT-enhanced BERT encoders, and (iii) a sentiment value prediction model based on BERT-wwm-ext with a hierarchical attention-gated network. The fuzzy decision-making component leverages attribute weighting and an enhanced aggregation ranking strategy to compute user satisfaction. The proposed framework addresses limitations of traditional vote-based usefulness metrics and mitigates noise from redundant content. Extensive experiments on 18,559 user reviews from mobility travel service systems (MTSS) demonstrate that the model outperforms 12 baselines by 1.4%-5.6% across accuracy, F1-score, and AUC. This work provides a robust approach for fine-grained user emotion modeling and multi-attribute satisfaction evaluation in complex real-world scenarios."
Crossref,aortic stenosis,Microscopic anatomy of the heart and aortic crest of the sea hare Aplysia depilans (Gastropoda: Euopisthobranchia),Alexandre Lobo-da-Cunha,10.1016/j.tice.2026.103817,2027-02,Tissue and Cell,
Crossref,aortic stenosis,Serum sialic acid is independently associated with cerebrovascular atherosclerotic stenosis severity and total vascular burden: A retrospective cohort study,Qi Cai; Chunjiao Yang; Lei Luo; Yinfei Huang; Yu Xie; Xin Liang; Renwei Zhang; Yumin Liu,10.1016/j.cca.2026.121217,2027-01,Clinica Chimica Acta,
Crossref,aortic stenosis,Modeling calcific aortic valve disease with engineered human valve tissues identifies SAMHD1 as a therapeutic target,Xiangfu Meng; Qian Zhou; Zijin Zhu; Weihua Qiao; Bingchuan Geng; Zhengfeng Fan; Ruxiang Wang; Shanqing Gao; Yanyan Zhou; Pengcheng Yang; Nianguo Dong; Yan Qi; Donghui Zhang,10.1016/j.biomaterials.2026.124432,2027-01,Biomaterials,
Crossref,aortic stenosis,Staged Full-endoscopic Foraminotomy for Multilevel Lumbar Stenosis with Scoliosis: A Case Report,Takayuki KITAHARA; Yuji NAGAO; Takafumi OHSHIMA; Naoto ONO; Saori SOEDA; Makoto TAKEUCHI; Kosuke SUGIURA; Hiroaki MANABE; Masatoshi MORIMOTO; Fumitake TEZUKA; Hiroshi KAGEYAMA; Junzo FUJITANI; Koichi SAIRYO,10.2176/jns-nmc.2025-0339,2026-12-31,NMC Case Report Journal,
Crossref,aortic stenosis,Two Cases of Lumbar Spinal Canal Stenosis with Dorsal Meningovertebral Ligaments: Potential Risk of Dural Laceration,Kyohei KIN; Ryoji TOMINAGA; Kento TAKEBAYASHI; Hiroki IWAI; Hisashi KOGA,10.2176/jns-nmc.2025-0354,2026-12-31,NMC Case Report Journal,
Crossref,aortic stenosis,Intraoperative Near-infrared Spectroscopy Findings Reflecting Cerebrovascular Autoregulation during Staged Angioplasty for Severe Carotid Artery Stenosis: A Case Report,Norihiro IWAMOTO; Shin-Ichiro OSAWA; Norio NARITA; Hiroyuki SAKATA; Hidenori ENDO,10.2176/jns-nmc.2025-0403,2026-12-31,NMC Case Report Journal,
Crossref,aortic stenosis,"Non-A, non-B aortic arch dissection with atypical presentation, ambiguous CTA findings, and therapeutic dilemma",Mohammed Abrahim; Alina Pace; Ryan D'Sa,10.1016/j.ajem.2026.07.054,2026-12,The American Journal of Emergency Medicine,
Crossref,aortic stenosis,Deep learning-based multimodal fusion of vibrational spectroscopy and clinical data for aortic dissection diagnosis and prognosis,Guangyao Ma; Lei Yan; Xuguang Zhou; Hui Yang; Chen Chen; Jing Tao; Hao Liu; Cheng Chen; Yining Yang,10.1016/j.saa.2026.128391,2026-12,Spectrochimica Acta Part A: Molecular and Biomolecular Spectroscopy,
Crossref,aortic stenosis,Shear-driven platelet activation in pulsatile microflows: Effects of stenosis curvature revealed by an integrated CFD–microfluidic platform,Sololo Kebede Nemomsa; Suhwan Lee; Jae Min Song; Tao Cai; Dong Kim; Eunseop Yeom,10.1016/j.ijengsci.2026.104646,2026-12,International Journal of Engineering Science,
Crossref,aortic stenosis,Vasodilatory study of Mitragyna speciosa (Korth.) Havil methanolic extract using rats aortic ring assay,Hui Wei Loh; Wan Yin Tew; Chong Seng Yan; Chi Yuan Low; Zurina Hassan; Qiyue Qiu; Bin Yang; Zheng Zhang; Ruiling Zhang; Nelson Jeng Yeou Chear; Mun Fei Yam,10.1016/j.jep.2026.122057,2026-12,Journal of Ethnopharmacology,
Crossref,aortic stenosis,Step-by-step En face O red oil method for aortic plaque staining and quantification in ApoE knockout mouse,Nurin Yasmin Mohd Khairudin; B. Vimala R.M.T Balasubramaniam; Suhaila Abd Muid; Nurdiyana Nasrudin; Nasibah Azme,10.1016/j.mex.2026.104020,2026-12,MethodsX,
Crossref,aortic stenosis,Left main coronary artery stenosis assessment on coronary CT angiography,Mahdi Zahedi; Pooya Eini; Mohammad Javad Alemzadeh-Ansari; Marzieh Motevalli; Amirafraz Fallah Najmabadi; Golnaz Houshmand,10.1016/j.ejro.2026.100803,2026-12,European Journal of Radiology Open,
Crossref,aortic stenosis,First French case of native aortic valve infective endocarditis due to Staphylococcus pasteuri,Guillaume Pocheron; Claire Duployez; François Beze; Rémi Leroy; Denis Dubois; Serena Sibilio; Caroline Loïez; Rémi Le Guern; Frédéric Wallet,10.1016/j.diagmicrobio.2026.117592,2026-12,Diagnostic Microbiology and Infectious Disease,
Crossref,aortic stenosis,Physician-Modified Fenestrated Stent-Grafts Planned Using Three-Dimensional Techniques for Complex Aortic Pathology: A Systematic Review and Meta-Analysis,Patryk Skórka; Karol Miler; Marta Ziętara; Piotr Gutowski; Arkadiusz Kazimierczak; Paweł Rynio,10.1016/j.avsg.2026.06.032,2026-11,Annals of Vascular Surgery,
Crossref,aortic stenosis,Cost-effectiveness of transcatheter aortic valve replacement in patients with severe aortic stenosis and low surgical risk: perspective of a middle-income country's public health system,Guilherme Augusto Reissig Pereira; Carisi Anne Polanczyk; Ana Paula Beck da Silva Etges; Rodrigo Petersen Saadi; Eduardo Gehling Bertoldi,10.1016/j.ijcard.2026.134673,2026-11,International Journal of Cardiology,
Crossref,aortic stenosis,Impact of CT incidental lung findings and pulmonary function on 3-year mortality after transcatheter aortic valve replacement (TAVR),Mustafa Mousa Basha; Louisa Hein; Sophia Mohr; Baravan Al-Kassou; Marcel Weber; Thomas Beiert; Sebastian Zimmer; Julian Luetkens; Daniel Kütting; Farhad Bakhtiary; Georg Nickenig; Dirk Skowasch; Carmen Pizarro; Jasmin Shamekhi,10.1016/j.hrtlng.2026.102911,2026-11,Heart &amp; Lung,
Crossref,aortic stenosis,An antibody-conjugated polymer nanoparticle that targets inflammatory site for abdominal aortic aneurysm antioxidant stress therapy,Youjin Huang; Qi'’nan Yin; Qin Zhang; Jinping Liu; Ya Wu; Yong Liu,10.1016/j.bioadv.2026.214968,2026-11,Biomaterials Advances,
Crossref,aortic stenosis,Aligning Credentialing with the Complexity of Endovascular Aortic Repair,Mazin Foteh; Rafael D. Malgor,10.1016/j.avsg.2026.06.017,2026-11,Annals of Vascular Surgery,
Crossref,aortic stenosis,Temporal changes in BNP levels and their prognostic impact on future cardiac events in patients undergoing transcatheter aortic valve implantation,Koji Mizutani; Akihito Tanaka; Yoshiyuki Tokuda; Hiroki Kondo; Shinichiro Takeda; Hikari Matsumoto; Masao Yamada; Tomonari Uemura; Kenji Furusawa; Masato Mutsuga; Toyoaki Murohara,10.1016/j.ijcard.2026.134705,2026-11,International Journal of Cardiology,
Crossref,aortic stenosis,RNA helicase MTR4 aggravates abdominal aortic aneurysm formation by recruiting SRSF1 to regulate TERT alternative splicing,Yajing Li; Keying Tian; Shuolin Li; Ying Wang; Qi Cao; Sihan Wang; Xinhua Zhang; Xugang Wang; Hongguang Lian; Xin Liu; Wei Wang; Lingdan Zhao; Long Zhang; Junhuai Song; Junyi Liu; Yu Zhang; Jinkun Wen; Bin Zheng,10.1016/j.bbadis.2026.168374,2026-11,Biochimica et Biophysica Acta (BBA) - Molecular Basis of Disease,
Crossref,mitral regurgitation,AIoT-Driven Real-Time Detection of Mitral Valve Prolapse,Meng Han Chen; Guanling Lee,10.1504/ijipt.2027.10079642,2027,International Journal of Internet Protocol Technology,
Crossref,mitral regurgitation,New variants in ACE gene region in 10 Cavalier King Charles Spaniel dogs with mild and severe myxomatous mitral valve disease – preliminary study,Maksymilian Lewicki; Sylwia Górczyńska-Kosiorz; Piotr Frydrychowski; Justyn Gach; Zuzanna Wojtczak; Jacek Cymbryłowicz; Agnieszka Noszczyk-Nowak,10.1016/j.vas.2026.100769,2026-12,Veterinary and Animal Science,
Crossref,mitral regurgitation,Cine-derived mitral annular relaxation velocity for detection of preclinical left ventricular diastolic dysfunction,Niall McVeigh; David Ryan; Fiona Ryan; Joseph McCambridge; Maria Ferre; Sebastian Flynn; David J. Murphy; Mark Ledwidge; Ken McDonald; Jonathan D. Dodd,10.1016/j.mri.2026.110733,2026-11,Magnetic Resonance Imaging,
Crossref,mitral regurgitation,Epigenetic and transcriptomic regulation of RTN4IP1 links mitochondrial metabolism to the risk of mitral valve disease,Baiyu Tian; Fei Meng; Jiangang Wang; Haibo Zhang; Tiange Luo; Jintao Fu; Kemin Liu; Wenbo Zhang; Cheng Zhao; Yuqing Jiao; Junhui Sun,10.1016/j.hrtlng.2026.102892,2026-11,Heart &amp; Lung,
Crossref,mitral regurgitation,The prognostic importance of the right ventricle for patients with mitral regurgitation undergoing surgical treatment: A speckle tracking study,Maria Concetta Pastore; Federica Marrese; Andrea Marchese; Lorenzo Tanzi; Andrea Stefanini; Antonio Capolongo; Giulia Elena Mandoli; Ilenia Pennisi; Martina Rizzo; Veronica Lorenz; Giuseppe Alba; Gianfranco Montesi; Luna Cavigli; Flavio D'Ascenzi; Marta Focardi; Serafina Valente; Ottavio Alfieri; Matteo Cameli,10.1016/j.ijcard.2026.134681,2026-11,International Journal of Cardiology,
Crossref,mitral regurgitation,Beyond mitral regurgitation reduction: Divergent hemodynamic and structural responses to transcatheter edge-to-edge repair in primary and secondary mitral regurgitation,Carlo Vignati; Gaia Cattadori; Fiorella Puttini; Beatrice Pezzuto; Valentina Mantegazza; Chiara Morocutti; Arianna Galotta; Elisabetta Salvioni; Irene Mattavelli; Rebecca Caputo; Jeness Campodonico; Anna Apostolo; Mauro Contini; Pietro Palermo; Massimo Mapelli; Stefania Farina; Federico De Marco; Cristina Ferrari; Antonio Luca Bartorelli; Manuela Muratori; Piergiuseppe Agostoni,10.1016/j.ijcard.2026.134678,2026-11,International Journal of Cardiology,
Crossref,mitral regurgitation,Corrigendum to “First-in-human study of the K-Clip™ transcatheter annular repair system for severe functional tricuspid regurgitation” [International Journal of Cardiology 390(2023) / IJCA 131174],Xiaochun Zhang; Qinchun Jin; Wenzhi Pan; Wei Li; Yingqiang Guo; Genshan Ma; Cuizhen Pan; Shasha Chen; Yuan Zhang; Lei Zhang; Mingfei Li; Shiqiang Hou; Yat-yin Lam; Thomas Modine; Alex Pui-Wai Lee; Juying Qian; Daxin Zhou; Junbo Ge,10.1016/j.ijcard.2026.134622,2026-10,International Journal of Cardiology,
Crossref,mitral regurgitation,A physiology-constrained framework for non-invasive left atrial pressure assessment and post-procedural estimation in mitral stenosis,Qimin Zhang; Wenwen Liang; Shengzhang Wang; Minmin Sun,10.1016/j.bspc.2026.110809,2026-10,Biomedical Signal Processing and Control,
Crossref,mitral regurgitation,Association of component measurement variability and disease severity with variability of calculated mitral regurgitant fraction in dogs with myxomatous mitral valve disease,G. McAulay; D. Singleton; M. Rishniw,10.1016/j.jvc.2026.06.004,2026-10,Journal of Veterinary Cardiology,
Crossref,mitral regurgitation,"A retrospective (2020–2025), multicenter study of myxomatous mitral valve disease in Chihuahuas from Italy, Sweden, and the United States of America",I. Spalla; M.B. Bjerknaes; T. Bertuccini; G. Menciotti; A. Showers; G. Dossi; M. Borgarelli; J. Häggström; I. Ljungvall; R. Toschi Corneliani; C. Locatelli,10.1016/j.jvc.2026.06.005,2026-10,Journal of Veterinary Cardiology,
Crossref,mitral regurgitation,Severe tricuspid regurgitation is a congestion-driven cardiorenal disease: A longitudinal study defining a right heart failure phenotype,Layal Mansour; Prayuth Rasmeehirun; Guillaume L'Official; Benjamin Marut; Marion Lacout; Melanie Bezard; Erwan Donal,10.1016/j.ijcard.2026.134643,2026-10,International Journal of Cardiology,
Crossref,mitral regurgitation,Relationship between left atrial fibrosis and function in a selected cohort undergoing surgery for severe primary mitral regurgitation,Caterina Maffeis; Andrea Rossi; Elvin Tafciu; Stefania Rizzo; Monica De Gaspari; Vincenzo Giambruno; Venanzio Di Nicola; Giovanni B. Luciani; Cristina Basso; Flavio L. Ribichini,10.1016/j.ijcard.2026.134614,2026-10,International Journal of Cardiology,
Crossref,mitral regurgitation,Left atrial strain and fibrosis in primary mitral regurgitation: asynchronous markers of atrial remodelling?,Cristina Conte; Alessandro Telesca; Massimo Imazio,10.1016/j.ijcard.2026.134642,2026-10,International Journal of Cardiology,
Crossref,mitral regurgitation,Safety of multiple grasping attempts during transcatheter mitral valve repair with the PASCAL system,Florian Jürgens; Florian Schindhelm; Mohammed Abusharekh; Clara M.K. Brandts; Jürgen Kampf; Matthias Totzeck; Fadi Al-Rashid; Peter Lüdike; Tienush Rassaf; Amir A. Mahabadi,10.1016/j.ijcard.2026.134636,2026-10,International Journal of Cardiology,
Crossref,mitral regurgitation,"Comment on “accuracy of machine learning models for mitral regurgitation severity assessment: A systematic review and meta-analysis""",Sharyu Ikhar; Yogesh Nagargoje; Ruchita Shrivastava,10.1016/j.ijcrp.2026.200666,2026-09,International Journal of Cardiology Cardiovascular Risk and Prevention,
Crossref,mitral regurgitation,Ultrasound measurement of antral cross-sectional area to predict regurgitation during general anesthesia for cesarean section in laboring women: a prospective observational cohort study,Longyuan Shen; Qiuxia Jiang; Xiaojuan Yu; Quansheng Xiao; Shengzhao Wang; Xiongda Lin; Qichen Luo; Shaoqiang Huang,10.1016/j.accpm.2026.101773,2026-09,Anaesthesia Critical Care &amp; Pain Medicine,
Crossref,mitral regurgitation,When Moderate Is Severe: Bivalvular Functional Regurgitation,Asad Ghafoor,10.1016/j.shj.2026.101087,2026-09,Structural Heart,
Crossref,mitral regurgitation,"Direct-access, balloon-expandable mitral valve replacement under fibrillatory arrest in extensive mitral annular calcification",John Wheeler; Gilbert Tang; Dimosthenis Pandis; Ahmed El-Eshmawi,10.1016/j.xjse.2026.100130,2026-09,JTCVS Structural and Endovascular,
Crossref,mitral regurgitation,"Hammock mitral valve in a 12-day-old female: pathophysiology, management and legal issues",Antonino Giulio Giannone; Tommaso D’Anna; Giuseppe Calcaterra; Giuseppe Calì; Elisabetta Orlando; Giovanni De Lisi; Eleonora Formisano; Ginevra Malta; Emanuele Lo Rito; Ada Maria Florena; Beatrice Belmonte; Emiliano Maresi,10.1016/j.legalmed.2026.102919,2026-09,Legal Medicine,
Crossref,mitral regurgitation,Case report: Salvage transcatheter aortic valve replacement for acute aortic regurgitation due to prosthetic valve endocarditis,Denizhan Ozdemir; Uttam Singh; Adishwar Singh; Raj R. Makkar,10.1016/j.crmic.2026.100165,2026-09,Cardiovascular Revascularization Medicine: Interesting Cases,
Crossref,valvular heart disease,Giant Cells in Health and Disease-A Review,Sonal Gupta,10.21276/ijchmr.2016.2.2.10,2106-06-20,International Journal Of Community Health And Medical Research,
Crossref,valvular heart disease,Contemporary Disease Management in Quebec,Amédé Gogovor; Michelle Savoie; Yola Moride; Marilyn Krelenbaum; Terrence Montague,10.12927/hcq.2013.19495,2088-01-15,Healthcare Quarterly,
Crossref,valvular heart disease,Chronic Disease Prevention and Management: Implications for Health Human Resources in 2020,Margo Orchard; Esther Green; Terrence Sullivan; Anna Greenberg; Verna Mai,10.12927/hcq.2013.19496,2088-01-15,Healthcare Quarterly,
Crossref,valvular heart disease,What a Study on Ultraprocessed Fake Meat and Heart Disease Really Found,Lori Y,10.1038/scientificamerican072077-2xmzfca9smsvxelw1jobgf,2077-07,Scientific American,
Crossref,valvular heart disease,Woman Receives Genetically Modified Pig Kidney Transplant after Heart Pump Surgery,Tanya L,10.1038/scientificamerican072077-4hozib8kpx2m6wjvhqi1zz,2077-07,Scientific American,
Crossref,valvular heart disease,Water Lily or Camelotte Sign in Pulmonary Hydatid Cyst – An Orphan Disease,Sudheer Tale; Soibampahel M; Mrudula K; Ritisha B; Subodh K; Girish S,10.23880/cclsj-16000132,2028-11-11,Cell &amp; Cellular Life Sciences Journal,"A 20 – year – old male without any previous comorbidity presented to pulmonary medicine outpatient department with complaints of dull aching chest pain on right side, dry cough and shortness of breath for the pastone year. He was non vegetarian and had no addictions. On general physical examination his vitals were stableand respiratory system examination revealed decreased breath sounds in the right hemithorax. All his routineblood investigations were normal. Chest radiograph revealed homogenous opacity in the right middle andlower zones. Contrast enhanced computed tomography of thorax and abdomen showed a well defined encapsulatedcystic lesion of size 12x10x14cm with internal floating membranes (water lily sign or Camelotte sign) with masseffect on adjacent lung parenchyma causing atelectasis and compression of adjacent vessels (Figure 1). Hydatid serology (IgG) was positive. Patient was treated symptomatically and referred for surgical intervention."
Crossref,valvular heart disease,Comparison of convolutional neural network (CNN) methods using AlexNet and VGG16 architectures for disease detection in apples,Anang Pramono; Zuhriah Virlani Putri,10.1504/ijaac.2028.10078919,2028,International Journal of Automation and Control,
Crossref,valvular heart disease,"EFFECT OF FERTILIZER FACTORY WASTES ON SEED GERMINATION, PLANT GROWTH AND ROOT-KNOT DISEASE DEVELOPMENT IN TOMATO (Lycopersicon lycopersicum L.) PLANTS",Gopal Dixit,10.33865/wjb.002.02.0086,2027-08-31,World Journal of Biology and Biotechnology,"In the present research paper studies have been made on fertilizer factory wastes on percent seed germination, root and shoot length of plants and development of root-knot galls by Meloidogyne incognita in five cultivars of tomato. Though all the cultivars showed almost similar impact of fertilizer wastes on seed germination, plant growth and resistance for root-knot disease with little variation. Percent germination of seeds and plant growth was found decreased while the root-knot index was increased along with the increase in concentration of fertilizer wastes."
Crossref,valvular heart disease,RELATION OF HEART WEIGHT WITH AGE AND WEIGHT OF CADAVER,Jolly Agarwal; Virendra Kumar,10.21761/jms.v2i01.10838,2027-07-25,SRMS JOURNAL OF MEDICAL SCIENCE,"Introduction: Height, weight, and age of person has significant impact on the normal size of&#x0D; heart. These parameters need to be considered when cut-off values indicating the need for&#x0D; treatment or even surgery are established. The aim of present work is to study the relation of&#x0D; weight of the heart with age and weight of cadaver.&#x0D; Material and Methods: The study was performed in the Department of Anatomy, Shri Ram&#x0D; Murti Smarak Institute of Medical Sciences, Bareilly on 30 hearts from embalmed cadavers.&#x0D; The hearts were procured from the cadavers available in our department. The heart was&#x0D; thoroughly cleaned and measurements were taken.&#x0D; Results: The mean heart weight was 223.37 ± 57.78 g. Significant relationship between age of&#x0D; the cadaver and weight of the heart (p=0.0004), weight of cadaver and weight of heart&#x0D; (p=0.0001) was observed.&#x0D; Conclusion: The above study provides valuable data of the heart in our geographical location,&#x0D; which may be useful for cardiac surgeons and physicians."
Crossref,valvular heart disease,Immunological Significance of CPAs and IL-13 in Predicting Interstitial Lung Disease Among Patients with Rheumatoid Arthritis,Asmaa K. Yassin; Firas F. Raja,10.21608/ejmm.2026.504884.2613,2027-07-01,Egyptian Journal of Medical Microbiology,
Crossref,valvular heart disease,TNFAIP3 Downregulation Predicts Disease Activity and Recovers with Treatment Escalation in Rheumatoid Arthritis: A Cross-Sectional Analysis of NF-κB Dysregulation,Ali Qasim; Rafid Abdulkarrem,10.21608/ejmm.2026.497612.2518,2027-07-01,Egyptian Journal of Medical Microbiology,
Crossref,valvular heart disease,Elevated TLR-9 Gene Expression Correlates with IL-41 and TNF-α Levels and Renal Dysfunction in Iraqi Patients with Chronic Kidney Disease,Fatima A. Habba; Basima Q. ALSaadi,10.21608/ejmm.2026.497345.2513,2027-07-01,Egyptian Journal of Medical Microbiology,
Crossref,valvular heart disease,"Correlation of IL-1β, IL-17A, and CXCL13 Biomarkers with P2RX7 Genetic Polymorphism and Clinical Disease Activity of Iraqi Patients with Rheumatoid Arthritis",Zahraa Thamir; Mohammed Nader,10.21608/ejmm.2026.497902.2527,2027-07-01,Egyptian Journal of Medical Microbiology,
Crossref,valvular heart disease,Serum Interleukin-15 and Tumor Necrosis Factor-Alpha as Diagnostic and Disease Activity Biomarkers in Vitiligo,Ali S. Aziz; Raad A. Alasady,10.21608/ejmm.2026.494791.2477,2027-07-01,Egyptian Journal of Medical Microbiology,
Crossref,valvular heart disease,Association of Helicobacter pylori toxins cagA and vacA with Parkinson's Disease,Enas A. Daef; Mona H. Abdel-Rahim; Eman M. Farghly; Eman M.H. Khedr; Mona S. Embarek,10.21608/ejmm.2026.483634.2350,2027-04-01,Egyptian Journal of Medical Microbiology,
Crossref,valvular heart disease,Diagnostic and Prognostic Utility of IL-17 and TNF-α in Psoriasis: Insights into Early Detection and Disease Severity,Dhamya K. Sarhan; Jenan M. Ghani; Baneen A. Abd Ulrahman; Intisar R. Sharba; Jinan M. Abd,10.21608/ejmm.2026.482466.2339,2027-04-01,Egyptian Journal of Medical Microbiology,
Crossref,valvular heart disease,Interleukin-30 Level in Patients with Psoriasis Vulgaris and its Relation to Disease Severity,Heba E.S. Hassan; Nessma A. Nosser; Nora M. Darwish; Fatma F. El Dakrory,10.21608/ejmm.2026.487292.2402,2027-04-01,Egyptian Journal of Medical Microbiology,
Crossref,valvular heart disease,Detection of Serum Levels of Interleukin-37 In Patients with Vitiligo and Its Correlation with Disease Activity,Mona G. Nada; Nancy M. Mamdouh; Mera M.G. Anan,10.21608/ejmm.2026.489043.2422,2027-04-01,Egyptian Journal of Medical Microbiology,
Crossref,valvular heart disease,The Role of Nuclear Enriched Abundant Transcript 1 (NEAT1) as a Novel Marker in Diagnosis of Systemic Lupus Erythematosus Disease in Benha University Hospital,"Amany K. Shahat; Ahmed S. Osman; El-Sayed M. Abd-Elghany; Neama L. Ismail; Noha H, Ibrahim",10.21608/ejmm.2026.484722.2369,2027-04-01,Egyptian Journal of Medical Microbiology,
Crossref,valvular heart disease,IL-37 Expression Levels and Its Correlation with Autoantibodies and Disease Severity in Myasthenia Gravis Patients,Radwa M.A. El Galaly; Noha A. Afifi; Ahmad A. Awad; Asmaa M.M. Hasan; Fatma S. Abd-Elsamea,10.21608/ejmm.2026.477092.2284,2027-04-01,Egyptian Journal of Medical Microbiology,
Crossref,deep learning,Learner profiles and the process of Learning in the Higher Educational Context,Christos Skourlas; Petros Belsis,10.15556/ijiim.02.01.003,2115-03-05,International Journal on Integrated Information Management,
Crossref,deep learning,WEB-BASED COLLABORATIVE LEARNING AND KNOWLEDGE SHARING IN INFORMAL BUSINESS NETWORKS,George Stalidis; Costis Papadimitrakopoulos; Theocharis Tsakiris,10.15556/ijiim.01.02.002,2114-12-10,International Journal on Integrated Information Management,
Crossref,deep learning,Availability and Utilization of Tools and Equipment for Teaching and Learning Garment Making Trade in the Senior Secondary Schools in Edo State,,10.20431/2349-0381.0303002,2106,"International Journal of Humanities, Social Sciences and Education",
Crossref,deep learning,Title Pending 8184,,10.3998/mjcsl.8184,2036-06-28,Michigan Journal of Community Service Learning,
Crossref,deep learning,Title Pending 8122,,10.3998/mjcsl.8122,2036-05-11,Michigan Journal of Community Service Learning,
Crossref,deep learning,Title Pending 8219,,10.3998/mjcsl.8219,2036-04-13,Michigan Journal of Community Service Learning,
Crossref,deep learning,Title Pending 8273,,10.3998/mjcsl.8273,2036-03-03,Michigan Journal of Community Service Learning,
Crossref,deep learning,Title Pending 7452,,10.3998/mjcsl.7452,2036-01-19,Michigan Journal of Community Service Learning,
Crossref,deep learning,Title Pending 6294,,10.3998/mjcsl.6294,2034-12-20,Michigan Journal of Community Service Learning,
Crossref,deep learning,Title Pending 5730,,10.3998/mjcsl.5730,2034-11-18,Michigan Journal of Community Service Learning,
Crossref,deep learning,Title Pending 3643,,10.3998/mjcsl.3643,2033-09-06,Michigan Journal of Community Service Learning,
Crossref,deep learning,Title Pending 4120,,10.3998/mjcsl.4120,2033-03-28,Michigan Journal of Community Service Learning,
Crossref,deep learning,Title Pending 2741,,10.3998/mjcsl.2741,2032-09-28,Michigan Journal of Community Service Learning,
Crossref,deep learning,Machine Learning Application for SAIs,Tiare Rivera,10.56251/watu4873,2030-10-20,International Journal of Government Auditing,
Crossref,deep learning,Integration of Biomechanics and Digital Technology: Using Kinovea for Motion Analysis and Learning for Beginner Athletes,Muhammad Nur Hudha; Riezky Maya Probosari; Annisa Nur Khasanah; Supurwoko; Salsabila Kholifahtun Nisa’; Gifran Rihla Gifarka Latief,10.58524/jcss.v4i2.890,2029-11-29,Journal of Coaching and Sports Science,"Background: The integration of biomechanics with digital motion-analysis technologies has introduced new approaches for examining movement efficiency, kinematic characteristics, and technical patterns in walking and running activities. Kinovea, as an accessible motion-analysis software, provides both visual and quantitative feedback. However, its application in supporting technique development among beginner athletes remains insufficiently explored. Aim: This study aims to describe the use of Kinovea in biomechanics training and examine its contribution to the awareness of kinematic characteristics and movement techniques among beginner athletes. Methods: A descriptive qualitative design involved 72 beginner athletes aged 18–25 years selected through purposive sampling. Data were collected over 16 weeks through interviews, field observations, and motion video recordings analyzed using Kinovea. Kinematic data focused on joint angles, stride behavior, and movement phases during walking, running, and the flight phase. Qualitative data were analyzed using content analysis with NVivo 12, while kinematic results were interpreted descriptively to identify performance patterns and areas for technical refinement. Result: Kinematic analysis showed coordinated joint-angle patterns across all phases. Walking analysis identified arm swing angles of 50.9°–58.8° and leg separation angles of 64.3°–67.2°, indicating a stable gait rhythm. The running analysis revealed knee angles of 68.8°–69.8° and elbow angles of 87.6°–89.1°, indicating efficient propulsive mechanics. The flight phase demonstrated knee angles of 81.2°–87.8° and elbow angles of 80.4°–88.3°, suggesting effective momentum use and postural stability. These measurements supported stride-efficiency assessment and technique evaluation. Qualitative findings revealed that Kinovea enabled athletes to interpret movement phases and identify technical inefficiencies through slow-motion and frame-by-frame visualization. Conclusion: Kinovea supports basic motion analysis by providing clear kinematic information and helping beginner athletes observe and refine their movement techniques. The findings also offer practical value for coaches by enabling more precise identification of inefficient patterns and guiding targeted corrections during early-stage training."
Crossref,deep learning,Sparsity Learning via Structured Functional Factor Augmentation,Hanteng Ma; Ziliang Shen; Xingdong Feng; Xin Liu,10.5705/ss.202025.0205,2029,Statistica Sinica,
Crossref,deep learning,Inference for Extreme Value Index Through Individualized Fusion Learning,Hongfang Sun; Yu Chen; Tao Xu; Zhengjun Zhang,10.5705/ss.202026.0109,2029,Statistica Sinica,
Crossref,deep learning,Transfer Learning for High-dimensional Regression with Compositional Covariates: Application to Microbiome Studies,Qinqin Hu; Xiaojing Luo; Chencheng Ma; Wang Zhou,10.5705/ss.202025.0314,2029,Statistica Sinica,
Crossref,deep learning,Cyber Defense Digital Twins: A Federated Learning and Zero-Trust AI Architecture for Autonomous Threat Prediction and Response,Sivaramakrishnan Narayanan,10.32628/cseit251116279,2028-08-27,"International Journal of Scientific Research in Computer Science, Engineering and Information Technology","Modern enterprise networks operate under persistent threats that exploit cloud-native misconfigurations, identity sprawl, and API vulnerabilities at machine speed. Existing security operations center (SOC) architectures remain largely reactive, signature-dependent, and incapable of predicting multi-stage lateral movement. This paper proposes the Cognitive Cyber Defense Digital Twin (CCDT), a unified architecture integrating federated learning (FL), graph neural network (GNN)-based attack-path forecasting, adversarially hardened detection models, and autonomous Security Orchestration, Automation, and Response (SOAR) with deception engineering. The CCDT constructs a continuously synchronized digital replica of organizational assets and employs reinforcement learning-based red agents to stress-test detection models. A federated intelligence mesh enables cross-organizational privacy-preserving gradient sharing. Experimental evaluations against CICIDS-2018 and LANL datasets demonstrate 52% faster attack-path detection, 41% reduction in false positive rate, and 60% reduction in mean-time-to-respond (MTTR) compared to traditional SOC baselines. Integrated Explainable AI (XAI) modules using SHAP values enable audit-ready compliance reporting. The CCDT represents a paradigm shift from reactive monitoring to predictive, autonomous, and privacy-preserving cyber defense for hybrid cloud environments."
Crossref,deep learning,The Nexus of Leadership and Learning: Exploring Female Principals' Influence on the Teaching-Learning Process in Secondary Schools,Muhammad Niqab; Salma Tabbasum; Shakil Ahmad,10.55737/qjss.vii-i.26473,2028-02-28,Qlantic Journal of Social Sciences,"The research paper will set out to debate the role played by the leadership competencies of principals in the teaching and learning process. The research will embrace a quantitative research design that will seek to answer the question concerning the relationship that exists between leadership skills of possessed by the  principals and the ongoing teaching-learning process in the female secondary schools using a co-relational study design. A survey instrument comprising of 37 items, which measured the leadership skills possessed by the selected principals and the prevailing teaching learning process, was used in the collection of data. Questionnaires for this study were administered to 108 male and female educators who were serving in secondary schools in Tehsil Wari, upper Dir and among them 100 questionnaires were submitted and were deemed to be useful in the analysis. The data in hand were calculated using Statistical Package of the Social Sciences (SPSS) version-27 and the obtained results indicated that the collected data was normally distributed. The findings revealed that all the variables of the study had great correlations. The analysis of the data was done through linear regression to measure the effect that the leadership skills of the principals had on the teaching learning process and this indicated that leadership skills of the principals have statistically significant effect on the teaching learning process. The policies derived out of this research can be a good guide to both the policymakers and organizational leaders because they can provide a good outline on how to empower the leaders in charge of the principals and as well as exert more influence on the effective teaching and learning processes."
OpenAlex,aortic stenosis,New ESC/EACTS guidelines for the management of aortic valve disease: key takeaways and implications of long-term TAVR results based on recent explant and redo-TAVR registry outcomes,Saptarshi Paul,10.1186/s13019-026-04643-3,2026-08-06,Journal of Cardiothoracic Surgery,"Abstract Background The 2025 European Society of Cardiology (ESC) and European Association for Cardio-Thoracic Surgery (EACTS) guidelines for valvular heart disease represent a pivotal update, emphasizing earlier intervention for aortic stenosis (AS) and broader indications for transcatheter aortic valve replacement (TAVR). These changes are driven by randomized trial data demonstrating TAVR’s safety in lower-risk patients. However, as TAVR expands to younger cohorts, long-term durability remains a concern. Main body This narrative review examines key guideline updates for aortic valve disease, focusing on aortic stenosis (AS) and aortic regurgitation (AR), and integrates insights from recent registries (2020–2025) on TAVR explantation and redo-TAVR outcomes. Data from the EXPLANT-TAVR, EXPLANTORREDO-TAVR and FRANCE 2/FRANCE TAVI registries reveal reintervention rates of 0.3–1.7% at 8 years, with redo-TAVR offering superior short-term survival (30-day mortality 1.5–6.2%) compared to explantation (11.9–13.6%). Structural valve deterioration (SVD), leaflet thrombosis, and endocarditis predominate failure causes, underscoring the need for lifetime management strategies. Conclusion Implications include refined patient selection, enhanced imaging surveillance, and Heart Team-driven decisions to balance procedural benefits against reintervention risks."
OpenAlex,aortic stenosis,Double coronary stent loss with aortic migration and iliac embolization successfully managed by snare retrieval: a case report,Muhammad Saad Reihan; Ahmed Mohammed Ahmed Mostafa; Tarek Ahmed Ahmed Dabash; Waseem Omar Ahmed; Husna Irfan Thalib; Mohammed Ali Mohammed Hammad; Hamdy Abdelazeem Elkafory; Mohammed Moanes Mohammed Mohyeldin,10.3389/fcvm.2026.1909146,2026-08-06,Frontiers in Cardiovascular Medicine,"Background Coronary stent loss during percutaneous coronary intervention (PCI) is rare but potentially life-threatening, particularly when device deformation is accompanied by aortic migration or systemic embolization. Case presentation A 45-year-old man with diabetes mellitus and hypertension presented with high-risk unstable angina. Angiography demonstrated a critical calcific proximal left anterior descending (LAD) lesion followed by a long distal lesion. After successful proximal LAD stent deployment, a second stent failed to cross the proximal edge of the implanted stent because of strut interaction and snagging. Repeated manipulation caused entrapment, elongation, and severe deformation of the undeployed stent, which protruded into the ascending aorta. The patient developed transient hypotension, sinus bradycardia, and vomiting and was stabilized with intravenous fluids, atropine, and norepinephrine. Snare retrieval through femoral access captured the deformed stent; however, traction dislodged the previously implanted proximal LAD stent, which embolized to the right common iliac artery bifurcation. Urgent computed tomography localized the embolized stent. During the same procedural session, briefly interrupted for imaging, both stents were successfully retrieved using an Amplatz GooseNeck snare through bilateral femoral access. Definitive LAD PCI was then completed with overlapping drug-eluting stents, restoring TIMI 3 flow without residual stenosis. The complete procedure was accomplished within approximately 3 h. Conclusion Sequential loss of two coronary stents with aortic migration and iliac embolization is exceptionally uncommon. Careful hemodynamic stabilization, prompt cross-sectional imaging, and stepwise snare retrieval can permit successful single-session percutaneous management and avoid emergency surgery."
OpenAlex,aortic stenosis,Prevalence of Previously Undetected Moderate-to-Severe Valvular Heart Disease in Elderly Adults in Saudi Arabia,Hazim Rahbi; Abdulaziz Al Rabiah; Hussain Abdulrahman Al‐Omar; Ayaman Alhusini; Khalid Alharbi; Abubaker Elsiddig; Ahmad Sana; Fayez Alzubair; Adham Salem; Rachele Busca; Daria Ropac; Hatem Alaoui; Mubarak Aldosari,10.21203/rs.3.rs-10369875/v1,2026-08-06,Research Square,
OpenAlex,aortic stenosis,Preoperative inflammatory markers and early mortality after ascending aortic replacement,Abdullah Güner; Volkan Burak Taban; Muhammet Talha Ceran; Serkan Yıldırım; Yalçın Günerhan; Yüksel Dereli,10.4274/e-cvsi.2026.2026-6-2,2026-08-06,Cardiovascular Surgery and Interventions,"Aneurysms of the ascending aorta frequently present without symptoms and are commonly identified by chance during diagnostic imaging for unrelated medical reasons.Despite frequently remaining undetected because of the absence of symptoms, ascending aortic aneurysms carry a risk of severe adverse events, including rupture, dissection, and aortic valve insufficiency.Accordingly, early detection and appropriate surgical repair are key elements in patient management.[1,2] Increasing evidence suggests that inflammation is involved in both the development and progression of aortic aneurysmal disease.Inflammation is a central factor in the gradual weakening of the aortic wall, which compromises vascular stability and elevates the likelihood of aneurysmal expansion or catastrophic failure.Systemic inflammation is not only associated with the progression of the disease itself, but also affects the patient's post-surgery recovery and overall prognosis.[3][4][5][6]"
OpenAlex,aortic stenosis,"""Not Just Bronchiolitis: A Rare Vascular Ring Arising from a Persistent Fifth Aortic Arch”",Emily H. Kestenbaum; Jeffrey A. Nafash,10.21203/rs.3.rs-10085612/v1,2026-08-06,Research Square,
OpenAlex,aortic stenosis,Clonal Hematopoiesis of Indeterminate Potential (CHIP) and Cardiovascular Risk,Karim Haffar,10.17605/osf.io/839qf,2026-08-06,Open Science Framework,"Review title: Clonal Hematopoiesis of Indeterminate Potential (CHIP) and Cardiovascular Risk Type and method of review: Systematic review, with meta-analysis where appropriate Stage of review at time of this submission: Review ongoing — the protocol has been finalised and the peer-reviewed search prepared; formal screening not yet started. Review question: In Adults without overt hematologic malignancy who underwent assessment for clonal hematopoiesis., what is the effect of Clonal hematopoiesis of indeterminate potential (CHIP), defined by somatic driver mutation(s), typically with variant allele fraction ≥2%. compared with Individuals without CHIP / without detectable clonal hematopoiesis on Cardiovascular events and mortality, including CHD/MI, stroke, heart failure, aortic stenosis, cardiovascular mortality and all-cause mortality.? Searches: The following sources will be searched: Europe PMC (PubMed, MEDLINE &amp; preprints), PubMed / MEDLINE, Embase, Web of Science Core Collection, Scopus, Cochrane Database of Systematic Reviews. Additional records may be imported from other databases. No date or language restrictions are applied unless otherwise stated. The search strategy underwent peer review (PRESS) before execution. Condition or domain being studied: Adults without overt hematologic malignancy who underwent assessment for clonal hematopoiesis. Participants / population: Adults without overt hematologic malignancy who underwent assessment for clonal hematopoiesis. Intervention(s), exposure(s): Clonal hematopoiesis of indeterminate potential (CHIP), defined by somatic driver mutation(s), typically with variant allele fraction ≥2%. Comparator(s) / control: Individuals without CHIP / without detectable clonal hematopoiesis Types of study to be included: Inclusion criteria: Human adult participants (≥18 years); Observational study assessing the association between CHIP and cardiovascular outcomes; CHIP identified using sequencing/genetic testing of blood or hematopoietic cells; CHIP defined by one or more somatic driver mutations, with the prespecified VAF threshold reported or derivable; Includes a comparison group without CHIP, or otherwise permits estimation of the association between CHIP and cardiovascular risk; Reports at least one prespecified cardiovascular outcome; Reports an effect estimate such as HR, RR or OR with a confidence interval, or provides sufficient data for its calculation; Cohort, case-control, nested case-control or other eligible observational design. Exclusion criteria: Animal, in-vitro or laboratory-only study; Case report, case series without an appropriate comparator, review, systematic review, meta-analysis, editorial, commentary or conference abstract without sufficient extractable data; Pediatric-only population; Does not assess CHIP/clonal hematopoiesis as the exposure; Does not report a relevant cardiovascular or mortality outcome; No appropriate comparator and no extractable association estimate; Study focused exclusively on hematologic malignancy or hematologic progression without cardiovascular outcomes; Duplicate publication or overlapping cohort contributing the same participants and outcome Main outcome(s): Cardiovascular events and mortality, including CHD/MI, stroke, heart failure, aortic stenosis, cardiovascular mortality and all-cause mortality. Data extraction (selection and coding): Two reviewers will independently screen titles/abstracts and full texts, blinded to each other’s decisions, and extract data in duplicate using a standardised, piloted form. Disagreements will be resolved by discussion or a third reviewer. Risk of bias (quality) assessment: The risk of bias of each included study will be assessed independently by two reviewers using a study-design-appropriate tool. Disagreements will be resolved by consensus. Risk of bias in the review itself will be appraised with ROBIS. Strategy for data synthesis: Results will be synthesised narratively. Where studies are sufficiently homogeneous, effect estimates will be pooled in a meta-analysis using a fixed- or random-effects model as indicated by heterogeneity (I²). The certainty of the evidence will be rated using GRADE. Keywords: hematopoiesis, cardiovascular risk, Clonal hematopoiesis of indeterminate potential, Clonal hematopoiesis, Somatic mutation, JAK2, TP53, Cardiovascular disease, Coronary heart disease, Myocardial infarction, Stroke, heart failure, Cardiovascular mortality"
OpenAlex,aortic stenosis,Delayed Ventricular Septal Perforation Following Completed Anterior Myocardial Infarction Complicated by Ventricular Aneurysm and Left Ventricular Thrombus,Masaaki Kobayashi; Satoshi Kuroyanagi; Norihiko Hiramatsu; Onichi Furuya; Akinao Miki; Satoshi Oiwa; Goki Osita,10.21203/rs.3.rs-10274171/v1,2026-08-06,Research Square,
OpenAlex,aortic stenosis,SMC-specific IGF1 suppresses a 45 kDa LAMP2 isoform to mediate the anti-atherosclerotic effect of ferulic acid,吳文童; Zhaoce Zheng; Danping Wang; Ming Shan; Jing Han; Dongqing Jing; Chunjng Liang; Xi Zhang; Jinxin Liu,10.3389/fphar.2026.1849904,2026-08-06,Frontiers in Pharmacology,"Background and Aims Ferulic acid (FA) exerts anti-atherosclerotic effects, but the underlying mechanisms remain incompletely understood. The present study investigated whether smooth muscle cell (SMC)-derived insulin-like growth factor 1 (IGF1) mediate FA’s protective effects by regulating lysosome-associated membrane protein 2 (LAMP2), inflammatory cytokines, and matrix metalloproteinase 3 (MMP3). Methods Male ApoE −/− mice were fed a high-fat diet for 8 weeks to established atherosclerosis models and then treated with FA (40 mg/kg/d). SMC-specific Igf1 knockout (SMC- Igf1 -KO) mice were generated to determine cell-type-specific requirements. In vitro , SMC-derived foam cells were induced by oxidized low-density lipoprotein (ox-LDL) and treated with FA ± IGF1 receptor (IGF1R) inhibitor. Plaque area, lipid deposition, and expression of IGF1, LAMP2, interleukin (IL)-6, IL-4, and MMP3 were assessed by en face staining, histology, Western blot, quantitative real-time PCR (qRT-PCR), and immunofluorescence selected as needed. Results FA treatment significantly reduced atherosclerotic plaque area and lipid deposition in male ApoE −/− mice, accompanied by upregulated IGF1 and downregulated 45 kDa-LAMP2 expression in aortic lesions. FA also increased IL-4 expression and decreased IL-6 and MMP3 expression. SMC-IGF1-KO significantly weakened the protective effects of FA. In vitro , FA increased IGF1 expression and IGF1R phosphorylation, reduced 45 kDa-LAMP2, IL-6, and MMP3 expression, and increased IL-4 expression in ox-LDL-induced SMC-derived foam cells. These effects were reversed by IGF1R inhibition. Conclusion FA treatment significantly attenuates atherosclerosis. It partly resulted from that SMC-derived IGF1-mediated suppression of a 45 kDa-LAMP2 isoform, along with modulation of inflammatory balance (IL-6/IL-4) and MMP3 expression. The SMC-IGF1/45 kDa-LAMP2 axis may represent a potential therapeutic target for atherosclerosis."
OpenAlex,aortic stenosis,Lipoprotein(a) and Cardiovascular-Kidney-Metabolic Syndrome: Stage-Specific Associations With All-Cause Mortality and Major Adverse Cardiovascular Events in the UK Biobank,Qian Tang; Jingting Lyu; Chengfeng Li; Meihui Wang; Guosheng Fu; Yu Lu; Yao Wang,10.21203/rs.3.rs-10033620/v1,2026-08-06,Research Square,
OpenAlex,aortic stenosis,Hybrid Staged Management Of Redo Multiple Valve Disease,Shang Yang chen; Ying‐Hsiang Lee; Shu-I Lin; Yu-Hern Tan; Yu-san Chien; Jiun-Yi Li,10.21203/rs.3.rs-10309993/v1,2026-08-06,Research Square,
OpenAlex,aortic stenosis,Routine echocardiographic measurements in clinical practice: reproducibility of left and right ventricular indices and agreement with cardiac magnetic resonance,Raúl Eduardo Reyes-Toledo; David Gabriel David-Pardo; Gustavo Lemus-Barrios; Diego Rangel-Rivera; Claudia Jaimes; Yeisson Ávila-Cortés; Carlos Eduardo Guerrero-Chalela; gabriel salazar; Juan Felipe Vasquez-Rodriguez,10.3389/fcvm.2026.1843290,2026-08-05,Frontiers in Cardiovascular Medicine,"Background Although the reproducibility of individual echocardiographic measurements has been previously investigated, evidence evaluating a comprehensive panel of routinely used left- and right-sided parameters within standardized real-world clinical workflows from Latin American centers remains limited. We aimed to evaluate the reproducibility of routine echocardiographic measurements, including intraobserver and interobserver variability, and to examine their agreement with cardiac magnetic resonance (CMR). Methods Two cohorts of adult participants were included between 2022 and 2023: a clinical cohort consisting of patients referred for transthoracic echocardiography because of cardiovascular symptoms or routine cardiovascular evaluation, and a healthy reference group with no history of cardiovascular disease or self-reported systemic illness. Left- and right-sided echocardiographic measurements, including ventricular, atrial, and left ventricular outflow tract (LVOT) indices, were analyzed. CMR was used to assess left ventricular volumes and ejection fraction. Reproducibility was assessed by two echocardiographers using intraclass correlation coefficients and Bland–Altman analysis. Results Sixty-three participants were included, 20 in the healthy reference group and 43 in the clinical cohort. Left ventricular measurements showed excellent reproducibility, whereas right-sided indices showed overall good reproducibility. LVOT diameter showed the lowest concordance. Compared with CMR, echocardiography underestimated left ventricular volumes, while agreement for left ventricular ejection fraction remained excellent. Conclusions In routine clinical practice, standard echocardiographic measurements showed overall good reproducibility, with the strongest performance for left ventricular indices. Greater variability was observed for selected right ventricular measurements and LVOT diameter, whereas agreement with CMR was excellent for left ventricular ejection fraction despite underestimation of ventricular volumes."
OpenAlex,aortic stenosis,Tailored Calibration Approach for Hemodynamic Boundary Conditions in CT-FFR,Y. Kim; Daebeom Park; Doyeon Hwang; Seokhun Yang; Sang‐Hyeon Park; Chang‐Wook Nam; Joon‐Hyung Doh; Hyun Kuk Kim; Yongcheol Kim; Eun Ju Chun; Bon‐Kwon Koo,10.4070/kcj.2025.0535,2026-08-05,Korean Circulation Journal,"Current computational fluid dynamics-based computed tomography-derived fractional flow reserve (FFR) methods use standardized population-based boundary conditions that inadequately capture individual microvascular physiology, resulting in suboptimal realworld diagnostic performance.We developed an invasive FFR-guided calibration approach that creates individualized boundary conditions through lumped parameter modeling.This methodology significantly enhanced lesion-level hemodynamic prediction accuracy and high-risk plaque discrimination capability.By enabling individualized computational modeling beyond traditional anatomical assessment, this approach advances precision cardiovascular medicine, potentially reducing unnecessary interventions while improving procedural planning and long-term risk stratification in clinical practice."
OpenAlex,aortic stenosis,Monitoring radiation exposure through skin swab multi-omic profiling,Géraldine Vitry; Jerry Angdisen; Pauline Arriaga; Shawn Irgen-Gioro; Megan A. Sawant; Daniel Vuong; Peter Ilhardt; Jacques Fehr; Bartosz Cwikla; Brian Ponnaiya; Jamie L. Inman; Jian‐Hua Mao; Antoine M. Snijders; Shazia Hamid; David Caballero‐Lima; Guy Garty; Karyn Apfeldorf; Evagelia C. Laiakis,10.1371/journal.pone.0354734,2026-08-05,PLoS ONE,"Exposure to ionizing radiation poses major health risks across medical, occupational, and spaceflight settings, driving the need for rapid, non-invasive biodosimetry tools. As the body's most accessible organ and the most frequent site of radiation injury, the skin represents a promising interface for monitoring exposure. Using colonized human skin equivalents (coHSE; 0 Gy n = 8, 1 Gy n = 6, 4 Gy n = 6) and mice (n = 6/group) models, we performed multi-omic profiling, integrating metabolomics, lipidomics, and metagenomics, on skin swab samples collected after exposure to 0, 1, or 4 Gy of x-rays. We identified two distinct metabolite panels: one discriminating irradiated from non-irradiated skin, and another distinguishing dose-specific response. These panels included conserved radiation-responsive metabolites (e.g., uric acid, xanthine, taurine) and skin-specific markers associated with barrier integrity (e.g., proline, arginine). Diacylglycerol network enrichment and shifts in radioprotective microbial taxa, including Lachnospiraceae and Lactobacillales, further supported a repair-driven molecular response. These data support the feasibility of skin swab signatures for non-invasive exposure classification, providing a molecular and microbial framework for skin based monitoring measure development and motivating validation in human cohorts for real-world biodosimetry."
OpenAlex,aortic stenosis,Late atrial migration of a transcatheter mitral valve despite prior valve-in-valve TAVI,Josef Štěpán; Mirek Šulda; Ladislav Pešl; Aleš Mokráček; Dita Schaffelhoferová,10.33963/v.phj.114045,2026-08-05,Kardiologia Polska,"Transcatheter mitral valve implantation (TMVI) has emerged as a therapeutic option for patients at high surgical risk or with prior valvular interventions.Despite increasing use, the procedure remains technically challenging and associated with specific complications, including left ventricular outflow tract obstruction, device malposition or migration, and paravalvular regurgitation [1,2].Pre-procedural anatomy plays a key role in determining procedural outcomes.The interaction between the anterior mitral leaflet, annular geometry, and the left ventricular outflow tract may significantly influence device expansion, anchoring, and complication risk [3]."
OpenAlex,aortic stenosis,Use of the PulseCath iVAC 2L mechanical circulatory support device during left main coronary artery stenting: a clinical case report,S. Y. Gorokhovsky; М. Л. Каплан; I. A. Bilski; V. Yu. Chyrkou; A.A. Silanau,10.51523/2708-6011.2026-23-2-14,2026-08-05,Health and Ecology Issues,"Protected percutaneous coronary intervention (PCI) of the left main coronary artery (LMCA) remains a technically challenging procedure associated with a high risk of hemodynamic instability during balloon occlusion, particularly in patients with multivessel coronary artery disease and reduced left ventricular function. The use of mechanical circulatory support (MCS) devices enhances the safety of such interventions in high-risk patients. Among available platforms, the PulseCath iVAC 2L is a pulsatile transaortic left ventricular pump compatible with standard intra-aortic balloon pump consoles, providing active ventricular unloading while maintaining physiological pulsatile systemic perfusion [1, 2]. This article presents a clinical case of protected LMCA stenting using the iVAC 2L device in a 64-year-old female patient with nonQ anterior wall myocardial infarction and complex multivessel coronary artery disease, including critical stenosis of the distal LMCA with involvement of the left anterior descending (LAD) and left circumflex (LCx) artery ostia. Over the patient’s categorical refusal of coronary artery bypass grafting, a protected PCI strategy under mechanical hemodynamic support was selected. The iVAC 2L device was deployed via the right common femoral artery for 40 minutes in ECG-synchronized mode, while coronary access was obtained via the right radial artery. Following sequential predilatation, a 3.0×34 mm stent was implanted in the distal LMCA/proximal LAD segment using proximal optimization technique (POT) within a provisional stenting strategy. An optimal angiographic result was achieved, demonstrating TIMI (Thrombolysis in Myocardial Infarction) grade 3 flow, no residual stenosis, and no intraprocedural complications. The patient was discharged on day 14 in satisfactory condition on dual antiplatelet therapy. This case demonstrates the feasibility and safety of using the iVAC 2L for LMCA stenting as a revascularization option in high-risk patients."
OpenAlex,aortic stenosis,Integrated non-targeted and targeted metabolomics reveals tryptophan metabolism disorders in hypertension,Jing-Wen Yue; Yun-feng Fang; Li Jiang; Tongshuai Wang; Zhen-xian Zhang,10.3389/fcvm.2026.1805381,2026-08-05,Frontiers in Cardiovascular Medicine,"Objective This study aimed to characterize serum metabolic profiles in hypertensive patients and investigate the regulatory role of tryptophan metabolism. Methods We employed an integrated metabolomics strategy that combined non-targeted screening with targeted validation. From November 2022 to November 2023, we enrolled 25 newly diagnosed, treatment-naïve hypertensive patients and 25 age- and sex-matched healthy controls (1:1 ratio) from a local Shanghai hospital, together with their clinical baseline data. Non-targeted metabolomics, combined with Principal Component Analysis (PCA) and Orthogonal Partial Least Squares Discriminant Analysis (OPLS-DA) were used to identify differential metabolic pathways. Subsequent targeted metabolomics analysis was conducted to quantify key molecules involved in the tryptophan metabolic pathway. Results Non-targeted metabolomics revealed 2,931 metabolites, with 759 showing differential expression (296 up-regulated and 463 down-regulated), emphasizing tryptophan metabolism as the central dysfunctional pathway. Targeted validation confirmed abnormalities in three branches of tryptophan metabolism: 5-hydroxytryptamine (5-HT) was down-regulated by 30% (Fold change = 0.69, P = 0.002), while five metabolites, such as 5-HT acid (Fold change = 1.33, P = 0.002) and kynurenine (Fold change = 1.35, P = 0.004), exhibited significant up-regulation (all P &amp;lt; 0.05). Network pharmacology analysis indicated strong binding affinities between tryptamine metabolites (Serotonin and L-5-Hydroxytryptophan), kynurenine metabolites (3-Hydroxykynurenine and Kynurenine), and indole metabolites (Hydroxyindoleacetic acid and Indolelactic acid) with their respective targets SLC6A4, KYNU, and SLC6A2. Conclusion Dysregulation of the tryptophan metabolic network-characterized by kynurenine pathway activation, 5-HT pathway inhibition, and microbial-indole pathway imbalance-is a key pathological mechanism in hypertension. These key molecules regulate targets such as SLC6A4, KYNU, and SLC6A2, potentially offering mechanistic insights for future precision intervention studies."
OpenAlex,aortic stenosis,Associated prognostic impact of opioid use before Transcatheter aortic valve implantation – A Danish nationwide cohort study,Martha Meibom; Jeppe Kofoed Petersen; Victoria Mikkelsen; Louise Marqvard Sørensen; Jonas Agerlund Povlsen; Christian Juhl Terkelsen; Ashkan Eftekhari; Morten Schou; Lars Køber; Ole De Backer; Emil Fosbøl,10.1016/j.ijcha.2026.101981,2026-08-05,IJC Heart & Vasculature,"Background Opioid use is frequently reported as a baseline characteristic in transcatheter aortic valve implantation (TAVI) cohorts, yet its prognostic implications have not been examined. Aim To examine the association between pre-procedural opioid use and post-TAVI outcomes. Methods Using Danish nationwide registries, we identified patients undergoing TAVI between 2015 and 2022. Patients were categorized according to opioid use within one year before TAVI. We examined one-year all-cause mortality, cumulative days of hospitalization including the composite outcome of death or > 14 cumulative hospitalization days, and a potential opioid dose-response relationship. Adjusted relative risks were estimated using multivariable Cox and logistic regression. Results We identified 6505 patients: 1265 (19.4%) with opioid use (48.9% male; median age 80 years) and 5240 (80.6%) without (59.4% male; median age 81 years). The two groups were comparable in cardiac comorbidities and malignancy but differed in musculoskeletal (back disorders: 45.9% vs 20.7%; arthropathies 65.3% vs 47.1%) and psychiatric conditions (antidepressants: 18.8% vs. 9.6%; anxiolytics/hypnotics: 23.7% vs. 12.4%). Baseline opioid use was associated with higher post-TAVI mortality (10.4% vs 6.9%; adjusted HR 1.35, 95% CI 1.11–1.66) and increased risk of the composite outcome (OR 1.47, 95% CI 1.25–1.72). A dose-response relationship was observed, with one-year mortality increasing from 7.0% in non-users to 8.8% in low-dose users and 12.1% in high-dose users. Conclusion Baseline opioid use was associated with increased mortality and hospitalization burden in the year following TAVI, and this relationship was aggravated among high-dose users. The observed associations were most likely driven by the underlying condition of the opioid therapy."
OpenAlex,mitral regurgitation,[A novel TPM1 variant causing Dilated cardiomyopathy in a child: A case report and literature review].,S Y Sun; Yongzheng Lou; 黄立新; Min Xie; Haibo Li,10.3760/cma.j.cn511374-20250929-00581,2026-08-10,PubMed,"OBJECTIVE: To explore the clinical manifestations and characteristics of TPM1 gene variants causing Dilated cardiomyopathy (DCM) in children. METHODS: This study focused on a pediatric patient diagnosed with DCM associated with a TPM1 gene variant, who presented at the Pediatric Cardiology Department of Women and Children's Hospital of Ningbo University on October 1, 2024. A retrospective analysis of the clinical data was conducted. Peripheral blood samples were collected from the patient and both parents. Following extraction of genomic DNA, whole exome sequencing was carried out. Candidate variant was validated by Sanger sequencing in the family trio. Structural prediction and analysis of the mutant TPM1 protein were carried out using AlphaFold and PyMOL. In addition, a systematic literature review was conducted to summarize the clinical manifestations and genetic characteristics of DCM cases linked to TPM1 variants. This study was approved by the Medical Ethics Committee of the hospital (Ethics No.: EC2024-143). RESULTS: The patient, a 2-year-old girl, presented with delayed motor development. Colored Doppler ultrasound revealed left ventricular enlargement with slight endocardial thickening, mild-to-moderate mitral regurgitation, and reduced left ventricular systolic function. Whole exome sequencing revealed that she has harbored a heterozygous c.82_84del (p.Asp28del) variant of the TPM1 gene, which was detected in neither parent, suggesting a de novo origin or parental germline mosaicism. The three-dimensional structure of the TPM1 protein predicted by AlphaFold was analyzed in PyMOL, demonstrating that the variant may result in deletion of aspartic acid at position 28 (Asp28) and replacement with lysine (Lys28), forming new hydrogen bond interactions with residues Glu24, Ala31, and Glu32. A literature review has identified 10 English and 1 Chinese publication, collectively reporting 30 patients (including the present case) and 12 distinct TPM1 variants. Except for the deletion variant in this study, all others were missense variants, with the most common one being c.250G>A (p.Asp84Asn). Clinically, affected infants typically manifested as delayed motor/growth development, feeding difficulties, and dyspnea, while adult patients commonly presented with exertional dyspnea, palpitations, and dizziness as initial symptoms. CONCLUSION: This study has identified a de novo TPM1 variant c.82_84del (p.Asp28del) as a novel cause of pediatric DCM. Early genetic testing is crucial for the diagnosis, clinical management, and genetic counseling. Above finding has also enriched the mutational spectrum of TPM1-associated cardiomyopathy."
OpenAlex,mitral regurgitation,An open-source computational framework for immersed fluid–structure interaction modeling using FEBio and MFEM,Ryan T. Black; Steve A. Maas; Wensi Wu; Jalaj Maheshwari; Tzanio Kolev; Jeffrey A. Weiss; Matthew A. Jolley,10.1007/s00366-026-02371-9,2026-08-06,Engineering With Computers,"Abstract Fluid–structure interaction (FSI) simulation of biological systems presents significant computational challenges, particularly for applications involving large structural deformations and contact mechanics, such as heart valve dynamics. Traditional arbitrary Lagrangian–Eulerian methods encounter fundamental difficulties with such problems due to mesh distortion, motivating immersed techniques. This work presents a novel open-source immersed FSI framework that strategically couples two mature finite element libraries: MFEM, a GPU-ready and scalable library with state-of-the-art parallel performance developed at Lawrence Livermore National Laboratory, and FEBio, a nonlinear finite element solver with sophisticated solid mechanics capabilities designed for biomechanics applications developed at the University of Utah and Columbia University. This coupling creates a unique synergy wherein the fluid solver leverages MFEM’s state-of-the-art parallel performance, while the immersed solid exploits FEBio’s comprehensive suite of hyperelastic and viscoelastic constitutive models and advanced solid mechanics modeling targeted for biomechanics applications. FSI coupling is achieved using a fictitious domain/distributed Lagrange multiplier methodology with variational multiscale stabilization for enhanced accuracy on under-resolved grids expected with unfitted meshes used in immersed FSI. A fully implicit, monolithic scheme provides robust coupling for strongly coupled fluid-solid interactions characteristic of cardiovascular applications. The framework’s modular architecture facilitates straightforward extension to additional physics and element technologies. Several test problems are considered to demonstrate the capabilities of the proposed framework, including a three-dimensional semilunar heart valve simulation. This platform addresses a critical need for open-source immersed FSI software combining advanced biomechanics modeling with high-performance computing infrastructure."
OpenAlex,mitral regurgitation,"Case Report: Higher modelled pulmonary wall shear stress in an adult with Celoria–Patton type B aortic interruption, ventricular septal defect, and patent ductus arteriosus",Qian Qian; Yalan Zhou; Jia Shi; Qinlan Chen,10.3389/fmed.2026.1912034,2026-08-05,Frontiers in Medicine,"Background Interrupted aortic arch (IAA) is a rare congenital cardiac anomaly, almost invariably lethal in the neonatal period without surgical intervention, with adult survival exceedingly rare. The hemodynamic consequences of uncorrected Celoria–Patton type B IAA with a ventricular septal defect (VSD) and a patent ductus arteriosus (PDA) have not been previously characterized by 4D cardiac computed tomography (4D-CCT)-based computational fluid dynamics (CFD). Case presentation An 18-year-old woman with known congenital heart disease since childhood but without complete anatomic characterization presented with exertional dyspnea (NYHA class II), a grade 6/6 holosystolic murmur, and a 22 mmHg arm–leg blood pressure gradient. Echocardiography identified a large perimembranous VSD (3.33 cm) with bidirectional flow, a 0.60 cm ductus arteriosus, severe tricuspid regurgitation (PGmax 203 mmHg), and an estimated pulmonary artery systolic pressure of 168 mmHg. 4D-CCT confirmed Celoria–Patton type B IAA with the descending thoracic aorta arising as a ductal continuation from the right pulmonary artery and supplying the left subclavian artery distally. Right heart catheterization documented severe predominantly pre-capillary pulmonary hypertension (mPAP 82 mmHg; PAWP 9 mmHg; PVRi 9.6 Wood units·m 2 ; Qp 9.7 L/min, Qs 3.2 L/min, Qp/Qs 3.02). 4D-CCT-based CFD showed bidirectional VSD shunting and a main pulmonary artery time-averaged wall shear stress (WSS) of 2.18 Pa — higher than the modelled ascending aortic WSS (1.22 Pa) — with a mildly dilated main pulmonary artery (z-score +2.1). Inhaled nitric oxide reduced mPAP from 82 to 64 mmHg, a partial vasodilator response. Conclusion In adults with unrepaired type B IAA, 4D-CCT-based CFD characterizes bidirectional shunting and provides hypothesis-generating biomechanical information concordant with invasive hemodynamics; it may be useful for longitudinal surveillance of pulmonary artery geometry."
OpenAlex,mitral regurgitation,Serial Cardiovascular Magnetic Resonance Evolution of Late-Onset Female Danon Disease Initially Diagnosed as Hypertrophic Cardiomyopathy: A Case Report,X. Liu; Shichu Liang; Jing Chen; Yucheng Chen,10.3390/jcm15156085,2026-08-05,Journal of Clinical Medicine,"Background/Objectives: Danon disease is a rare X-linked lysosomal disorder caused by pathogenic variants in LAMP2. In women, cardiac involvement may occur later in life and may resemble sarcomeric hypertrophic cardiomyopathy (HCM), particularly when extracardiac manifestations are absent or subtle. A 42-year-old woman presented with chest discomfort in 2017 and was initially diagnosed with hypertrophic cardiomyopathy (HCM). She underwent serial 3.0-T cardiovascular magnetic resonance (CMR) over an 8-year period. Initial CMR showed left-ventricular hypertrophy, preserved left-ventricular ejection fraction (65.0%), increased native T1 and T2 relaxation times, extracellular volume (ECV) of 24.9%, and patchy apical late gadolinium enhancement (LGE extent, 12.35%). Five years later, worsening dyspnea was accompanied by increased left-ventricular mass index, higher native T1 and ECV, greater LGE extent (15.18%), and slow atrial fibrillation with ventricular ectopy on Holter monitoring. Genetic testing identified a likely pathogenic LAMP2 variant, c.928G&gt;A (p.Val310Ile), supporting the diagnosis of Danon disease in the clinical context. During a subsequent readmission three years later with acute amaurosis and dyspnea, no definite neurologic cause was identified in the available record. Repeat CMR showed the highest recorded native T1 and ECV values and diffuse LGE with relatively less interventricular-septal involvement, particularly in the basal septum (LGE extent, 24.59%); repeat Holter monitoring showed frequent long R-R intervals and ventricular escape beats. Because of progressive imaging and electrical deterioration, implantable cardioverter-defibrillator therapy and heart-transplantation assessment were recommended, and the patient ultimately chose to proceed with pre-transplant assessment in December 2025. Conclusions: Female LAMP2-related Danon disease may initially resemble HCM, but differs from it with diffusely abnormal T1/ECV measurements. Follow up in our case revealed progressive storage cardiomyopathy with diffuse myocardial injury and clinically relevant bradyarrhythmia."
OpenAlex,mitral regurgitation,Combined MitraClip and TriClip therapy in patients with severe mitral and tricuspid regurgitation: determinants and prediction of mid-term outcomes,Giuseppe Ancona; Mohamed AL SAIDI; Antonia Ourani; Jörg Hering; Robert Gramlich; Sebastian Feickert; Kristof Biernath; Plamen Kochev; Jonas Michael Bodanowitz; Hüseyin Ince,10.3389/fcvm.2026.1855406,2026-08-05,Frontiers in Cardiovascular Medicine,"Background Patients with combined severe mitral (MR) and tricuspid regurgitation (TR) constitute a high-risk cohort with advanced right-heart disease, reduced survival, and frequent heart failure hospitalizations. While transcatheter edge-to-edge repair (TEER) is guideline-endorsed for severe MR and increasingly adopted for TR, long-term evidence on combined dual-valve TEER remains limited. The TRIVALVE score has shown prognostic utility in transcatheter tricuspid interventions but has not been specifically evaluated in patients requiring combined TEER. Methods We prospectively enrolled 54 consecutive patients with severe MR and TR undergoing combined TEER by means of MitraClip® and TriClip®. Baseline clinical, echocardiographic, and laboratory data were collected. The primary endpoint was all-cause mortality; the secondary endpoint was a composite endpoint of all-cause mortality or heart failure rehospitalization (cumulative events). Survival and cumulative events were estimated by Kaplan–Meier analysis, determinants were identified by logistic regression, and prediction models were built using random-forest, logistic regression, and gradient boosting. Results Median TRIVALVE score was 2.0 (IQR 1.0–3.0) and median EuroSCORE II was 4.5 (IQR: 3.0–7.6). Thirty-day mortality was 5.5% (3/54). Median clinical follow-up was 607 days (IQR 289–906). Estimated 1-year and 2-year survival was 91.8% and 64.5%, with 74.2% and 52.7% freedom from mortality or heart failure rehospitalization. In the regression analysis, both TRIVALVE score (OR=2.19; 95% CI: 1.06–4.53; p = 0.034) and baseline level of hemoglobin (OR=0.64; 95% CI: 0.43–0.96; p = 0.029) were significantly associated with mortality. The composite of all-cause mortality or heart-failure rehospitalization was independently predicted by the TRIVALVE score (OR=2.53; 95% CI: 1.26–5.09; p = 0.009) with the component of pre-procedural atrial fibrillation and right heart failure having the strongest prediction. Random forest showed the highest discriminative performance for prediction of follow-up mortality (AUC 0.79; Sens. 0.84; Spec. 0.66; 95% CI 0.63–0.96), and the composite of all-cause mortality or heart-failure rehospitalization (AUC 0.86; Sens.0.8; Spec. 0.67; 95% CI 0.718–0.976). Conclusion Combined dual-valve TEER achieved acceptable mid-term survival and event-free outcomes. Outcomes were driven more by baseline disease burden than by procedural success alone. Lower baseline hemoglobin and a higher TRIVALVE score were both linked to worse prognosis, with atrial fibrillation and right heart failure as its most influential components, highlighting the contribution of chronic atrial remodeling and congestion to recurrent events. These findings are hypothesis-generating and require external validation."
OpenAlex,mitral regurgitation,Sarcoma de la íntima cardiaco y de grandes vasos: serie clinicopatológica con correlación por imagen e inmunohistoquímica,Ángel A. Montañez-Aguirre; Karina Del Valle-Zamora<sup>Ó�</sup>; Alberto Aranda‐Frausto; Silvia Jiménez-Becerra; María L. Loredo-Mendoza<sup>Ó�</sup>,10.24875/acm.26000025,2026-08-05,Archivos de cardiología de México,"Intimal sarcoma (IS) is an extremely rare but aggressive malignant tumor and is now recognized as the most frequent primary malignancy of the heart and great vessels. Its clinical presentation is often non-specific, frequently mimicking common conditions such as pulmonary embolism or cardiac myxoma, leading to significant diagnostic delays. This case series describes four women with IS in various locations: two in the left atrium with mitral valve involvement, one in the main pulmonary artery, and one presenting as a pulmonary mass. Diagnosis relied on multimodal imaging, including echocardiography, computed tomography, and magnetic resonance imaging, followed by histopathological confirmation. Microscopic analysis revealed marked cellular pleomorphism and high mitotic activity. Immunohistochemistry (IHC) was essential for the final diagnosis, as all cases demonstrated nuclear mouse double minute 2 (MDM2) expression, a defining marker associated with gene amplification. Other markers, such as h-caldesmon and diffuse cluster of differentiation 31, were negative, effectively excluding leiomyosarcoma and angiosarcoma. Given its poor prognosis and high embolic potential, early recognition and radical surgical resection remain crucial for patient survival. This series emphasizes the clinical relevance of considering IS in the differential diagnosis of intracardiac and endovascular masses, highlighting MDM2 IHC as a reliable diagnostic tool."
OpenAlex,mitral regurgitation,Dor procedure in post-infarction left ventricular aneurysm complicated by heart failure,Ryszard Radziukiewicz; Aleksander Szczęsny; Łukasz Nowotka; Ewa Warchoł-Celińska; Krzysztof Kuśmierski; Maciej Sterliński; Mirosław Kowalski,10.33963/v.phj.114048,2026-08-05,Kardiologia Polska,"Dor procedure is a surgical treatment for post-infarction aneurysms, reserved for patients with large aneurysms at risk of rupture or those causing arrhythmias [1].Procedure involves excising of akinetic and dyskinetic segments and reshaping the left ventricular cavity with a patch.Consequently, ventricular geometry is restored and the ventricular ejection fraction increased [2][3][4].We report the case of a 68-year-old man transferred to our institution from another center with suspected iatrogenic left ventricular perforation and impending cardiac tamponade."
OpenAlex,mitral regurgitation,Vasopressin for hemodynamic support in neonates: current evidence and clinical applications,Aimann Surak; Mohamed Sewidan; Mimi Kuan; Megan Kennedy; Manoj Kumar; Joseph Ting,10.1038/s41372-026-02837-0,2026-08-05,Journal of Perinatology,"OBJECTIVE: To systematically map and synthesize the available evidence on the use of vasopressin for hemodynamic support in neonates. STUDY DESIGN: We conducted a scoping review to synthesize available data on indications, dosing, clinical effects, and safety. RESULTS: Twelve studies were included (one randomized trial, eleven observational), encompassing heterogeneous neonatal populations. Vasopressin was primarily used as rescue therapy in refractory shock, including sepsis, persistent pulmonary hypertension of the newborn, and congenital diaphragmatic hernia. Dosing regimens varied widely. Most studies reported improvements in mean arterial blood pressure, with some demonstrating reduced vasoactive support and improved oxygenation. Effects on urine output were variable. Safety reporting was inconsistent; hyponatremia was the most commonly described adverse event, while serious ischemic complications were rarely reported. CONCLUSION: Vasopressin may improve short-term hemodynamic parameters, but evidence is limited and heterogeneous, with insufficient data to guide optimal use."
OpenAlex,mitral regurgitation,Mitral Valve Dysplasia Leading to Congestive Heart Failure in a Male Squirrel Monkey (Saimiri boliviensis boliviensis),Carlotta Valente; Carlo Guglielmini; Francesca Zanusso; Massimiliano Tursi; Laura Voltan; Giulia Maria De Benedictis; Helen Poser,10.3390/ani16152402,2026-08-04,Animals,"Acquired cardiovascular diseases are recognized as a major age-related cause of morbidity and mortality in captive squirrel monkeys (Saimiri spp.). An 11-year-old intact male black-capped squirrel monkey (Saimiri boliviensis boliviensis) was presented following a syncopal episode associated with respiratory distress, abdominal distension, and peripheral edema. Upon presentation, the animal appeared thin and debilitated. Physical examination revealed respiratory distress with paradoxical breathing, abdominal distension, peripheral edema of the hind limbs, and hypothermia. Thoracic auscultation identified a loud systolic murmur over the left hemithorax and diffuse pulmonary crackles. Thoracic radiographs demonstrated severe cardiomegaly and perihilar pulmonary interstitial pattern consistent with cardiogenic pulmonary edema. Two-dimensional echocardiography revealed hyperechoic papillary muscles, thickened and restricted mitral valve leaflets, and shortened chordae tendineae with secondary severe left atrial and ventricular dilation. Doppler echocardiography demonstrated severe mitral regurgitation. Congestive heart failure secondary to mitral valve dysplasia was diagnosed. Treatment with diuretics and vasodilators resulted in transient clinical improvement followed by rapid deterioration of the patient’s condition; therefore, euthanasia was elected. Gross pathological and histopathological examinations revealed thickened and irregular mitral valve leaflets with hypoplastic chordae tendineae associated with severe left-sided cardiac enlargement. To the authors’ knowledge, this is the first report describing mitral valve dysplasia in an adult squirrel monkey. This report expands the spectrum of cardiovascular diseases described in squirrel monkeys and highlights the importance of advanced cardiac imaging in the diagnosis of rare congenital cardiac defects in non-human primates."
OpenAlex,mitral regurgitation,Native Aortic and Mitral Valve Endocarditis Caused by Nontoxigenic Corynebacterium diphtheriae in a Young Male Patient: A Case Report,Thomas Oswald; Cara Hanley; Jim Frem; Gillian Jones; Michael Lewis; Rachael James,10.7759/cureus.113921,2026-08-04,Cureus,"Non-toxigenic Corynebacterium diphtheriae strains are emerging as a cause of invasive disease, including highly virulent endocarditis, and have been associated with aggressive valvular destruction and embolic complications in reported cases without classical risk factors. A 26-year-old man with a history of former intravenous drug use and recent inhalational drug use presented with symptoms of systemic infection. He did not have any known pre-existing cardiac disease. Blood cultures grew C. diphtheriae. A transthoracic echocardiogram revealed large (&gt;1 cm) aortic and mitral vegetations associated with severe valvular regurgitation, requiring urgent surgery within three days of admission. The patient underwent prosthetic aortic and mitral valve replacement, aortic root abscess de-roofing, and tricuspid valve debridement. The patient completed four weeks of antibiotics as advised by the United Kingdom Health Security Agency (UKHSA), made a good recovery, and was ultimately discharged from the hospital. Increasing global reports, particularly among individuals experiencing homelessness or using inhaled drugs, highlight the progressive and destructive nature of C. diphtheriae endocarditis, particularly in those without classical risk factors according to current diagnostic criteria. With growing clusters of infections in marginalized populations, clinicians must maintain a high index of suspicion to facilitate timely intervention and mitigate public health risks. This case reinforces the role of early recognition, coordinated multidisciplinary team (MDT) management, and collaboration with public health teams to improve outcomes."
OpenAlex,mitral regurgitation,Fluid–Structure Interaction Analysis of Aortic Valve Dynamics: Effects of Aspect Ratio,Xiyue Zhang; Liangqi Zhang; Zhong Zeng; Yibo Han; Xing Zhang; Xueli Wang; Quanchao Zhang; Guixue Wang,10.1093/rb/rbag167,2026-08-04,Regenerative Biomaterials,"Abstract The geometric configuration of prosthetic aortic valve is a key determinant of its mechanical response and associated hemodynamics during the cardiac cycle. In this work, high-fidelity fluid–structure interaction (FSI) analysis is conducted to provide physical insight into the effects of geometry on valve design. We integrate the data from the Doppler experiments and the Windkessel model for the inlet velocity and outlet pressure conditions, respectively. The arbitrary Lagrangian–Eulerian (ALE) method is employed to address the two-way interaction between hyperelastic leaflets undergoing periodic large deformation and the surrounding blood flow. The effects of leaflet aspect ratio (AR) and blood non-Newtonian properties on mechanical performance are systematically investigated. The FSI analysis shows that increasing AR elevates von Mises stress, wall shear stress (WSS), blood velocity magnitude, transvalvular pressure gradient (TPG), and regurgitation fraction (RF), while reducing geometric orifice area (GOA). These trends are opposite to the results from pure structural mechanical analysis. As AR increases from 0.86 to 1.26, the maximum von Mises stress increases by 58.66%, whereas GOA decreases by 71.54%. For the AR = 1.26 valve, the jet deviates from the centerline toward the lower vessel wall during peak systole and the subsequent deceleration phase, resulting in asymmetric deformation."
OpenAlex,mitral regurgitation,Artificial Intelligence-Enabled Digital Auscultation and Phonocardiography for Clinically Significant Adult Valvular Heart Disease: A Systematic Review and Meta-Analysis,Yun-Chu Wang; Yu‐Chuan Chen; Chih‐Yu Yang,10.21203/rs.3.rs-10350569/v1,2026-08-04,Research Square,
OpenAlex,mitral regurgitation,Left Ventricular Diastolic Dysfunction in Patients with Interstitial Lung Disease—A Potential Treatable Trait,Ophir Freund; Uriel Katsoff; Tzlil Hershko; Ayala Ron; Shir Frydman; Doron Cohn‐Schwartz; Aviv Kupershmidt; Neta Mano; Ariel Melloul; Eyal Kleinhendler; Amir Bar‐Shai; Avraham Unterman,10.3390/arm94040057,2026-08-04,Advances in respiratory medicine,"Cardiovascular comorbidities complicate interstitial lung disease (ILD) and represent potential therapeutic targets, yet the prevalence and clinical impact of left ventricular diastolic dysfunction (LVDD) remain poorly characterized. We aimed to evaluate LVDD as a potential treatable trait within a prospective cohort. Using data from an ILD registry (January 2021–October 2024), we defined clinically relevant LVDD as echocardiographic grade 2 or 3 diastolic dysfunction. Out of 276 patients (median age 69, 44% female), 14% had LVDD, which was almost entirely in patients with fibrosis (97%, p = 0.045) and associated with lower diffusing capacity for carbon monoxide. Survival and clinical analyses restricted to the fibrotic ILD subgroup (n = 241) showed that LVDD was independently associated with a higher hazard for a combined adverse outcome of acute exacerbation, lung transplantation, or death (adjusted HR 1.82, 95% CI 1.03–3.38, p = 0.043), which persisted after 1:2 propensity score matching (HR 2.04). LVDD also independently predicted increased all-cause mortality (adjusted HR 2.10) and reduced 6-min walk distance (median 413 vs. 465 m, β = −0.14, p = 0.036). In conclusion, LVDD is prevalent in fibrotic ILD and carries significant prognostic implications. Given its objective measurability and actionable treatment pathways, LVDD represents a potentially important treatable trait requiring multi-disciplinary care."
OpenAlex,mitral regurgitation,Functional Mitral Stenosis in the Setting of Aortic Regurgitation: Myth or Reality?,F. Haffane; K. Elaakib; J. Elmasrioui; S. Elkarimi; M. Elhattaoui,10.9734/ca/2026/v15i3557,2026-08-04,Cardiology and Angiology An International Journal,"Functional mitral stenosis may occur when transmitral flow is impaired in the absence of intrinsic mitral valve disease. We report a case of apparent mitral stenosis associated with severe aortic regurgitation and postoperative resolution after aortic valve replacement. A 54-year-old man with hypertension presented with persistent palpitations and New York Heart Association class III dyspnoea. Electrocardiography showed atrial fibrillation with a mean ventricular rate of 120 beats/min. Transthoracic echocardiography demonstrated severe eccentric aortic regurgitation directed towards the anterior mitral leaflet, with a vena contracta of 6.6 mm, pressure half-time of 210 ms, effective regurgitant orifice area of 34 mm², and regurgitant volume of 70 mL. The anterior mitral leaflet showed fluttering and reduced diastolic opening, with an interleaflet distance of 11 mm, mitral valve area of 1.6 cm² by planimetry, and a mean transmitral pressure gradient of 18 mmHg, despite the presence of thin, morphologically normal mitral leaflets. After heart rate control and multidisciplinary assessment, the patient underwent surgical aortic valve replacement with a mechanical prosthesis. Three weeks after surgery, echocardiography showed normal prosthetic valve function, disappearance of mitral leaflet fluttering, an increase in the intervalvular distance to 26 mm, and normalisation of the mean transmitral pressure gradient to 1.5 mmHg. This case supports the diagnosis of reversible functional mitral stenosis caused by haemodynamic interaction between severe aortic regurgitation and mitral valve motion."
OpenAlex,mitral regurgitation,Impact of Hypertensive Heart Disease on Coronary Artery Disease Severity Assessed by the Duke Coronary Artery Disease Index,Fahrudin Šabanović; Farisa Babic Sabanovic; Emir Becirovic; Amir Bećirović; Dragan Piljić,10.7759/cureus.113892,2026-08-03,Cureus,"This retrospective study of 98 patients assessed whether hypertensive heart disease (HHD) is associated with angiographic coronary artery disease (CAD) burden, quantified by the Duke CAD Index, and whether HHD or CAD burden influenced revascularization strategy. HHD was independently associated with higher Duke CAD Index values in linear regression (B = 10.33, p = 0.038) and with greater odds of more severe CAD categories in ordinal regression (OR = 3.19, p = 0.015). However, revascularization choice did not differ by HHD status or CAD severity (p = 0.95). A model incorporating age, sex, diabetes mellitus, and HHD demonstrated moderate discriminative ability for predicting severe CAD (AUC = 0.753). These findings suggest that HHD identifies a high-risk coronary atherosclerotic phenotype, but they are hypothesis-generating and require confirmation in larger prospective studies before clinical application."
OpenAlex,mitral regurgitation,3D Contractile and Remodeling Behaviors of Functionally Normal and Prolapsed Human Mitral Valve Interstitial Cells,Toni M. West; Gabriel Peery; Sanjana S. Chemuturi; Jean Pham; Giovanni Ferrari; Michael S. Sacks,10.1007/s10439-026-04319-y,2026-08-03,Annals of Biomedical Engineering,"Abstract Mitral valve prolapse (MVP) can lead to heart failure, arrhythmia, and death. The only treatments available for MVP are replacement or repair; alternative therapies remain elusive due to lack of knowledge of the underlying pathological processes. The goal of the present study was thus to explore how MVP affects human mitral valve interstitial cell (hMVICs) extracellular matrix (ECM) remodeling and basal contractility characteristics. Isolated MVP and physiologically normal hMVICs were embedded in poly(ethylene) glycolbased hydrogels containing fluorescent fiducial markers and 3D traction force microscopy via inverse modeling was employed to determine the local change in hMVIC hydrogels due to enzymatic degradation and collagen deposition. Results indicated pronounced hydrogel softening occurred generally further from the hMVICs, whereas stiffening occurred in close proximity to hMVICs due to collagen deposition as verified by collagen-staining. MVP hMVICs induced greater hydrogel stiffening and less degradation than normal hMVICs. Interestingly, even though MVP hMVICs had higher basal contractile displacements, their corresponding traction forces and hydrogel strain energy densities were significantly lower than those of normal hMVICs. These findings elucidate, for the first time, that MVP hMVICs have significantly altered biophysical contractile and ECM remodeling behaviors compared to normal hMVICs. Simple Summary When a mitral heart valve gets thick, stiffened, and degraded, it can flip backwards (prolapse), causing blood to flow the wrong way. This can cause heart failure, arrhythmia, or even death. The only treatment for mitral valve prolapse (MVP) is surgery. To pave the way for a medication, this study aimed to understand how cells that maintain the mitral valve, mitral valve interstitial cells (MVICs), act on their surrounding tissue. The mechanical properties of the MVICs were tested, including how much they contract and how much they pull on their surroundings. Also, the mechanical properties that the MVICs place on their surroundings were tested, like how much they stiffen and degrade the tissue and how much energy is stored in the tissue as the MVICs contract. Compared to normal MVICs, we found that MVP MVICs stiffen their surroundings more and degrade their surroundings less. We also found that even though MVP MVICs contract more than normal MVICs, the energy that they place on their surroundings is less than that of normal MVICs, indicating that MVP MVICs are less mechanically effective. This is the first time that this ineffectiveness has been seen and may be key to targeting MVP with future medications."
OpenAlex,valvular heart disease,"Effects of Continuous Positive Airway Pressure, Lifestyle Modification, and Pranayama on Sleep Architecture, Insulin Resistance, Adipokines, Inflammatory Markers, and Cardiometabolic Biomarkers in Obese Adults with Type 2 Diabetes Mellitus and Obstructive Sleep Apnea",Shinde Yogita Mahendra; Badade ZG; Rai Sandeep; Potdar Pradeep,10.25258/ijddt.16.72s.30,2026-08-06,International Journal of Drug Delivery Technology,.
OpenAlex,valvular heart disease,Mechanotransduction and cell fate: from molecular sensors to multicellular self-organization,María del Carmen Estrada Elorza; M. Cruz‐Lemini; Karina Martínez-Mayorga; Mariana G. Martinez-Garfias; Ana Carolina Gómez-Carrillo; Alfonso Rios-Perez; Julio Granados-Montiel,10.3389/fcell.2026.1871354,2026-08-06,Frontiers in Cell and Developmental Biology,"Mechanical signals are now recognized as instructive cues that guide cell fate decisions with a precision comparable to classical morphogens. The identification of genetically encoded mechanosensors—including the PIEZO and TMC ion channel families, Transient Receptor Potential channels, and mechanosensitive adhesion complexes—has revealed how cells translate forces into transcriptional programs. In this review we integrate three levels of mechanotransduction biology: the molecular sensors that detect force, the intracellular signaling networks that convert sensing into gene expression, and the multicellular dynamics by which local mechanical interactions drive tissue self-organization. We discuss how substrate stiffness, applied tension, and cell–cell mechanical coupling regulates the differentiation of stem and progenitor cells across diverse lineages, with particular emphasis on the developing cardiovascular system as a paradigmatic mechanobiological organ: primitive blood flow instructs cardiac chamber morphogenesis, and mechanosensitive channels such as PIEZO1 are essential for vascular patterning. We also examine skeletal progenitor commitment and articulate an emerging conceptual distinction—the Regeneration-Specific Mechanosensor hypothesis—proposing that a defined subset of mechanosensors is dispensable during morphogenesis but becomes essential during tissue repair, with TRPA1 as the prototypical example. Structural and computational insights into channel gating, together with engineered mechanical environments for directing stem cell fate, provide a translational bridge toward regenerative therapeutics in cardiovascular and musculoskeletal medicine. Outstanding questions include the hierarchy of mechanosensors during lineage commitment, the mechanical logic of multicellular symmetry breaking, and the translational potential of regeneration-specific mechanosensitive drug targets. We propose that integrating molecular, cellular, and tissue-scale mechanobiology offers a unifying framework for understanding cell fate decisions in both development and regenerative medicine."
OpenAlex,valvular heart disease,Evaluation of the Usage of Transesophageal Echocardiogram in Patients with Endocarditis or Stroke,Matthieu Carter; Kaveh Rezaei Bookani,,2026-08-06,Graduate Medical Education Research Journal,"Transesophageal Echocardiograms (TEE) are used to evaluate the heart more clearly, especially if a Transthoracic Echocardiogram (TTE) is not clear. However, the procedure requires sedation, and complications can arise as a result. The necessity of the TEE must be determined to ensure unnecessary risks are not taken. Our study investigated adult patients from January 2024 to March 2024 (n=300) who received TEEs because of endocarditis (n=59) or stroke (n=24). We determined the necessity of the TEE in endocarditis patients by assessing variables such as cardiac device, strain of pathogen, whether the TTE was diagnostic, and whether the TEE provided additional information. For our Stroke cohort, we examined age, whether the TTE was diagnostic, whether the bubble study was abnormal, and whether the TEE provided additional information. We found that, compared to published research, our endocarditis cohort was given redundant TEEs at a rate of 17% [95% CI: 5%-22%]. This is a non-significant difference compared to the published research. Due to a lack of literature regarding TEE necessity in stroke, we compared whether there was a change in treatment management. We found that our cohort had treatment management altered in 33% of cases [95% CI: 9%-57%], though this was a non-significant difference compared to a published study. The limitations in our study include a low sample population and a lack of studies performing a robust comparison. A future direction for research includes contributing to the gap in research about the necessity of stroke TEEs as well as expanding cohort size in future studies."
OpenAlex,valvular heart disease,"Cardiac Auscultation: A Practical Review of Technique, Modern Tools, and Strategies to Maintain Diagnostic Competence",Santiago Acero-Velasquez; Juanita Guzman-Correa; Diego Alejandro Vivas,10.1097/crd.0000000000001411,2026-08-06,Cardiology in Review,"Cardiac auscultation remains a fundamental component of the cardiovascular physical examination and an essential skill for diagnosing valvular heart disease. Despite its clinical importance, persistent deficiencies in auscultatory proficiency have been documented among medical students, residents, and practicing clinicians, partly attributable to reduced bedside teaching and an increasing reliance on advanced imaging. This narrative review examined contemporary educational approaches and diagnostic tools designed to improve the teaching and learning of cardiac auscultation. A structured literature search was conducted in PubMed, LILACS, SciELO, CDC Stacks, and medRxiv, identifying 1065 records, of which 20 studies met inclusion criteria after duplicate removal and eligibility screening. Selected studies evaluated interventions targeting knowledge acquisition, diagnostic accuracy, and clinical competence across learners ranging from medical students to practicing physicians. Simulation-based medical education, particularly simulation-based mastery learning, emerged as an effective strategy for improving auscultatory knowledge and skills. High-fidelity simulators, such as the Harvey Cardiology Patient Simulator, provide standardized training environments associated with improved diagnostic accuracy and skill retention. Digital tools support auditory pattern recognition through repeated exposure, while hybrid simulation models enhance realism by integrating clinical interaction. Point-of-care technologies, including handheld echocardiography and digital stethoscopes, may further support learning by linking auscultatory findings with underlying pathophysiology. Evidence supports a multimodal approach combining simulation, digital learning, bedside teaching, and structured assessment, with repeated exposure and deliberate practice appearing essential for achieving and maintaining auscultatory competence."
OpenAlex,valvular heart disease,Infective endocarditis following transcatheter valvular interventions (transcatheter aortic valve implantation and transcatheter edge-to-edge repair),Edyta Płońska-Gościniak; Wojciech Wojakowski; Marek Deja; Piotr Gościniak; Karina Zatorska; Zbigniew Huczek; Lidia Tomkiewicz-Pająk; Monika Komar; Tomasz Kukulski; Katarzyna Mizia-Stec; Joanna Szachowicz-Jaworowska; Anna Błach; Jerzy Pacholewicz; Jarosław D Kasprzak; Zbigniew Gąsior; Piotr Scisło; Jolanta Nowak; Tomasz Hryniewiecki,10.33963/v.phj.113648,2026-08-06,Kardiologia Polska,"Infective endocarditis (IE) following transcatheter valvular interventions, including transcatheter aortic valve implantation and transcatheter edge-to-edge repair, is an uncommon but life-threatening complication associated with major diagnostic and therapeutic challenges. As indications for structural interventions continue to expand, the burden of device-related IE is expected to increase. This expert opinion, jointly developed by the Association of Valvular Heart Disease and the Association of Cardiovascular Intervention of the Polish Cardiac Society, summarizes contemporary evidence regarding the epidemiology, clinical presentation, diagnosis, treatment, and prevention of transcatheter valve-related IE. Transcatheter aortic valve implantation-related IE occurs at an estimated incidence of 0.3-2.0 per 100 person-years and is associated with high in-hospital and long-term mortality, whereas transcatheter edge-to-edge repair-related IE is less frequent but similarly associated with poor outcomes. Clinical presentation is frequently atypical, particularly in elderly and in patients with multimorbidity, resulting in delayed diagnosis. Echocardiography remains the first-line imaging modality but is often limited by prosthesis-related artifacts. Multimodality imaging, particularly electrocardiography-gated cardiac computed tomography and in selected cases positron emission tomography, substantially improves diagnostic accuracy and detection, especially of perivalvular complications. Management relies on prolonged pathogen-directed intravenous antibiotic therapy, but surgical intervention should be considered in all patients, with a significant indication for surgery in patients with uncontrolled infection, heart failure, embolic complications, or extensive tissue destruction. Preventive measures, including maintaining strict periprocedural asepsis and targeted antibiotic prophylaxis, remain essential. IE after transcatheter valvular interventions therefore represents a rare but devastating complication requiring high clinical vigilance, multidisciplinary management, and individualized treatment strategies to improve outcomes."
OpenAlex,valvular heart disease,Correction to: 2025 ESC/EACTS Guidelines for the management of valvular heart disease: Developed by the task force for the management of valvular heart disease of the European Society of Cardiology (ESC) and the European Association for Cardio-Thoracic Surgery (EACTS),,10.1093/eurheartj/ehag625,2026-08-06,European Heart Journal,
OpenAlex,valvular heart disease,Von Willebrand factor medates distinct mechanisms of vegetation formation in streptococcus mutans-induced endocarditis: comparisons between damage-induced and inflammation-induced mouse models,Anni Li; Junwei Qian; Kangshuai Zhou; Yinuo Yuan; Senlin Ma; Dian Zhang; Xiaofei Jiang; Mingquan Chen,10.3389/fcvm.2026.1490579,2026-08-06,Frontiers in Cardiovascular Medicine,"Infective endocarditis (IE) is a severe cardiovascular disease characterized by the formation of vegetations on heart valves. This study investigates the role of von Willebrand Factor (VWF) in the pathogenesis of Streptococcus mutans -induced endocarditis using two distinct mouse models: damage-induced and inflammation-induced endocarditis. We employed histological analysis, immunofluorescence, scanning electron microscopy, and molecular techniques to elucidate the mechanisms of vegetation formation and the contribution of VWF in each model. Our results demonstrate that VWF is critical for vegetation formation in S. mutans-induced IE, with more pronounced effects in damage-induced models. VWF deficiency reduces valve colonization, and vegetation size, while supplementation restores these phenotypes. Mechanistically, VWF might upregulates IL-17A/ICAM-1 signaling to amplify inflammation and collagen deposition, which was validated by genetic knockout and antibody blockade. Furthermore, our study provides novel insights into the interplay between VWF and inflammatory responses during endocarditis progression, opening new avenues for understanding the complex pathophysiology of this life-threatening condition."
OpenAlex,valvular heart disease,Efficacy and Safety of Low-Power (20 W) Catheter Ablation for Typical Atrioventricular Nodal Reentrant Tachycardia: A Prospective Multicenter Study,Lae-Young Jung; Chang Hee Kwon; In Geol Song; Ji Hyun Lee; Minsu Kim,10.21203/rs.3.rs-10387441/v1,2026-08-06,Research Square,
OpenAlex,valvular heart disease,The Role of Occupational Therapy in Enhancing Independent Medication Management and the Usage of Self-Administered Drug Delivery Devices Among Elderly Patients,Asma Ibrahim Alfayez; Munira Mutlaq Alharbi; Sulaiman Mohammed Aldawsari; Layla Abdulaziz Almusaad; Hassan Sulaiman Alrasheed,10.25258/ijddt.16.72s.144,2026-08-06,International Journal of Drug Delivery Technology,.
OpenAlex,valvular heart disease,APLICACIÓN DE INTELIGENCIA ARTIFICIAL EN EL DIAGNÓSTICO TEMPRANO MEDIANTE IMÁGENES MÉDICAS: AVANCES Y DESAFÍOS CLÍNICOS,Manuel Alejandro Reyes Muñoz; Daniela Estefanía Durán Holguín; Geovanna María Pazmiño Olmedo; Paula Andrea Garzón Benavides,10.56519/38w7qx92,2026-08-05,Revista Politécnica de la Ciencia,"La inteligencia artificial (IA) se ha consolidado como una de las tecnologías más prometedoras para el diagnóstico temprano mediante imágenes médicas, debido a su capacidad para mejorar la precisión diagnóstica, agilizar la interpretación de estudios y apoyar la toma de decisiones clínicas. El objetivo de este trabajo fue analizar los avances recientes en la aplicación de la IA en el diagnóstico temprano por imágenes médicas y describir los principales desafíos clínicos, tecnológicos y éticos asociados a su implementación. Para ello, se realizó una revisión narrativa de la literatura científica publicada entre 2016 y 2025, utilizando las bases de datos PubMed/MEDLINE, Scopus, Web of Science y ScienceDirect. Se incluyeron estudios originales, revisiones sistemáticas, metaanálisis y otros documentos científicos relacionados con el uso de inteligencia artificial en imágenes médicas. La información recopilada fue organizada y analizada mediante un enfoque temático, considerando las áreas clínicas de aplicación, las tecnologías empleadas, los resultados diagnósticos obtenidos y las limitaciones identificadas. Los hallazgos evidenciaron que los algoritmos de aprendizaje profundo han alcanzado niveles de precisión comparables a los de especialistas en oncología, neurología, enfermedades respiratorias y cardiología. Asimismo, se identificaron beneficios significativos asociados con la detección temprana de enfermedades, la reducción de la variabilidad diagnóstica y la optimización de los flujos de trabajo clínicos. Sin embargo, persisten limitaciones relevantes, entre ellas la escasa capacidad de generalización de algunos modelos, la presencia de sesgos en los datos de entrenamiento, la limitada interpretabilidad de ciertos algoritmos y la necesidad de fortalecer los marcos regulatorios y éticos. Se concluye que la inteligencia artificial constituye una herramienta complementaria con gran potencial para el diagnóstico temprano mediante imágenes médicas; no obstante, su implementación debe sustentarse en modelos transparentes, validados en diversos contextos clínicos y respaldados por estrategias que garanticen la seguridad, la equidad y la confiabilidad de su resultado."
OpenAlex,valvular heart disease,TSH index and 24-hour mean heart rate in euthyroid adults: opposing FT3 and heart rate variability components,Yingyue Zhang; Guojie Ye; Wenchang Zhang; 何昌见; Peng Wang; Chunhua Ding,10.3389/fendo.2026.1863377,2026-08-05,Frontiers in Endocrinology,"Background Central thyroid homeostasis may contribute to variation in heart rate even within the euthyroid range, but the relative contributions of endocrine and autonomic correlates remain uncertain. Objective To examine the association between the TSH index (TSHI) and 24-hour mean heart rate and to explore whether this association could be statistically decomposed into components involving free triiodothyronine (FT3) and heart rate variability. Methods This cross-sectional observational study was conducted as a secondary analysis of a previously described cohort. The cohort comprised 550 euthyroid adults who underwent 24-hour ambulatory electrocardiography and contemporaneous thyroid function testing. The present analysis focused specifically on the association between TSHI and 24-hour mean heart rate and its statistical decomposition involving FT3 and ln(SDNN). Multivariable linear regression and parallel mediation analysis, interpreted as statistical decomposition rather than causal mediation, were used after adjustment for demographic factors, body mass index, blood pressure, lifestyle factors, and major cardiometabolic comorbidities. Results Higher TSHI was associated with lower mean heart rate (β −3.488 bpm per 1-unit increase; 95% CI −4.633 to −2.343; P &amp;lt; 0.001). Parallel mediation suggested opposite-direction indirect components: a positive association through FT3 (indirect estimate +0.251 bpm; 95% CI 0.052 to 0.520) and a negative indirect association through ln(SDNN) (indirect estimate −0.607 bpm; 95% CI −1.219 to −0.039). The net indirect association was not significant (−0.356 bpm; 95% CI −0.998 to 0.270), whereas the residual direct association remained predominant (c′ −3.132 bpm; 95% CI −4.076 to −2.138). Conclusion In euthyroid adults, the association between TSHI and 24-hour mean heart rate appears to comprise FT3 and heart rate variability components in opposite directions, while the residual direct association remains predominant. These findings should be interpreted as reflecting cross-sectional statistical decomposition, rather than providing evidence for causal mediation."
OpenAlex,valvular heart disease,Interaction of Operator−Patient Sex on Peri‐Procedural Treatments and Major Coronary Outcomes After Percutaneous Coronary Intervention,Sharon Ayayo; Vicky P Taxiarchi; Angela Jerath; Evangelos Kontopantelis; Sonya Burgess; Sarah Zaman; Mamas A. Mamas,10.1002/ccd.70799,2026-08-05,Catheterization and Cardiovascular Interventions,"BACKGROUND: There are limited data evaluating the association between operator-patient sex, and outcomes in patients undergoing percutaneous coronary intervention (PCI). METHODS: We included 138,112 consecutive PCI procedures in patients presenting with acute coronary syndrome (ACS) in England and Wales, 2017-2020. Primary endpoints of in-hospital major adverse cardiovascular and cerebrovascular events (MACCE), and mortality were assessed. Risk ratios (RR) estimated independent associations of patient sex and patient-operator sex with peri-procedural treatment and outcomes. RESULTS: Female patients had a 10% higher risk of MACCE [95% CI: 1.04, 1.16], and a 14% higher risk of in-hospital mortality than male patients [95% CI: 1.07, 1.21]. Male operators undertook the vast majority of PCI procedures; 130,604 (94.6%). Patient sex-based differences in outcomes were not present for female operators but were statistically significant amongst male operators. Risk-adjusted data found that, when treated by male operators, female patients experienced higher MACCE and mortality rates than male patients (4.1% vs. 3.7%; RR: 1.11 [95% CI: 1.05,1.18] and 3.1% vs. 2.7%; RR: 1.15 [95% CI: 1.08, 1.22] respectively). When treated by female operators, female patients experienced numerically lower MACCE rates than male patients (4.0% vs. 4.3%; RR:0.93 [95% CI: 0.72, 1.14] and similar mortality rates (2.9% vs. 2.9%; RR:1.01 [95% CI: 0.75, 1.26]). Operator-patient sex discordance was associated with lower transradial PCI (RR: 0.96 [95% CI: 0.95, 0.96]), lower prasugrel use (RR: 0.88 [95% CI: 0.82, 0.94]), higher MACCE (RR: 1.12 [95% CI: 1.06, 1.18]) and mortality (RR: 1.14 [95% CI: 1.07,1.21]) compared with operator-patient sex concordance. CONCLUSIONS: Female patients experienced higher risk-adjusted mortality than male patients; while outcomes appeared less favorable among those treated by male operators, this finding should be interpreted cautiously given the limited precision for female operators."
OpenAlex,valvular heart disease,Electromechanical window as an integrative marker of remodeling and arrhythmic risk in biventricular vs. left bundle branch area pacing,Arvind Kumar; Tania Bansal; Salil Jaura,10.1186/s43044-026-00772-1,2026-08-05,The Egyptian Heart Journal,"BACKGROUND: The electromechanical window (EMW), defined as the difference between mechanical and electrical systole, is an emerging marker of arrhythmic risk and ventricular dysfunction. Although cardiac resynchronization therapy (CRT) improves mechanical synchrony, the influence of different pacing strategies on EMW is not well established. This study compared the effects of conventional biventricular (BiV) pacing and left bundle branch area pacing (LBBAP) on EMW, reverse remodeling, CRT response, and arrhythmic burden. METHODS: In this prospective, observational study, 80 patients with left ventricular ejection fraction (LVEF) ≤ 35% undergoing CRT received BiV pacing (n = 40) or LBBAP (n = 40). Echocardiography with simultaneous electrocardiography was performed at baseline and 6 months. The primary endpoint was change in EMW. RESULTS: At 6 months, LBBAP was associated with greater QRS narrowing (42 ± 15 vs. 28 ± 13 ms, p < 0.001) and EMW normalization (- 38 ± 22 to - 5 ± 18 ms vs. - 36 ± 20 to - 18 ± 19 ms; p = 0.003). Improvements in LVEF, global longitudinal strain, and left ventricular end-systolic volume were also greater with LBBAP. EMW improvement correlated with reverse remodeling and QRS narrowing. Baseline EMW predicted CRT response (AUC 0.71), while persistent EMW negativity was associated with a higher incidence of non-sustained ventricular tachycardia (45% vs. 18%, p = 0.01). CONCLUSIONS: LBBAP was associated with greater EMW normalization, improved reverse remodeling, and a lower arrhythmic burden than BiV pacing. EMW may represent an integrative marker of CRT response and residual arrhythmic risk. These findings are hypothesis-generating and require validation in larger multicenter randomized studies."
OpenAlex,valvular heart disease,"Aspirin hyporesponsiveness in type 2 diabetes mellitus: A systematic review with narrative synthesis of definitions, assessment methods, and clinical relevance",Laura Ortega-Hombrados; Esther Martín Aurioles; Ana María Sánchez‐Tévar; Ana Vázquez-Pérez; M.M. Arrebola; María Dolores Rodríguez-Pérez; J.P. De La Cruz; José Antonio González-Correa,10.1016/j.biopha.2026.119815,2026-08-05,Biomedicine & Pharmacotherapy,"Type 2 diabetes mellitus (T2DM) is associated with increased cardiovascular risk, enhanced platelet activation, and substantial interindividual variability in response to aspirin. However, the term 'aspirin resistance' has been used inconsistently and is strongly influenced by the assay applied. In many cases, apparent non-response may reflect exposure-related pseudoresistance rather than true pharmacodynamic failure, particularly in the setting of enteric-coated formulations, impaired absorption, poor adherence or pharmacological interactions. This systematic review with narrative synthesis, conducted in accordance with Preferred Reporting Items for Systematic Reviews and Meta-Analyses (PRISRMA) 2020, evaluated the prevalence, determinants, and clinical relevance of aspirin hyporesponsiveness in T2DM. Searches of PubMed, Embase, the Cochrane Library, and Latin American and Caribbean Health Sciences Literature identified 21 eligible studies. The reported prevalence varied widely (0-57%), mainly owing to differences in study populations, aspirin formulations, platelet function assays, and cut-off definitions. Small pharmacodynamic studies suggested that twice-daily aspirin regimens may provide greater suppression of platelet reactivity than once-daily dosing, whereas pharmacokinetic/pharmacodynamic evidence consistently indicated reduced thromboxane B2 suppression with enteric-coated aspirin. However, evidence linking laboratory-defined hyporesponsiveness with clinical outcomes was limited and inconsistent, and the largest available randomised outcome trial did not show a reduction in major cardiovascular events with twice-daily aspirin. Overall, aspirin hyporesponsiveness in T2DM appears to be multifactorial and insufficiently standardised. Current evidence does not support routine platelet function testing or empirical dose escalation. Clinical management should prioritise confirming the indication for aspirin, assessing adherence, selecting the appropriate formulation, avoiding clinically relevant drug interactions, and optimising overall cardiometabolic risk."
OpenAlex,valvular heart disease,Experiencia inicial de la implementación de una clínica interdisciplinaria para el seguimiento de pacientes pediátricos con ventrículo único,Mariel L. Foti; Erica V. Stelmaszewski; Agustina Del Soldato; Gisela L. Páez-Salinas; M.Guillermina Soraiz; D. Mariela Mouratian,10.24875/acm.25000288,2026-08-05,Archivos de cardiología de México,"Background: Patients with single-ventricle physiology present one of the most complex congenital heart diseases, with implications that extend beyond strictly cardiologic aspects. Survival has improved due to new technologies, but comprehensive, effective, and sustainable follow-up requires innovative care models. Objective: To describe the implementation and outcomes of an interdisciplinary clinic in a high-complexity public hospital in Argentina. Method: This is a retrospective, longitudinal, descriptive study from the initiation of the interdisciplinary clinic in April 2023 through August 2025. A monthly multidisciplinary care setting was established. The strategy included an organized pre-clinic evaluation, sequential clinical consultations, psychoeducational workshops for families, and therapeutic play sessions. A formalized roadmap and interdisciplinary communication structure were implemented. Results: From April 2023 to August 2025, 81 patients were incorporated into this care model. The median age at the time of first surgery was 16 days. Attendance rates for scheduled visits increased from 70 to 92%. Significant improvements were achieved in care coordination, early detection of cardiac and extracardiac complications, access to complementary studies, and adherence to follow-up. More than 60% of families participated in workshops, creating spaces for support and shared experiences. Conclusion: The interdisciplinary single-ventricle clinic at Hospital de Pediatría SAMIC Juan P. Garrahan represents an innovative and unique model in Argentina, with a positive impact on adherence, early identification of complications, and family engagement."
OpenAlex,valvular heart disease,Comparative Hemodynamic Outcomes of Spinal Versus General Anesthesia in Older Adults Undergoing Total Hip Arthroplasty: A Retrospective Cohort Study,Jae Young Ji; Yong Han Seo; Jin Soo Park; Da Hyung Kim; Ye Eun Shin; Je Hun Min; Ho Soon Jung; Hyung Youn Gong; Woo Jong Kim,10.20944/preprints202608.0259.v1,2026-08-05,Preprints.org,"Background/Objectives: Total hip arthroplasty (THA) in older patients is commonly performed under general anesthesia (GA) or spinal anesthesia (SA). Although prior studies have emphasized postoperative outcomes, perioperative hemodynamic differences remain insufficiently characterized. This study compared intraoperative and early postanesthesia care unit (PACU) hemodynamic changes and in-hospital clinical outcomes between SA and GA in older patients undergoing elective THA. Methods: This single-center retrospective observational study included patients aged ≥65 years who underwent THA from 2020 to 2025. Exclusion criteria included below-normal left ventricular ejection fraction, moderate-to-severe valvular heart disease, atrial fibrillation, severe dementia, acute kidney injury, end-stage renal disease, wound infection, sepsis, or dexmedetomidine loading/high-dose maintenance exposure. The primary hemodynamic outcomes were the occurrences of SAP &amp;lt; 90 mmHg intraoperatively and in the PACU. Secondary outcomes included the difference between preanesthetic SAP and the lowest SAP recorded in the PACU (ΔSAP), PACU length of stay, vasopressor use, transfusion volume, hospital stay, and in-hospital complications. Results: SAP &amp;lt; 90 mmHg occurred more frequently with SA than GA intraoperatively (35.8% vs. 24.3%, p = 0.024) and in the PACU (39.3% vs. 24.9%, p = 0.005). SA was associated with lower estimated blood loss [400.0 (350.0–450.0) mL vs. 450.0 (400.0–500.0) mL, p &amp;lt; 0.001], greater phenylephrine and ephedrine requirements, longer PACU stay [30 (20–35) min vs. 25 (20–30) min, p &amp;lt; 0.001], and greater ΔSAP (46.98 ± 23.32 mmHg vs. 32.63 ± 23.12 mmHg, p &amp;lt; 0.001). Hospital stay, transfusion requirements, and 12-h visual analog scale scores did not differ significantly between groups, while major in-hospital complications were uncommon in both groups. Conclusions: In older patients undergoing elective THA, SA was associated with more frequent intraoperative and PACU hypotension than GA. These findings support closer blood pressure monitoring and timely hemodynamic intervention throughout surgery and early recovery."
OpenAlex,deep learning,The Role of Collective Bricolage in Creating University Governance Structures: The Example of the Galileo Observatory,Ariel Méndez; Amandine Pascal,,2050-01-01,Cairn.info,"This study investigates the concept of “collective bricolage” within the framework of creating a universe science observatory in France. In the face of significant transformations in higher education and research, this article examines how university stakeholders can employ collective bricolage to adapt to institutional mandates for restructuring. Drawing on Lévi-Strauss’s notion of bricolage and the theoretical contributions of Duymedjian and Rüling (2010), this research investigates how this bricolage can be implemented in the absence of conventional or normative space to support the process, and particularly within a context characterized by conflictual relationships. The case study analyzes the collective bricolage process and its components, demonstrating that the dialectical nature of collective bricolage facilitates the creation of robust governance structures through the negotiation and recombination of resources and rationales from the diverse actors involved."
OpenAlex,deep learning,The nature and tensions of environmental management control in local authorities,Christophe Maurel; Christophe Favoreu; London Proofreaders,,2050-01-01,Cairn.info,"This exploratory research aims to characterize, on the one hand, the concept of environmental management control (EMC) through the practices that underpin it, and, on the other hand, the tensions associated with it and the implementation of these practices in public organizations. Although EMC is attracting growing interest within the public sector, it seems to be facing technical and governance difficulties. A grid for analyzing management tools and the theory of organizational paradoxes is used to address the issue of characterizing EMC practices and the associated tensions in the local public sector. Various municipalities were mobilized to explore and characterize their first experiences of implementing EMC. Our results enable us to characterize both the tools used and the tensions generated between the objectives pursued in terms of resource management, dialogue with the socio-economic environment, and behavioral orientation."
OpenAlex,deep learning,Genesis of Organizational Innovation in Healthcare,Sabrina Grandclaude; Didier Grandclaude; Thierry Nobre; Cadenza Academic Translations,,2050-01-01,Cairn.info,"Based on the analysis of 96 organizational innovation in healthcare (OIH) projects and 52 interviews conducted with project leaders initiating these innovations, this research identifies the phenomena underlying the genesis of OIHs. The results highlight the major role played by factors such as patient empathy, international inspiration, academic inspiration, technological inspiration, serendipitous encounters, and the desire for organizational transformation in driving the generation of OIHs. Furthermore, our findings emphasize the dual nature of the research and development process for these innovations, characterized as both ex nihilo and ex materia."
OpenAlex,deep learning,"Depth of Processing, learner aptitude, and the acquisition of L2 English grammatical structures",Shweta Nigam,10.48683/1926.00128861,2031-01-01,CentAUR (University of Reading),"Depth of Processing (DoP) is central to several models of instructed second language acquisition (ISLA) (Leow, 2015). While DoP has been extensively examined in vocabulary learning (e.g., Laufer &amp; Hulstijn, 2001), its role in the acquisition of grammatical structures, particularly through oral and audio-visual modalities remains comparatively underexplored. Drawing on the Levels of Processing framework (Craik &amp; Lockhart, 1972), this study investigated whether task-induced processing depth influences the acquisition of third conditionals and comparatives, and whether language aptitude (LLAMA B, D, F) predicts learning gains. Using a pretest–posttest design, four intact classes involving 108 Grade 8 EFL learners in India were assigned to one of the three experimental conditions differing in level and type of processing: Low DoP, High DoP Explicit, and High DoP Implicit. The treatment task required the participants to listen to an audio-visual story containing the target structures (third conditionals and comparatives) and complete analytic tasks (varying in different groups) before listening to the story for a second time. The oral performance of the participants was analysed for accuracy, and frequency of use of the target structures. A grammaticality judgement test (GJT) and an elicited imitation task (EIT) were used to assess the participants’ gains in the knowledge of the target structures. In addition, language aptitude (LLAMA B, D, F) was measured and modelled as a predictor of gain scores. Results showed a significant effect of processing condition on GJT performance with the High DoP Implicit group outperforming the High DoP Explicit group on total scores and comparatives. In contrast, ANCOVA analyses indicated no significant group differences on EIT outcomes once pretest performance was controlled, with pretest scores strongly predicting posttest performance. In oral production, processing effects were structure-specific: the Low DoP group showed greater accuracy gains for comparatives, while both High DoP groups revealed increased frequency of use of third conditionals. However, across all four measures, multiple regression analyses indicated that LLAMA B, D, and F did not significantly predict gain scores. Overall, the findings support a processing-by-structure pattern: deeper processing benefits were most evident for the more salient structure (comparatives) on an explicit, written measure, whereas complex, low-salience forms (third conditionals) showed limited accuracy change but increased frequency of use under deeper processing."
OpenAlex,deep learning,Combating Data and Target Shifts in Visual Tasks,Zhaorui Tan,10.17638/03194353,2031-01-01,Open MIND,"The rapid advancement of deep learning models for visual tasks has led to significant progress in many domains. However, a key challenge remains: ensuring that models can generalize effectively to unseen samples or novel classes, especially in real-world scenarios where training data-target pairs are often limited or unavailable, and test data may exhibit shifts in both data and targets. This thesis addresses the problem of shifts across data and targets, proposing novel methods to improve model generalization and transferability in complex settings. The thesis identifies the different shift scenarios for visual tasks and presents their problem forms. The research first relaxes the static target distribution assumption in Multi-Domain Generalization (mDG) tasks, introducing the General Multi-Domain Generalization (GMDG) objective to improve generalization under varying data shifts. Specifically, Extensive experiments validate that GMDG is feasible for classification, segmentation, and regression tasks. Further considering extreme target distribution shifts where even unknown novel classes emerge, the study also explores logical regularization techniques for tasks such as Generalized Category Discovery (GCD), mDG+GCD, and Class Incremental Learning (CIL), proposing a sample-based logical regularization term (L-Reg) to enhance data-, target-, and all-shift generalization. Additionally, a partial logic framework is introduced to address challenges in CIL, enabling models to retain room for unknown classes during training. This is further extended by the Partial-Logic Regularization (PL-Reg), which improves generalization across GCD, mDG+GCD, and transferability for CIL tasks. Furthermore, the thesis proposes a novel Semantic-aware Data Augmentation (SADA) framework for cross-modality generalization in text-to-image synthesis (T2Isyn), text-image retrieval (TIR), and image-text retrieval (ITR) tasks. This framework ensures semantic preservation across text and image modalities, improving both semantic consistency and image quality in cross-modality tasks. The methods proposed in this thesis offer significant advancements in visual generalization and transfer scenarios, providing theoretical insights and practical solutions for handling data shifts, target shifts, and multi-modalities in complex scenarios. Extensive experiments validate the effectiveness of the proposed methods, demonstrating their superior performance across a range of tasks."
OpenAlex,deep learning,Antecedents and consequences of Green-tech FDI in emerging markets,Zhuoran Liu,10.17638/03195308,2031-01-01,Open MIND,"As environmental pressures intensify, attracting sustainable foreign direct investment (FDI), particularly green-tech FDI, has become a critical pathway for emerging markets to achieve environmental sustainability. However, existing research remains fragmented, offering limited insights into why green-tech FDI enters emerging markets and how it affects regional green innovation. This thesis addresses these gaps by systematically examining both the antecedents and consequences of green-tech FDI through three empirical studies using regional data from China. Study 1 and Study 2 focus on the antecedents of green-tech FDI. Study 1 examines how host-country conditions can attract green-tech FDI, highlighting the role of environmental management information disclosure (EMID) by domestic firms in reducing information gaps and strengthening green market–seeking motives. Study 2 shifts attention to the active decision-making of green-tech FDI, showing that under uncertainty, green-tech foreign investors engage in identity-based bandwagon learning by imitating peers with similar green identities, thereby mitigating investment risks. Study 3 turns to the consequences of green-tech FDI. It demonstrates that, due to the technological complexity of green innovation and limited absorptive capacity in emerging markets, green-tech FDI may generate crowding-out effects rather than purely positive spillovers. Adopting a network perspective, the study further finds that universities play a key moderating role: through broad linkages and deep collaborations, they help mitigate negative spillovers and facilitate the diffusion of green technologies. Together, the three studies advance the literature on sustainable FDI by differentiating green-tech FDI from general FDI and identifying the specific mechanisms that shape its entry decisions and local innovation outcomes. Practically, the findings provide guidance for emerging-market governments and firms on how to attract and manage sustainable investment, balance growth with environmental objectives, and strengthen local innovation ecosystems."
OpenAlex,deep learning,Deep learning design of programmed enhancer pairs,Salil Garg; Blake M Torres; Joanna Wypasek,10.5281/zenodo.19477875,2030-04-08,Zenodo (CERN European Organization for Nuclear Research),
OpenAlex,deep learning,Deep learning design of programmed enhancer pairs,Salil Garg; Blake M Torres; Joanna Wypasek,10.5281/zenodo.19463376,2030-04-08,Zenodo (CERN European Organization for Nuclear Research),
OpenAlex,deep learning,Deep learning design of programmed enhancer pairs,Salil Garg; Blake M Torres; Joanna Wypasek,10.5281/zenodo.19463375,2030-04-08,Zenodo (CERN European Organization for Nuclear Research),
OpenAlex,deep learning,A UAV-Based Framework for Community-Scale Residential Building Energy Modelling in China,Mengfan Jin,10.17638/03195460,2029-01-01,Open MIND,"With increasing emphasis on energy efficiency and carbon emission reduction in the building sector, rapid and scalable energy modelling of existing buildings is critical for retrofit projects and policy development. Conventional surveys, data collection and energy modelling processes remain labour-intensive and impractical for large-scale applications, and energy modelling often dominates project time and cost. Unmanned Aerial Vehicles (UAVs) equipped with high-resolution and infrared cameras now offer fast and safe exterior surveys, showing great potential in building energy assessments. Yet, a systematic framework for UAV integration, from image capture through processing to inputs for building energy simulation, has not been established. This research addresses these challenges by developing a structured framework for community-scale building energy modelling, which integrates UAV photogrammetry to accelerate data acquisition, reduce labour, and shorten energy modelling time for retrofit projects. The framework is designed to minimise prior data requirements while maximising automation and retaining sufficient accuracy and reliability. It also addressed systemic issues, such as the lack of data necessary to fully exploit the potential of available technologies in the context of this study. To achieve this research objective, a mixed-methodology approach, combining desk studies and fieldwork, was adopted. First, a comprehensive review of UAV-based building energy studies mapped the current applications and available tools, proposing a preliminary framework. Fieldwork then encompassed a pilot study and a detailed case study. In the pilot test, a single building was surveyed to identify an optimal toolchain for flight planning, image capture, photogrammetric reconstruction, model generation, and selection of a simulation platform. The resulting refined framework was applied to a case study of a 39-building community, and it was demonstrated that further automation was necessary. The potential for automation was then further explored. Geomatic algorithms, machine learning, and deep learning techniques were compared, and the combination that best balanced accuracy and processing time was selected for 3D model generation and window-to-wall ratio (WWR) extraction. In parallel, an archetype library of residential buildings in the Hot Summer Cold Winter (HSCW) zone in China was compiled to facilitate the assignment of thermal parameters. Finally, a reusable community-scale building energy modelling (CBEM) workflow was assembled in Grasshopper using Ladybug Tools components to process the aforementioned inputs. In conclusion, this study integrates UAV photogrammetry, GIS-based geomatic algorithms, machine learning, and graphical programming to develop an UAV-CBEM framework. The outcomes establish a foundation for scalable UAV-based building energy assessments, enhancing applicability in data-limited and large-scale settings worldwide."
OpenAlex,deep learning,Data Augmentation Application in Deep Learning Drug Discovery by Utilizing Relationships Between Biological and Medical Entities,Tianjun Wang,10.17638/03195452,2029-01-01,Open MIND,
OpenAlex,deep learning,Spectral Materialism: Encounters with land-time-scapes,Sam Nightingale,10.25602/gold.00040593,2029-01-01,Goldsmiths (University of London),"This transdisciplinary, practice-based PhD introduces spectral materialism through art-based research encounters with ecologically and historically stratified land-time-scapes shaped by hypersalinity and colonial terraforming. Centred in the semi-arid Mallee (southeastern Australia) and read through echoes with California’s Imperial Valley, the project examines how spectral time—the co-presence and haunting of other temporalities—manifests in the material conditions of salt, soil, water, plants, and infrastructures. It asks how learning from geological, First Nations, colonial, and ecological pasts can orient responsibilities in unsettled futures. Treating the present as a crisis of time as much as a crisis of matter, the thesis critiques linear-progressive temporalities bound to Western modernity and extractive regimes. In response, spectral materialism is developed as both a conceptual framework and a critical creative methodology. Through alchemical media experiments with salt crystals, hypersaline soils, and halophytes, photography is reconfigured as a site-responsive, process-oriented practice. Salt is engaged as a material agent and ‘time-crystal’ whose phase shifts—dissolution, saturation, precipitation, crystallisation, evaporation—form a meta-chemistry that refracts deep-marine pasts, settler-colonial irrigation infrastructures, and contemporary dust into processual renderings of time. Methodologically, the project advances attunement as a mode of sensing and responsiveness to forces that are not always immediately perceptible yet are materially active. Field notes appear as para-writing, interrupting linear narration so that heterogeneous times co-present themselves within the text. The thesis is guided by First Nations temporalities—time as relational and in place—while remaining accountable to ethical limits and protocols. The contribution is twofold: a theoretical articulation of spectral materialism as a way to think time otherwise, and a set of site-responsive methods for engaging elemental media in saline environments. Together, they generate materially grounded accounts of spectral presences and open alternative pathways for knowing, sensing, and relating within land-time-scapes marked by enduring colonial and ecological afterlives amid planetary change."
OpenAlex,deep learning,Deep learning image analysis of donor red blood cells to predict deformability and transfusion efficacy,Erik S. Lamoureux,10.14288/1.0451932,2028-01-01,cIRcle (University of British Columbia),"The full abstract for this thesis is available in the body of the thesis, and will be available when the embargo expires."
OpenAlex,deep learning,Deep q-learning aided k-means clustering protocol for optimizing network lifetime in wireless sensor networks,Flynn Dowey,10.14288/1.0451106,2028-01-01,Open Collections,"The full abstract for this thesis is available in the body of the thesis, and will be available when the embargo expires."
OpenAlex,deep learning,Cost-Grounded Reward Scaling for Deep Reinforcement Learning in Zero-Buffer Flow-Shop Maintenance - DATA,Valentina Popolo; Silvestro Vespoli,10.17632/t73ckh3f7k,2027-07-09,Mendeley Data,
OpenAlex,deep learning,Cost-Grounded Reward Scaling for Deep Reinforcement Learning in Zero-Buffer Flow-Shop Maintenance - DATA,Valentina Popolo; Silvestro Vespoli,10.17632/t73ckh3f7k.1,2027-07-09,Mendeley Data,
OpenAlex,deep learning,"LeafMicroDefect-TR: A Digital Microscope-Based Dataset of Microscopic Leaf Surface Images for Defect Detection, Region-wise Analysis, and Explainable Deep Learning",HIDIR SELCUK NOGAY,10.17632/tvxkgj69kg,2027-01-12,Mendeley Data,
OpenAlex,deep learning,"LeafMicroDefect-TR: A Digital Microscope-Based Dataset of Microscopic Leaf Surface Images for Defect Detection, Region-wise Analysis, and Explainable Deep Learning",HIDIR SELCUK NOGAY,10.17632/tvxkgj69kg.1,2027-01-12,Mendeley Data,
OpenAlex,deep learning,"Dataset for Wildlife Species Detection at Baluran National Park, Indonesia",Dede Aulia Rahman; Toto Haryanto; Christiawan Eko Saputro,10.5281/zenodo.21130358,2027-01-01,Zenodo (CERN European Organization for Nuclear Research),"This dataset is associated with the study: ""First use of visible-thermal fusion network approach for robust species monitoring in the tropics"".A total of 797 fused visible-thermal drone images were collected at Baluran National Park, East Java, Indonesia. The park is a tropical savanna ecosystem and a key conservation area for several protected and near-threatened species in Java.All images provided in this dataset are fusion outputs — composite images combining visible (RGB) and thermal infrared information — and were used directly as input for deep learning-based species detection models Dataset summary:Total images: 797 fused visible-thermal imagesImage type: Fusion, Raw, ThermalAnnotations: Not included Capture platform: UAV dual-sensor systemStudy site: Baluran National Park, Situbondo, East Java, IndonesiaHabitat: Tropical savanna"
OpenAlex,deep learning,Business Model Innovation among Startups and Its Future Research Trends: A Systematic Review and Bibliometric Analysis of Relevant Literature,Salsabil Thabti; Waleed Omri; Audrey Bécuwe; Abdelwahed Omri,,2027-01-01,Cairn.info,
