source,keyword,title,authors,doi,publication_date,journal,abstract
PubMed,aortic stenosis,CT-Guided Transcatheter Aortic Valve Replacement in Bicuspid Aortic Stenosis With a Large Membranous Ventricular Septal Aneurysm: Challenges in Annular Sizing and Valve Selection.,Louay Dandach; Asma Bergaoui; Alaa Masri,10.1002/ccd.70844,2026-09-02,Catheterization and cardiovascular interventions : official journal of the Society for Cardiac Angiography & Interventions,"Membranous ventricular septal aneurysm (MSA) is an uncommon anatomical finding that may significantly alter the geometry of the aortic annulus and left ventricular outflow tract, creating challenges for transcatheter aortic valve replacement (TAVR). We report the case of a 78-year-old woman with symptomatic severe bicuspid aortic stenosis and a large MSA who underwent successful TAVR following CT-guided procedural planning. Cardiac computed tomography demonstrated interruption of annular continuity by the aneurysmal cavity, making conventional annular sizing unreliable. A virtual annular plane excluding the aneurysm was reconstructed to estimate the effective landing zone, yielding an annular area of 387 mm2 and a perimeter of 71.4 mm. Given the large aneurysmal neck and bicuspid valve with a calcified raphe, a 29-mm Evolut FX+ self-expanding valve was selected. Following balloon valvuloplasty, valve implantation was successfully performed with excellent positioning and minimal residual aortic regurgitation. At 2-month follow-up, the patient reported marked symptomatic improvement. Cardiac CT demonstrated stable prosthesis positioning, absence of leaflet thrombosis, and reduction of MSA systolic volume from 2.81 cm3 to 1.55 cm3. This case highlights the importance of multimodality imaging, CT-based virtual annular reconstruction, and individualized valve selection in patients with complex structural anatomy undergoing TAVR."
PubMed,aortic stenosis,[TAVI Program in Centers without an On-Site Cardiac Surgical Department: Outcomes and Feasibility].,Karam Abdelhai; Ziad Arow; Rami Barashi; Ranin Hilu; Ilya Losin; Ivan Novikov; Ela Giladi; Yoav Arnson; Yoram Neuman; David Pereg; Kobi Pasis; Hanna Vaknin-Assa; Abid Assali,,2026-09,Harefuah,"Aortic valve stenosis is a serious condition with high morbidity and mortality if untreated. Since 2002, transcatheter aortic valve implantation (TAVI) has revolutionized treatment, offering a less invasive alternative with excellent outcomes. Increased demand necessitates expanded treatment capacity, especially due to long waiting times and associated risks. While cardiac surgery centers provide emergency support, improved technology and lower complication rates now allow TAVI in centers without on-site surgery, given proper collaboration with surgical facilities. This study evaluates the feasibility of TAVI in such settings. At Meir Medical Center, 149 patients underwent TAVI with no mortality or emergency surgeries. These findings support expanding TAVI access to non-surgical centers without compromising outcomes."
PubMed,aortic stenosis,Outcomes of single versus double Perclose suture device use after transfemoral transcatheter procedures using large-bore arterial access: A meta-analysis and systematic review.,Priyesh Thakurathi; JuYong Lee; Michael G Nana; Shrija Thapa; Rupesh Kshetri; Agnes S Kim; Raymond G McKay; Khagendra Dahal,10.1016/j.carrev.2026.08.012,2026-08-21,Cardiovascular revascularization medicine : including molecular interventions,"In large-bore transfemoral procedures such as transcatheter aortic valve replacement and endovascular aneurysm repair, the comparative effectiveness of single (SP) versus the default double Perclose (DP) strategies for arterial closure remains uncertain.
We performed a systematic literature search in PubMed, Scopus, Web of Science, and the Cochrane Library from January 2014 to April 2026 to identify studies comparing SP and DP devices for large-bore transfemoral arterial access closure. Outcomes included device/technical success, need for unplanned surgical or catheter-based intervention, 30-day mortality, any vascular complication, major bleeding, arterial dissection, and arterial stenosis. Random-effects meta-analysis using inverse-variance weighting was performed, and heterogeneity was assessed using the I2 statistic.
We identified 14 studies published or available between 2015 and 2026, comprising 6487 patients before matching or adjustment (SP 3518; DP 2969). Post-matching adjusted cohorts comprised 5077 patients (SP 2691; DP 2386). Comparing SP with DP, device/technical success was similar (RR 1.02, 95% CI 1.00-1.03; P = 0.07), as was the need for unplanned surgical/catheter intervention (RR 0.77, 95% CI 0.54-1.09; P = 0.14). There were no significant differences in overall vascular complications (RR 0.78, 95% CI 0.59-1.04; P = 0.09), major bleeding (RR 0.83, 95% CI 0.51-1.36; P = 0.46), arterial stenosis (RR 0.81, 95% CI 0.55-1.20; P = 0.30), or 30-day mortality (RR 0.99, 95% CI 0.65-1.50; P = 0.96). However, SP was associated with a lower risk of arterial dissection (RR 0.32, 95% CI 0.15-0.70; P = 0.004).
In large-bore transfemoral transcatheter procedures, a single Perclose strategy was associated with a lower risk of arterial dissection compared to double Perclose and no significant difference for other major outcomes and complications."
PubMed,aortic stenosis,Assessment of Implantation With Intra-Annular Self-Expandable Device in Transcatheter Aortic Valve Replacement.,Futoshi Yamanaka; Koki Shishido; Noriaki Moriyama; Hirokazu Miyashita; Yoichi Sugiyama; Daisuke Sato; Eiji Koyama; Kunihiko Shimizu; Motoaki Kai; Takashi Matsumoto; Kazuki Tobita; Shingo Mizuno; Yutaka Tanaka; Masato Murakami; Shigeru Saito,10.1016/j.jacasi.2026.07.011,2026-09,JACC. Asia,
PubMed,aortic stenosis,Combined Left and Right Ventricular Dysfunction and 1-Year Outcomes After TAVR.,Yingqi Liu; Zhenyi Ge; Wen Liu; Yuan Zhang; Chunqiang Hu; Dawei Lin; Zhengdan Ge; Haiyan Chen; Daxin Zhou; Wei Li; Wenzhi Pan; Cuizhen Pan; Xianhong Shu; Junbo Ge,10.1016/j.jacasi.2026.07.015,2026-09,JACC. Asia,"Outcomes after transcatheter aortic valve replacement (TAVR) reflect cumulative myocardial injury beyond stenosis. Left ventricular (LV) and right ventricular (RV) dysfunction may present as overlapping but distinct functional profiles in aortic stenosis; the prognostic significance of their coexistence remains uncertain.
This study evaluated whether quantitative phenotype-based classification integrating LV longitudinal mechanics and RV-pulmonary arterial (PA) coupling identifies distinct preprocedural functional profiles and improves 1-year risk stratification after TAVR.
In 280 registry patients undergoing TAVR, LV mechanics were assessed by LV global longitudinal strain (LVGLS), and RV-PA coupling by RV free-wall longitudinal strain-to-pulmonary artery systolic pressure ratio (RVFWLS/PASP). Four LV/RV profiles were defined: no abnormality, isolated LV impairment, isolated RV impairment, and concurrent abnormalities. For modeling, isolated LV and RV impairments were combined as single-axis abnormality. The primary endpoint was 1-year all-cause death or major adverse cardiovascular events.
The median follow-up was 368 days (IQR: 312-371 days). The 4 profiles included 113/280 (40.4%) no abnormality, 83/280 (29.6%) isolated LV impairment, 22/280 (7.9%) isolated RV impairment, and 62/280 (22.1%) concurrent abnormalities patients. The primary endpoint occurred in 8/113 (7.1%; 95% CI: 3.1-13.5), 16/83 (19.3%; 95% CI: 11.4-29.4), 6/22 (27.3%; 95% CI: 10.7-50.2), and 33/62 (53.2%; 95% CI: 40.1-66.0) (log-rank P < 0.001). Concurrent abnormalities carried the highest adjusted risk (HR: 5.70; 95% CI: 2.37-13.73; P < 0.001) and improved discrimination (C-index: 0.731 [95% CI: 0.682-0.790] to 0.771 [95% CI: 0.724-0.836]).
Integrating LV longitudinal mechanics and RV-PA coupling identifies distinct preprocedural phenotypes in TAVR patients. Concurrent biventricular impairment denotes a high-risk phenotype and provides incremental risk stratification information for 1-year post-TAVR outcomes."
PubMed,aortic stenosis,Lipoprotein(a) measurement: challenges and opportunities.,John H Contois,10.1515/cclm-2026-1262,2026-09-03,Clinical chemistry and laboratory medicine,"Lipoprotein(a) [Lp(a)] is a causal, independent risk factor for atherosclerotic cardiovascular disease and calcific aortic valve stenosis. New guidelines recommend testing everyone at least once in a lifetime, and with new drugs specifically targeting Lp(a) on the horizon, accurate measurement remains vitally important. Yet, its measurement has for decades been challenging because of apolipoprotein(a) size heterogeneity, imperfect calibration strategies, and mixed use of mass (mg/dL) vs. molar (nmol/L) units. This review summarizes Lp(a) biology relevant to its measurement, current analytical approaches and their pitfalls, progress toward standardization and harmonization, including emerging mass-spectrometry-based reference measurement procedures."
PubMed,aortic stenosis,Early Postoperative Simultaneous Occlusion of the Internal and External Iliac Artery Limbs after GORE Excluder Iliac Branch Endoprosthesis Implantation.,Akito Kuwano; Hisashi Sato; Akito Setoguchi; Junji Yunoki,10.3400/avd.cr.26-00078,2026,Annals of vascular diseases,"An 85-year-old man underwent endovascular repair using the Excluder iliac branch endoprosthesis (IBE) for an abdominal aortic aneurysm with a left internal iliac artery aneurysm. He was discharged uneventfully but returned on postoperative day 16 with acute left limb occlusion. Imaging revealed complete occlusion of both the internal and external iliac limbs of the IBE, requiring emergent thrombectomy. Intraoperative assessment demonstrated mechanical compression of the external iliac limb by the internal iliac limb, causing stenosis and thrombosis. This rare complication highlights the importance of meticulous preoperative planning to prevent limb-related events, particularly in patients treated outside the device's indications."
PubMed,aortic stenosis,Retrograde Percutaneous Coronary Intervention to Acute Left Main Occlusion After Transcatheter Aortic Valve Replacement.,Khaled Almerri; Salem Almerri; Abdullah Alenezi,10.1002/ccd.70843,2026-09-01,Catheterization and cardiovascular interventions : official journal of the Society for Cardiac Angiography & Interventions,"Coronary obstruction (CO) represents a rare yet critical complication following transcatheter aortic valve replacement (TAVR), characterized by significant mortality and morbidity. Computed tomography plays a pivotal role in the pre-procedural assessment and prediction of this risk. While various techniques have been devised to mitigate the occurrence of CO, management of such complications remains challenging with few available treatment options. Herein, we present a case involving left main CO that was successfully managed through retrograde angioplasty and stenting utilizing a saphenous venous graft."
PubMed,aortic stenosis,In-hospital mortality after transcatheter aortic valve implantation versus surgical aortic valve replacement in maintenance hemodialysis patients: a Japanese nationwide retrospective cohort study.,Maki Hamasaki Mima; Tetsuji Morishita; Daisuke Takada; Hisashi Itoshima; Susumu Kunisawa; Kensuke Yoshimura; Yuichi Imanaka,10.1007/s12928-026-01339-2,2026-09-01,Cardiovascular intervention and therapeutics,"Patients with maintenance dialysis are at high risk for adverse outcomes after aortic valve replacement and have been largely excluded from major trials comparing transcatheter aortic valve implantation (TAVI) and surgical aortic valve replacement (SAVR). Comparative evidence in this population remains limited. We aimed to compare in-hospital outcomes between TAVI and SAVR in patients undergoing maintenance hemodialysis using a nationwide Japanese database. We conducted a retrospective cohort study of maintenance hemodialysis patients who underwent TAVI or SAVR between February 2021 and March 2023 using the Japanese Diagnosis Procedure Combination database. The primary outcome was in-hospital mortality. Secondary outcomes included length of hospital stay and in-hospital aortic valve reintervention. Inverse probability of treatment weighting (IPTW) was applied to adjust for baseline differences. Among 1,649 patients, 966 underwent TAVI and 683 underwent SAVR. In-hospital mortality was lower in the TAVI group than in the SAVR group (3.0% vs 5.9%). After IPTW, TAVI was associated with lower in-hospital mortality (odds ratio 0.44, 95% confidence interval 0.24-0.79). Length of hospital stay was shorter in the TAVI group (median 14.0 days) than the SAVR group (29.0 days). In-hospital aortic valve reintervention was rare. In a sensitivity analysis restricted to hospitals performing both procedures, the association favored TAVI but was attenuated (OR 0.75, 95% CI 0.34-1.65). In patients receiving maintenance hemodialysis, TAVI was associated with lower in-hospital mortality and shorter hospital stay compared with SAVR."
PubMed,aortic stenosis,Phenotype-specific mitral regurgitation trajectories following transcatheter aortic valve replacement in low-flow aortic stenosis.,Akarsh Sharma; Esha Vaish; Eileen Galvani; Annapoorna S Kini; Samin K Sharma; Stamatios Lerakis,10.25270/jic/26.00155,2026-08-26,The Journal of invasive cardiology,"Mitral regurgitation (MR) evolution after transcatheter aortic valve replacement (TAVR) in low-flow aortic stenosis (LFAS) is poorly characterized. The authors evaluated MR trajectories across LFAS phenotypes, predictors of MR worsening, and associations with clinical outcomes.
The authors retrospectively studied 614 patients with LFAS undergoing TAVR: 153 with low-flow high-gradient (LFHG) (24.9%), 155 with classical low-flow low-gradient (cLFLG) (25.2%), and 306 with paradoxical low-flow low-gradient (pLFLG) (49.8%). MR severity was abstracted from clinical echocardiography reports using a 6-level ordinal scale. MR worsening was defined as a grade increase of at least 1 from baseline MR at approximately 30 days or 1 year. Multivariable logistic models identified predictors of MR worsening. Kaplan-Meier and Cox models evaluated associations of MR trajectory and LFAS subtype with all-cause death, heart failure hospitalization, and their composite.
Among 614 LFAS patients, 443 had 30-day and 290 had 1-year echocardiographic follow-up. At 30 days, MR trajectory differed significantly across LFAS phenotypes, with the highest rate of worsening in cLFLG and the lowest in LFHG. At 1 year, unadjusted MR trajectory distributions did not differ significantly across phenotypes. In adjusted logistic models, cLFLG remained independently associated with MR worsening at both timepoints. MR worsening was associated with worse unadjusted outcomes at 30 days but was not independently associated with the composite endpoint after multivariable adjustment. LFAS phenotype, particularly cLFLG, remained the dominant predictor of adverse clinical outcomes.
MR evolution after TAVR is phenotype-specific; patients with cLFLG have the highest risk of MR worsening and lowest event-free survival, supporting phenotype-informed post-TAVR surveillance."
PubMed,aortic stenosis,Impact of fully-automated AI based CT-analysis on pre-procedural TAVI planning.,Mani Arsalan; Tami Duske; Hanna Schneider; Alexander R Tamm; Philipp Christian Seppelt; Martin Geyer; Kerstin Piayda; Ralph Stephan von Bardeleben; Simon Martin; David Leistner; Michaela Hell; Thomas Walther; Felix Kreidel,10.1007/s00392-026-03017-y,2026-09-01,Clinical research in cardiology : official journal of the German Cardiac Society,"Accurate pre-procedural computed tomography (CT) analysis is essential for optimal valve sizing and clinical outcomes in transcatheter aortic valve implantation (TAVI). Recently, fully automated, artificial intelligence (AI)-based CT analysis platforms have been developed to simplify and standardize this process.
The aim of the study was to investigate the clinical impact of this new analysis method on the selection of valve prosthesis size.
Overall, 247 patients with symptomatic severe aortic stenosis were enrolled. Patients underwent TAVI procedures at two different heart centres. The pre-procedural datasets were analysed by a standard TAVI CT-analysis software (3M, Pie Medical Imaging BV, The Netherlands) and a fully-automated CT-analysis-platform employing a deep-learning based algorithm. Key annular measurements and simulated prosthesis size selection were compared between both methods.
The mean aortic annulus diameter was 24.5 ± 2.3 mm (3mensio) and 24.4 ± 2.4 mm (AI), respectively, with a mean absolute error (MAE) of 0.6 mm and mean absolute percentage error (MAPE) of 2.6%. Annulus perimeter (76.9 ± 7.0 mm vs. 74.6 ± 7.3 mm; MAE: 2.0 mm; MAPE: 2.6%) and annulus area (458.4 ± 87.2 mm2 vs. 440.9 ± 85.6 mm2; MAE: 21.2 mm2; MAPE: 4.6%) showed excellent correlation (intraclass correlation coefficients > 0.95). Prosthesis size selection simulated on the basis of AI-derived measurements would have differed from the implanted size in 21% of patients, compared with 14% when using the semi-automated method.
In this retrospective study, fully automated AI-based CT analysis demonstrated excellent agreement with conventional semi-automated measurements of the aortic annulus. Nevertheless, similar to established planning workflows, expert interpretation remains crucial to integrate the broader anatomical and clinical context required for optimal prosthesis size selection."
PubMed,aortic stenosis,Viabahn balloon expandable outcomes as bridging covered stent in fenestrated and branched endovascular aortic repair.,George Apostolidis; Petroula Nana; Konstantinos Dakis; Alexandros Brotis; José I Torrealba; Giuseppe Panuccio; Tilo Kölbel,10.23736/S0021-9509.26.13667-2,2026-09-01,The Journal of cardiovascular surgery,"Target vessel outcomes affect fenestrated and branched endovascular aortic repair (f/bEVAR) durability. This systematic review and meta-analysis aimed to assess Viabahn balloon expandable (VBX) covered stent outcomes for bridging in f/bEVAR.
This systematic review was conducted according to PRISMA (PROSPERO: CRD420251034221). Database search was performed in PubMed, Cochrane Library and Embase. Studies between 2017-2025 reporting on f/bEVAR patients managed with bEVAR using the VBX for target vessel bridging were included. The risk of bias was assessed with ROBINS-I and the quality of evidence with GRADE. Target vessel technical success, instability (TVI), occlusion/stenosis, endoleak and reintervention rate were assessed as primary outcomes.
Among 1728 studies, 16 were included (2214 patients, 5440 target vessels; 4406 branches, 993 fenestrations; 2918 bridged using VBX). Eight studies were at serious and eight at moderate risk of bias (ROBINS-I). Quality of evidence was 'very low' for all primary outcomes (GRADE). The median follow-up was 12.1 months (95% CI 9.1-15.1). Target vessel technical success was 98.9% (95% CI 97.3-99.5%; I2=0%), while TVI was 5.4% (95% CI 3.7-7.6%; I2=62%), occlusion/stenosis 3% (95% CI 1.8-4.9%; I2=62%), endoleak Ic/IIIc 2.9% (95% CI 2.2-3.7%; I2=0) and reintervention rate 3.1% (95% CI 1.6-6.1%; I2=54%). Analysis per vessel type revealed higher TVI for renal arteries. Subgroup analysis per incorporation type revealed higher technical success, but worse TVI, occlusion/stenosis and reintervention rate for branches.
The VBX demonstrated high technical success and low complication rate. Target vessel incorporation with branches carried higher rates of complications compared to fenestrations."
PubMed,aortic stenosis,Association of PRECISE-HBR score with clinical outcomes and length of hospital stay after transcatheter aortic valve implantation.,Erhan Saraçoğlu; Yunus Emre Özbebek; Bekir Demirtaş,10.55730/1300-0144.6360,2026,Turkish journal of medical sciences,"The PRECISE-HBR score was developed to estimate bleeding risk after percutaneous coronary intervention, but its clinical utility in patients undergoing transcatheter aortic valve implantation (TAVI) remains uncertain. We evaluated its association with major bleeding and hospitalization burden after TAVI.
This ambispective, single-center observational study included 184 consecutive patients undergoing TAVI. The patients were categorized by PRECISE-HBR score (≤22, 23-26, and ≥27) for descriptive comparisons. Receiver operating characteristic analyses were used to assess the discriminative performance of PRECISE-HBR and the Society of Thoracic Surgeons score for major bleeding, prolonged hospitalization, and in-hospital mortality. Binary logistic regression was utilized to evaluate associations between each one-point increase in PRECISE-HBR and clinical outcomes, while correlation analyses were used to assess relationships with length of stay.
Higher PRECISE-HBR scores were associated with older age, female sex, hypertension, and chronic kidney disease. Major bleeding increased across score categories (7.7%, 19.4%, and 34.6%; p = 0.010) and total hospital stay was longer in the highest category (p = 0.033). PRECISE-HBR score showed weak positive correlations with intensive care unit stay (r = 0.270, p < 0.001), ward stay (r = 0.148, p = 0.044), and total hospitalization duration (r = 0.244, p = 0.001). Discrimination was moderate for major bleeding (AUC 0.748, 95% CI 0.662-0.824) and modest for prolonged hospitalization (AUC 0.615, 95% CI 0.532-0.694). Each one-point increase in PRECISE-HBR score was associated with major bleeding (OR 1.15, 95% CI 1.09-1.22; p < 0.001) and prolonged hospitalization (OR 1.06, 95% CI 1.02-1.11; p = 0.007), but not in-hospital mortality.
Higher PRECISE-HBR scores were associated with major bleeding and longer hospitalization after TAVI. The score may aid bleeding-risk assessment and estimation of hospitalization burden, although prospective external validation is required."
PubMed,aortic stenosis,One-Year Outcomes of Myval Versus Contemporary Transcatheter Heart Valves in Severe Aortic Stenosis: A Systematic Review and Meta-Analysis.,Faisal A Al-Harbi; Ahmad Khalaf Alanazi; Norah Abdullah Algoblan; Sayer Samawi Aldhafeeri; Layan Bader Alrashoodi; Mohammed Ahmad Alamer; Ola Fozan Alquraishi; Alhanouf Abdalmahsn Alresaini; Norah Mohammed Almutiq; Mohammad Saad Aljibreen; Lamis Faisal Alwabili; Naser Kolko,10.1097/CRD.0000000000001459,2026-09-01,Cardiology in review,"The Myval and Myval Octacor transcatheter heart valves (THVs) are newer-generation balloon-expandable devices for transcatheter aortic valve implantation (TAVI) in severe aortic stenosis (AS), but comprehensive synthesis of 1-year outcomes incorporating recent randomized data remains limited. We searched PubMed/MEDLINE, Embase, and CENTRAL through June 2026 for randomized controlled trials and propensity-matched or adjusted observational studies comparing Myval/Myval Octacor with contemporary THVs in adults undergoing transfemoral TAVI for severe symptomatic AS. The primary outcome was 1-year all-cause mortality; secondary outcomes included cardiovascular death, stroke, new permanent pacemaker implantation (PPI), mean transvalvular gradient, effective orifice area, and moderate-to-severe aortic regurgitation. Random-effects meta-analyses generated pooled risk ratios (RRs) and mean differences with 95% confidence intervals. Five studies (2 randomized trials, 3 propensity-matched/adjusted cohorts; 2327 patients: 1107 Myval, 1220 contemporary THV recipients) were included. At 1 year, Myval showed comparable outcomes to contemporary THVs for all-cause mortality (RR 0.89, 0.66-1.21), cardiovascular death (RR 0.92, 0.55-1.55), and stroke (RR 1.41, 0.91-2.18), with similar new PPI rates (RR 0.82, 0.47-1.42). Among randomized trials, Myval had lower mean transvalvular gradients (MD -1.28 mm Hg, -1.73 to -0.82) and larger effective orifice area (mean difference +0.15 cm2, 0.09-0.20) than SAPIEN, with no significant difference in moderate-to-severe aortic regurgitation (RR 1.28, 0.19-8.71). Myval demonstrated comparable all-cause mortality, cardiovascular death, stroke, and PPI rates to contemporary THVs at 1 year, along with favorable hemodynamics versus SAPIEN, supporting Myval as an effective contemporary TAVI platform; longer-term studies are needed to confirm durability and clinical outcomes."
PubMed,aortic stenosis,Intraprocedural echocardiographic guidance in transcatheter aortic valve implantation.,Tai Meng Chen; Mohammed Rizwan Amanullah; See Hooi Ewe,10.1186/s44348-026-00094-5,2026-09-01,Journal of cardiovascular imaging,"Transcatheter aortic valve implantation (TAVI) is an established treatment for severe aortic stenosis across all surgical risk groups. Traditionally performed under general anesthesia with transesophageal echocardiography (TEE) guidance, TAVI has evolved toward a minimalist approach using local anesthesia and conscious sedation (LACS), supported by transthoracic echocardiography (TTE) or fluoroscopy alone. Despite this shift, intraprocedural imaging remains valuable as it offers real-time imaging guidance throughout the procedures, allowing for rapid and accurate assessment of complication and procedural results. Echocardiographic modalities used during TAVI include TTE, TEE (adult-, mini-, or micro-TEE) and intracardiac echocardiography (ICE), each with its own advantages and limitations. While TTE is widely used in uncomplicated cases, its image quality may be suboptimal, leading to missing complications and underestimation of paravalvular leak (PVL). In contrast, TEE provides superior spatial resolution, enabling comprehensive real-time assessment and improved PVL detection and other complications. Moreover, 3D TEE offers accurate assessment of the aortic annulus and aids in sizing of the prosthesis when computed tomography is suboptimal or unavailable. ICE is an attractive alternative as it provides real-time high-resolution images and can be performed under LACS by the same operator, although it is costly with single use and requires additional venous access. ICE may be particularly helpful in patients with challenging TTE windows, or in those with contraindications for TEE. We propose an upfront intraprocedural TEE strategy in patients with high-risk anatomies undergoing TAVI, and those with poor TTE window or renal impairment in whom minimal contrast usage is preferred. Mini-TEE (with a smaller probe) is the preferred modality for intraprocedural guidance, which has 3D imaging with good resolution, and is well tolerated under LACS. In conclusion, imaging strategies in TAVI should be individualized. While minimalist approaches are feasible, TEE remains indispensable in complex cases to optimize outcomes and minimize complications."
PubMed,aortic stenosis,Lipoprotein(a): Cardiovascular Risk and Emerging Targeted Therapies.,José Pablo Miramontes González,10.1007/s40256-026-00825-5,2026-08-31,"American journal of cardiovascular drugs : drugs, devices, and other interventions","Lipoprotein(a) [Lp(a)] is a genetically determined, low-density lipoprotein-like particle that has emerged as an important and independent contributor to atherosclerotic cardiovascular disease and calcific aortic valve stenosis. Elevated Lp(a) concentrations, defined as approximately 125 nmol/L (≥ 50 mg/dL) by most consensus thresholds, affect an estimated 20% of the general population and confer lifelong inherited cardiovascular risk that is not adequately captured by standard lipid panels. Epidemiological, observational and genetic studies consistently show that elevated Lp(a) concentrations are associated with increased risk of coronary heart disease, myocardial infarction, ischemic stroke, peripheral artery disease and calcific aortic valve stenosis. Unlike low-density lipoprotein (LDL) cholesterol, Lp(a) levels remain relatively stable throughout life and are only minimally influenced by lifestyle interventions or most conventional lipid-lowering therapies. This creates a clinically relevant therapeutic gap, particularly in patients with premature cardiovascular disease, recurrent events despite optimal LDL cholesterol control, or otherwise unexplained residual risk. Traditional lipid-lowering strategies remain essential to reduce global cardiovascular risk, but they have limited ability to directly modify Lp(a)-mediated risk. PCSK9 inhibitors and inclisiran produce modest (approximately 20-30%) Lp(a) reductions, and lipoprotein apheresis may be useful in highly selected patients, but none represents a broadly applicable Lp(a)-specific therapy. Recent advances have changed this landscape. Antisense oligonucleotides, small interfering RNA therapies and oral small-molecule inhibitors have demonstrated profound and durable Lp(a) reductions, frequently exceeding 80-100% with small interfering RNA (siRNA)-based agents (olpasiran, zerlasiran, lepodisiran), up to 80% with the antisense oligonucleotide pelacarsen, and up to 85% with the oral small-molecule muvalaplin, in phase 1 and phase 2 clinical trials. However, the central question remains whether pharmacological Lp(a) lowering translates into fewer cardiovascular events. Current evidence supports strong biological efficacy, but definitive proof of clinical benefit awaits ongoing randomized cardiovascular outcomes trials, including Lp(a)HORIZON (pelacarsen), OCEAN(a)-Outcomes (olpasiran) and ACCLAIM-Lp(a) (lepodisiran). This narrative review summarizes the biology and epidemiological relevance of Lp(a), quantifies its association with cardiovascular events, reviews the effect of traditional lipid-lowering therapies on Lp(a) and critically discusses emerging Lp(a)-targeted treatments and future directions."
PubMed,aortic stenosis,"Clonal hematopoiesis and atherosclerotic cardiovascular disease: Clinical implications, biological mechanisms, and emerging therapeutic strategies.",Chi-Yuan Yao; Yen-Chun Chen; Bing-Ru Tsai; Jeng-Wei Chen; Chih-Yang Chan; Wen-Jone Chen; Lian-Yu Lin; Wen-Chien Chou; Yi-Lwun Ho; Li-Tan Yang,10.1016/j.jfma.2026.08.052,2026-08-31,Journal of the Formosan Medical Association = Taiwan yi zhi,"Clonal hematopoiesis (CH), defined by the age-related expansion of hematopoietic stem cells harboring somatic driver mutations, has emerged as a novel and clinically relevant contributor to atherosclerotic cardiovascular disease (ASCVD). Once considered primarily a precursor to hematologic malignancy, CH is now recognized as a systemic pro-inflammatory state linking somatic evolution to cardiovascular pathology. Epidemiological studies consistently demonstrate that CH is independently associated with increased risks of coronary artery disease, heart failure, aortic stenosis, and cardiovascular mortality. Mechanistically, CH-associated mutations-most commonly in DNMT3A, TET2, and ASXL1-reprogram immune cells toward a pro-inflammatory phenotype, characterized by activation of the NLRP3 inflammasome and increased cytokine production, thereby promoting endothelial dysfunction, atherogenesis, and adverse cardiac remodeling. These insights have catalyzed the development of targeted therapeutic strategies, particularly anti-inflammatory interventions, as well as approaches aimed at modulating clonal expansion and leveraging cardiometabolic agents. Clinically, incorporation of CH genotype and clonal burden into risk assessment may refine cardiovascular risk stratification and guide personalized prevention strategies. In this review, we summarize current evidence on the biological mechanisms linking CH to ASCVD, its clinical implications across cardiovascular phenotypes, and emerging therapeutic approaches. Collectively, CH represents a paradigm shift toward inflammation-driven precision cardiology."
PubMed,aortic stenosis,When the Valve Narrows: Maternal and Neonatal Implications of Aortic Stenosis in Pregnancy.,Mary Marchese; Nina K Ayala,10.1542/neo.27-9-046,2026-09-01,NeoReviews,
PubMed,aortic stenosis,A novel convolution-transformer model for differentiating hypertrophic cardiomyopathy from Phenocopies using cardiac MRI.,Xudong Guo; Shimin Zhou; Yunli Shen; Xin Gong; Qinfen Jiang; Jie Ding; Yihong Yang; Linqi Zhang,10.1016/j.mri.2026.110780,2026-08-31,Magnetic resonance imaging,"Hypertrophic Cardiomyopathy (HCM) is the most prevalent inherited cardiomyopathy. Its left ventricular hypertrophy (LVH) phenotype exhibits substantial radiological overlap with HCM phenocopies such as Hypertensive Heart Disease (HHD) and Cardiac Amyloidosis (CA), posing significant challenges to clinical differential diagnosis. Differentiating HCM from its phenocopies and normal hearts on cardiac MRI is an important but difficult task. This study leveraged a cardiovascular magnetic resonance foundation model to develop a deep learning approach that enables accurate and automated differentiation among HCM, normal controls, and HCM phenocopies.
We integrated 463 cases from a multi-center dataset comprising two public benchmarks, ACDC and M&Ms2, along with a clinical cohort from a tertiary medical center. The final cohort included 207 HCM cases, 166 normal controls, and 90 cases of HCM phenocopies (including HHD, CA, and aortic stenosis, among other etiologies). To address the challenge of differential diagnosis in HCM, a tailored network was developed based on the Convolution-Transformer hybrid backbone of the CineMA cardiac MRI foundation model. The architecture employs a dual-head multi-task learning design: a primary classification head performs three-class diagnosis (HCM vs. Normal vs. Other), while an auxiliary classification head targets fine-grained discrimination between HCM and non-HCM myocardial hypertrophy. A Boundary Prior Attention Module (BPAM) was further integrated into the convolutional encoder, utilizing left ventricular myocardial segmentation masks as anatomical priors to guide spatially selective feature modulation. A three-stage progressive transfer learning strategy was implemented, transitioning from frozen backbone to partial unfreezing and finally to global optimization, with class-weighted cross-entropy and Focal Loss to address class imbalance.
The proposed method achieved an accuracy of 85.6% ± 1.7%, a macro-averaged F1-score of 0.840 ± 0.019, and an ROC AUC of 0.954 ± 0.008 under five-fold cross-validation, significantly outperforming the randomly initialized baseline (F1-score 0.704 ± 0.021, AUC 0.853 ± 0.014). HCM detection achieved a recall of 85.5% ± 2.4%, indicating a low rate of missed diagnoses in this high-risk population. Ablation experiments demonstrated that pretrained weights, the dual-head architecture, the progressive training strategy, and BPAM contributed incremental AUC gains of +6.5%, +1.2%, +1.1%, and + 1.3%, respectively.
The CineMA-based framework incorporating dual-head multi-task learning, three-stage progressive transfer learning, and anatomy-guided boundary prior attention achieves robust and accurate differentiation among HCM, normal controls, and HCM phenocopies. The approach demonstrates promising potential for AI-assisted HCM screening and clinical decision support across multi-center, multi-device settings."
PubMed,aortic stenosis,Sex-specific assumptions underlie cardiovascular digital twin technologies: A narrative review.,Bettine G van Willigen; Henk A Marquering; Wouter Huberts; Joris R de Groot,10.1371/journal.pdig.0001692,2026-08,PLOS digital health,"Digital twin technologies (DTTs) are increasingly applied in cardiovascular medicine to support personalized treatment. At the same time, growing evidence demonstrates sex differences in cardiovascular anatomy, physiology, disease presentation, and outcomes. Whether current cardiovascular DTTs adequately incorporate these sex-specific characteristics is unclear. This narrative review examines how sex bias and inclusivity are addressed within cardiovascular DTTs and identifies where sex-related bias may arise within different components of DTT. A six-dimensional digital twin framework is introduced to review DTTs. We focus on three cardiovascular domains: coronary artery disease, aortic valve stenosis, and atrial fibrillation. For each domain, we assessed sex representation in modeling assumptions, data interpretation, clinical outputs, and validation studies. Within three domains, physiological assumptions, boundary conditions, interpretation thresholds, and validation cohorts, models are frequently derived from sex-skewed populations. DTTs estimating noninvasive fractional flow reserve are predominantly validated in male-dominated cohorts, potentially resulting in lower precision in women. In contrast, validation studies for DTTs in TAVI planning show variable sex distributions, with some cohorts being female-skewed and others male-skewed, raising questions about their generalizability across sexes. In both model-based DTTs, sex bias may arise from generalized boundary conditions. Electro-anatomical mapping systems for atrial fibrillation are susceptible to sex bias within measurement methodology. Uniform clinical thresholding and outcome selection bias further add to sex-bias in DTTs. Current cardiovascular DTTs insufficiently account for sex-specific cardiovascular characteristics, risking underperformance in underrepresented populations. Incorporating sex-aware physiological parameters, sex-stratified validation, balanced datasets, and transparent reporting should be considered minimal standards for future clinical implementation."
PubMed,valvular heart disease,SNAI2/SLUG: a key regulator of endothelial-to-mesenchymal transition and vascular remodeling in cardiovascular diseases.,Tong Yang; Zihao Liu; Haoyu Ran; Cheng Zhang; Qingchen Wu; Jun Xu,10.1186/s13019-026-04287-3,2026-09-02,Journal of cardiothoracic surgery,"Snail family transcriptional repressor 2 (SNAI2), also known as SLUG, is a canonical driver of epithelial-mesenchymal transition (EMT). While its oncogenic roles are well-established, emerging evidence underscores its pivotal involvement in cardiovascular diseases (CVDs). This review systematically summarizes the multifaceted functions of SNAI2 in the cardiovascular system, highlighting its role in mediating endothelial-to-mesenchymal transition (EndMT) and vascular smooth muscle cell (VSMC) phenotypic reprogramming. We detail the involvement of SNAI2 across a spectrum of pathologies, including atherosclerosis, aortic aneurysm, valvular heart disease, myocardial fibrosis, and pulmonary arterial hypertension. By acting as a critical nexus in signaling networks such as TGF-β, Notch, and Wnt, SNAI2 regulates cellular fate and extracellular matrix remodeling under pathological stress. Finally, we discuss the potential of SNAI2 as a diagnostic biomarker and a novel therapeutic target, offering prospective insights for the clinical management of CVDs."
PubMed,valvular heart disease,Long-Term Outcomes Following Bilateral vs Single Internal Thoracic Artery Grafts: A Secondary Analysis of a Randomized Clinical Trial.,David P Taggart; Mario Gaudino; Stephen Gerry; Marek Jasinski; Belinda Lees; Alastair M Gray; Vipin Zamvar; Marek Deja; Siven Seevanayagam; Fernando Ribeiro de Moraes Neto; Janusz Konstanty-Kalandyk; Rafal Pawlaczyk; Lokeswara Rao Sajja; Guglielmo Actis Dato; Alice Guazzelli; Jo Cook; Carol Wallis; Umberto Benedetto; John D Puskas; Marcus Flather; Arterial Revascularization Trial investigators,10.1001/jamacardio.2026.3232,2026-09-02,JAMA cardiology,"Bilateral internal thoracic artery grafting has been proposed to improve survival compared to standard single internal thoracic artery grafting during coronary artery bypass graft (CABG) surgery, but any survival benefit may emerge only with longer-term follow-up.
To report 15-year extended follow-up of a randomized clinical trial of bilateral vs single internal thoracic artery grafting for CABG.
This is a secondary analysis of an unblinded randomized clinical trial that took place at 28 cardiac surgery centers in 7 countries between June 2004 and December 2007, with 15-year follow-up reported after 2025. Patients scheduled for CABG on clinical grounds were eligible. Those requiring only single grafts or concomitant valve surgery, as well as those with a history of previous CABG, were excluded. All 3102 patients in the original trial provided data for this analysis, while 3042 completed the full 15-year follow-up. Data were analyzed from January to March 2026.
If patients fulfilled all the eligibility criteria and provided written informed consent, they were randomly assigned to bilateral or single internal thoracic artery grafts with vein or radial artery grafts used in both groups as clinically indicated.
All-cause mortality at 15 years. The composite of all-cause mortality, myocardial infarction, or stroke was a secondary outcome.
A total of 1548 patients were randomized to bilateral internal thoracic artery grafts and 1554 to single internal thoracic artery grafts. The mean (SD) age was 64 (9) years and 446 (15%) were female. In the bilateral graft group, 215 (14%) received only a single arterial graft, while in the single graft group, 359 (23%) also received a radial artery graft. At 15 years, vital status was known for 3039 patients (98%). There were 585 deaths (37.8%) in the bilateral graft group and 584 (37.6%) in the single graft group (hazard ratio [HR], 1.00; 95% CI, 0.89-1.12; P = .97). Secondary outcome event rates were 43.9% and 45.8%, respectively (HR, 0.94; 95% CI, 0.85-1.05).
There was no difference in all-cause mortality at 15 years between patients undergoing CABG who were randomized to bilateral vs single internal thoracic artery grafts in an intention-to-treat analysis. Given the high rate of potential postrandomization confounders (eg, crossovers and use of radial arteries), the multiple arterial graft hypothesis still needs to be tested in randomized clinical trials.
isrctn.org Identifier: ISRCTN46552265."
PubMed,valvular heart disease,Contemporary Evaluation and Management Strategies for Tricuspid Regurgitation.,Sajjad Ahmadi-Renani; Stephan von Haehling; Constanze Schmidt; Sepideh Taghavi; Marzieh Mirtajaddini; Razieh Omidvar; Nasim Naderi,10.1097/HPC.0000000000000441,2026-09-02,Critical pathways in cardiology,"Tricuspid regurgitation (TR) is a common but historically under-recognized valvular heart disease. Although mild to moderate TR was long considered benign, accumulating evidence indicates that clinically significant TR is associated with right ventricular failure, hepatic congestion, recurrent hospitalization, and increased mortality.
This review aims to provide a comprehensive overview of contemporary evaluation and management strategies for TR across its clinically relevant spectrum, with particular emphasis on severe disease and secondary mechanisms when discussing intervention.
Current literature was synthesized with a focus on TR classification, underlying mechanisms, imaging and hemodynamic assessment, risk stratification, device-related TR, and evolving therapeutic strategies, including both surgical and transcatheter approaches.
Management paradigms have shifted toward earlier recognition and intervention, with echocardiography remaining central to diagnosis and procedural planning. While medical therapy is primarily supportive, advances in transcatheter edge-to-edge repair, annuloplasty systems, and transcatheter valve replacement have significantly expanded treatment options, particularly for patients at high surgical risk. Key determinants of therapeutic decision-making include pulmonary artery pressure, right ventricle-pulmonary artery coupling, right-sided chamber remodeling, surgical risk, and anatomic suitability.
TR represents a complex and rapidly evolving area of cardiology that requires individualized assessment based on anatomy, hemodynamics, comorbidities, and the quality of available evidence. Ongoing clinical trials and emerging therapies are expected to further refine treatment algorithms and future guideline recommendations."
PubMed,valvular heart disease,Bias in administrative coding for mitral valve prolapse: Implications for electronic health record research.,Anand Shah; Faisal F Syed; Shaaf Ahmad; Jeffrey L Klein,10.1177/20552076261486963,2026,Digital health,"Electronic health records and administrative claims are increasingly utilized for conducting observational studies, pragmatic clinical trials, and training machine learning models. For accurate and reliable conclusions, input data requires validation. We sought to evaluate International Classification of Diseases, Tenth Revision (ICD-10) diagnosis coding for Mitral valve prolapse (MVP).
We compared ICD-10 diagnosis coding for MVP with echocardiographic evidence of MVP in a large academic center over the years 2018 - 2024.
Among 5,520 patients with an MVP ICD-10 code (I34.1), 1,883 had echocardiographic confirmation (positive predictive value 34.1%, 95% CI 32.9% - 35.4%). Among 5,667 patients with echocardiographic confirmed MVP, 3,784 lacked the corresponding ICD-10 code (sensitivity was 33.2%, 95% CI 32.0 % - 34.5%). In sub-analysis with granular covariates (N = 1,183), false-positive coding was associated with higher prevalence of atrial fibrillation, heart failure, and coronary artery disease than patients with confirmed MVP in univariate analysis. In multivariable analysis, heart failure was associated with increased odds of false-positive ICD coding (aOR 1.77, 95% CI 1.08 - 2.89; p = 0.02).
These findings suggest that administrative MVP codes do not accurately identify patients with the disease and appear to introduce non-random phenotype bias with implications for EHR research and machine learning."
PubMed,valvular heart disease,HSD-Net: a dual-branch CNN-BiLSTM network with hybrid cepstral fusion for heart sound classification.,Caijian Hua; Ye Tian; Liuying Li; Xia Zhou,10.3389/fmedt.2026.1883548,2026,Frontiers in medical technology,"Cardiovascular diseases (CVDs) represent a major global health threat, making early detection crucial. While cardiac auscultation is cost-effective, its reliance on clinical expertise leads to significant variability in diagnostic accuracy. Existing automated heart sound classification methods suffer from inadequate feature representation and limited model performance due to constraints imposed by the randomness, nonstationarity, and complex acoustic environment of phonocardiogram (PCG) signals.
In this paper, an improved dual-branch CNN-BiLSTM network with hybrid cepstral fusion, named HSD-Net, is proposed for automated heart sound classification. To overcome feature representation limitations, we introduce a hybrid cepstral fusion feature set that combines Mel-Frequency Cepstral Coefficients (MFCC) and Inverse Mel-Frequency Cepstral Coefficients (IMFCC) with their first-order delta coefficients, capturing complementary low-frequency and high-frequency acoustic information. This feature set is processed by a dedicated dual-branch architecture: a convolutional neural network (CNN) branch extracts localized spectrotemporal patterns, while a bidirectional Long Short-Term Memory (BiLSTM) branch models long-range temporal dependencies. A Squeeze-and-Excitation (SE) attention mechanism is integrated to adaptively recalibrate feature importance.
Extensive evaluations on two public datasets demonstrate that the proposed HSD-Net achieves superior performance compared with existing methods. On the PhysioNet/Computing in Cardiology Challenge 2016 dataset, the model achieved an accuracy of 96.25%, a sensitivity of 95.85%, and a specificity of 96.50%. On the additional five-class Yaseen dataset, the model achieved an average accuracy of 99.32% in valvular heart disease classification. Ablation studies quantitatively confirmed that both the hybrid features and the dual-branch architecture contribute significantly to the overall performance.
The proposed HSD-Net provides an effective framework for automated heart sound analysis. This work offers a reliable technical foundation for developing clinical decision-support systems, with significant potential for application in early screening and telemedicine."
PubMed,valvular heart disease,Mitral Valvular-Ventricular Interactions: Relative Importance and Clinical Implications.,Hugh S Paterson; Laurencie M Brunel; Fiona C Schnitzler; Konstantin Yastrebov; Benjamin M Robinson; Paul G Bannon,10.1016/j.hlc.2026.03.073,2026-09-01,"Heart, lung & circulation","An understanding of the numerous ways in which the mitral valve supports left ventricle (LV) function is important to clinicians who evaluate interventions on the mitral valve. Knowledge of the relative contributions to LV function provided by the various support mechanisms allows clinicians to balance the benefits against the adverse effects of mitral interventions. Although much of the research into the valvular-ventricular interaction has been undertaken in animals with normal hearts, the known mechanics of the interaction can be logically translated to human cardiomyopathic hearts. The systolic force applied through the marginal chordae of the anterior mitral leaflet (AML) is the dominant mechanism supporting LV function, and any intervention that inhibits AML closure (immobilisation, splitting, partial resection, etc.) sacrifices some level of LV contractility. Such interventions might provide limited overall benefit in cardiomyopathic hearts that poorly tolerate further LV impairment. This narrative review presents a summary of the existing evidence on the relative contributions of the various valvular-ventricular support mechanisms and their clinical application."
PubMed,valvular heart disease,"Mechanisms underlying rheumatic heart disease immune-mediated pathogenesis: T-cell responses, cytokine networks, and immune dysregulation as drivers of valvular injury.",Adrien Lupieri; Juan Manuel Diaz; Thayse Batista Moreira; Adriana Jacaúna; John K McCormick; Victor Nizet; Robert A Levine; Elena Aikawa; Walderez O Dutra; Leducq PRIMA (Preventing Rheumatic Injury bioMarker Alliance) Network,10.1016/j.lanmic.2026.101499,2027-06-29,The Lancet. Microbe,"Acute rheumatic fever is an immune-mediated sequela of Streptococcus pyogenes (group A Streptococcus) infection, presenting with fever, arthritis, chorea, rash, and, crucially, carditis. Without effective secondary prophylaxis and care, acute rheumatic fever can progress to chronic rheumatic heart disease, a leading yet under-recognised cause of cardiovascular morbidity and death that disproportionately affects children and young adults aged 5-24 years in low-resource settings. Robust evidence implicates the role of antigenic mimicry-particularly between streptococcal M protein and cardiac or myocardial matrix proteins-together with dysregulated immune control in driving valvular injury. In this Review, we discussed mechanisms of rheumatic heart disease immunopathogenesis, highlighting the roles of T-cell responses, chemokine-guided recruitment to valves, cytokine dysregulation, endothelial activation, and stromal remodelling. We also analysed limitations of existing data and delineate strategies to develop experimental models, identify biomarkers, and define immunomodulatory targets that can inform earlier diagnosis, enhanced secondary prevention, and rational therapeutic strategies."
PubMed,valvular heart disease,New Evidence in Heart Failure: 2026 Update.,Valentino Liguori; Angelica Rizzello; Marianna Adamo; Alberto Aimo; Michael Böhm; Zoltán Papp; Piotr Ponikowski; Stephan von Haehling; Robert Zymliński; Gianluigi Savarese; Marco Metra; Jan Biegus; Daniela Tomasoni,10.1093/eschf/xvag216,2026-09-01,ESC heart failure,"Heart failure (HF) remains a major cause of morbidity, mortality, impaired quality of life and healthcare expenditure worldwide. The global burden of HF continues to increase due to population aging, improved survival, and the growing prevalence of cardiovascular, renal, and metabolic comorbidities. Simultaneously, the pace of scientific progress in HF has accelerated considerably. Recent advances have refined our understanding of HF epidemiology, prognosis, and disease trajectories, including emerging concepts of HF improvement, remission, and recovery. The Second Universal Definition of HF has also updated the classification framework, moving beyond the traditional ejection fraction-based categories. HF is now broadly classified into two major phenotypes: heart failure with reduced ejection fraction (HFrEF) and heart failure with preserved ejection fraction (HFpEF). Novel mechanistic insights highlight the role of inflammation, immune activation, metabolic dysfunction, mitochondrial biology, and multisystem interactions in HF progression. There has also been significant progress in the characterization and management of major comorbidities, including chronic kidney disease (CKD), diabetes, obesity, atrial fibrillation (AF), pulmonary hypertension, frailty, malnutrition, and cancer. Diagnostic innovations include novel biomarkers, multi-omics technologies, artificial intelligence-based approaches, advanced imaging techniques, congestion assessment tools, and emerging digital health solutions. Important advances have occurred in specific HF aetiologies, including cardiomyopathies, cardiac amyloidosis (CA), myocarditis, arrhythmia-induced cardiomyopathy (AiCM), and Chagas cardiomyopathy. Therapeutic developments continue to reshape HF management across the spectrum of left ventricular ejection fraction. Recent evidence has focused on optimization of guideline-directed medical therapy in HFrEF, expansion of evidence-based therapies in HFpEF, and growing roles for sodium-glucose cotransporter-2 inhibitors, finerenone, incretin-based therapies, and transcatheter valve interventions. Collectively, these advances support the transition from a predominantly phenotype-based approach towards a more personalized and biologically informed model of HF care, with the potential to further improve outcomes across the entire HF spectrum."
PubMed,valvular heart disease,The Inflammatory Cytokine Profile in Acute Myocardial Infarction and Its Impact on in-Hospital Mortality.,Wen Cao; Liye Meng; Xiaojuan Wu; Langcheng Yang; Wei Gan; Weihua Feng; Junlong Zhang; Bei Cai,10.2147/JIR.S604259,2026,Journal of inflammation research,"Inflammation is a common pathway in acute or chronic cardiac injury. This study aimed to explore the characteristics of systemic inflammatory responses in acute myocardial infarction (AMI) and find the key inflammatory factors in the prognosis of AMI patients.
A total of 146 patients with AMI and 468 patients with valvular heart disease (VHD) from West China Hospital of Sichuan University between January 2022 to September 2024 were included in this retrospective study using electronic medical records. Plasma cytokines (including IL-1β, IL-2, IL-4, IL-5, IL-6, IL-8, IL-10, IL-12p70, IL-17, interferon-α, interferon-γ, and tumor necrosis factor-α) were detected by flow cytometry within 24 hours of admission. Multivariate logistic regression analysis and survival analysis were conducted to identify factors independently associated with in-hospital mortality in AMI patients.
AMI patients exhibited an acute ""high inflammatory status"", characterized by markedly elevated Interleukin (IL)-6 and IL-10, compared with the low-grade inflammation in VHD (all P<0.001). The multivariate logistic regression model showed that except for the traditional risk factors (age, systolic blood pressure, and heart rate), IL-1β (odds ratio (OR)=1.093, 95% confidence intervals(CI): 1.019-1.172) remained an independent predictor of in-hospital mortality in AMI patients. The IL-1β-based model provided discrimination similar to the Global Registry of Acute Coronary Events Score (AUC 0.819 vs 0.812), and both scores demonstrated significant dose-response associations with mortality risk (IL-1β-based risk score: Hazard Ratio(HR) = 2.67 per SD, 95% CI: 1.82-3.90; GRACE score: HR = 2.66 per SD, 95% CI: 1.75-4.05).
This study revealed that AMI triggered a high-grade systemic inflammatory status contrasted to that in VHD. Crucially, the upstream inflammatory mediator IL-1β was identified as an independent risk factor for in-hospital mortality in AMI patients. Whatever in the prognosis performance or risk assessment IL-1β-based risk score had the similar effects to GRACE score."
PubMed,valvular heart disease,Women's heart and echocardiography.,So Ree Kim; Seong-Mi Park,10.1186/s44348-026-00091-8,2026-08-31,Journal of cardiovascular imaging,"Echocardiography is the primary imaging modality for evaluating cardiovascular disease, providing comprehensive assessment of cardiac structure, function, and hemodynamics. Its noninvasive nature, wide availability, and absence of radiation make it particularly suitable for repeated use, including in younger women and during pregnancy. Moreover, women-specific cardiovascular diseases are not uncommonly detected by echocardiography. However, smaller cardiac size, higher baseline ejection fraction, and technical limitations in women may affect interpretation. This review highlights the role of echocardiography across cardiovascular conditions relevant to women, including heart failure with preserved ejection fraction, coronary microvascular dysfunction, pulmonary hypertension, and valvular heart disease. It also addresses stress-induced cardiomyopathy, physiological changes during pregnancy, and peripartum cardiomyopathy."
PubMed,valvular heart disease,"Association Between Hypertensive Disorders of Pregnancy, Lifestyle Factors, and Premature Cardiovascular Events.",Simone L Marschner; Desi J Quintans; Clara K Chow,10.1016/j.jacadv.2026.103187,2026-08-31,JACC. Advances,"Hypertensive disorders of pregnancy (HDP) increase the risk of future cardiovascular events.
The objective of the study was to examine the association between lifestyle factors and premature (<50 years) cardiovascular (pCV) events in women with and without HDP.
Data from young parous women in the Australian Longitudinal Study on Women's Health 1973-1978 cohort were linked with medical records. Time-varying Cox proportional hazards models were used to assess whether lifestyle factors were associated with pCV in those with and without HDP. Outcomes of pCV included stroke, ischemic heart disease, valvular heart disease, cardiomyopathy, select arrhythmias, valvular heart disease, pulmonary embolism, and deep vein thrombosis.
Among 10,368 parous women (median follow-up: 16.5 years), 14.4% (1,493/10,368) had HDP and 4.3% (448/10,310) experienced a pCV event. HDP (adjusted HR [aHR]: 1.74; 95% CI: 1.32-2.31), obesity (aHR: 1.60; 95% CI: 1.19-2.15), and high saturated-fat intake (>319 g/day) (aHR: 1.67; 95% CI: 1.11-2.53) were associated with an increased risk of pCV. Breastfeeding (>16 months) (aHR: 0.66; 95% CI: 0.49-0.89) and high protein intake (>90 g/day) (aHR: 0.65; 95% CI: 0.43-0.96) were associated with a lower risk of pCV. The association between smoking, the Australian Recommended Food Score diet, and glycemic index with pCV events differed in women with and without HDP.
This study found that a HDP diagnosis was associated with pCV. Obesity and high saturated-fat intake were associated with increased pCV, whereas breastfeeding and high protein intake were associated with lower pCV. The impact of some risk factors on the development of pCV differs between women with and without HDP. These findings highlight the importance of prevention management in women with HDP."
PubMed,valvular heart disease,Impact of time from symptom onset to diagnosis in infective endocarditis: insights from the nationwide NIDUS registry.,Mads-Gustav Nebel Hvidt; Amna Alhakak; Peter Laursen Graversen; Katra Hadji-Turdeghal; Jacob Eifer Møller; Niels Eske Bruun; Kasper Karmark Iversen; Jonas Agerlund Povlsen; Claus Moser; Morten Holdgaard Smerup; Daniel Faurholt-Jepsen; Henning Bundgaard; Lauge Østergaard; Lars Køber; Emil Loldrup Fosbøl,10.1007/s15010-026-02960-2,2026-08-31,Infection,"Infective endocarditis (IE) often presents with non-specific symptoms, which may delay diagnosis and treatment. Previous studies exploring symptom duration have been limited by small cohorts or single-centre studies. We aimed to investigate patient characteristics, microbial aetiology, treatment, and all-cause mortality of patients with IE according to symptom duration prior to diagnosis.
We included all patients with first-time IE from the NatIonal Danish Endocarditis StUdies (NIDUS) registry (2016-2021). Patients with left-sided IE and available symptom duration were stratified as short, intermediate, or prolonged (≤ 7, 8-29, or ≥ 30 days). The primary outcome was six-month mortality.
Among 2,938 patients with left-sided IE, median symptom duration was 8 days [IQR:4-20], and 17.6% had symptoms ≥ 30 days. The short-duration group compared with the prolonged-duration group was older (median 74.1 vs. 72.2 years), more often female (35.1% vs. 24.8%), had more comorbidities, embolism (14.5% vs. 8.9%), sepsis (28.2% vs. 12.2%), and Staphylococcus aureus IE (38.3% vs. 11.6%). The short- and intermediate-duration groups underwent surgery less frequently (18.1% and 23.2%) than the prolonged-duration group (31.7%). The six-month cumulative incidence of mortality was lower in the prolonged-duration group (21.8%) than in the short and intermediate groups (28.7% and 28.9%), although non-significant after adjustment (HR 0.92 [95% CI:0.74-1.14]) compared to the short group.
In patients with left-sided IE, short symptom duration prior to diagnosis was associated with Staphylococcus aureus IE, sepsis, and lower surgical rates. Prolonged symptom duration was associated with lower cumulative mortality, but this was not significant after multivariable adjustment."
PubMed,valvular heart disease,Left atrial myopathy predicts cardiovascular outcome in hypertension and diabetes.,Giulia Elena Mandoli; Enrico Emilio Diviggiano; Alessandra Cartocci; Maria Concetta Pastore; Alessandro Campora; Luna Cavigli; Flavio D'Ascenzi; Marta Focardi; Michael Henein; Matteo Cameli,10.1007/s10554-026-03815-5,2026-08-31,The international journal of cardiovascular imaging,"Arterial hypertension (AH) and type 2 diabetes mellitus (T2DM) predispose to left atrial (LA) dysfunction and atrial myopathy. We assessed the ability of peak atrial longitudinal strain (PALS) to predict major adverse cardiovascular events (MACEs) in AH and/or T2DM. We retrospectively enrolled patients > 40 years, in sinus rhythm, with AH and/or T2DM. Standard and advanced echocardiographic indices were collected; patients with previous MACEs, cardiac surgery, pacemakers, or moderate-to-severe valvular disease were excluded. The composite endpoint included atrial fibrillation, heart failure hospitalization, transient ischemic attack, stroke, myocardial infarction/coronary revascularization, and cardiovascular/all-cause mortality. Study population: 292 patients (63.0 ± 9.6 years, 50% female; 202 hypertensives, 167 diabetics, 77 with both). All patients had preserved left ventricular ejection fraction (58.2 ± 4.9), mild-to-moderate LA dilatation (52.9 ± 24.9 ml) and dysfunction (PALS 29.7 ± 11.1%). During 11.2 ± 1.3 years follow-up, 110 patients experienced ≥ 1 event; they had similar EF but were older (65.8 ± 9.0 vs. 61.3 ± 9.6 years, p < 0.001) and with poorer PALS (21.6 ± 7.7 vs. 34.6 ± 9.9%, p < 0.001) than those without events. On multivariate analysis, sex, age, systolic pulmonary artery pressure, and PALS were independently associated with outcomes, with PALS showing the strongest association (PALS < 22.5% HR 18.99; 22.5-30% HR 7.68; p < 0.001). Sex sub-analysis confirmed PALS powerful prognostic performance in women. PALS < 22.5% was related to 1-, 5-, and 10-year survival of 82.4%, 49.8% and 25.3%; for PALS > 30%: 100%, 98.5% and 92.5%. PALS, a surrogate marker of LA myopathy, is a strong prognosticator in patients with long standing T2DM and AH, thus should be routinely used in primary prevention."
PubMed,valvular heart disease,Prognostic Thresholds of Tricuspid Regurgitation in Transthyretin Amyloid Cardiomyopathy.,Laurenz Hauptmann; Stéphanie K Schwarting; Daniela Tomasoni; Lukas Zanders; Christina Kronberger; Sophia Koschatko; Maximilian Autherith; Katharina Singer; Charlotte Jantsch; Gregor Heitzinger; Caglayan Demirel; Franz Duca; Andreas Kammerlander; Luca Bordignon; Gabriele Guidi Colombi; Nora Schwegel; Matteo Serenelli; Aldostefano Porcari; Leendert C Kieviet; Nicolas Verheyen; Marish I F J Oerlemans; Maria Papathanasiou; Christian Hengstenberg; Gianfranco Sinagra; Jörg Hausleiter; Marianna Adamo; Philipp E Bartko; Christian Nitsche,10.1001/jamacardio.2026.3803,2026-08-31,JAMA cardiology,"In transthyretin amyloid cardiomyopathy (ATTR-CM), tricuspid regurgitation (TR) severity may be underestimated by conventional (semi-)quantitative echocardiographic criteria derived from nonamyloid populations, given the restrictive, low-flow hemodynamics characteristic of the disease.
To derive and validate disease-specific prognostic, quantitative TR risk thresholds in ATTR-CM and to compare their prognostic performance with current guideline definitions and the Tricuspid Valve Academic Research Consortium (TVARC) 5-grade extension.
This international, multicenter cohort study was conducted from January 2016 to February 2026 at 8 high-volume tertiary referral centers across Austria, Italy, Germany, and the Netherlands, with data analysis February to May 2026. Patients with newly diagnosed ATTR-CM were enrolled and underwent standardized transthoracic echocardiography with blinded core laboratory quantitative analysis of echocardiography TR severity parameters (vena contracta width [VCW], effective regurgitant orifice area [EROA], and regurgitant volume [RegVol]).
TR severity defined by VCW, EROA, and RegVol from blinded core laboratory quantitative analysis and TR severity according to 2025 European Society of Cardiology/European Association for Cardio-Thoracic Surgery, 2020 American Heart Association/American College of Cardiology, 2017 American Society of Echocardiography, and 2023 TVARC grading schemes.
Outcomes were all-cause mortality (primary end point) and time to first heart failure hospitalization (HFH; secondary end point).
A total of 1124 patients with newly diagnosed ATTR-CM were enrolled (derivation cohort: n = 745; validation cohort: n = 379). Median (IQR) patient age was 80 (75-84) years, and 260 patients (23.1%) were female. Over a median (IQR) follow-up of 25.2 (12.2-43.2) months, 324 patients (28.8%) died and 251 (22.3%) experienced HFH. All TR metrics independently predicted both end points. Spline-derived thresholds delineated intermediate (VCW ≥3 mm; EROA ≥0.15 cm2; RegVol ≥10 mL), high (≥5 mm; ≥0.25 cm2; ≥20 mL), and extreme risk (≥8 mm; ≥0.50 cm2; ≥40 mL), with stepwise Kaplan-Meier separation in both cohorts. Whereas the guideline-based and TVARC schemes each classified 130 patients (11.6%) as having severe TR, the proposed framework classified 334 patients (29.7%) as having at least high or extreme risk (P < .001 for comparison to all other definitions). The framework was independently associated with both end points, with the highest point estimate among the schemes (mortality: hazard ratio [HR], 1.41; 95% CI, 1.23-1.62; HFH: HR, 1.31; 95% CI, 1.12-1.54), and showed superior discrimination over guideline definitions, particularly at later time points.
In this multicenter cohort study among patients with ATTR-CM, a validated, risk-based conceptual framework of echocardiographic parameters to quantify TR improved prediction of mortality and HFH over standard classification of TR severity, better reflecting restrictive low-flow pathophysiology and supporting disease-specific TR grading in ATTR-CM."
PubMed,valvular heart disease,Tricuspid-Valve Intervention in Heart Failure.,Jörg Hausleiter; Thomas J Stocker; Tobias Geisler; Philipp Lurz; Wolfgang Rottbauer; Edith Lubos; Niklas Schofer; Christian Frerker; Johanne Frank; Holger Thiele; Rico Osteresch; Volker Rudolph; Alexander Lauten; Erion Xhepa; Jürgen Rothe; Tienush Rassaf; Stephan Baldus; Georg Nickenig; David M Leistner; Eike Tigges; Victoria Kehl; Mirjam Kessler; Tobias Kister; Tobias Ruf; Muhammed Gerçek; Meinrad Gawaz; Derk Frank; Ingo Eitel; Ralph Stephan von Bardeleben; Daniel Kalbacher; Osama Soliman; Michael Näbauer; Steffen Massberg; TRIC-I-HF-DZHK24 Investigators,10.1056/NEJMoa2606934,2026-08-30,The New England journal of medicine,"The effect of transcatheter tricuspid-valve repair on clinical outcomes, including death and hospitalization for heart failure, in patients with severe tricuspid regurgitation remains uncertain.
We randomly assigned patients with symptomatic severe tricuspid regurgitation and an increased risk of future heart-failure events in a 2:1 ratio to tricuspid-valve repair plus medical therapy (tricuspid-repair group) or medical therapy alone (medical-therapy group). The first primary end point was a hierarchical composite of death from any cause, hospitalization for heart failure, and quality-of-life improvement at 1 year, assessed by win ratio. If the between-group difference was significant, a second primary end point would be tested: a composite of death from any cause or hospitalization for heart failure through 3 years.
A total of 360 patients underwent randomization (237 patients were assigned to the tricuspid-repair group and 123 to the medical-therapy group). The mean (±SD) age of the patients was 80.3±6.4 years, and 56.4% were women. The win ratio for the first primary end point was 2.42 (95% confidence interval [CI], 1.76 to 3.33; P<0.001), favoring tricuspid-valve repair. The Kaplan-Meier estimate for freedom from death from any cause or hospitalization for heart failure (second primary end point) through 3 years was 52.4% (95% CI, 43.2 to 63.6) in the tricuspid-repair group and 21.0% (95% CI, 12.7 to 34.6) in the medical-therapy group (hazard ratio for death from any cause or hospitalization for heart failure, 0.40; 95% CI, 0.29 to 0.55; P<0.001). Major adverse events within 30 days occurred in 14 patients (5.9%) in the tricuspid-repair group.
Among patients with symptomatic severe tricuspid regurgitation, transcatheter tricuspid-valve repair plus medical therapy was superior to medical therapy alone with respect to a hierarchical composite of death from any cause, hospitalization for heart failure, and quality-of-life improvement at 1 year and was also associated with a lower risk of a composite of death from any cause or hospitalization for heart failure through 3 years. (Funded by the German Center for Cardiovascular Research and others; TRIC-I-HF ClinicalTrials.gov number, NCT04634266.)."
PubMed,valvular heart disease,Sex-specific Patterns of Valvulo-Aortopathy in Bicuspid Aortic Valve According to the International Consensus Framework: Insights from the RE-BAV Registry.,Edyta Płońska-Gościniak; Wojciech Kosmala; Jerzy Pacholewicz; Celina Wojciechowska; Ilona Kowalik; Bożena Sobkowicz; Tomasz Hirnle; Andrzej Tomaszewski; Beata Zaborska; Maria Binkiewicz-Orluk; Andrzej Szyszka; Tomasz Hryniewiecki; Julia Grapsa; Frank A Flachskampf; Rafał Dankowski,10.1093/ehjci/jeag233,2026-08-31,European heart journal. Cardiovascular Imaging,"To characterise sex-specific patterns of bicuspid aortic valve (BAV) valvulo-aortopathy using consensus phenotyping and to assess how aortic normalisation strategies influence sex-related differences in aortic dimensions.
We analysed 808 adults with BAV (mean age 49.9 ± 17.5 years; 588 men) from the RE-BAV registry. Valve morphology, aortopathy phenotypes, and clinical valvulo-aortopathy categories were classified according to consensus definitions. Typical and uncomplicated forms were additionally analysed together as a non-complex category. Proximal aortic dimensions were defined as the aortic root and ascending aorta.Valve morphology distribution did not differ by sex. Although the prevalence of aortic dilatation was similar, phenotype distribution differed: women more frequently exhibited the extended phenotype (34.7% vs 23.3%, p = 0.001), whereas the root phenotype was more common in men (15.1% vs 7.8%, p = 0.006). Moderate-to-severe aortic regurgitation was more prevalent in men (50.3% vs 29.1%, p < 0.001). Sex differences in proximal aortic dimensions varied by normalisation strategy. For the ascending aorta, indexing to body surface area yielded larger values in women (21.1 ± 4.0 vs 20.0 ± 4.0 mm/m2, p = 0.001), whereas diameter/height showed no sex-related difference at this level. Conversely, the cross-sectional area-to-height ratio remained higher in men across proximal segments, most prominently at the sinuses of Valsalva (6.9 ± 2.0 vs 5.6 ± 1.6 cm2/m, p < 0.001). Age was independently associated with larger proximal aortic dimensions across all strategies.
Sex-related differences in BAV involved aortopathy phenotype, aortic regurgitation burden, and proximal aortic dimensions. Interpretation of proximal aortic dimensions depended on the normalisation strategy used, indicating that indexing methods should not be treated as interchangeable."
PubMed,valvular heart disease,Oxford Nanopore Sequencing of Clinical DNA for Identification and Comparative Genomic Analysis of Erysipelothrix piscisicarius.,Rattagan Kajeekul; Thidathip Wongsurawat; Worarat Kruasuwan; Phichaya Sawankatat; Pattaraporn Nimsamer; Tantip Arigul; Athita Riwlord; Piroon Jenjaroenpun; Anusak Kerdsin,10.1155/tbed/5654145,2026,Transboundary and emerging diseases,"The genus Erysipelothrix comprises facultative anaerobic, nonspore-forming, gram-positive bacteria that can cause skin infections and severe diseases such as septicemia and endocarditis in humans. Although E. rhusiopathiae is the primary pathogen, other species may also be involved, necessitating accurate identification. However, 16S rDNA sequencing lacks sufficient resolution to differentiate among Erysipelothrix species. In this study, we used Oxford Nanopore Technology (ONT) to directly sequence low-quality DNA extracted from heart valve tissue of a 66-year-old female patient with a fatal case of septicemia and aortic endocarditis. In contrast to 16S rDNA Illumina sequencing and matrix-assisted laser desorption ionization time-of-flight mass spectrometry (MALDI-TOF MS), which incorrectly identified the pathogen as E. rhusiopathiae, direct sequencing via ONT precisely identified E. piscisicarius as the cause of infection. About 1.47 Mb genome was retrieved from nanopore direct sequencing. Within the E. piscisicarius genome, we detected genes associated with virulence. Phylogenetic analysis showed that our strain clustered with a human-derived E. piscisicarius strain from China and swine-derived strains from Brazil. In conclusion, this study demonstrated that ONT can be used to sequence low-quality DNA extracted directly from patient specimens, obtain a draft bacterial genome, and reliably distinguish between pathogenic species."
PubMed,valvular heart disease,"Mueller manoeuvre increases the mitral-to-aortic velocity-time integral ratio, a mitral regurgitant index, in patients with dilated cardiomyopathy.",Juha Virolainen; Markku Ventilä; Markku Kupari,10.1111/cpf.70090,2026-09,Clinical physiology and functional imaging,"A reduction of intrathoracic pressure during the Mueller manoeuvre (MM) has been shown to decrease left ventricular (LV) forward stroke volume in patients with systolic heart failure. To assess the underlying mechanisms, we analyzed MM-induced changes in LV inflow and outflow dynamics in 13 healthy individuals (mean age 42 y, 8 men) and in 13 patients with dilated cardiomyopathy (DCM) (mean age 44 y, 8 men) having LV ejection fraction <40% without mitral regurgitation. The subjects performed MM with a target of -30 mmHg pressure for >10 s. Doppler echocardiography was used to record systolic and diastolic flow velocities at the aortic and mitral valve annulus, respectively, during quiet respiration and the MM. The respective flow velocity-time integrals (VTI) were measured. Compared with control subjects, patients with DCM had a larger MM-induced decrease in the aortic VTI (-4.2 ± 0.3 vs. -1.6 ± 0.5 cm; p < 0.001) combined with a tendency to a smaller decrease in the mitral VTI (-1.4 ± 0.5 vs. -2.2 ± 0.3 cm; p = 0.070). The mitral-to-aortic VTI ratio, an indirect mitral regurgitant index, increased in DCM from 0.78 ± 0.04 to 1.03 ± 0.08 (p = 0.006) but decreased in the control group from 0.70 ± 0.03 to 0.61 ± 0.03 (p = 0.025). The group x MM interaction was statistically highly significant (F = 16.8, p < 0.001). We conclude that, in DCM-related heart failure, a reduction of intrathoracic pressure during the MM increases the mitral-to-aortic VTI ratio suggesting appearance of functional mitral regurgitation."
Crossref,mitral regurgitation,AIoT-Driven Real-Time Detection of Mitral Valve Prolapse,Meng Han Chen; Guanling Lee,10.1504/ijipt.2027.10079642,2027,International Journal of Internet Protocol Technology,
Crossref,mitral regurgitation,A physics-informed neural network framework for hemodynamic reconstruction and quantitative mitral regurgitation assessment,Kalpana Chauhan; Rajeev Kumar Chauhan,10.1016/j.bspc.2026.111264,2026-12,Biomedical Signal Processing and Control,
Crossref,mitral regurgitation,New variants in ACE gene region in 10 Cavalier King Charles Spaniel dogs with mild and severe myxomatous mitral valve disease – preliminary study,Maksymilian Lewicki; Sylwia Górczyńska-Kosiorz; Piotr Frydrychowski; Justyn Gach; Zuzanna Wojtczak; Jacek Cymbryłowicz; Agnieszka Noszczyk-Nowak,10.1016/j.vas.2026.100769,2026-12,Veterinary and Animal Science,
Crossref,mitral regurgitation,Beyond mitral regurgitation reduction: Divergent hemodynamic and structural responses to transcatheter edge-to-edge repair in primary and secondary mitral regurgitation,Carlo Vignati; Gaia Cattadori; Fiorella Puttini; Beatrice Pezzuto; Valentina Mantegazza; Chiara Morocutti; Arianna Galotta; Elisabetta Salvioni; Irene Mattavelli; Rebecca Caputo; Jeness Campodonico; Anna Apostolo; Mauro Contini; Pietro Palermo; Massimo Mapelli; Stefania Farina; Federico De Marco; Cristina Ferrari; Antonio Luca Bartorelli; Manuela Muratori; Piergiuseppe Agostoni,10.1016/j.ijcard.2026.134678,2026-11,International Journal of Cardiology,
Crossref,mitral regurgitation,Cine-derived mitral annular relaxation velocity for detection of preclinical left ventricular diastolic dysfunction,Niall McVeigh; David Ryan; Fiona Ryan; Joseph McCambridge; Maria Ferre; Sebastian Flynn; David J. Murphy; Mark Ledwidge; Ken McDonald; Jonathan D. Dodd,10.1016/j.mri.2026.110733,2026-11,Magnetic Resonance Imaging,
Crossref,mitral regurgitation,From diagnostic dilemma to successful management: Early prosthetic mitral valve endocarditis complicated by splenic infarction caused by Klebsiella pneumoniae,Mourad Hmidouch; Soumia Boulouiz; Nabila Ismaili; Zakaria Bazid; Noha El Ouafi,10.1016/j.radcr.2026.07.025,2026-11,Radiology Case Reports,
Crossref,mitral regurgitation,Epigenetic and transcriptomic regulation of RTN4IP1 links mitochondrial metabolism to the risk of mitral valve disease,Baiyu Tian; Fei Meng; Jiangang Wang; Haibo Zhang; Tiange Luo; Jintao Fu; Kemin Liu; Wenbo Zhang; Cheng Zhao; Yuqing Jiao; Junhui Sun,10.1016/j.hrtlng.2026.102892,2026-11,Heart &amp; Lung,
Crossref,mitral regurgitation,The prognostic importance of the right ventricle for patients with mitral regurgitation undergoing surgical treatment: A speckle tracking study,Maria Concetta Pastore; Federica Marrese; Andrea Marchese; Lorenzo Tanzi; Andrea Stefanini; Antonio Capolongo; Giulia Elena Mandoli; Ilenia Pennisi; Martina Rizzo; Veronica Lorenz; Giuseppe Alba; Gianfranco Montesi; Luna Cavigli; Flavio D'Ascenzi; Marta Focardi; Serafina Valente; Ottavio Alfieri; Matteo Cameli,10.1016/j.ijcard.2026.134681,2026-11,International Journal of Cardiology,
Crossref,mitral regurgitation,Safety of multiple grasping attempts during transcatheter mitral valve repair with the PASCAL system,Florian Jürgens; Florian Schindhelm; Mohammed Abusharekh; Clara M.K. Brandts; Jürgen Kampf; Matthias Totzeck; Fadi Al-Rashid; Peter Lüdike; Tienush Rassaf; Amir A. Mahabadi,10.1016/j.ijcard.2026.134636,2026-10,International Journal of Cardiology,
Crossref,mitral regurgitation,Transcatheter Aortic Valve Replacement for Native Aortic Regurgitation,Raviteja R. Guddeti; Nadia El-Hangouche; Santiago Garcia,10.1016/j.iccl.2026.06.002,2026-10,Interventional Cardiology Clinics,
Crossref,mitral regurgitation,Left atrial strain and fibrosis in primary mitral regurgitation: asynchronous markers of atrial remodelling?,Cristina Conte; Alessandro Telesca; Massimo Imazio,10.1016/j.ijcard.2026.134642,2026-10,International Journal of Cardiology,
Crossref,mitral regurgitation,Corrigendum to “First-in-human study of the K-Clip™ transcatheter annular repair system for severe functional tricuspid regurgitation” [International Journal of Cardiology 390(2023) / IJCA 131174],Xiaochun Zhang; Qinchun Jin; Wenzhi Pan; Wei Li; Yingqiang Guo; Genshan Ma; Cuizhen Pan; Shasha Chen; Yuan Zhang; Lei Zhang; Mingfei Li; Shiqiang Hou; Yat-yin Lam; Thomas Modine; Alex Pui-Wai Lee; Juying Qian; Daxin Zhou; Junbo Ge,10.1016/j.ijcard.2026.134622,2026-10,International Journal of Cardiology,
Crossref,mitral regurgitation,"A retrospective (2020–2025), multicenter study of myxomatous mitral valve disease in Chihuahuas from Italy, Sweden, and the United States of America",I. Spalla; M.B. Bjerknaes; T. Bertuccini; G. Menciotti; A. Showers; G. Dossi; M. Borgarelli; J. Häggström; I. Ljungvall; R. Toschi Corneliani; C. Locatelli,10.1016/j.jvc.2026.06.005,2026-10,Journal of Veterinary Cardiology,
Crossref,mitral regurgitation,"Influence of age, frailty and non-cardiac comorbidities on survival in patients undergoing mitral valve edge-to-edge repair – a perspective from the German health care system",Kerstin Piayda; Nabor Keweloh; Bernhard Unsöld; Samuel Sossalla; Amin Polzin; Fabian Voss; Jafer Haschemi; Marcel Giemsa; Ursula Marschall; Beata Hennig; Michael Beil; Malte Kelm; Christian Jung,10.1016/j.ijcha.2026.101990,2026-10,IJC Heart &amp; Vasculature,
Crossref,mitral regurgitation,Association of component measurement variability and disease severity with variability of calculated mitral regurgitant fraction in dogs with myxomatous mitral valve disease,G. McAulay; D. Singleton; M. Rishniw,10.1016/j.jvc.2026.06.004,2026-10,Journal of Veterinary Cardiology,
Crossref,mitral regurgitation,A physiology-constrained framework for non-invasive left atrial pressure assessment and post-procedural estimation in mitral stenosis,Qimin Zhang; Wenwen Liang; Shengzhang Wang; Minmin Sun,10.1016/j.bspc.2026.110809,2026-10,Biomedical Signal Processing and Control,
Crossref,mitral regurgitation,"Transcatheter Mitral Valve Replacement in Valve-in-Valve, Valve-in-ring, and Valve-in-Mitral Annular Calcification: A Case-based Review",Antonella Millin; Ioannis Skalidis; Lorenzo Fargione; Neila Sayah; Mauro Boiago; Thierry Lefèvre; Mariama Akodad,10.1016/j.amjcard.2026.07.018,2026-10,The American Journal of Cardiology,
Crossref,mitral regurgitation,Relationship between left atrial fibrosis and function in a selected cohort undergoing surgery for severe primary mitral regurgitation,Caterina Maffeis; Andrea Rossi; Elvin Tafciu; Stefania Rizzo; Monica De Gaspari; Vincenzo Giambruno; Venanzio Di Nicola; Giovanni B. Luciani; Cristina Basso; Flavio L. Ribichini,10.1016/j.ijcard.2026.134614,2026-10,International Journal of Cardiology,
Crossref,mitral regurgitation,Severe tricuspid regurgitation is a congestion-driven cardiorenal disease: A longitudinal study defining a right heart failure phenotype,Layal Mansour; Prayuth Rasmeehirun; Guillaume L'Official; Benjamin Marut; Marion Lacout; Melanie Bezard; Erwan Donal,10.1016/j.ijcard.2026.134643,2026-10,International Journal of Cardiology,
Crossref,mitral regurgitation,Left atrial strain and mechanical dispersion as predictors of atrial fibrillation onset in patients with mild rheumatic mitral stenosis,Abdulameer Jasim Jawad Al-Gburi,10.4103/tcmj.tcmj-d-26-00063,2026-09-03,Tzu Chi Medical Journal,"A                     BSTRACT                                                           Objectives:                     Chronic left atrial (LA) pressure overload and rheumatic inflammation cause subclinical atrial remodeling even without severe valvular stenosis. This study intended to determine whether advanced atrial deformation parameters identify patients with increased risk of atrial fibrillation (AF) from mild rheumatic mitral stenosis (MS).                                                           Materials and Methods:                     A prospective cohort study of patients with mild rheumatic MS and sinus rhythm was conducted in Baghdad, Iraq. LA Reservoir Strain (LASr) and LA Mechanical Dispersion (LAMD) were calculated via two-dimensional strain echocardiography at baseline. Patients were followed up for at least 2 years. The primary outcome was the occurrence of AF.                                                           Results:                                            Of 211 patients, 39 were found to have new-onset AF. The two strain parameters remained independent predictors of new-onset AF on multivariable Cox proportional hazards regression analysis. New AF occurrence was positively correlated with LAMD (adjusted Hazard ratio [aHR]: 1.047 [95% confidence interval (CI): 1.02–1.06],                       P                       &lt; 0.001) and inversely correlated with LASr (aHR: 0.848 [95% CI: 0.79–0.90],                       P                       &lt; 0.001). The optimal thresholds for LAMD and LASr for predicting new AF were &gt;58.7 ms and ≤16.6%, respectively, which were defined by the Receiver Operating Characteristic curve.                                                                                Conclusion:                     The presence of subclinical electromechanical dysfunction is an independent predictor of AF in mild rheumatic MS. Recognizing this high-risk phenotype supports closer ambulatory rhythm monitoring to allow timely arrhythmia detection and subsequent initiation of anticoagulation to prevent thromboembolic events."
OpenAlex,aortic stenosis,Relationship between baseline patient-reported health status and patient-centered outcomes after Transcatheter Aortic Valve Replacement.,Daijiro Tomii; Jonas Lanz; Dik Heg; Holger Thiele; Won-Keun Kim; Michael Joner; Helge Möllmann; Lenard Conradi; Christian Thilo; Stefan Toggweiler; Bernard Prendergast; Stephan Windecker; Thomas Pilgrim,10.48620/98197,2026-10-01,Open Access CRIS of the University of Bern,"Background Aortic stenosis (AS) impairs health-related quality of life but the prognostic impact of patient-reported health status prior to transcatheter aortic valve replacement (TAVR) is not fully established.Objectives To investigate the association of patient-reported health status at baseline with clinical outcomes and health status after transfemoral TAVR in patients with symptomatic severe AS.Methods In the investigator-initiated, multicenter SCOPE I randomized trial, patients underwent TAVR who provided baseline Kansas City Cardiomyopathy Questionnaire (KCCQ) assessment were included in this post-hoc analysis. An integrated patient-centered outcome was defined as being alive with good health status (KCCQ overall summary score [KCCQ-OS] ≥75 without a decline of >10 points from baseline).Results Of 739 patients enrolled in SCOPE I, 692 were included in the present analysis. Median baseline KCCQ-OS was 54.9 [39.6-71.9] distributed as follows: KCCQ-OS <25 - 74 (10.7%), 25-49 - 222 (32.1%), 50-74 - 271 (39.2%), ≥75 - 125 (18.1%). At 3 years after TAVR, higher baseline KCCQ-OS was associated with a greater likelihood of being alive with good health status (KCCQ-OS 50-75 vs. 0-25: adjusted odds ratio 2.25, 95% CI 1.12-4.54; 75-100 vs. 0-25: adjusted odds ratio 5.15, 95% CI 2.33-11.3). Restricted cubic spline modelling demonstrated an approximately linear relationship between baseline KCCQ-OS and all-cause mortality, and alive with good health status.Conclusions In this post-hoc analysis of SCOPE I, better baseline patient-reported health status was associated with a higher probability of being alive with good health status up to 3 years after TAVR.Clinical Trial Registration https://www.Clinicaltrials gov. NCT03011346."
OpenAlex,aortic stenosis,Hospital costs and procedural learning curves of robotic mitral valve surgery: a systematic review and meta-analysis,Dang Nguyen; Minh H. N. Le; Amira Mohamed Taha; Heath Rutledge-Jukes; Phan Quang Thuan; Tam Tran; Pham Thao Vy Le; Trang Thi Bich Le; Nguyễn Hoàng Định; Phat K. Huynh; Louise Y. Sun; Jacques Kpodonu,10.1007/s11701-026-03916-2,2026-09-02,Journal of Robotic Surgery,
OpenAlex,aortic stenosis,"Cardiovascular Risk in Athletes: Preparticipation Screening, Arrhythmic Stratification, Sudden Cardiac Death Prevention, and Perioperative Management",Santiago Avila Ak; Jeanina de los Angeles Montero Galban; Fabián Patricio Miranda Yáñez; Didier Leonidas Díaz Parra; Edunice Beatriz Mora López; Diego Clemente Moreno; Pablo Eduardo Navarro López; Brenda Mishell Ruiz Borja,10.64784/314,2026-09-02,IECCMEXICO,"Arrhythmias and sudden cardiac death represent major challenges in sports cardiology because they may occur in apparently healthy athletes and may be related to structural heart disease, inherited channelopathies, coronary abnormalities, myocarditis, or other arrhythmogenic substrates. This study analyzed the principal factors associated with sudden cardiac death in athletes, with emphasis on cardiovascular preparticipation evaluation, electrocardiographic interpretation, characterization of ventricular arrhythmias, and perioperative cardiovascular management. An integrative review and analytical synthesis of clinical guidelines, consensus statements, epidemiological studies, systematic reviews, and relevant observational investigations was performed using evidence from recognized scientific databases and international cardiovascular societies. The findings demonstrated that sudden cardiac death is uncommon overall but is heterogeneously distributed, with higher incidence reported in specific groups such as male athletes, Black athletes, and Division I male basketball players. Hypertrophic cardiomyopathy, congenital coronary artery anomalies, myocarditis, arrhythmogenic cardiomyopathy, and inherited electrical disorders were identified among the principal underlying conditions. Athlete-specific electrocardiographic criteria reduced abnormal classifications while preserving the detection of clinically significant cardiovascular disease. The analysis of ventricular ectopy showed that morphology, complexity, exercise response, symptoms, and the presence of structural abnormalities are more clinically informative than arrhythmic burden alone. In the perioperative setting, high functional capacity does not eliminate cardiovascular risk, particularly in athletes with known or suspected arrhythmogenic substrates. Electrolyte disturbances, autonomic fluctuations, anesthetic agents, hypoxemia, hemodynamic changes, and surgical stress may facilitate perioperative rhythm disturbances. The evidence supports an integrated and individualized strategy combining preparticipation screening, targeted diagnostic testing, arrhythmic risk stratification, shared decision-making, and perioperative planning. This approach may improve the identification of high-risk athletes while avoiding unnecessary restrictions and promoting safer participation in sport and surgical care."
OpenAlex,aortic stenosis,Transcatheter aortic valve-in-valve implantation for residual prosthetic valve dysfunction and paravalvular leak after healed Enterococcus faecalis prosthetic valve endocarditis: a case report,Bo Fu; Qingliang Chen; Nan Jiang,10.1093/ehjcr/ytag656,2026-09-02,European Heart Journal - Case Reports,"Abstract Background Prosthetic valve endocarditis (PVE) is associated with substantial morbidity and mortality, particularly when complicated by severe prosthetic valve dysfunction and paravalvular leak. Although redo surgery remains the standard treatment, some patients may be unsuitable for surgical intervention because of prohibitive operative risk. Case summary A 64-year-old man with previous surgical bioprosthetic aortic valve replacement had a history of Enterococcus faecalis prosthetic valve endocarditis (PVE) and received targeted antimicrobial therapy. Following targeted antimicrobial therapy with documented microbiological control, he presented with cardiogenic shock due to severe residual prosthetic valve dysfunction, including severe prosthetic stenosis, severe central transprosthetic regurgitation, and severe paravalvular leak. Given his prohibitive surgical risk, the multidisciplinary Heart Team selected transfemoral valve-in-valve transcatheter aortic valve implantation as a rescue strategy. The procedure resulted in marked haemodynamic improvement with only mild residual regurgitation. At 1-year follow-up, the patient remained clinically stable with a well-functioning prosthetic valve and no evidence of recurrent infection. Discussion This case demonstrates that valve-in-valve transcatheter implantation may be considered as a rescue option in carefully selected patients with controlled prosthetic valve endocarditis and residual prosthetic valve dysfunction who are unsuitable for redo surgery. Multimodality imaging and multidisciplinary Heart Team evaluation are essential for individualized decision-making in this challenging clinical scenario."
OpenAlex,aortic stenosis,Assessing the public health impact of routinely collected electronic healthcare record data in NICE guidelines: A systematic review of CPRD research,Alwin Paul; Ikenna Nwogu; Susa Hodgson; Eleanor Yelland; Shaun Rowark; Jennifer Quint; Hannah Whittaker,10.1016/j.puhe.2026.106467,2026-09-01,Public Health,"Objectives Evidence used in NICE guidance has traditionally prioritised randomised controlled trials, but increasing availability of electronic health record (EHR) data has expanded opportunities for real-world evidence. The Clinical Practice Research Datalink (CPRD) is a commonly used UK primary care EHR resource, yet the extent to which CPRD studies have informed NICE guidelines in the past decade is unclear. Study design The systematic review was conducted in accordance with PRISMA guidelines. Methods We conducted a systematic review of CPRD studies in PubMed, MEDLINE, and Embase published between 04/16-09/25. For each eligible CPRD study, targeted searches of NICE guidelines were performed to identify explicit citations in NICE guidelines. Two reviewers screened and extracted data independently, resolving disagreements by consensus or third reviewer. Guideline information, number of guidelines over time, type of guidelines, and disease area guidelines (using British National Formulary (BNF) chapters) were described. Results 7181 records were identified. After de-duplication, 2704 unique CPRD studies were screened against NICE guidelines. Of these, 92 CPRD-based studies met inclusion criteria and were cited across 67 NICE documents. The annual number of NICE guidelines citing CPRD studies increased between 2016 and 2025; 1.5% of identified guidelines published in 2016 and 27.7% in 2025. The guideline citing the most CPRD studies was cancer related. The most common types of guidelines included clinical guidelines (49.3%) and technology appraisals (32.8%). Guidelines made up 12 different BNF categories, most frequently central nervous system related (23.9%; n = 16). Conclusion Observational CPRD studies are increasingly referenced in NICE guidelines across multiple disease areas, supporting the growing role of EHR data in national guideline development."
OpenAlex,aortic stenosis,Incidence and Factors Associated With In-Hospital Acute Myocardial Infarction in Patients With Obesity Undergoing Transcatheter Aortic Valve Replacement: A National Inpatient Sample Analysis,Li Li Zheng; Gui Zhen Xu; Xiao Jun Zeng; Zi Hao Zhou; Hao Xie; Tao Shi; Long Hua Liu; Yan Zhu; Xiang Hua Cao; Wen Gui Liu; Sheng Qi Xie,10.14740/cr2257,2026-09-01,Cardiology Research,"Background: The impact of obesity on acute myocardial infarction (AMI) risk in patients undergoing transcatheter aortic valve replacement (TAVR) remains poorly characterized, particularly with respect to the incidence and specific factors associated with this complication. This study aimed to determine the incidence, associated factors, and clinical implications of in-hospital AMI among patients with obesity undergoing TAVR. Methods: We analyzed the National Inpatient Sample (2016–2022) to identify adult patients with obesity (body mass index (BMI) ≥ 30 kg/m2) undergoing TAVR, with non-obese patients as a comparative cohort. Multivariable logistic regression identified factors associated with in-hospital AMI. Results: Among 19,971 patients with obesity undergoing TAVR, 506 (2.5%) experienced in-hospital AMI, compared with 2.7% among non-obese patients (P = 0.295). Patients with obesity were younger (median age 75 vs. 81 years, P < 0.001) and had lower in-hospital mortality (0.8% vs. 1.3%, P = 0.002) but longer hospital stays (3 vs. 2 days, P < 0.001) and higher hospitalization costs ($217,785 vs. $179,887, P < 0.001) compared with patients without obesity. Factors associated with higher AMI odds in the obesity cohort included medium hospital size (odds ratio (OR) 1.687, 95% confidence interval (CI) 1.086–2.619), large hospital size (OR 1.840, 95% CI 1.234–2.744), deficiency anemia (OR 1.466, 95% CI 1.196–1.796), chronic blood loss anemia (OR 2.960, 95% CI 1.604–5.463), congestive heart failure (OR 2.530, 95% CI 1.871–3.421), fluid and electrolyte disorders (OR 2.734, 95% CI 2.239–3.338), other neurological disorders (OR 2.092, 95% CI 1.453–3.011), peripheral vascular disorders (OR 1.260, 95% CI 1.017–1.561), pulmonary circulation disorders (OR 1.297, 95% CI 1.054–1.595), and weight loss (OR 2.156, 95% CI 1.400–3.319). Conversely, elective admission (OR 0.046, 95% CI 0.037–0.058) was associated with lower AMI odds. AMI was associated with higher mortality (3.8% vs. 0.8%), prolonged hospitalization (11 vs. 3 days), and increased costs ($349,531 vs. $217,785) (all P < 0.001). Conclusions: In-hospital AMI occurs in 2.5% of patients with obesity undergoing TAVR—a rate comparable to that of patients without obesity (2.7%, P = 0.295)—and is associated with worse outcomes. Despite lower overall mortality in the obesity cohort—consistent with the obesity paradox—AMI risk was not similarly attenuated, suggesting that the protective effect of obesity does not uniformly extend to all periprocedural complications. Rather than simply documenting an expected complication rate, the clinical value of our study lies in identifying potentially modifiable factors associated with AMI specifically in the obesity cohort—including anemia, fluid and electrolyte disorders, and weight loss—that may inform targeted preoperative optimization."
OpenAlex,aortic stenosis,Prolonged Cardiopulmonary Bypass Time and Postoperative Morbidity in Mitral Valve Surgery:A Single-Center Analysis,Asad Ullah,10.21203/rs.3.rs-10864011/v1,2026-09-01,Research Square,
OpenAlex,aortic stenosis,A Review of Fluid Dynamics in Blood: From Macroscopic Laminar Flow to Microscopic Boundary Layer,Zirui Luo,10.54254/2753-8818/2026.gl36408,2026-09-01,Theoretical and Natural Science,"In modern society, cardiovascular disease has become the leading cause of death among humans. This paper focuses on the fluid dynamics of blood in blood vessels, the changes in blood flow under atherosclerosis and their impact on the vessel wall, and the microfluidic effect of blood flow in capillaries. The aim of this research is to quantify the forces exerted by blood on blood vessels at different radii and the changes in blood flow under atherosclerosis, thereby deriving a more universal formula to predict the formation of atherosclerosis and the damage to blood vessels caused by vascular diseases, thus enabling clinical application. The research methodology employed in this study is literature analysis. This paper finds that under different vessel diameters, different flow states result in different flow formulas representing the shear stress on the vessel wall. Furthermore, the complex blood flow situation when plaques appear in blood vessels requires simulation analysis to better analyze the time-averaged wall shear stress and oscillatory shear index of blood flow on the vessel wall, and ultimately to calculate the degree of vascular damage caused by plaque formation."
OpenAlex,aortic stenosis,Mechanobiological feedback loops and quantitative decision thresholds in organ fibrosis: Translational principles for antifibrotic therapy,Amedeo Lonardo; Ralf Weiskirchen,10.1002/ccs3.70111,2026-09-01,Journal of Cell Communication and Signaling,"Abstract Multiorgan fibrosis is a complex, maladaptive response to chronic injury, where the extracellular matrix (ECM) shifts from serving merely as a structural framework to becoming an active, sustained contributor to disease progression. We propose a unifying mechanobiological framework in which chronic injury promotes fibroblast activation and ECM remodeling, whereas the stiffened and remodeled ECM feeds back through integrins, mechanosensitive ion channels, collagen receptors, and Hippo‐YAP/TAZ signaling to sustain fibrogenesis. Regulation of this process is governed by bidirectional feedback between cellular signaling and the matrix's physical properties across organs such as the lung, heart, liver, and kidney. This narrative review article presents recent advances in understanding mechanisms of cell–cell and ECM communication, paratensile signaling, mechanical feedback loops, cellular crosstalk and secretomes, quantitative therapeutic thresholds, and translational strategies for tissue remodeling. These developments collectively offer promising insights for the development of novel pharmacological agents targeting mechanotransduction pathways, ECM normalization, and cell‐specific sensitization. We further define quantitative thresholds as diagnostic, action, and response thresholds that may support clinical decisions such as referral, treatment initiation, therapeutic monitoring, and clinical‐trial enrichment. Finally, we provide specific details regarding the treatment of liver fibrosis before concluding with research agenda."
OpenAlex,aortic stenosis,"Maternal high-fat diet and risk of cardiovascular disease in offspring: a review of mechanisms, controversies, and interventions",Heyu Meng; Jianjun Ruan; Qing Wang; Fanbo Meng,10.3389/ebm.2026.11199,2026-09-01,Experimental Biology and Medicine,"A high-fat diet (HFD) is a well-established risk factor for coronary artery disease (CAD). Accumulating evidence indicates that maternal nutritional status before and during pregnancy critically influences long-term cardiovascular outcomes in offspring. This review systematically synthesizes current mechanistic, epidemiological, and clinical evidence regarding the impact of HFD on CAD while also examining its effects on broader cardiovascular phenotypes that are integral to CAD pathogenesis, such as endothelial dysfunction, cardiac remodeling, and metabolic derangements. A particular focus is placed on the potential effects of maternal pre-pregnancy HFD exposure on offspring CAD risk in adulthood. Existing studies suggest that HFD induces coronary injury primarily through metabolic dysregulation, endothelial dysfunction, and epigenetic reprogramming. Notably, maternal exposure to HFD during the perinatal period may predispose offspring to coronary artery disease via these mechanisms. Conversely, appropriate maternal nutritional interventions during pregnancy have shown promise in mitigating these adverse effects, although their long-term efficacy and underlying molecular mechanisms remain to be fully elucidated. Future research should prioritize large-scale prospective cohort studies with extended follow-up to determine the optimal timing, mechanisms, and efficacy of dietary interventions. Such evidence would provide a scientific foundation for developing preventive and therapeutic strategies aimed at reducing cardiovascular disease risk from the earliest developmental stages."
OpenAlex,aortic stenosis,Evaluation of Cardiac Reference Echocardiography Parameters in Healthy Rat,Melahat TOKER,10.21597/jist.1800138,2026-09-01,Journal of the Institute of Science and Technology,"As in many fields, animal-level rats are preferred in the field of cardiology. Echocardiography is the most preferred imaging method because it is a non-invasive technique in cardiac imaging and provides extensive information about heart structure and function. For this purpose, two-dimensional (2D) mode, M-mode and Doppler echocardiography are used to evaluate cardiac structure and capacities in healthy rats, standard echocardiographic values and normal reference ranges are established for each. 30 healthy adult colored rats weighing an average of 400-550 grams were applied to the study. As an anesthetic agent, rats receive xylazine (0.05 ml / 100 grams) intramuscularly. Standard echocardiographic evaluation of rats was performed using two-dimensional (2D) mode, M-mode and Doppler echocardiography methods from 5 different windows, parasternal and apical, using HasvetVetus 5exp doppler device and 10 mHz probe. Detailed echocardiography was performed on the rats included in ölçüm parametreleri the study. Reference ranges of left ventricle (LV) end-diastolic diameter, LV end-systolic diameter, interventricular septum diastolic and systolic results, posterior wall diastolic and end-systolic results, left atrium diameter and emerging aorta diameters is located. Ranges that can be reproduced by cardiac functions were specified, including LV diastolic and end-systolic volume, LV stroke volume, cardiac output, LV fractional shortening, and LV ejection fraction (LVEF). In addition, color Doppler, CW Doppler and PW Doppler examinations of the heart valves in rats, and aortic, mitral and pulmonary valve flows were determined. Cardiac structure and forces were evaluated in healthy rats using 2D mode, M-mode and Doppler echocardiography, and standard echocardiographic values and normal reference ranges were established for each."
OpenAlex,aortic stenosis,Postural orthostatic tachycardia syndrome in adolescents with ME/CFS — a case control study,Ariane Leone; Katrin Gerrer; Anja Viereck; Annika Grabbe; Alissa Kircher; Uta Behrends; Andrea Maier,10.3389/fped.2026.1836407,2026-09-01,Frontiers in Pediatrics,"Introduction Postural orthostatic tachycardia syndrome (PoTS) can be associated with myalgic encephalomyelitis/ chronic fatigue syndrome (ME/CFS). Pediatric PoTS requires a “sustained” rise in orthostatic heart rate ≥40 bpm above supine heart rate (relative limit), often >120 bpm (absolute limit). However, the diagnostic criteria for PoTS in adolescents remain underexplored, particularly regarding the definition of “sustained” tachycardia, which poses challenges in clinical and research settings. This study examined orthostatic intolerance criteria, including PoTS, in adolescents with ME/CFS and healthy controls. Methods Medical history of orthostatic intolerance was assessed by a semi-structured interview with 18 ME/CFS patients and 18 matched healthy controls (14–17 years). A passive 10-min standing test with minute-by-minute heart rate and blood pressure registration was performed. PoTS was diagnosed by a clinical expert based on current consensus criteria. Data were analyzed using Fisher's exact test and receiver operating characteristic analysis. Results Although history of orthostatic intolerance was positive in 15/18 ME/CFS [83%, 0.95 CI (61; 94)] and 3/18 healthy controls [17%, 0.95 CI (5.9; 39)], PoTS was diagnosed in only 7/18 ME/CFS [39%, 0.95 CI (20; 61)] vs. no healthy controls [0%, 0.95 CI (0; 18)]. Subgroups were identified, e.g., positive history of orthostatic intolerance yet physiological passive 10-min standing test, or negative history of orthostatic intolerance yet tachycardia in passive 10-minute standing test. PoTS diagnosis by the clinical expert matched best with the passive 10-min standing test alone when at least 60% of upright heart rate values were above one or both limits. The absolute limit was superior to the relative limit in distinguishing adolescents with and without PoTS. Discussion PoTS was observed only in ME/CFS. In adolescents with ME/CFS, positive history of orthostatic intolerance, along with at least 60% of heart rate values above published upright-position limits, may allow non-experts to make a valid diagnosis, facilitating clinical care and future studies. Further research will show if these results can be generalized."
OpenAlex,aortic stenosis,Occult Bartonella Quintana Infective Endocarditis Incidentally Diagnosed During Pre-Transcatheter Aortic Valve Implantation (TAVI) Workup in a Patient Without Classical Risk Factors,Nouhaila Bentama; Malak Alaoui Yazidi; Jalal Tagueniti; Brahim Meftout,10.7759/cureus.115582,2026-09-01,Cureus,"Bartonella infective endocarditis (IE) is a rare cause of initially blood culture-negative IE, classically associated with cat flea exposure in Bartonella henselae infection or body lice infestation among individuals experiencing homelessness or alcoholism in Bartonella quintana infection.We report the case of an 84-yearold man with severe calcific aortic stenosis who was undergoing evaluation for pre-transcatheter aortic valve implantation (TAVI).Cardiac computed tomography (CT) unexpectedly revealed a peri-annular cavity consistent with a drained or healed peri-annular abscess, despite the absence of fever or other clinical features of IE.Initial blood cultures were negative, and TAVI was planned following multidisciplinary discussion, pending serological results.However, a subsequently reported high-titer Bartonella serology prompted readmission, and TAVI was ultimately deferred after the diagnosis was confirmed.Prolonged incubation of blood cultures subsequently identified B. quintana, while brain magnetic resonance imaging (MRI) revealed a lesion suspicious for an intracranial infectious aneurysm.Definite IE was established according to the 2023 Duke-International Society for Cardiovascular Infectious Diseases (Duke-ISCVID) criteria based on two major criteria: high-titer Bartonella serology and imaging evidence of a peri-annular abscess.No classical epidemiological risk factors for Bartonella infection were identified.Despite targeted antimicrobial therapy, the patient experienced progressive clinical deterioration, and multiple comorbidities precluded surgical intervention.He ultimately died of multiorgan failure.This case highlights the diagnostic challenge of occult B. quintana IE incidentally identified during pre-TAVI evaluation, including in patients without classical epidemiological risk factors or overt manifestations of infection.It also emphasizes that unexpected peri-annular abnormalities detected during pre-TAVI evaluation should prompt a thorough investigation for IE, even in clinically unsuspected cases, with direct implications for procedural planning."
OpenAlex,aortic stenosis,A Digital Twin to Predict Patient Response to Valve Replacement Following Aortic Stenosis,Krzysztof Czechowicz; Gabriele Faulkner; Marcus Kelm; Titus Kühne; Pim A. L. Tonino; Juliana Franz; P. Nowakowski; Andrew Narracott; Norman Briffa; Ian Halliday; David R. Hose; Gareth Archer; Paul D. Morris,10.3390/fluids11090221,2026-09-01,Fluids,"Lack of available data, ease of clinical use and lack of evidence for prognostic benefit are arguably the key limitations to clinical uptake for any model. This paper reports the development of an image-based analysis protocol, coupling 0D left heart and systemic circulation components with a 3D aortic valve model to measure and to predict the pressure gradient across the aortic valve at rest. The model is personalized using routine clinical data available for aortic valve patients, augmented by additional image data (transesophageal echo and/or CT) to support valve characterization. Computed aortic pressure gradient both pre- and post-intervention was compared with clinical measurements based on Doppler ultrasound for a cohort of 21 patients with aortic valve disease. Correlation for the diseased state measures were adequate (R2= 0.81) for those cases for which associated image data was deemed to be of acceptable quality for segmentation to support a 3D computational fluid dynamics analysis but poor otherwise. Post treatment correlation was reasonable (R2= 0.47) for all cases. Importantly, the personalized model presented here describes the interaction between the patient’s cardiovascular system, including the heart and circulation, and the valve, rather than evaluating the valve in isolation."
OpenAlex,aortic stenosis,Mid-term outcomes of xenopericardial roll graft replacement for thoracic and thoracoabdominal native aortic and prosthetic graft infection: a single-centre retrospective study,Yusuke Inaba; Hidehito Endo; Yu Takahashi; Sachito Minegishi; Teppei Shimasaki; Daisuke Kurai; Harumasa Nakazawa; Norihiko Ohura; Hirohisa Takeuchi; Nobutsugu Abe; Hiroshi Kubota,10.1007/s11748-026-02386-5,2026-09-01,General Thoracic and Cardiovascular Surgery,"Abstract Objectives This study aimed to evaluate the feasibility and mid-term outcomes of in situ aortic reconstruction using xenopericardial roll grafts for thoracic and thoracoabdominal native aortic and prosthetic graft infection. Methods This retrospective single-centre study included consecutive patients who underwent xenopericardial roll graft replacement, including branched graft reconstruction and/or tissue filling, between 2010 and 2024. A multidisciplinary treatment strategy was adopted. Results This study included 21 patients who underwent 22 procedures (median age, 67 years; interquartile range, 63.75–73.75). On a procedure basis, the indications were infectious aortic aneurysm in 4 procedures and prosthetic graft infection in 18 procedures. Replacement sites included the ascending aorta ( n = 4), aortic arch ( n = 11), descending aorta ( n = 6), and thoracoabdominal aorta ( n = 1). Tissue filling was performed in 12 procedures. The 30-day and operative mortality rates were 13.6% (3/22) and 18.2% (4/22), respectively. After excluding the three procedures with 30-day mortality, 19 procedures were included in the Kaplan–Meier analyses. Aorta-related mortality occurred in 10.5% (2/19), both due to fungal reinfection. The median follow-up was 53.6 months (IQR, 20–80.5; maximum, 132 months). The estimated survival rates at 1, 3, 5, and 7 years were 94%±6%, 76%±11%, 70%±11%, and 56%±15%, respectively. Xenopericardial roll graft-related structural complications included suture-line pseudoaneurysm ( n = 2), suture-line rupture ( n = 1), branch kinking ( n = 1), xenopericardial roll graft body pseudoaneurysm ( n = 1), and proximal anastomotic pseudoaneurysm ( n = 1). No thromboembolism or graft calcification was observed. Conclusions Xenopericardial roll graft replacement was technically feasible as part of a multidisciplinary staged strategy in selected patients with thoracic and thoracoabdominal native aortic or prosthetic graft infection. However, fungal reinfection and xenopericardial roll graft-related structural complications remain important concerns, and careful long-term surveillance is required. Clinical Trial Registration Not applicable. This study is a retrospective observational study."
OpenAlex,aortic stenosis,Integrative Cardiovascular and Neurophysiological Assessment of Unexplained Syncope: A Mechanism-Based Approach to Transient Loss of Consciousness,Brian Alejandro Berdugo Vargas; Lisbeth Nicole Castillo Cusme; Diana Marcela Olaya Polania; Maria Alejandra Torrado-Varón; Jorge Angel Velasco Espinal; Alexa Fernanda Uriostegui Navarro; Daniel Alberto Madrid González; Dominique Isaac Núñez González,10.64784/305,2026-09-01,IECCMEXICO,"Unexplained syncope remains a major diagnostic challenge because transient loss of consciousness may result from cardiovascular, autonomic, neurological, or functional mechanisms that are not always identified during the initial clinical evaluation. This study analyzed the diagnostic value of integrating cardiovascular and neurophysiological assessment in recurrent syncope of uncertain origin through a structured integrative review based on the Scientific Method. Evidence from clinical guidelines, consensus statements, systematic reviews, meta-analyses, and relevant diagnostic studies was examined, with particular emphasis on prolonged electrocardiographic monitoring, implantable loop recorders, orthostatic blood pressure assessment, tilt-table testing, autonomic evaluation, electroencephalography, and the differential diagnosis of epileptic seizures and psychogenic pseudosyncope. The analyzed findings showed that prolonged cardiac monitoring increases the probability of identifying intermittent arrhythmias, with bradyarrhythmias representing an important documented mechanism in recurrent unexplained episodes. Diagnostic yield increased progressively with longer monitoring periods, reaching its highest values with implantable loop recorders. Hemodynamic analysis also demonstrated distinct patterns among vasovagal syncope, classical orthostatic hypotension, and psychogenic pseudosyncope. Clinical history remained essential for distinguishing syncope from epilepsy, particularly when considering prodromal manifestations, tongue injury, postictal confusion, diaphoresis, posture, and recovery characteristics. Routine electroencephalography showed limited etiological yield when neurological suspicion was absent, supporting its selective use. Overall, the findings indicate that the most informative diagnostic strategy is not based on the indiscriminate accumulation of tests but on the sequential integration of clinical, cardiovascular, autonomic, and neurophysiological information. A multidisciplinary, mechanism-oriented approach improves etiological characterization, reduces diagnostic uncertainty, and provides a stronger basis for clinical decision-making in patients with recurrent unexplained transient loss of consciousness."
OpenAlex,valvular heart disease,The plasma protein profile of left ventricular diastolic function,Elias Eerola; Lars Lind; Andreï Malinovschi,10.1038/s41598-026-69505-3,2026-09-02,Scientific Reports,"Abstract We aimed to characterize associations between plasma proteins and indices of left ventricular (LV) diastolic function in two population-based studies. Eighty-six cardiovascular-related plasma proteins measured by proximity extension assay (PEA) and echocardiography were assessed in the population-based studies PIVUS ( n = 1,016; all aged 70) and POEM ( n = 502; all aged 50). PIVUS served as the discovery cohort, and the Benjamini-Hochberg procedure was applied to control the false-discovery rate (FDR) < 0.05. POEM was used as the replication cohort. The protein panel was related to diastolic echocardiographic parameters. A larger protein panel of 1,322 proteins was examined only in POEM. Seven of 86 proteins showed replicated associations to the E/A ratio: CD40 ligand (CD40LG), proto-oncogene tyrosine-protein kinase Src (SRC), heat shock protein beta-1 (HSPB1), epidermal growth factor (EGF), TNF superfamily member 14 (TNFSF14), vascular endothelial growth factor D (VEGFD), and endothelial cell-specific molecule 1 (ESM1). Using the larger protein panel in POEM, 81 proteins showed significant associations with the E/A ratio, and five showed significant associations with LA diameter. Pathways linked to LV diastolic filling pattern were signal transduction, metabolic, disease and immune system pathways, enhancing the understanding of LV diastolic function and offering potential for future drug development."
OpenAlex,valvular heart disease,Integrative multi-omics and network biology in cardiovascular disease: a systems-level framework for translational discovery,Vanesa Brecher; Vasiliki Androutsopoulou; Serge Sicouri; Basel Ramlawi; Dimitrios V. Avgerinos; Thanos Athanasiou; Dimitrios E. Magouliotis,10.3389/fsysb.2026.1897299,2026-09-02,Frontiers in Systems Biology,"Cardiovascular diseases remain a leading cause of global morbidity and mortality, driven by the complex interplay of genetic, epigenetic, transcriptomic, proteomic, and metabolic networks. Traditional reductionist approaches have inadequately captured this molecular complexity, motivating the emergence of integrative multi-omics and systems biology as foundational paradigms in cardiovascular research. This review provides a comprehensive, systems-level framework for translational discovery in cardiovascular disease, synthesizing advances in multi-omics technologies, network biology, artificial intelligence, and bioinformatics applied to conditions including thoracic aortic aneurysm, heart failure, valvular disease, and vascular remodeling. We survey the landscape of publicly available omics repositories and examine how transcriptomics, epigenomics, proteomics, and metabolomics are being integrated to decipher disease mechanisms. We outline network-based analytical frameworks encompassing protein-protein interaction networks, gene co-expression networks, hub gene analysis, and multiplex network modeling, highlighting their utility in identifying causal molecular drivers and therapeutically actionable targets. The growing contribution of machine learning, deep learning, and multimodal artificial intelligence to cardiovascular genomics is critically examined alongside challenges of interpretability and clinical validation. Finally, we address the translational interface between systems-level discovery and precision cardiovascular medicine, including polygenic risk stratification, multi-omics biomarker development, and the path from computational prediction to clinical implementation."
OpenAlex,valvular heart disease,An eikonal model with re‐excitability for fast simulations in cardiac electrophysiology,Lia Gander; Rolf Krause; Francisco Sahli Costabal; Simone Pezzuto,10.1113/jp287281,2026-09-01,The Journal of Physiology,"Abstract Precision cardiology based on cardiac digital twins relies on accurate yet computationally efficient simulations of cardiac electrophysiology and arrhythmias. Detailed biophysical models, such as the monodomain equation, are computationally demanding and therefore have limited applicability in clinical settings. It is thus desirable to develop reduced models that preserve the main physiological features of arrhythmic propagation while enabling faster computation. The standard eikonal model, an approximation of the monodomain model, effectively predicts the arrival times of the electrical wavefronts, but cannot reproduce the complex re‐entrant dynamics characteristic of many cardiac arrhythmias. In this work, we extend the eikonal model to include tissue re‐excitability, allowing it to capture re‐entries occurring during cardiac arrhythmias. Re‐excitability properties are inferred from the cable equation. The proposed formulation also incorporates tissue anisotropy and structural heterogeneities, such as scar and border zones. This structure separates the anatomical substrate for propagation from local restitution properties, which determine tissue recovery after excitation. When compared to the monodomain equation, our model reproduces anisotropic conduction and action potential duration with qualitative accuracy in cases involving macro re‐entries. Its computational efficiency and limited preprocessing requirements make it suitable for potential real‐time applications and integration within clinical digital twin frameworks. image Key points Re‐entry is a key mechanism sustaining cardiac arrhythmias, but detailed computer models can be too slow for patient‐specific clinical use. The eikonal model is fast, but normally describes only one activation wave and cannot reproduce repeated tissue excitation. We extend the eikonal model by adding tissue recovery, restitution properties and anisotropic conduction. The formulation separates local propagation, shaped by anatomy and conduction properties, from local tissue recovery, which can reflect cellular physiology. This fast approach reproduces major features of atrial and ventricular macro‐re‐entry and can support rapid screening of possible re‐entry circuits."
OpenAlex,valvular heart disease,Clinical and Metabolic Factors as Predictors of Thirty-Day Readmission in Patients With Acute Decompensated Heart Failure With Reduced Ejection Fraction and Type 2 Diabetes Mellitus,Rarsari Soerarso; Dian Yaniarti Hasanah; Emir Yonas; Azlan Sain; Sunu Budhi Raharjo; Bambang Budi Siswanto; M J Cramer; Pim van der Harst; Marish I.F.J. Oerlemans,10.14740/cr2206,2026-09-01,Cardiology Research,"Background: Patients with heart failure with reduced ejection fraction (HFrEF) had higher readmission rates than those with normal ejection fractions, and readmission rates were highest in the first 30-days post-admission. About 30% of patients with decompensated heart failure also have type 2 diabetes mellitus (T2DM). The aim of the study was to determine the clinical and metabolic predictors of 30-day readmission in patients with acute decompensated heart failure (ADHF) with reduced ejection fraction and type-2 DM. Methods: The study was conducted in a retrospective-cohort design, and data were taken from medical records based on the admissions of patients. The clinical outcomes were divided into readmission and non-readmission groups. The clinical outcome assessed was the incidence of readmission due to worsening of the condition of heart failure at 30 days after the last admission at the National Cardiovascular Center Harapan Kita (NCCHK), based on clinical encounters/readmission of patients. Logistic regression multivariate analysis was performed to determine significant predictors for 30-day readmission. Bootstrapping was performed to ensure robustness of the multivariate logistic regression analysis. Results: There were 747 clinical encounters, consisting of 179 readmission events, and 568 were non-readmission events (readmission rate 24%). Atrial fibrillation (AF) was found in 15.7% of clinical encounters. The median ejection fraction (EF) was 23% during admission. median fasting blood sugar and postprandial blood sugar of study subjects were 107(34–324) and 145 (51–409) mg/dL. Multivariate logistic regression analysis showed that the factors associated at 30-days readmission were: AF rhythm (odds ratio (OR) = 2.616; 95% confidence interval (CI), 1.604–4,267; P = 0.000), heart rate at discharge (area under the receiver operating characteristic (ROC) curve (AUC) 0.650 (95% CI, 0.545–0.756) P = 0.007) (OR = 1.022; 95% CI, 1.005–1.039; P = 0.010). Postprandial blood glucose level ≤ 140 mg/dL was a protective predictor for 30-day readmission (OR = 0.528; 95% CI, 0.348–0.802; P = 0.003). Conclusions: This study showed that clinical factors such as AF and increased heart rate at discharge were associated with rehospitalization risk in 30 days in patients with HFrEF and T2DM, while a metabolic factor of postprandial blood sugar ≤ 140 mg/dL was observed to have protective effects against rehospitalization in 30 days in patients with HFrEF and T2DM. ROC analysis showed that reducing discharge heart rate to below 78 beats per minute (bpm) might be beneficial in diabetic patients with HFrEF and AF."
OpenAlex,valvular heart disease,Diagnostic Value of Systemic Inflammatory Indices in Myocardial İnfarction With Non-Obstructive Coronary Arteries: Comparison With Obstructive Myocardial Infarction and Non-Critical Coronary Artery Disease,Abdullah Emre Bektaş; Çağrı Zorlu; Ataç Çelik; Ahmet Avcı; Kayıhan Karaman; Metin Karayakalı; Gülşen Genç Tapar; Sefa Erdi Ömür; Osman Demir,10.14740/cr2290,2026-09-01,Cardiology Research,"Background: Myocardial infarction with non-obstructive coronary arteries (MINOCA) represents a heterogeneous clinical entity with diverse underlying mechanisms, and its diagnostic evaluation remains challenging in routine clinical practice despite advances in multimodality imaging. Systemic inflammatory indices derived from routine laboratory parameters have recently gained attention as potential markers reflecting inflammatory burden in cardiovascular diseases. This study aimed to evaluate the potential diagnostic utility of systemic inflammatory indices in patients with MINOCA and to compare these indices across patients with obstructive myocardial infarction and non-critical coronary artery disease. Methods: In this retrospective single-center observational study, a total of 2,050 consecutive patients who underwent coronary angiography between January 1, 2023, and January 1, 2024 were initially screened. After applying predefined exclusion criteria, including renal failure, pulmonary embolism, cerebrovascular events, arrhythmias, severe valvular heart disease, severe anemia, and incomplete clinical data, 496 patients were eligible for the final analysis. Patients were classified into three groups according to coronary angiographic findings and troponin levels: MINOCA (n = 67), obstructive myocardial infarction (n = 222), and non-critical coronary artery disease (n = 207). Demographic characteristics, laboratory parameters, echocardiographic findings, and systemic inflammatory indices including neutrophil-to-lymphocyte ratio (NLR), platelet-to-lymphocyte ratio (PLR), monocyte-to-lymphocyte ratio (MLR), systemic immune-inflammation index (SII), and C-reactive protein-to-albumin ratio (CAR) were analyzed. Multivariable logistic regression analysis together with receiver operating characteristic (ROC) curve analysis was performed to determine independent predictors associated with MINOCA. Results: Patients with obstructive myocardial infarction were older and had a higher prevalence of diabetes mellitus and hypertension compared with the MINOCA and non-critical coronary artery disease groups (P < 0.001). Systemic inflammatory indices including neutrophil count, SII, NLR, PLR, MLR, C-reactive protein (CRP), and CAR were significantly higher in the obstructive myocardial infarction group, whereas intermediate levels were observed in the MINOCA group (P < 0.001). Left ventricular ejection fraction (LVEF) was significantly lower in the obstructive myocardial infarction group compared with the MINOCA and non-critical coronary artery disease groups (P < 0.001). In multivariate logistic regression analysis, LVEF was identified as an independent predictor of MINOCA when compared with obstructive myocardial infarction, whereas SII remained an independent predictor in comparisons between MINOCA and non-critical coronary artery disease groups. Receiver operating characteristic (ROC) curve analyses demonstrated that LVEF showed the highest diagnostic performance among the evaluated parameters. Conclusions: Systemic inflammatory indices differ significantly among patients with MINOCA, obstructive myocardial infarction, and non-critical coronary artery disease. Easily accessible inflammatory markers together with echocardiographic parameters such as LVEF may provide additional diagnostic value in the clinical evaluation of patients with suspected MINOCA."
OpenAlex,valvular heart disease,Takotsubo Syndrome: Clinical and Diagnostic Characteristics of 26 Consecutively Hospitalized Patients Over a Five-Year Period,Mariya Radkova; Danail Rangelov; Kiril Karamfilov,10.14740/cr2249,2026-09-01,Cardiology Research,"Background: Takotsubo syndrome (TTS) is a transient form of acute heart failure characterized by reversible left ventricular (LV) dysfunction, predominantly affecting postmenopausal women following emotional or physical stress. Despite its historically benign reputation, in-hospital complications and mortality remain clinically significant. Data from Central and Eastern European populations are underrepresented in large international registries. The study aimed to describe the clinical, echocardiographic, and biochemical characteristics of a consecutive cohort of 26 patients hospitalized with TTS over a 5-year period and to compare findings with published international registry data. Methods: This is a retrospective observational study (case series) of 26 consecutive patients. Diagnosis was established per Mayo Clinic criteria (2008). Descriptive statistics and Pearson correlation analysis were applied. Results: The cohort comprised 23 women (88.5%) and three men (11.5%), with a mean age of 71.4 ± 12.0 years. A triggering event was identified in all 26 patients (100%). Mean initial left ventricular ejection fraction (LVEF) was 41.8±11.4%; classic apical ballooning was present in 100%. N-terminal pro-B-type natriuretic peptide (NT-proBNP) showed a moderate inverse correlation with LVEF (ρ = −0.53, Spearman). Mean length of hospital stay was 12.1 ± 10.2 days (median 7). In-hospital complications occurred in 25% of survivors; in-hospital mortality was 7.7% (2/26). Conclusions: This study is consistent with the predominance of TTS in elderly women with universal triggering events and significant systolic dysfunction at presentation. NT-proBNP showed an inverse correlation with LVEF, reflecting neurohumoral activation proportional to hemodynamic impairment. Mortality and complication rates were at the upper limit of published values. These hypothesis-generating findings support the need for prospective multicenter validation."
OpenAlex,valvular heart disease,"Dapagliflozin effects on right ventricular function, pulmonary pressure and coupling: a propensity score analysis from the RIVED-HF",Alberto Palazzuoli; Gaetano Ruocco; Sara Franceschi; Giuseppe Schirò; Alessia Petrini; Niccolò Manetti; Andrea Salzano; Paolo Severino; Marco Guazzi; Giulia Crisci; Francesco Barillà; E Mariano; Frank L Dini; Mariafrancesca Di Santo; Pasquale Perrone Filardi; Giovanni Sorrentino; Stefano Ghio; Giuseppe M C Rosano,10.1093/eschf/xvag230,2026-09-01,ESC Heart Failure,"Abstract Background Right ventricular (RV) dysfunction (RVD) represents a power independent prognostic factor in patients with chronic heart failure (CHF); poor evidence exists about the effect of current guideline directed medical therapy on RVD.We investigated whether dapagliflozin improves right ventricular function, right ventricular–pulmonary arterial coupling and pulmonary artery systolic pressure compared with standard therapy in CHF. Methods This is a prospective observational registry with propensity score analysis investigating RV function and right heart failure(RIVED), focused on the effects of Dapagliflozin.Efficacy measures were intra and inter-groups changes from baseline to 6 months in RV end diastolic diameter(RVEDD), tricuspid annular peak systolic excursion(TAPSE), RV global longitudinal strain(RVGLS), fractional area changes(FAC), RV systolic tissue doppler wave(S’), PASP values,TAPSE/PASP,and tricuspid regurgitation(TR).Secondary endpoints were N-terminal pro B-type natriuretic peptide(NTproBNP) levels changes and combined adverse events rate of mortality and hospitalization at 180 days. Results The final population analysed was of 142 patients,in a balanced dataset consisting of 71 treated with standard HF therapy plus dapagliflozin(Dapa group) and 71 treated with standard therapy without dapagliflozin(control group).Median age was 78 [75-84] years old and 62% of patients were men. Patients in dapa group were younger(76[66-82] vs 82[74-88] years old;p<0.001) and more frequently affected by diabetes mellitus(44% vs 22%; p=0.002) compared to control group. No significant differences were observed between the two groups in terms of gender, renal function, NTproBNP and NYHA class.Over the 6 months follow-up,the Dapa group showed a significant improvement of RV function compared with controls(TAPSE +1.03 mm,p < 0.001 and S’ +0.48 cm/s,p = 0.006); whereas no significant differences between-groups were observed for FAC(p = 0.16).RV GLS at follow-up was significantly improved in the Dapagliflozin group compared with controls(adjusted mean difference −1.54%, p < 0.001). as well as of the pulmonary-arterial coupling (TAPSE/PASP adjusted differences ranging from +0.07 to +0.17,p = 0.025).In patients with PH, a significant decrease in PASP(30[25-34] vs 37[31-45] mmHg,p<0.001) associated with a RVGLS significant improvement (-20 [-22 - -19] vs -19 [-20 - -17] p<0.001) in the Dapagliflozin group were observed.TAPSE/PASP ratio was significantly improved in Dapagliflozin group with respect to the control group(0.67[052-0.78] vs 0.51[0.42-0.61], p<0.001).Secondary endpoints analysis revealed that NT-proBNP levels were significantly improved from baseline to follow-up only in dapaglifozin group(from 938 to 726 pg/ml p = 0.013).The rate of 180-days adverse events was significantly higher in control group with respect to Dapaglifozin group(21% vs 8%, p<0.01). Conclusions In a real-world HF cohort,dapagliflozin was associated with improved RV morphology and function, lower PASP,and better RV–PA coupling,suggesting a direct haemodynamic and RV-targeted benefit beyond LV remodelling. Trial Registration: (ClinicalTrials.gov Identifier: NCT06002321)"
OpenAlex,valvular heart disease,Impact of Nutritional Risk on Long-Term Prognosis in Older Patients With Stage B Heart Failure ― A PAPRIKA-HF Registry Subanalysis ―,Shohei Hakozaki; Koichiro Matsumura; Shun Morishita; Junko Morimoto; Satoshi Kurose; Kosuke Fujita; Takayuki Kawamura; Eijiro Yagi; Hiroki Matsuzoe; Masafumi Ueno; Yutaka Kimura; Gaku Nakazawa,10.1253/circrep.cr-26-0047,2026-09-01,Circulation Reports,"Background: Malnutrition is a common geriatric syndrome associated with adverse long-term outcomes in hospitalized patients with heart failure (HF). However, its prognostic impact in outpatients with stage B HF remains unclear."
OpenAlex,valvular heart disease,Machine learning algorithms for predicting heart failure based on heart sounds captured by electronic stethoscope,Ali Hussein Shaker; Sadik Kamel Gharghan; Imanurfatiehah Ibrahim; Ahmed Hammed Ayyal; Raad Farhood Chisab,10.29354/diag/231602,2026-09-01,Diagnostyka,"Heart failure (HF) is a critical medical illness that can be deadly if not diagnosed or predicted in time, as it results from the heart's inability to pump enough blood throughout the body.Traditional diagnostic tools such as electrocardiograms (ECGs), phonocardiograms (PCGs), and stethoscopes have been inadequate for early detection of heart failure.This study leveraged recorded heart-sound data from an electronic stethoscope, converting it into NumPy arrays using Mel-Frequency Cepstral Coefficients (MFCC) to predict heart failure using machine learning (ML) algorithms.The study utilized four ML algorithms: Random Forest (RF), Support Vector Machine (SVM), Gradient Boosting (GB), and Extreme Gradient Boosting (XGBoost).The dataset, comprising 13 MFCC-derived audio features for 300 subjects, was split into 80% for training and 20% for testing using 10-fold cross-validation.To ensure the validity of the reported performance and prevent data leakage, strict patient-wise data separation was enforced, and no feature engineering was conducted after the split.The ML models' performance was assessed using accuracy, sensitivity, precision, specificity, F1-score, precision-recall curve, and Area Under the Curve (AUC) to identify the most accurate model.SVM and XGBoost emerged as the most accurate models in the testing set, achieving 100% accuracy across all metrics and the highest AUCs of 100% for RF, SVM, and XGBoost.Based on heart sound data and ML models, the proposed study has demonstrated superior predictive performance for HF compared with previous studies."
OpenAlex,valvular heart disease,A Study of Coronary Angiographic Profile in Patients Undergoing Permanent Pacemaker Implantation,Ramkumar S; Sashideep Telukutla; Karnati Rajendra; B. Phani Krishna,10.32553/ijmbs.v10i8.3366,2026-09-01,International Journal of Medical and Biomedical Studies,"Background: Patients undergoing permanent pacemaker implantation for symptomatic bradyarrhythmias may also have concomitant, clinically unrecognized coronary atherosclerosis. Ischemia involving the arterial supply of the cardiac conduction system may contribute to conduction disturbances. However, limited data are available regarding the coronary angiographic profile of patients undergoing permanent pacemaker implantation. The present study was undertaken to evaluate the coronary angiographic profile and associated cardiovascular risk factors in these patients. Aim: To evaluate the coronary angiographic profile in patients undergoing permanent pacemaker implantation. Materials and Methods: A prospective observational study was conducted in the Department of Cardiology, Narayana Medical College and Hospital, Nellore, from January 2023 to June 2024. A total of 50 patients aged >18 years presenting with symptomatic bradyarrhythmias and undergoing permanent pacemaker implantation were included. Patients with symptomatic bradycardia, particularly those with sick sinus syndrome or atrioventricular block, were evaluated clinically. Coronary angiography was performed in all patients to assess coronary artery anatomy, coronary dominance, nodal arterial supply, and the presence and extent of coronary artery disease. Patients were categorized according to their angiographic findings as having normal or abnormal coronary angiography. Single- and dual-chamber pacemakers were implanted according to the clinical indication. Results: Of the 50 patients included in the study, 30 (60%) were males and 20 (40%) were females. Coronary angiography was normal in 35 (70%) patients and abnormal in 15 (30%). Syncope was the most common presenting symptom, occurring in 20 (40%) patients, followed by angina in 10 (20%), cardiac congestion in 6 (12%), palpitations in 5 (10%), low cardiac output symptoms in 5 (10%), and CNS symptoms in 4 (8%). Right coronary artery dominance was observed in 42 (84%) patients, left dominance in 6 (12%), and co-dominance in 2 (4%). The sinoatrial nodal artery originated from the right coronary artery (RCA) in 36 (72%) patients and from the left circumflex artery (LCx) in 14 (28%). The atrioventricular nodal artery originated from the RCA in 45 (90%) patients and from the LCx in 3 (6%); it was not visualized in 2 (4%) patients. Sick sinus syndrome accounted for 28% of the indications for pacing, while atrioventricular block accounted for 72%. Among patients with abnormal coronary angiography, single-vessel disease was the most common angiographic pattern (53%), followed by double-vessel disease (34%) and triple-vessel disease (13%). Single-chamber pacemakers were implanted in 40 (80%) patients and dual-chamber pacemakers in 10 (20%). Conventional cardiovascular risk factors were common among patients with CAD. On multivariable analysis, male sex, age >50 years, diabetes mellitus, and family history of CAD were identified as significant predictors of CAD. Male patients had 2.42-fold higher odds of CAD, while patients aged >50 years had 1.32-fold higher odds. Diabetes mellitus was associated with a 2.71-fold higher odds of CAD, and a family history of CAD was associated with a 1.92-fold higher odds. Conclusion: Conventional cardiovascular risk factors were common among patients with CAD. Male sex, age >50 years, diabetes mellitus, and family history of CAD were significant predictors. RCA dominance and RCA origin of the AV nodal artery were predominant among the study population. Single-vessel disease was the most common angiographic pattern among patients with abnormal CAG. Single-chamber pacemaker implantation was more frequent than dual-chamber implantation. Comprehensive evaluation for coexisting CAD may be beneficial in patients undergoing permanent pacemaker implantation. Keywords: Coronary artery disease; coronary angiography; permanent pacemaker; bradyarrhythmia; atrioventricular block; sick sinus syndrome; right coronary artery; cardiovascular risk factors."
OpenAlex,valvular heart disease,Comparison of Two Percutaneous Femoral Closure Strategies During Transcatheter Aortic Valve Implantation,Thomas Roussel; Jérémy Boyer; Julien Polo; Hadrien Pichené; Sami Rahmani; Clémence Bassez; Marine Quillot; Thibaut Dabry; Antoine Vaillier; Pierre Morera; Nicolas Jaussaud; Pierre Deharo; Thomas Cuisset,10.1002/ccd.70840,2026-09-01,Catheterization and Cardiovascular Interventions,"BACKGROUND: Percutaneous closure of femoral arterial access is a critical step in transcatheter aortic valve implantation (TAVI). A hybrid strategy combining a suture-based device (Perclose ProStyle) and a collagen-based device (Angio-Seal) has emerged as an alternative to the conventional double Perclose ProStyle technique. AIMS: The objective of the study is to compare femoral vascular complications between a hybrid strategy (1 Perclose ProStyle+ 1 Angio-Seal) and a non-hybrid strategy (2 Perclose ProStyle) in a large single-center experience. METHODS: This prospective, single-center, non-randomized study included 633 consecutive patients who underwent transfemoral TAVI at Timone University Hospital (Marseille, France) between November 2024 and March 2026. The choice of closure strategy was left to the operator's discretion. The primary endpoint was the occurrence of any femoral vascular complication (classified according to VARC-3 criteria). RESULTS: A total of 273 patients underwent hybrid closure, and 360 underwent non-hybrid closure. The overall rate of vascular complications was 4.9% (31/633), with no significant difference between groups (hybrid 4.8% vs. non-hybrid 5.0%; p = 1.000). There were no differences in major VARC-3 complications (2.2% vs. 1.9%, p = 1.000) or minor complications (2.6% vs. 3.1%, p = 0.899). In univariate analysis, preprocedural dual antiplatelet therapy was the main predictor of overall complications, hematoma, pseudoaneurysm, and minor VARC-3 complications. Dialysis was associated with major VARC-3 complications. CONCLUSION: The hybrid closure strategy (1 Perclose ProStyle + 1 Angio-Seal) demonstrates a vascular safety profile comparable to the conventional strategy (2 Perclose ProStyle) in transfemoral TAVI. Preprocedural antithrombotic therapy, rather than the closure device strategy, appears to be the main determinant of vascular complications."
OpenAlex,valvular heart disease,Antithrombotic Strategy Considerations for Warm Antibody Autoimmune Hemolytic Anemia Associated with Acute Ischemic Stroke,Yao Zheng; Xiaocui Jiang; Bicheng Hu; Xiaoling Zhu; Fen Liu; Li Wan,10.21203/rs.3.rs-10770817/v1,2026-09-01,Research Square,
OpenAlex,valvular heart disease,Association Between Cardiopulmonary Bypass Time and Early Postoperative Acute Kidney Injury in Adults,Tanjim Hassan Maruf; Md Shafiqul Islam; Md Raisul Islam; Marina Ahmed; Md Shahidul Amin; Md Golam Sarwar; Masnoon Ahmed Noor,10.7759/cureus.115589,2026-09-01,Cureus,"IntroductionCardiopulmonary bypass (CPB) has improved the safety and precision of complex cardiac surgery, but its inflammatory, embolic, and hemodynamic effects may contribute to postoperative acute kidney injury (AKI).This study explored whether longer CPB duration was associated with early postoperative AKI and related renal and clinical recovery outcomes in adult cardiac surgical patients. MethodologyThis prospective observational comparative study was conducted at the Department of Cardiac Surgery of the National Institute of Cardiovascular Diseases (NICVD) in Dhaka, Bangladesh, from July 1, 2022, to June 30, 2024.It included 100 adult cardiac patients aged 18-65 years who underwent cardiac surgery under CPB, selected by convenience sampling after ethical approval.Patients were divided into two equal groups after surgery according to recorded CPB duration: Group A included 50 patients with CPB time ≤120 minutes, while Group B included 50 patients with CPB time >120 minutes.Patients with pre-existing chronic kidney disease, kidney transplant history, emergency surgery, ejection fraction below 30%, previous cardiac surgery, or surgery without CPB were excluded. ResultsThe two study groups were broadly comparable at baseline, with similar mean age (37.8±13.73 vs. 38.46±13.30years; p=0.8), age distribution (p=0.93),gender distribution (male 58% vs. 52%; p=0.69), comorbidities, body mass index (BMI) profile, and underlying cardiac disease pattern.Smoking, hypertension, diabetes mellitus, and dyslipidemia were distributed without significant difference, while most patients in both groups had normal BMI, and isolated valvular heart disease was the commonest diagnosis.The intended difference between the groups was clearly established by CPB duration, with a mean CPB time of 93.00±11.42minutes in Group A and 137.10±12.08minutes in Group B (p<0.001).After surgery, patients with longer CPB time showed lower urine output at 24, 48, and 72 hours, with all differences reaching statistical significance (p<0.001).Although baseline serum creatinine was statistically insignificant (0.83±0.11 vs. 0.86±0.13mg/dL; p=0.108), postoperative serum creatinine became significantly higher in Group B at 24, 48, and 72 hours (p<0.001).Postoperative AKI occurred in seven patients (14%) in Group A but in 23 patients (46%) in Group B, showing more than a threefold higher occurrence among patients with CPB time >120 minutes (p<0.001).Renal replacement therapy was required only in Group B in four patients (8%), and in-hospital mortality also occurred only in Group B in three patients (6%), though these differences were not statistically significant.Patients in the longer CPB group required longer mechanical ventilation (8.90±3.84 vs. 6.98±2.69hours; p<0.001), longer ICU stay (10.15±4.68 vs. 4.87±1.58days; p<0.001), and longer postoperative hospital stay (14.36±5.55 vs. 10.11±3.05days; p<0.001). ConclusionProlonged CPB time was significantly associated with greater early postoperative renal stress, higher AKI occurrence, and slower recovery, though the findings require cautious interpretation due to the singlecenter design, convenience sampling, short follow-up, and unadjusted perioperative factors."
OpenAlex,deep learning,Antecedents and consequences of Green-tech FDI in emerging markets,Zhuoran Liu,10.17638/03195308,2031-01-01,University of Liverpool,"As environmental pressures intensify, attracting sustainable foreign direct investment (FDI), particularly green-tech FDI, has become a critical pathway for emerging markets to achieve environmental sustainability. However, existing research remains fragmented, offering limited insights into why green-tech FDI enters emerging markets and how it affects regional green innovation. This thesis addresses these gaps by systematically examining both the antecedents and consequences of green-tech FDI through three empirical studies using regional data from China. Study 1 and Study 2 focus on the antecedents of green-tech FDI. Study 1 examines how host-country conditions can attract green-tech FDI, highlighting the role of environmental management information disclosure (EMID) by domestic firms in reducing information gaps and strengthening green market–seeking motives. Study 2 shifts attention to the active decision-making of green-tech FDI, showing that under uncertainty, green-tech foreign investors engage in identity-based bandwagon learning by imitating peers with similar green identities, thereby mitigating investment risks. Study 3 turns to the consequences of green-tech FDI. It demonstrates that, due to the technological complexity of green innovation and limited absorptive capacity in emerging markets, green-tech FDI may generate crowding-out effects rather than purely positive spillovers. Adopting a network perspective, the study further finds that universities play a key moderating role: through broad linkages and deep collaborations, they help mitigate negative spillovers and facilitate the diffusion of green technologies. Together, the three studies advance the literature on sustainable FDI by differentiating green-tech FDI from general FDI and identifying the specific mechanisms that shape its entry decisions and local innovation outcomes. Practically, the findings provide guidance for emerging-market governments and firms on how to attract and manage sustainable investment, balance growth with environmental objectives, and strengthen local innovation ecosystems."
OpenAlex,deep learning,Combating Data and Target Shifts in Visual Tasks,Zhaorui Tan,10.17638/03194353,2031-01-01,University of Liverpool,"The rapid advancement of deep learning models for visual tasks has led to significant progress in many domains. However, a key challenge remains: ensuring that models can generalize effectively to unseen samples or novel classes, especially in real-world scenarios where training data-target pairs are often limited or unavailable, and test data may exhibit shifts in both data and targets. This thesis addresses the problem of shifts across data and targets, proposing novel methods to improve model generalization and transferability in complex settings. The thesis identifies the different shift scenarios for visual tasks and presents their problem forms. The research first relaxes the static target distribution assumption in Multi-Domain Generalization (mDG) tasks, introducing the General Multi-Domain Generalization (GMDG) objective to improve generalization under varying data shifts. Specifically, Extensive experiments validate that GMDG is feasible for classification, segmentation, and regression tasks. Further considering extreme target distribution shifts where even unknown novel classes emerge, the study also explores logical regularization techniques for tasks such as Generalized Category Discovery (GCD), mDG+GCD, and Class Incremental Learning (CIL), proposing a sample-based logical regularization term (L-Reg) to enhance data-, target-, and all-shift generalization. Additionally, a partial logic framework is introduced to address challenges in CIL, enabling models to retain room for unknown classes during training. This is further extended by the Partial-Logic Regularization (PL-Reg), which improves generalization across GCD, mDG+GCD, and transferability for CIL tasks. Furthermore, the thesis proposes a novel Semantic-aware Data Augmentation (SADA) framework for cross-modality generalization in text-to-image synthesis (T2Isyn), text-image retrieval (TIR), and image-text retrieval (ITR) tasks. This framework ensures semantic preservation across text and image modalities, improving both semantic consistency and image quality in cross-modality tasks. The methods proposed in this thesis offer significant advancements in visual generalization and transfer scenarios, providing theoretical insights and practical solutions for handling data shifts, target shifts, and multi-modalities in complex scenarios. Extensive experiments validate the effectiveness of the proposed methods, demonstrating their superior performance across a range of tasks."
OpenAlex,deep learning,"Depth of Processing, learner aptitude, and the acquisition of L2 English grammatical structures",Shweta Nigam,10.48683/1926.00128861,2031-01-01,CentAUR (University of Reading),"Depth of Processing (DoP) is central to several models of instructed second language acquisition (ISLA) (Leow, 2015). While DoP has been extensively examined in vocabulary learning (e.g., Laufer & Hulstijn, 2001), its role in the acquisition of grammatical structures, particularly through oral and audio-visual modalities remains comparatively underexplored. Drawing on the Levels of Processing framework (Craik & Lockhart, 1972), this study investigated whether task-induced processing depth influences the acquisition of third conditionals and comparatives, and whether language aptitude (LLAMA B, D, F) predicts learning gains. Using a pretest–posttest design, four intact classes involving 108 Grade 8 EFL learners in India were assigned to one of the three experimental conditions differing in level and type of processing: Low DoP, High DoP Explicit, and High DoP Implicit. The treatment task required the participants to listen to an audio-visual story containing the target structures (third conditionals and comparatives) and complete analytic tasks (varying in different groups) before listening to the story for a second time. The oral performance of the participants was analysed for accuracy, and frequency of use of the target structures. A grammaticality judgement test (GJT) and an elicited imitation task (EIT) were used to assess the participants’ gains in the knowledge of the target structures. In addition, language aptitude (LLAMA B, D, F) was measured and modelled as a predictor of gain scores. Results showed a significant effect of processing condition on GJT performance with the High DoP Implicit group outperforming the High DoP Explicit group on total scores and comparatives. In contrast, ANCOVA analyses indicated no significant group differences on EIT outcomes once pretest performance was controlled, with pretest scores strongly predicting posttest performance. In oral production, processing effects were structure-specific: the Low DoP group showed greater accuracy gains for comparatives, while both High DoP groups revealed increased frequency of use of third conditionals. However, across all four measures, multiple regression analyses indicated that LLAMA B, D, and F did not significantly predict gain scores. Overall, the findings support a processing-by-structure pattern: deeper processing benefits were most evident for the more salient structure (comparatives) on an explicit, written measure, whereas complex, low-salience forms (third conditionals) showed limited accuracy change but increased frequency of use under deeper processing."
OpenAlex,deep learning,Deep learning design of programmed enhancer pairs,Salil Garg; Blake M Torres; Joanna Wypasek,10.5281/zenodo.19463376,2030-04-08,Zenodo (CERN European Organization for Nuclear Research),
OpenAlex,deep learning,Deep learning design of programmed enhancer pairs,Salil Garg; Blake M Torres; Joanna Wypasek,10.5281/zenodo.19463375,2030-04-08,Zenodo (CERN European Organization for Nuclear Research),
OpenAlex,deep learning,Deep learning design of programmed enhancer pairs,Salil Garg; Blake M Torres; Joanna Wypasek,10.5281/zenodo.19477875,2030-04-08,Zenodo (CERN European Organization for Nuclear Research),
OpenAlex,deep learning,Data Augmentation Application in Deep Learning Drug Discovery by Utilizing Relationships Between Biological and Medical Entities,Tianjun Wang,10.17638/03195452,2029-01-01,University of Liverpool,
OpenAlex,deep learning,A UAV-Based Framework for Community-Scale Residential Building Energy Modelling in China,Mengfan Jin,10.17638/03195460,2029-01-01,University of Liverpool,"With increasing emphasis on energy efficiency and carbon emission reduction in the building sector, rapid and scalable energy modelling of existing buildings is critical for retrofit projects and policy development. Conventional surveys, data collection and energy modelling processes remain labour-intensive and impractical for large-scale applications, and energy modelling often dominates project time and cost. Unmanned Aerial Vehicles (UAVs) equipped with high-resolution and infrared cameras now offer fast and safe exterior surveys, showing great potential in building energy assessments. Yet, a systematic framework for UAV integration, from image capture through processing to inputs for building energy simulation, has not been established. This research addresses these challenges by developing a structured framework for community-scale building energy modelling, which integrates UAV photogrammetry to accelerate data acquisition, reduce labour, and shorten energy modelling time for retrofit projects. The framework is designed to minimise prior data requirements while maximising automation and retaining sufficient accuracy and reliability. It also addressed systemic issues, such as the lack of data necessary to fully exploit the potential of available technologies in the context of this study. To achieve this research objective, a mixed-methodology approach, combining desk studies and fieldwork, was adopted. First, a comprehensive review of UAV-based building energy studies mapped the current applications and available tools, proposing a preliminary framework. Fieldwork then encompassed a pilot study and a detailed case study. In the pilot test, a single building was surveyed to identify an optimal toolchain for flight planning, image capture, photogrammetric reconstruction, model generation, and selection of a simulation platform. The resulting refined framework was applied to a case study of a 39-building community, and it was demonstrated that further automation was necessary. The potential for automation was then further explored. Geomatic algorithms, machine learning, and deep learning techniques were compared, and the combination that best balanced accuracy and processing time was selected for 3D model generation and window-to-wall ratio (WWR) extraction. In parallel, an archetype library of residential buildings in the Hot Summer Cold Winter (HSCW) zone in China was compiled to facilitate the assignment of thermal parameters. Finally, a reusable community-scale building energy modelling (CBEM) workflow was assembled in Grasshopper using Ladybug Tools components to process the aforementioned inputs. In conclusion, this study integrates UAV photogrammetry, GIS-based geomatic algorithms, machine learning, and graphical programming to develop an UAV-CBEM framework. The outcomes establish a foundation for scalable UAV-based building energy assessments, enhancing applicability in data-limited and large-scale settings worldwide."
OpenAlex,deep learning,Spectral Materialism: Encounters with land-time-scapes,Sam Nightingale,10.25602/gold.00040593,2029-01-01,Goldsmiths (University of London),"This transdisciplinary, practice-based PhD introduces spectral materialism through art-based research encounters with ecologically and historically stratified land-time-scapes shaped by hypersalinity and colonial terraforming. Centred in the semi-arid Mallee (southeastern Australia) and read through echoes with California’s Imperial Valley, the project examines how spectral time—the co-presence and haunting of other temporalities—manifests in the material conditions of salt, soil, water, plants, and infrastructures. It asks how learning from geological, First Nations, colonial, and ecological pasts can orient responsibilities in unsettled futures. Treating the present as a crisis of time as much as a crisis of matter, the thesis critiques linear-progressive temporalities bound to Western modernity and extractive regimes. In response, spectral materialism is developed as both a conceptual framework and a critical creative methodology. Through alchemical media experiments with salt crystals, hypersaline soils, and halophytes, photography is reconfigured as a site-responsive, process-oriented practice. Salt is engaged as a material agent and ‘time-crystal’ whose phase shifts—dissolution, saturation, precipitation, crystallisation, evaporation—form a meta-chemistry that refracts deep-marine pasts, settler-colonial irrigation infrastructures, and contemporary dust into processual renderings of time. Methodologically, the project advances attunement as a mode of sensing and responsiveness to forces that are not always immediately perceptible yet are materially active. Field notes appear as para-writing, interrupting linear narration so that heterogeneous times co-present themselves within the text. The thesis is guided by First Nations temporalities—time as relational and in place—while remaining accountable to ethical limits and protocols. The contribution is twofold: a theoretical articulation of spectral materialism as a way to think time otherwise, and a set of site-responsive methods for engaging elemental media in saline environments. Together, they generate materially grounded accounts of spectral presences and open alternative pathways for knowing, sensing, and relating within land-time-scapes marked by enduring colonial and ecological afterlives amid planetary change."
OpenAlex,deep learning,DEVELOPMENT AND COMMERCIALIZATION OF COMPUTATIONAL METHODS TO ACCELERATE DERMATOLOGICAL DISCOVERY,Jasson Makkar,10.7273/000008421,2028-02-26,Washington State University,"The skin is the largest and outermost organ that surrounds the human body and provides a physical barrier that protects the more delicate internal tissues from the harsh surrounding environment. Over the course of evolution, specialized structures have also arisen in the skin, including sweat and sebaceous glands, nails and claws, and hair follicles. The hair follicle is a multi-lineage mini-organ that is a critical component in defining mammalian species. The gain of function derived from hair and fur benefited these species for millennia due to its insulative and protective properties, mechanosensing function, and ability to serve as camouflage. Current approaches to assess these fibers are generally non-quantitative or are low throughput due to technical limitations of ‘splitting hairs’. We developed a novel deep learning-based computer vision approach for the high throughput quantification of individual hair fibers at a high resolution. Our innovative computer vision tool can distinguish and extract overlapping fibers for quantification of multivariate features including length, width, and color to generate single-hair phenomes (shPhenome) of diverse conditions across the lifespan of mice. Using our tool, we explored the effects of hormone signaling, genetic modifications, and aging on hair follicle output. These analyses revealed novel hair phenotypes as a result of endocrinological, developmental, and aging-related alterations in the fur coats of mice. This tool was then adapted to capture more nuanced hair phenotypes, such as curvature, in a variety of mouse models harboring genetic perturbations. Commercialization of the deep hair phenomics technology presented a unique opportunity to pursue research translation, transforming fundamental biological research into marketable products. Much like the traditional academic route, the path to commercialization requires consistent and continuous iteration, testing of hypotheses, and allowing data to influence and lead subsequent actions. However, as opposed to the pursuit of knowledge, translating research into market-ready solutions requires a focus on consumer needs and the identification of market opportunities. Additionally, the shift in incentive structure requires commercial ventures to prioritize intellectual property protection, alter capital and resource allocation, and seek alternative fundraising sources. The entrepreneurial foundation built through this process culminated in the filing of a provisional patent and establishment of a startup company, kerat Inc. This journey illuminated the multifaceted challenges inherent in closing the gap between academic innovation and commercially viable goods, requiring simultaneous advancement of technical capabilities, adaptation to market dynamics, and fabrication of business infrastructure. Overall, the culmination of work presented in this dissertation sheds light on the importance of quantitatively assessing hair fiber properties to capture the biological phenomena that underlie this fundamental feature of mammalian skin. These findings also highlight the capabilities of this methodology for identifying perturbations in normal growth, potentially indicative of disease or dysfunction. Lastly, this showcased the potential of this technology’s commercial use cases in both the cosmetics and diagnostics industries."
OpenAlex,deep learning,Deep q-learning aided k-means clustering protocol for optimizing network lifetime in wireless sensor networks,Flynn Dowey,10.14288/1.0451106,2028-01-01,Open Collections,"The full abstract for this thesis is available in the body of the thesis, and will be available when the embargo expires."
OpenAlex,deep learning,Deep learning image analysis of donor red blood cells to predict deformability and transfusion efficacy,Erik S. Lamoureux,10.14288/1.0451932,2028-01-01,cIRcle (University of British Columbia),"The full abstract for this thesis is available in the body of the thesis, and will be available when the embargo expires."
OpenAlex,deep learning,Cost-Grounded Reward Scaling for Deep Reinforcement Learning in Zero-Buffer Flow-Shop Maintenance - DATA,Valentina Popolo; Silvestro Vespoli,10.17632/t73ckh3f7k,2027-07-09,Mendeley Data,
OpenAlex,deep learning,Cost-Grounded Reward Scaling for Deep Reinforcement Learning in Zero-Buffer Flow-Shop Maintenance - DATA,Valentina Popolo; Silvestro Vespoli,10.17632/t73ckh3f7k.1,2027-07-09,Mendeley Data,
OpenAlex,deep learning,"LeafMicroDefect-TR: A Digital Microscope-Based Dataset of Microscopic Leaf Surface Images for Defect Detection, Region-wise Analysis, and Explainable Deep Learning",HIDIR SELCUK NOGAY,10.17632/tvxkgj69kg.1,2027-01-12,Mendeley Data,
OpenAlex,deep learning,"LeafMicroDefect-TR: A Digital Microscope-Based Dataset of Microscopic Leaf Surface Images for Defect Detection, Region-wise Analysis, and Explainable Deep Learning",HIDIR SELCUK NOGAY,10.17632/tvxkgj69kg,2027-01-12,Mendeley Data,
OpenAlex,deep learning,Contested urbanisms: The politics of heritage and housing in Jakarta’s kampungs,"Binte Masron, Irna Nurlina",10.18743/pub.00056687,2027-01-01,"BIROn (Birkbeck, University of London)","Do heritage-making projects resist or advance gentrification in Southeast Asia? Like other Global South cities, contested urbanisms chequer Jakarta’s postcolonial urban landscape. Competing ideas about urban development manifest in various ways of seeing and producing the city, as demonstrated by evictions, revitalisation projects, and informal housing. Increased evictions of urban villages (urban kampungs) between 2013 and 2018 in Jakarta saw growing grassroots heritage movements as part of a spectrum of resistance to top-down urban management by state and private sector actors who also stake their claims on what ‘heritage’ is. These tensions amongst the political projects of various actors led me to ask: how do heritage-making projects of/by urban villages affect housing conditions in Jakarta, with reference to gentrification-led displacement? Using ethnographic methods and thematic analysis, I delve into the constructions of heritage, the impact of heritage-making on housing security for residents, and the broader political impact of heritage-making from above and below in Jakarta’s Kota Tua and two of its kampungs, Luar Batang and Pekojan. I argue that the dominant heritage constructions in Kota Tua demonstrate a top-down logic that emphasises infrastructure and the built environment with strong private sector presence, which impact the kampungs in varied ways. Findings showed that top-down heritage-making demonstrates higher likelihood of driving gentrification through the commodification of space, prioritising capital and material values. Residents and their advocates employ heritage-making from below in various forms to reclaim their place in the city as they face various forms of displacement, with unanticipated consequences. The processes of heritage-making from above and below reveal the connections and disjunctures between different authorities which subaltern actors work through, producing new politics that contest or entrench existing conditions. The findings contribute to the theorising of the politics of gentrification in heritage and urban studies, and a deeper understanding of Jakarta’s Old Town."
OpenAlex,deep learning,From Sparse to Dense: Label-Efficient Weakly Supervised Segmentation for Images and Videos,J. Wang,10.17638/03195330,2027-01-01,University of Liverpool,"Obtaining high-quality annotated data has become a primary bottleneck for training deep learning models, particularly for dense prediction tasks like semantic segmentation and video salient object segmentation. The demand for meticulous, pixel-level labeling makes fully-supervised approaches prohibitively expensive and limits their scalability. This thesis directly confronts this issue by proposing and systematically investigating a label-efficient ""sparse-to-dense'' paradigm. The core objective is to develop innovative frameworks that can learn from sparse, inexpensive weak supervision—such as image-level tags or scribbles—and intelligently propagate this minimal information to generate complete, pixel-accurate dense predictions. The major part of this thesis focuses on the ""sparse-to-dense'' challenge within Weakly Supervised Semantic Segmentation (WSSS) for images, where models learn from only image-level tags. Dominant approaches rely on Class Activation Maps (CAMs) as initial object seeds. However, CAMs inherently activate only the most discriminative object regions, leading to incomplete pseudo-labels. This gives rise to the central problem of activation densification: the critical process of expanding these sparse activations to cover the full extent of an object. Our research addresses this challenge through a progressive, multi-faceted strategy. Our exploration begins with a foundational framework (C3) designed to rectify the intrinsic flaws of initial CAMs. We propose a synergistic mutual calibration method. This method leverages the discrepancies between the two maps to generate local prototypes, which are simultaneously utilized to complete missing object parts and suppress background noise, yielding a significantly more accurate and complete initial seed. This foundational work immediately reveals the limitation of single-prototype instability and its inability to capture diverse features. Building on this foundation, we then develop architecture-specific strategies to address deeper limitations of the prototype-based approach. For Convolutional Neural Networks (CNNs) (C4), the use of a single prototype proves insufficient to capture significant intra-class variation. In response, we introduce an Optimal Transport (OT)-assisted framework that effectively mines multiple, diverse prototypes, thereby yielding more comprehensive activation maps. However, while C4 solves the intra-class diversity problem, the inherent local context constraint of the CNN architecture becomes the new bottleneck, fundamentally limiting the quality of globally-aware feature extraction needed for optimal multi-prototype assignment. This limitation necessitates a shift in architectural focus from CNNs to Vision Transformers. In the ViT architecture (C5), a new challenge arises where the token gap between the discriminative class token and varied patch tokens leads to incomplete activation. To bridge this gap, we leverage a tailored application of Optimal Transport, where the algorithm is tasked with learning a comprehensive proxy to ensure complete object activation. Despite these architectural advances (C3-C5), the overall WSSS performance hit a ceiling. This is fundamentally limited by the sparse supervision of class labels, which cannot provide precise boundary information. To break this ceiling, our WSSS exploration culminates in a universal enhancement strategy (C6) that transcends architecture-specific designs by leveraging Visual Foundation Models (VFMs). We resolve the conflict between the discriminative nature of initial CAMs and the VFM's need for holistic prompts. By modeling the CAM foreground as a graph and employing spectral analysis, our method intelligently selects a diverse set of prompt points that represent the overall structure of the foreground object. This guides the VFM to generate superior, boundary-aware supervision that can universally enhance any WSSS pipeline. Subsequently, the thesis extends the ""sparse-to-dense'' paradigm to the dynamic domain of video, addressing Weakly Supervised Video Salient Object Segmentation (WSVSOS) (C7) from sparse scribble annotations. In this specific context, the challenge evolves into spatio-temporal densification, which requires both full-object coverage within each frame and temporal consistency across the video sequences. To this end, we introduce the core CFMR framework, which utilizes Spatio-Temporal co-regulation. This framework is subsequently enhanced (CFMR+) by integrating the VFM guidance strategy from C6, which provides high-quality spatial priors essential for ensuring both high spatial detail and inter-frame consistency. By enforcing both intra-frame and cross-frame consistency between these two streams, our method effectively propagates the sparse initial signal to generate dense and temporally coherent saliency masks. In conclusion, this thesis presents a comprehensive and cohesive investigation into label-efficient segmentation tasks, offering a suite of innovative and effective strategies for the ""sparse-to-dense'' challenge. Our work establishes a progressive roadmap that systematically overcomes architectural and semantic limitations, culminating in highly robust and generalized densification pipelines. Our extensive experimental results on standard benchmarks validate the state-of-the-art performance of these methods, providing robust solutions to a long-standing problem in the computer vision field."
OpenAlex,deep learning,Unsupervised Deep-learning Methods for Low-dose Computed Tomography Reconstruction,Ran An,10.17638/03194237,2027-01-01,University of Liverpool,"Computed tomography (CT) has become an indispensable imaging technique in medical diagnostics and industrial applications, owing to its non-invasive nature and high resolution in visualizing object internal structures. While X-ray CT (X-ray computed tomography) significantly enhances lesion detection capabilities, excessive exposure to X-ray radiation raises substantial health concerns, including elevated cancer risks and potential genetic damage. Although low-dose CT (LDCT) protocols reduce radiation safety concerns, they inevitably introduce severe noise and artifacts, which might compromise diagnostic accuracy. Recent advances in supervised deep learning approaches have demonstrated remarkable success in LDCT reconstruction. However, the reliance on paired training data severely limits their deployment in practical CT applications. This fundamental constraint highlights the critical importance of developing unsupervised reconstruction methods. Although existing unsupervised LDCT methods have made notable progress, they still face challenges requiring systematic solutions. This thesis makes three contributions to advance the field of unsupervised LDCT reconstruction: 1. Current dual-domain self-supervised LDCT denoising methods typically neglect the heterogeneity of the non-stationary Gaussian noise levels in low-dose sinograms and usually treat them as common images without appropriately controlling the denoising strength. The denoisers employed by them, which are based on classic convolutional neural networks (CNN), will lead to blurring artifacts in the reconstructed images if directly used for sinogram denoising. In addition, the denoising strength in the sinogram and image domains must be well-balanced to avoid introducing over-blurring or secondary artifacts in the reconstructed images, but existing approaches do not focus on this crucial point. To address these limitations, this thesis proposes a novel end-to-end dual-domain self-supervised framework for LDCT denoising. It employs Dropblock layers to adaptively localize the effect of convolution for sinogram denoising and sets a weighted average between the denoised sinograms and their noisy counterparts to better control the denoising strength, thus effectively reducing the blurring artifacts and leading to a well-balanced dual-domain denoising. Numerical experiments demonstrate the effectiveness and superior performance of the proposed method. 2. Existing normalizing flows (NFs)-based unsupervised LDCT reconstruction methods face challenges in both image quality and computational efficiency. On one hand, they typically utilize a two-way transformation strategy between noisy images and latent variables, which could easily lead to detail loss and secondary artifacts in the reconstructed images. On the other hand, training NFs on high-resolution CT images is computationally intensive. Although conditional normalizing flows (CNFs) can mitigate computational costs by learning conditional probabilities, existing approaches rely on labeled data for conditionalization, leaving unsupervised CNFs-based LDCT reconstruction a challenge. To tackle these issues, this thesis proposes a novel unsupervised LDCT iterative reconstruction algorithm based on CNFs. The proposed method employs a strict one-way transformation strategy during the alternating optimization in the dual spaces to prevent detail loss and secondary artifacts, and proposes a novel unsupervised conditionalization strategy for CNFs, thus achieving efficient training and inference on high-resolution images. The proposed method illustrates high-quality and relatively fast unsupervised reconstruction. Experiments across two datasets demonstrate the superior performance of the proposed method by rivaling several state-of-the-art methods. 3. Current diffusion model-based LDCT reconstruction methods solely employ the prior distributions learned from normal-dose CT data but neglect the valuable priors in low-dose data, which contain information about the characteristics of low-dose noise and artifacts. In addition, their reconstruction speed suffers from multiple sampling steps, presenting low efficiency. Breaking new ground in prior utilization, this thesis proposes a novel unsupervised LDCT iterative reconstruction algorithm based on dual denoising diffusion probabilistic models (DDPM), which leverages both normal-dose and low-dose priors. Specifically, the proposed method employs two DDPMs to learn the prior distributions from normal-dose and low-dose images, respectively, and incorporates them into a joint iterative reconstruction framework. To accelerate the reconstruction, partial diffusion sampling and single-pass deterministic reconstruction strategy are utilized in the proposed method, as well as the spaced OS-SART approaches. Experiments at different dose levels demonstrate the outstanding performance and fast speed of the proposed reconstruction algorithm. Through these innovations and contributions, this thesis addresses some significant challenges in current deep-learning-based unsupervised LDCT reconstruction methods, and proposes three novel unsupervised reconstruction algorithms. The proposed methods effectively improve the performance and efficiency of LDCT reconstruction under different unsupervised learning conditions, and provide some new perspectives and inspirations for future research."
OpenAlex,deep learning,An Interpretable State-Conditioned Multi-Criteria Decision-Making Layer for Reward Shaping in Deep Reinforcement Learning: Dynamic TOPSIS Weighting Applied to Disaster Response,Ahmed İhsan Şimşek,10.17632/smbzhvhs3k.1,2027-01-01,Mendeley Data,
