source,keyword,title,authors,doi,publication_date,journal,abstract
PubMed,aortic stenosis,Valve Deterioration After Supra-Annular Transcatheter Aortic Valve Replacement: Impact of Annular Size and Gradient.,Ying-Hwa Chen; Hsiao-Huang Chang; Wei-Ting Wang; Hsin-Bang Leu; I-Ming Chen; Su-Man Lin,10.1016/j.jacasi.2026.05.022,2026-07-03,JACC. Asia,
PubMed,aortic stenosis,From natural to unnatural history of aortic valve stenosis: a tribute to Dr Braunwald's legacy.,Pompilio Faggiano; Giacomo Gamberini; Catherine M Otto,10.1136/heartjnl-2026-328534,2026-07-10,Heart (British Cardiac Society),
PubMed,aortic stenosis,Transcatheter aortic valve implantation outcomes by patient age and sex in COMPARE-TAVI 1: a cohort study.,Troels Thim; Henrik Nissen; Phillip Freeman; Jordi Sanchez Dahl; Evald Høj Christiansen; Ashkan Eftekhari; Bjarne Linde Nørgaard; Jonas Agerlund Povlsen; Steen Hvitfeldt Poulsen; Rebekka Vibjerg Jensen; Kristian Altern Øvrehus; Christian Juhl Terkelsen,10.1136/bmjopen-2026-121596,2026-07-10,BMJ open,"To explore the outcomes among patients treated with TAVI (transcatheter aortic valve implantation) in the COMPARE-TAVI 1 trial by age groups and sex.
Cohort study.
Three Danish university hospitals.
Patients treated with TAVI in the COMPARE-TAVI 1 trial (N=1030), 60 (5.8%), 337 (32.7%), 592 (57.5%) and 41 (4.0%) were in the four age groups, < 70, 70-79, 80-89 and 90+ years while 414 (40.2%) and 616 (59.8%) were of female and male sex.
Transfemoral TAVI with balloon-expandable valves (Sapien or Myval) performed between June 2020 and November 2023.
Post hoc analyses of trial secondary outcomes that include end-point committee-adjudicated outcomes.
In the four age groups, 1-year mortality rates were 8.3%, 5.6%, 5.6% and 7.3% while it was 5.8% in both sexes. Across the four age groups, 1-year stroke rates were 6.7%, 1.8%, 3.2% and 4.9%, and 5.1% among females and 4.7% among males. In the four age groups, 1-year new pacemaker rates were 7.5%, 15%, 19% and 13% while it was 15% among females and 18% among males. Females had smaller annuli than males and their gradients were higher and the effective orifice area lower after TAVI but their frequency of prosthesis-patient mismatch was similar at 1 year.
While comorbidity levels varied between groups, clinical outcomes were similar across age groups and between sexes.
NCT04443023."
PubMed,aortic stenosis,Impact of aortic valve leaflets calcium volume and distribution on Post-TAVR conduction abnormalities.,Symon Reza; Brandon Kovarovic; Danny Bluestein,10.1016/j.cmpb.2026.109543,2026-07-07,Computer methods and programs in biomedicine,"Transcatheter aortic valve replacement (TAVR) is increasingly used to treat aortic stenosis, including in low-risk patients. However, post-procedural cardiac conduction abnormalities (CCA), often requiring permanent pacemaker implantation (PPI), remain a concern. This study investigates how the volume and distribution of aortic leaflet calcium deposits influence the risk of post-TAVR CCA.
An electromechanically coupled four-chamber beating heart model was used to simulate TAVR with a self-expandable Evolut® 26 mm device. Five virtual patient scenarios were modeled with varying calcium volumes and distributions: no calcium, uniform distribution (3 Calc), and isolated calcification on the left coronary leaflet (LCL), right coronary leaflet (RCL), or non-coronary leaflet (NCL). Electrical conduction was simulated using a monodomain model and coupled with structural mechanics to evaluate tissue-device interactions. Metrics included principal stress, contact pressure, and contact pressure index (CPI) over three cardiac cycles.
Larger calcium volumes and specific leaflet distributions increased stress and contact pressure near the atrioventricular node. The LCL model exhibited the highest mechanical stress and peak contact pressure (13.1 kPa), while the NCL model showed the lowest (6.42 kPa). The RCL model had intermediate values. Elevated contact pressure and stress in the LCL case suggest an increased risk of conduction disruption and PPI.
Leaflet calcium deposit volume and distribution significantly influence mechanical stress and contact dynamics near the conduction system following TAVR. These insights support the integration of clinical data, such as leaflet calcium volume and distribution into pre-procedural planning to personalize risk assessment and improve patient outcomes."
PubMed,aortic stenosis,Lipoprotein(a) and Cardiovascular Risk: Emerging Therapeutic Perspectives with Implications for Chronic Kidney Disease.,Luca Di Lullo; Paola Peverini; Antonio Bellasi; Andre Dello Strologo; Claudio Ronco; Pasquale Saporito; Aldo Franculli,10.1159/000553534,2026-07-10,Cardiorenal medicine,"Lipoprotein(a) [Lp(a)] is an LDL-like particle containing apolipoprotein B100 covalently bound to apolipoprotein(a). Elevated Lp(a) is now recognized as a genetically determined, independent, and likely causal risk factor for atherosclerotic cardiovascular disease, calcific aortic valve stenosis, and residual cardiovascular risk despite optimal LDL-cholesterol control. Current European and North American recommendations support measuring Lp(a) at least once in adulthood, particularly for cardiovascular risk refinement. Lp(a) levels are predominantly inherited and are only modestly influenced by lifestyle or conventional lipid-lowering therapies. Chronic kidney disease represents a clinically relevant setting in which Lp(a) levels may rise as renal function declines and may contribute to the excess cardiovascular burden. However, the causal role of Lp(a) in CKD-related cardiovascular disease remains incompletely defined. Novel RNA-based and small-molecule therapies, including pelacarsen, olpasiran, lepodisiran, zerlasiran, and muvalaplin, have shown marked Lp(a)-lowering effects, but definitive cardiovascular outcome data are still missing."
PubMed,aortic stenosis,Consecutive Emergency Carotid Artery Stenting and Transcatheter Aortic Valve Replacement in a Patient With Cardiogenic Shock: A Case Report.,Max Groche; Claudio Silwanis; Clemens Steinwender; Thomas Lambert,10.1002/ccd.70741,2026-07-10,Catheterization and cardiovascular interventions : official journal of the Society for Cardiac Angiography & Interventions,"Severe aortic stenosis (AS) carries a poor prognosis when symptomatic, particularly in cardiogenic shock (CS). Emergency transcatheter aortic valve replacement (TAVR) is rarely performed but may represent a rescue therapy. Coexistent carotid artery stenosis (CAS) further increases procedural risk. We report the case of an 83-year-old female patient with severe AS and beginning CS. Imaging revealed severe right internal CAS and occlusion of the left internal carotid artery. Despite the use of norepinephrine, the patient progressed to deteriorating CS with acute kidney injury and impaired mental status. Given high surgical risk, a combined strategy was performed: right carotid stenting followed by transfemoral TAVR. Post-procedure, renal replacement therapy was initiated with rapid recovery of renal function. The patient was hemodynamically stabilized and discharged 14 days after the procedure with normalized ventricular function and a well-functioning prosthesis. This case illustrates the feasibility of consecutive transfemoral TAVR and interventional revascularization of CAS as life-saving rescue therapy in severe AS complicated by CS and cerebrovascular disease (CVD). A combined interventional approach addressing both CVD and valve obstruction enabled procedural safety and favorable recovery, supporting TAVR as a viable option in selected high-risk patients."
PubMed,aortic stenosis,Skeletal Muscle Oxygenation During Exercise and Its Association With Early Improvement in Exercise Tolerance After Transcatheter Aortic Valve Implantation.,Yasutomo Tanaka; Takako Tanaka; Yudai Yano; Tsubasa Watanabe; Yudai Fujiwara; Sayaka Kuga; Hinata Esaki; Ryohei Akashi; Tomohiro Honda; Tetsufumi Motokawa; Koji Maemura; Ryo Kozu,10.1253/circrep.CR-26-0083,2026-07-10,Circulation reports,"This study aimed to: (1) assess changes in peripheral skeletal muscle oxygenation during exercise after transcatheter aortic valve implantation (TAVI) in patients with severe aortic stenosis (AS); and (2) identify characteristics of patients who exhibited improved exercise tolerance.
In this single-center prospective study, 20 patients with severe symptomatic AS underwent evaluation before and 1 week after TAVI. Exercise tolerance was assessed using the incremental shuttle walk test (ISWT), and the incremental shuttle walk distance (ISWD) was recorded. Calf muscle oxygenation during the ISWT was continuously measured using near-infrared spectroscopy (NIRS). ISWD increased significantly after TAVI (P<0.01). During the ISWT, the change in oxygenated hemoglobin (∆O2Hb) was greater after TAVI than before TAVI. Compared with non-responders, responders demonstrated lower ∆O2Hb and greater increases in deoxygenated hemoglobin (∆HHb) from rest to peak exercise before TAVI (all P<0.05).
Peripheral skeletal muscle oxygenation during exercise improved early after TAVI. Moreover, a pre-TAVI pattern characterized by reduced oxygen delivery (lower ∆O2Hb) and enhanced oxygen extraction/utilization (higher ∆HHb) during exercise was associated with greater improvement in exercise tolerance after TAVI."
PubMed,aortic stenosis,Impact of Tricuspid Regurgitation on the Prognosis of Heart Failure With Preserved Ejection Fraction: Insights From the JROADHF.,Takeshi Tohyama; Masataka Ikeda; Tatsuya Watanabe; Hidetaka Kaku; Takuya Nagata; Nobuyuki Enzan; Shouji Matsushima; Tomomi Ide; Hiroyuki Tsutsui; Kohtaro Abe; JROADHF Investigators,10.1253/circrep.CR-25-0317,2026-07-10,Circulation reports,"The clinical impact of tricuspid regurgitation (TR) on the long-term prognosis of heart failure with preserved ejection fraction (HFpEF) remains unclear.
We analyzed the data of 4,456 patients with HFpEF from the Japanese Registry of Acute Decompensated Heart Failure (JROADHF) and identified 83 patients hospitalized primarily for TR. They had a higher mortality rate than those without TR. The 1- and 4-year mortality rates in the TR group were comparable with those for patients hospitalized primarily for aortic stenosis.
Hospitalization for TR is associated with a poor prognosis in patients with HFpEF."
PubMed,aortic stenosis,Surgical vs. trans-catheter aortic valve replacement in patients With bicuspid aortic valve stenosis.,Kobi Faierstein; Tal Caller; Dassi Moshkovitz; Efrat Sharon; Roy Raphael; Ido Cohen; Noam Makmal; Efrat Mazoe Dray; Afek Ash; Elad Maor; Ehud Regev; Amit Segev; Israel M Barbash; Paul Fefer,10.3389/fcvm.2026.1871325,2026,Frontiers in cardiovascular medicine,"Aortic valve stenosis can be treated surgically or with transcatheter aortic valve implantation (TAVI). However, bicuspid aortic valve (BAV) anatomy presents unique challenges that may affect procedural outcomes. We aimed to compare outcomes between the two approaches.
a retrospective cohort of 480 patients with BAV stenosis: 75 (16%) underwent TAVI and 405 (84%) underwent SAVR. Median age was 76 (Q1-Q3: 72-82) in the TAVI group and 61 (Q1-Q3: 52-70) in the SAVR group. Patients with isolated aortic insufficiency were excluded. Primary analyses were adjusted for age, sex, and comorbidities, followed by a sensitivity analysis using 1:1 age matching. Outcomes included overall survival, stroke/TIA, pacemaker implantation, paravalvular leak, and heart failure hospitalizations.
During a mean follow-up of 9 ± 5 years, 72 patients died (28 TAVI, 44 SAVR). TAVI was associated with higher mortality (adjusted HR = 5.9, 95% CI 2.6-12.9, p < 0.001), higher rates of pacemaker implantation (19% vs. 4%; HR = 2.6, 95% CI 1.1-6.7, p < 0.001), paravalvular leak (adjusted OR = 5.8, 95% CI 2.6-12.7, p < 0.001) and heart failure hospitalizations (IRR=7.7, 95% CI 2.7-22.2, p < 0.001). Stroke rates were similar. Age-matched analyses confirmed higher mortality (adjusted HR = 3.6, 95% CI 1.5-8.6, p = 0.004), increased pacemaker implantation (adjusted HR = 3.9, 95% CI 1.04-14.5, p = 0.002), and heart failure hospitalizations (IRR=7.7, 95% CI 3.9-15.1, p < 0.001).
In BAV stenosis, SAVR was associated with better survival and fewer complications than TAVI, while stroke/TIA rates were similar. Randomized trials are needed to determine the optimal treatment approach."
PubMed,aortic stenosis,"Prevalence, causes, management strategies, and outcomes of secondary interventions during long-term follow-up after endovascular aneurysm repair: a retrospective cohort study.",Hyo Jun Kim; Hyung Sub Park; Jinsol Jung; Ji Young Lee; Myung Yup Hyun; Jonghyuk Park; Taeseung Lee,10.4174/astr.2026.111.1.1,2026-07,Annals of surgical treatment and research,"This study was conducted to evaluate the prevalence, causes, management strategies, and outcomes of secondary interventions after endovascular aneurysm repair (EVAR) in a Korean cohort.
We retrospectively reviewed 242 patients who underwent standard EVAR for infrarenal abdominal aortic aneurysm at Seoul National University Bundang Hospital between 2008 and 2023. Clinical and anatomical parameters were analyzed. Secondary intervention indications, management, and outcomes were documented. Kaplan-Meier analysis estimated freedom from intervention and survival, and Cox regression identified predictors of mortality.
During a mean follow-up of 61.4 ± 45.8 months, 54 patients (22.3%) underwent 70 secondary interventions. The most common indications were Type II endoleaks with sac growth (24.1%), graft limb occlusion/stenosis (20.4%), Type IB endoleaks (11.1%), and Type III endoleaks (9.3%). Type II endoleaks were primarily treated with transarterial embolization, but many required repeated interventions or open conversion. Type I and III endoleaks were managed with stent graft extensions, endoanchors, or revision EVAR. Freedom from secondary intervention was 73.3% at 5 years and 57.5% at 10 years. Aneurysm-related survival was high (95.3% at 10 years), but overall survival declined to 42.5%, mainly due to comorbidities like malignancy, pneumonia, and cardiovascular disease. Multivariate analysis identified age, chronic obstructive pulmonary disease, hospital stay, and aneurysm diameter as independent mortality predictors, with dyslipidemia being protective.
Secondary interventions after EVAR were required in over 20% of patients, primarily for Type II endoleaks. While aneurysm-related survival remained high, overall survival was limited by comorbidities. Lifelong imaging surveillance and management of comorbidities are essential for optimizing EVAR outcomes."
PubMed,aortic stenosis,Cardio amyloid-artificial intelligence: advanced multi-modal screening for transthyretin cardiac amyloidosis in severe aortic stenosis patients.,Nusrat Binta Nizam; Ashley N Beecy; Jacob W Groenendyk; Fengbei Liu; Nelson I Barrera; Chris Kelsey; David vanMaanan; Jeffrey Ruhl; Naomi Tesfuzigta; Ilan Richter; Mathew S Maurer; Gabriel Sayer; Deborah Estrin; Parag Goyal; Nir Uriel; Mert R Sabuncu,10.1093/ehjdh/ztag064,2026-07,European heart journal. Digital health,"Early detection is important given the availability of new disease-modifying therapies and the high prevalence of transthyretin amyloid cardiomyopathy (ATTR-CM) among patients with aortic stenosis (AS) undergoing transcatheter aortic valve replacement (TAVR). We developed a multi-modal artificial intelligence (AI) model for early detection of ATTR-CM using chest computed tomography (CT), echocardiography, and electrocardiography. This approach may provide a scalable strategy for preclinical monitoring.
This retrospective study included patients who underwent technetium-99m-pyrophosphate (PYP) scintigraphy at two academic medical centres: Columbia University Irving Medical Center and Weill Cornell Medicine. ATTR-CM status was determined using a composite reference standard incorporating PYP scan interpretation, laboratory tests, and endomyocardial biopsy results when available. The diagnostic performance of the model was measured by the area under the receiver operating characteristic curve (AUROC), sensitivity, specificity, and predictive values at various thresholds. Among 816 patients (median age 79.0 years, 61.2% male), 127 (15.6%) had confirmed ATTR-CM. Patients with ATTR-CM were older, more often male, and had characteristic echocardiographic features, including increased wall thickness and reduced ejection fraction. In the independent TAVR test cohort, the multi-modal AI model achieved an AUROC of 0.85 [95% confidence interval (CI): 0.74-0.93], significantly outperforming single-modality approaches in our data. At the optimal threshold, the model demonstrated 73.3% sensitivity, 82.9% specificity, and 96% negative predictive value.
A multi-modal AI approach using routinely acquired chest CT, echocardiography, and electrocardiography data can enable screening for ATTR-CM in TAVR patients, potentially facilitating earlier diagnosis and treatment initiation."
PubMed,aortic stenosis,Artificial intelligence-based calcium scoring using 3D transesophageal echocardiography in aortic stenosis: a pilot study.,Paula Fazendas; Rita Bairros; Luís Brito Elvas; Liliana Brochado; João Carlos Ferreira; Rita Gomes; Ana Rita Pereira; Cristina Martins; José Pereira; Cândida Lourenço; Tomás Brandão; Hélder Pereira; Ana G Almeida,10.1186/s44348-026-00080-x,2026-07-10,Journal of cardiovascular imaging,"Aortic valve calcium scoring by computed tomography (CT) is an established method for assessing aortic stenosis severity but is limited by radiation exposure and availability. Artificial intelligence (AI)-based calcium detection using transthoracic echocardiography has shown promise but depends on acoustic window quality. Transesophageal echocardiography (TEE), particularly 3D TEE, may overcome these limitations by providing improved visualization without radiation. The objective of this study is to evaluate the feasibility of AI-based quantification of aortic valve calcium using 3D TEE.
In this prospective pilot study, 23 patients (median age, 76 years; 56.5% male) with moderate or severe aortic stenosis underwent 3D TEE and CT. Multiplanar reconstruction generated 1.5-mm diastolic short-axis slices. A computer vision-based model identified calcium-related speckles. An automated TEE calcium score was derived from the sum of calcium pixels across 11 frames per patient, which was compared with the CT Agatston score.
The TEE calcium score showed a significant positive correlation with CT Agatston scores (r = 0.65, P < 0.001). Receiver operating characteristic analysis yielded an area under the curve of 0.87 (95% confidence interval, 0.69-1.00) for identifying severe calcification (cutoff, 68,813 pixels; sensitivity, 89.5%; specificity, 75.0%).
AI-based calcium quantification using 3D TEE is feasible and correlates with CT-derived scores. This radiation-free approach may provide a promising alternative for assessing aortic valve calcification."
PubMed,aortic stenosis,Tirzepatide and risk of newly diagnosed aortic stenosis in patients with obesity: a multi-institutional real-world cohort study.,Jheng-Yan Wu; Keng-Wei Lee; Sheng-Chi Huang; Hsuan-Yuan Chang; Yu-Min Lin,10.1186/s12872-026-06269-8,2026-07-09,BMC cardiovascular disorders,"Obesity is a major risk factor for the development of degenerative aortic stenosis (AS), yet no pharmacologic therapy has been proven to prevent AS onset. Tirzepatide, a dual GIP/GLP-1 receptor agonist, provides greater metabolic and anti-inflammatory benefits than conventional GLP-1 receptor agonists (GLP-1 RAs). Whether tirzepatide reduces the risk of incident AS remains unknown.
To evaluate the association between tirzepatide use and the risk of newly diagnosed AS or aortic valve replacement (AVR) compared with GLP-1 receptor agonists in adults with obesity.
This retrospective cohort study used the TriNetX global federated database. Adults ≥ 18 years with obesity who initiated tirzepatide or GLP-1 RAs between 2022 and 2025 were identified. An active-comparator, new-user design with 1:1 propensity score matching (PSM) was applied. The primary endpoint was a composite of newly diagnosed AS or AVR. Secondary outcomes included individual AS, AVR, and all-cause mortality. Cox proportional hazards models estimated hazard ratios (HRs) with 95% confidence intervals (CIs). Robustness was assessed using negative-control outcomes and E-values.
After PSM, 584,236 patients were included. During follow-up, tirzepatide users had a significantly lower risk of AS or AVR compared with GLP-1 RA users (0.2% vs. 0.6%; HR 0.90, 95% CI 0.81-0.98; P = 0.022). Tirzepatide was also associated with reduced risk of newly diagnosed AS (HR 0.90, 95% CI 0.81-0.99; P = 0.025) and lower all-cause mortality (HR 0.88, 95% CI 0.81-0.95; P = 0.001). No association was observed for the negative-control outcome of skin cancer. Subgroup findings were generally consistent, with stronger protective associations observed in women and adults ≥ 65 years. In a sensitivity analysis using a no-treatment comparator, tirzepatide was also associated with lower risks of AS/AVR, AS, AVR, and all-cause mortality; however, the mortality association was interpreted cautiously because of potential healthy-user and treatment-selection biases.
Among adults with obesity, tirzepatide use was associated with a significantly lower incidence of newly diagnosed AS or AVR compared with GLP-1 RAs during follow-up, suggesting a potential association between tirzepatide use and a lower rate of newly diagnosed AS/AVR. Because AS may remain asymptomatic for years and echocardiographic progression data were unavailable, these findings should be interpreted as hypothesis-generating. Prospective studies are needed to confirm causality and elucidate underlying mechanisms."
PubMed,aortic stenosis,Successful off-label use of vascular closure devices in fully percutaneous transaxillary aortic valve implantation.,Philipp Lauten; Sabine Bleiziffer; Lisa C Costello-Boerrigter; Björn Göbel; Christian Albert; Mahmoud Al Jassem; David Gonzalez-Lopez; Bernhard Schieffer; Harald Lapp,10.1136/openhrt-2026-004150,2026-07-09,Open heart,"The axillary artery is an alternative access- site for transcatheter aortic valve implantation (TAVI) when femoral arteries are unfavourable. Simplified transaxillary-TAVI (TAx-TAVI) is performed completely percutaneously, using vascular closure device (VCD) techniques for arteriotomy closure. Concerns exist regarding major vascular complications with this technique. This registry-study describes off-label VCD use during simplified TAx-TAVI.
Consecutive severe aortic stenosis patients unsuitable for both surgery and transfemoral access were enrolled in our heart valve registry and underwent simplified TAx-TAVI using VCDs for arteriotomy closure. At the operator's discretion, closure was performed with a collagen-based plug (MANTA) or a suture-based system (double ProGlide). The primary endpoint was axillary access-related major vascular complications in hospital and at 30 days according to Valve Academic Research Consortium (VARC-3) definitions. Secondary endpoints included axillary access-site bleeding and all-cause mortality during hospitalisation to 30 days post-TAx-TAVI.
From January 2022 to January 2024, 32 patients (mean age 77 years, 31.3% female) underwent simplified TAx-TAVI using VCDs. MANTA and ProGlide were each used in 50.0% of cases (n=16). Local anaesthesia with conscious sedation was used in 21.9% (n=7). Overall VARC-3 device success was 96.9% (31/32). VCD failure occurred in 25.0% (8/32) and was numerically more frequent with ProGlide (31.3%) than MANTA (18.8%). A covered stent was required for definitive axillary haemostasis in 12.5% (4/32). The 30-day axillary major vascular complication rate was 3.1% (1/32). No major bleeding complications occurred. All-cause 30-day mortality was 3.1% (1/32). New permanent pacemaker implantation occurred in 12.5% (4/32). At 30 days, New York Heart association (NYHA) class improved by at least one category in 68.8% (22/32).
In these simplified TAx-TAVI cases, MANTA and ProGlide VCDs performed well in terms of vascular and bleeding complications. Simplified TAx-TAVI requires advanced access-site management skills, including covered stent use. We found VCDs approved for femoral use safe with axillary access."
PubMed,aortic stenosis,Beyond the Valve: Redefining Moderate Aortic Stenosis Management.,Elena Ferrer-Sistach; Victoria Delgado,10.1016/j.echo.2026.07.002,2026-07-09,Journal of the American Society of Echocardiography : official publication of the American Society of Echocardiography,
PubMed,aortic stenosis,Sex Differences in Hypertrophic Cardiomyopathy.,Sonu Abraham; Natalie Tapaskar; Anu Saji; Radha Kanneganti; Radmila Lyubarova; Eman Rashed; Roopa Rao,10.1007/s11886-026-02387-z,2026-07-09,Current cardiology reports,"This review summarizes contemporary evidence regarding sex-based differences in hypertrophic cardiomyopathy (HCM), including disparities in presentation, disease progression, outcomes, and management.
Women with HCM are frequently diagnosed later than men and often present with more advanced symptoms, greater left ventricular outflow tract obstruction, worse diastolic dysfunction, and higher heart failure burden. Despite similar rates of ventricular arrhythmias and sudden cardiac death, women experience greater progression to advanced heart failure and poorer quality of life. Emerging evidence suggests that current sex-neutral risk assessment tools may underestimate disease severity in women. Cardiac myosin inhibitors demonstrate similar efficacy across sexes, with some studies suggesting greater symptomatic improvement in women. Persistent disparities in referral patterns, access to specialized care, and representation in clinical trials continue to affect outcomes. Sex-specific differences significantly impact the phenotype, progression, and management of HCM. Greater recognition of these differences is essential to improve individualized care and reduce disparities in outcomes for women with HCM."
PubMed,aortic stenosis,Vendor-independent Aortic Valve Calcium Scoring in Patients with Discordant Echocardiographic Criteria of Severe Aortic Stenosis.,Magdalena M Dobrolińska; Niels van der Werf; Marcel J W Greuter; Neil J Craig; Martin J Willemink; Niek H J Prakken; Jacek Kwiecinski; Evangelos Tzolos; Riemer H J A Slart; Wojciech Wojakowski; David E Newby; Marc Dweck; Tim Leiner,10.1148/ryct.250480,2026-08,Radiology. Cardiothoracic imaging,"Purpose To apply a vendor-neutral Agatston score (vnAS) for aortic valve calcification across multiple CT systems and to aortic stenosis severity classification. Materials and Methods Anthropomorphic phantoms with varying degrees of calcification were scanned using seven different CT systems and a reference electron-beam CT system to determine the vnAS. The vnAS was calculated using a regression model, whose performance was evaluated by both the coefficient of determination and analysis of variance. The vnAS was subsequently validated on a retrospective patient sample from eight international centers. Thresholds of severe aortic valve stenosis were defined as 1274 and 2065 AU for women and men, respectively. Results The Agatston scores from all CT systems were strongly correlated with that of the reference system (R2 > 0.932). On the basis of their echocardiographic findings, 183 of 831 (22.0%) patients (mean age ± SD, 77 years ± 10; 351 of 831 [42.2%] women) had discordant echocardiographic aortic valve stenosis findings. Among women with discordant results, the vnAS was higher than the traditional aortic valve calcium score (median, 1693 AU [IQR, 908-2513 AU] vs 1181 AU [IQR, 726-1964 AU], respectively; P < .001). Similar findings were observed for men (median, 2658 AU [IQR, 1894-3822 AU] vs 2056 AU [IQR, 1408-3056 AU], respectively; P < .001). Using the vnAS, 8.5% of women and 17.8% of men with discordant echocardiographic findings were reclassified into the severe aortic stenosis group. Conclusion A previously developed calibration tool, the vnAS, was validated and reclassified patients with discordant echocardiographic findings into the severe aortic stenosis group. Keywords: CT, Echocardiography, Percutaneous, Cardiac, Valves, Calcifications/Calculi, Technology Assessment, Vendor-neutral Agatston Score, Aortic Stenosis, Aortic Valve Calcification, Phantoms Supplemental material is available for this article. © RSNA, 2026 See also commentary by Jaltotage and Leipsic in this issue."
PubMed,aortic stenosis,Reclassifying Aortic Stenosis: When the Scanner Matters as Much as the Calcium.,Biyanka Jaltotage; Jonathon A Leipsic,10.1148/ryct.260193,2026-08,Radiology. Cardiothoracic imaging,
PubMed,aortic stenosis,Simultaneous Transcatheter Aortic Valve Replacement and Percutaneous Coronary Intervention Under ECMO Support.,Xiao-Lin Yu; Jing-Ya Wang; Xiang-Yu Dong; Fan Luo; Hao Fan; Zhao Wang; Yi-Ning Yang,10.1016/j.jaccas.2026.108671,2026-07-08,JACC. Case reports,"Patients with severe aortic stenosis (AS) often have concomitant coronary artery disease (CAD), but optimal timing of percutaneous coronary intervention (PCI) remains unclear, especially in those with very high risk.
A 63-year-old man with severe AS (aortic valve area 0.9 cm2), reduced left ventricular ejection fraction (40%), and triple-vessel CAD including bilateral chronic total occlusions underwent a single-session transcatheter aortic valve replacement (TAVR) plus PCI under prophylactic veno-arterial extracorporeal membrane oxygenation because of extreme risk of hemodynamic collapse. TAVR was performed first, followed by rotational atherectomy-assisted PCI.
Prophylactic veno-arterial extracorporeal membrane oxygenation provided a critical safety net, allowing valve recapture and repositioning despite heavy calcification and successful chronic total occlusion revascularization. This 1-stop strategy avoided staged procedures and cumulative cardiac stress.
For high-risk AS with complex CAD, a 1-stop TAVR-plus-PCI strategy under prophylactic ECMO support is feasible and potentially life-saving; careful imaging and advanced intraoperative techniques are essential."
PubMed,aortic stenosis,Delayed Chimney Stent Fracture After Transcatheter Aortic Valve Replacement.,Cunjun Zhu; Rongzhen Zhang; Yuanjiu Yang; Tao Su; Rutao Wang; Fei Li,10.1016/j.jaccas.2026.109134,2026-07-08,JACC. Case reports,"Chimney stenting represents an established coronary protection strategy during transcatheter aortic valve replacement (TAVR) in high-risk anatomical settings, although chimney stent fracture remains a rare complication.
A 55-year-old woman with severe aortic stenosis underwent TAVR with a self-expanding valve and left main chimney stenting due to a low-lying left coronary artery (10.2 mm). One month postprocedure, she presented with recurrent chest pain and elevated troponin. Coronary angiography revealed delayed chimney stent fracture with compromised left main flow, requiring urgent balloon dilatation and restenting. At 1-year follow-up, left ventricular function was preserved.
This case highlights delayed stent fracture as a rare but serious complication of chimney stenting following TAVR. Imaging surveillance is warranted in patients with postprocedural chest pain to avoid diagnostic oversight.
Delayed stent fracture following chimney stenting for coronary protection during TAVR may present weeks after an initially successful procedure with acute coronary syndrome-like symptoms, requiring urgent coronary angiography and reintervention. Continuous radial force from self-expanding transcatheter valve frames may contribute to chronic mechanical stress on chimney stents. Preoperative assessment of coronary ostial angulation should be considered in patients with high-risk coronary anatomy undergoing TAVR."
Crossref,aortic stenosis,Serum sialic acid is independently associated with cerebrovascular atherosclerotic stenosis severity and total vascular burden: A retrospective cohort study,Qi Cai; Chunjiao Yang; Lei Luo; Yinfei Huang; Yu Xie; Xin Liang; Renwei Zhang; Yumin Liu,10.1016/j.cca.2026.121217,2027-01,Clinica Chimica Acta,
Crossref,aortic stenosis,Staged Full-endoscopic Foraminotomy for Multilevel Lumbar Stenosis with Scoliosis: A Case Report,Takayuki KITAHARA; Yuji NAGAO; Takafumi OHSHIMA; Naoto ONO; Saori SOEDA; Makoto TAKEUCHI; Kosuke SUGIURA; Hiroaki MANABE; Masatoshi MORIMOTO; Fumitake TEZUKA; Hiroshi KAGEYAMA; Junzo FUJITANI; Koichi SAIRYO,10.2176/jns-nmc.2025-0339,2026-12-31,NMC Case Report Journal,
Crossref,aortic stenosis,Two Cases of Lumbar Spinal Canal Stenosis with Dorsal Meningovertebral Ligaments: Potential Risk of Dural Laceration,Kyohei KIN; Ryoji TOMINAGA; Kento TAKEBAYASHI; Hiroki IWAI; Hisashi KOGA,10.2176/jns-nmc.2025-0354,2026-12-31,NMC Case Report Journal,
Crossref,aortic stenosis,Deep learning-based multimodal fusion of vibrational spectroscopy and clinical data for aortic dissection diagnosis and prognosis,Guangyao Ma; Lei Yan; Xuguang Zhou; Hui Yang; Chen Chen; Jing Tao; Hao Liu; Cheng Chen; Yining Yang,10.1016/j.saa.2026.128391,2026-12,Spectrochimica Acta Part A: Molecular and Biomolecular Spectroscopy,
Crossref,aortic stenosis,Vasodilatory study of Mitragyna speciosa (Korth.) Havil methanolic extract using rats aortic ring assay,Hui Wei Loh; Wan Yin Tew; Chong Seng Yan; Chi Yuan Low; Zurina Hassan; Qiyue Qiu; Bin Yang; Zheng Zhang; Ruiling Zhang; Nelson Jeng Yeou Chear; Mun Fei Yam,10.1016/j.jep.2026.122057,2026-12,Journal of Ethnopharmacology,
Crossref,aortic stenosis,Step-by-step En face O red oil method for aortic plaque staining and quantification in ApoE knockout mouse,Nurin Yasmin Mohd Khairudin; B. Vimala R.M.T Balasubramaniam; Suhaila Abd Muid; Nurdiyana Nasrudin; Nasibah Azme,10.1016/j.mex.2026.104020,2026-12,MethodsX,
Crossref,aortic stenosis,An antibody-conjugated polymer nanoparticle that targets inflammatory site for abdominal aortic aneurysm antioxidant stress therapy,Youjin Huang; Qi'’nan Yin; Qin Zhang; Jinping Liu; Ya Wu; Yong Liu,10.1016/j.bioadv.2026.214968,2026-11,Biomaterials Advances,
Crossref,aortic stenosis,M1 macrophage-derived exosomal miR-155-5p exacerbates aortic dissection via SMAD5-Mediated regulation of vascular smooth muscle cell phenotype,Dengwei Cao; Xinyi Li; Shaoping Zhu; Jianfeng Chen; Haoxiang Li; Jiajun Shi; Xiaoqi Xiong; Jiahui Liu; Yumou Wang; Zhe Dong; Jiangping Song; Jinping Liu,10.1016/j.bioactmat.2026.05.057,2026-11,Bioactive Materials,
Crossref,aortic stenosis,Colchicine attenuates diet-induced early aortic vascular remodeling in mice via modulation of inflammatory and cell death-associated pathways,Amira I. Shrief; Sally Abdallah Mostafa; Dina S. Elshenawy; Mamdouh Eldesoqui; Somaya Saad; Yomna F. Hassan,10.1016/j.tice.2026.103720,2026-11,Tissue and Cell,
Crossref,aortic stenosis,Comparative phenotypic analysis of primary aortic VSMCs versus TGF - β/PDGF - BB differentiated MSCs in rat,Pulkit Soni; Diksha Rani; Manish Kumar; Vaibhav Kushwaha; Anurag Thapliyal; Satyavir Yadav; Shashank Kumar Maurya; Sanjay Kumar Dey,10.1016/j.tice.2026.103714,2026-11,Tissue and Cell,
Crossref,aortic stenosis,The impact of FBN1 variant types on pregnancy-related aortic dissection in women with Marfan syndrome,Tae Yokouchi-Konishi; Chizuko Aoki-Kamiya; Mitsuhiro Tsuritani; Yasuki Ishihara; Yohei Miyashita; Yoshihiro Asano; Takeshi Yagyu; Hitoshi Matsuda; Hiroko Morisaki; Mai Temukai; Masami Sawada; Aiko Kakigano; Naoko Iwanaga; Takeshi Kanagawa; Reiko Neki; Jun Yoshimatsu,10.1016/j.ijcard.2026.134634,2026-10,International Journal of Cardiology,
Crossref,aortic stenosis,DNMT3B attenuates the development of thoracic aortic aneurysm and dissection by suppressing TFEB-mediated autophagy in vascular smooth muscle cells,Yulin Bao; Yaxin Zhu; Yuting Niu; Yilu Hu; Dingkun Lu; Ruixia Xu; Xiaohan Fan,10.1016/j.bbadis.2026.168331,2026-10,Biochimica et Biophysica Acta (BBA) - Molecular Basis of Disease,
Crossref,aortic stenosis,Impact of Aortic Diameter on Left Ventricular Diastolic Dysfunction Following Endovascular Aortic Repair in Patients with Abdominal Aortic Aneurysm,Hitoshi Nakanowatari; Masumi Iwai-Takano; Tomohiro Takano; Tsuyoshi Fujimiya; Koki Takahashi; Yoshiki Endo; Yasuhisa Fukada; Yoshihito Irie; Tetsuya Ohira,10.1016/j.avsg.2026.05.108,2026-10,Annals of Vascular Surgery,
Crossref,aortic stenosis,Interpretable machine learning for one-year mortality prediction in acute aortic dissection: a multimodal model integrating CT imaging features and electrocardiographic parameters,Jing Zhang; Wuyu Xiong; Yunping Sun; Wenqiang Li; Cuiyuan Huang; Huiling Zheng; Caiwei Tan; Ye Sang; Jiajuan Yang; Songlin Zhang; Jian Yang,10.1016/j.bspc.2026.110969,2026-10,Biomedical Signal Processing and Control,
Crossref,aortic stenosis,Early Multicenter Experience with the Nexus Duo™ Aortic Arch Stent Graft System in the Treatment of Aneurysmatic Aortic Arch Diseases,Theodosios Bisdas; Michael Erb; Nikolas Charalambous; Michelle Antonello; Vladimir Makaloski; Luis Miguel Izquierdo Lamoca; Said Abisi; Ahmed Elbasty; Semih Buz; Elisa Jankwitz; Georgios I. Karaolanis; Nada Yasser Elzefzaf; Neophytos Zambas (Nicosia); Prakash Saha; Christiane Schubert,10.1016/j.avsg.2026.05.095,2026-10,Annals of Vascular Surgery,
Crossref,aortic stenosis,Metabolic mechanism analysis of abdominal aortic aneurysm tissues by internal extractive electrospray ionization mass spectrometry with minimal sample size,Manman Qin; Leting Wang; Dan Shan; Deqing Lin; Qinglin Chen; Shuxiang Yan; Liangliang Liao; Xinyi Luo; Yifeng Zhang; Jun Yu,10.1016/j.talanta.2026.129840,2026-10,Talanta,
Crossref,aortic stenosis,Long-Term Durability of TEVAR for Blunt Traumatic Aortic Injury in Young Patients,Karthigesu Aimanan; Ammar Ahmad; Michael Arvind; Putera Mas Pian; Kumaraguru VK. Pillay; Hanif Hussein,10.1016/j.avsg.2026.05.107,2026-10,Annals of Vascular Surgery,
Crossref,aortic stenosis,Transcatheter embolization of an endoleak through a vascular plug implanted in the left common iliac artery during aortouni-iliac endovascular aortic repair: A case report,Ryuta Okuhira; Akira Ikoma; Ryosuke Mimura; Atsufumi Kamisako; Tetsuo Sonomura; Hiroshi Doi,10.1016/j.radcr.2026.06.034,2026-10,Radiology Case Reports,
Crossref,aortic stenosis,"Evaluation, treatment, and outcomes in patients with possible severe aortic stenosis",Pishoy Gouda; Derek D. Cyr; Karen Chiswell; Jeremy Mercer; Paul Hofmann; Shazeb Khan; Sreekanth Vemulapalli,10.1016/j.ahj.2026.107498,2026-10,American Heart Journal,
Crossref,aortic stenosis,Admission-Based Early Risk Stratification for In-Hospital Mortality in Ruptured Abdominal Aortic Aneurysm: A Pragmatic Clinical Model,M.a Lourdes Del Río-Solá; Marina Jimenez-Caja; Clara de la Torre-Casaseca; Eva Alvarez-Garcia; Carlos García-Padron; Cintia Flota-Ruiz,10.1016/j.avsg.2026.05.086,2026-10,Annals of Vascular Surgery,
Crossref,mitral regurgitation,AIoT-Driven Real-Time Detection of Mitral Valve Prolapse,Meng Han Chen; Guanling Lee,10.1504/ijipt.2027.10079642,2027,International Journal of Internet Protocol Technology,
Crossref,mitral regurgitation,Cine-derived mitral annular relaxation velocity for detection of preclinical left ventricular diastolic dysfunction,Niall McVeigh; David Ryan; Fiona Ryan; Joseph McCambridge; Maria Ferre; Sebastian Flynn; David J. Murphy; Mark Ledwidge; Ken McDonald; Jonathan D. Dodd,10.1016/j.mri.2026.110733,2026-11,Magnetic Resonance Imaging,
Crossref,mitral regurgitation,Corrigendum to “First-in-human study of the K-Clip™ transcatheter annular repair system for severe functional tricuspid regurgitation” [International Journal of Cardiology 390(2023) / IJCA 131174],Xiaochun Zhang; Qinchun Jin; Wenzhi Pan; Wei Li; Yingqiang Guo; Genshan Ma; Cuizhen Pan; Shasha Chen; Yuan Zhang; Lei Zhang; Mingfei Li; Shiqiang Hou; Yat-yin Lam; Thomas Modine; Alex Pui-Wai Lee; Juying Qian; Daxin Zhou; Junbo Ge,10.1016/j.ijcard.2026.134622,2026-10,International Journal of Cardiology,
Crossref,mitral regurgitation,A physiology-constrained framework for non-invasive left atrial pressure assessment and post-procedural estimation in mitral stenosis,Qimin Zhang; Wenwen Liang; Shengzhang Wang; Minmin Sun,10.1016/j.bspc.2026.110809,2026-10,Biomedical Signal Processing and Control,
Crossref,mitral regurgitation,Severe tricuspid regurgitation is a congestion-driven cardiorenal disease: A longitudinal study defining a right heart failure phenotype,Layal Mansour; Prayuth Rasmeehirun; Guillaume L'Official; Benjamin Marut; Marion Lacout; Melanie Bezard; Erwan Donal,10.1016/j.ijcard.2026.134643,2026-10,International Journal of Cardiology,
Crossref,mitral regurgitation,Relationship between left atrial fibrosis and function in a selected cohort undergoing surgery for severe primary mitral regurgitation,Caterina Maffeis; Andrea Rossi; Elvin Tafciu; Stefania Rizzo; Monica De Gaspari; Vincenzo Giambruno; Venanzio Di Nicola; Giovanni B. Luciani; Cristina Basso; Flavio L. Ribichini,10.1016/j.ijcard.2026.134614,2026-10,International Journal of Cardiology,
Crossref,mitral regurgitation,Left atrial strain and fibrosis in primary mitral regurgitation: asynchronous markers of atrial remodelling?,Cristina Conte; Alessandro Telesca; Massimo Imazio,10.1016/j.ijcard.2026.134642,2026-10,International Journal of Cardiology,
Crossref,mitral regurgitation,Safety of multiple grasping attempts during transcatheter mitral valve repair with the PASCAL system,Florian Jürgens; Florian Schindhelm; Mohammed Abusharekh; Clara M.K. Brandts; Jürgen Kampf; Matthias Totzeck; Fadi Al-Rashid; Peter Lüdike; Tienush Rassaf; Amir A. Mahabadi,10.1016/j.ijcard.2026.134636,2026-10,International Journal of Cardiology,
Crossref,mitral regurgitation,"Comment on “accuracy of machine learning models for mitral regurgitation severity assessment: A systematic review and meta-analysis""",Sharyu Ikhar; Yogesh Nagargoje; Ruchita Shrivastava,10.1016/j.ijcrp.2026.200666,2026-09,International Journal of Cardiology Cardiovascular Risk and Prevention,
Crossref,mitral regurgitation,Ultrasound measurement of antral cross-sectional area to predict regurgitation during general anesthesia for cesarean section in laboring women: a prospective observational cohort study,Longyuan Shen; Qiuxia Jiang; Xiaojuan Yu; Quansheng Xiao; Shengzhao Wang; Xiongda Lin; Qichen Luo; Shaoqiang Huang,10.1016/j.accpm.2026.101773,2026-09,Anaesthesia Critical Care &amp; Pain Medicine,
Crossref,mitral regurgitation,"Direct-access, balloon-expandable mitral valve replacement under fibrillatory arrest in extensive mitral annular calcification",John Wheeler; Gilbert Tang; Dimosthenis Pandis; Ahmed El-Eshmawi,10.1016/j.xjse.2026.100130,2026-09,JTCVS Structural and Endovascular,
Crossref,mitral regurgitation,"Hammock mitral valve in a 12-day-old female: pathophysiology, management and legal issues",Antonino Giulio Giannone; Tommaso D’Anna; Giuseppe Calcaterra; Giuseppe Calì; Elisabetta Orlando; Giovanni De Lisi; Eleonora Formisano; Ginevra Malta; Emanuele Lo Rito; Ada Maria Florena; Beatrice Belmonte; Emiliano Maresi,10.1016/j.legalmed.2026.102919,2026-09,Legal Medicine,
Crossref,mitral regurgitation,Case report: Salvage transcatheter aortic valve replacement for acute aortic regurgitation due to prosthetic valve endocarditis,Denizhan Ozdemir; Uttam Singh; Adishwar Singh; Raj R. Makkar,10.1016/j.crmic.2026.100165,2026-09,Cardiovascular Revascularization Medicine: Interesting Cases,
Crossref,mitral regurgitation,Massive mitral annular calcification with valvular involvement: Multimodality and longitudinal imaging correlation,Manuela Montatore; Gabriele Fanigliulo; Federica Masino; Ruggiero Tupputi; Roberto Maresca; Francesca Calò; Eluisa Muscogiuri; Giuseppe Guglielmi,10.1016/j.radcr.2026.05.087,2026-09,Radiology Case Reports,
Crossref,mitral regurgitation,Beyond gastric volume: linking gastric ultrasound to regurgitation to refine aspiration risk assessment,Lionel Bouvet; Dan Benhamou,10.1016/j.accpm.2026.101811,2026-09,Anaesthesia Critical Care &amp; Pain Medicine,
Crossref,mitral regurgitation,Mechanical mitral prosthesis thrombosis despite normal disc mobility: A case report,Parvathy Sankar; Nicholas Mitchell; Aiden Van Loo; Mohammad Ghandhor; Mitchell Schwocho; Noora Neiroukh; Richard Bloomingdale,10.1016/j.crmic.2026.100168,2026-09,Cardiovascular Revascularization Medicine: Interesting Cases,
Crossref,mitral regurgitation,Blood-nulled late gadolinium enhancement increases sensitivity for subtle basal myocardial scar in mitral valve prolapse with annular disjunction,Amy Avakian; Muhammad Umair,10.1016/j.radcr.2026.05.076,2026-09,Radiology Case Reports,
Crossref,mitral regurgitation,Clinical and echocardiographic predictors of reintervention after percutaneous or surgical treatment of rheumatic mitral stenosis: A systematic review,S.A. Gómez-Gualdrón; J.S. Macias-Martinez; A.M. Pulido-Parra; S.A. Higuera-Leal; B.E. Vesga-Angarita,10.1016/j.cpcardiol.2026.103358,2026-09,Current Problems in Cardiology,
Crossref,mitral regurgitation,Severe aortic regurgitation following ventricular septal defect repair: A case discussion,Jacqueline Nel; Muhammed Vally,10.1016/j.visj.2026.102572,2026-09,Visual Journal of Emergency Medicine,
Crossref,mitral regurgitation,Multimodality imaging assessment of caseous mitral annular calcification in a hemodialysis patient undergoing atrial fibrillation ablation: A case report,Jingyan Niu; Wencai Huang; Jiani Zou,10.1016/j.radcr.2026.04.080,2026-08,Radiology Case Reports,
Crossref,valvular heart disease,Giant Cells in Health and Disease-A Review,Sonal Gupta,10.21276/ijchmr.2016.2.2.10,2106-06-20,International Journal Of Community Health And Medical Research,
Crossref,valvular heart disease,Contemporary Disease Management in Quebec,Amédé Gogovor; Michelle Savoie; Yola Moride; Marilyn Krelenbaum; Terrence Montague,10.12927/hcq.2013.19495,2088-01-15,Healthcare Quarterly,
Crossref,valvular heart disease,Chronic Disease Prevention and Management: Implications for Health Human Resources in 2020,Margo Orchard; Esther Green; Terrence Sullivan; Anna Greenberg; Verna Mai,10.12927/hcq.2013.19496,2088-01-15,Healthcare Quarterly,
Crossref,valvular heart disease,What a Study on Ultraprocessed Fake Meat and Heart Disease Really Found,Lori Y,10.1038/scientificamerican072077-2xmzfca9smsvxelw1jobgf,2077-07,Scientific American,
Crossref,valvular heart disease,Woman Receives Genetically Modified Pig Kidney Transplant after Heart Pump Surgery,Tanya L,10.1038/scientificamerican072077-4hozib8kpx2m6wjvhqi1zz,2077-07,Scientific American,
Crossref,valvular heart disease,Water Lily or Camelotte Sign in Pulmonary Hydatid Cyst – An Orphan Disease,Sudheer Tale; Soibampahel M; Mrudula K; Ritisha B; Subodh K; Girish S,10.23880/cclsj-16000132,2028-11-11,Cell &amp; Cellular Life Sciences Journal,"A 20 – year – old male without any previous comorbidity presented to pulmonary medicine outpatient department with complaints of dull aching chest pain on right side, dry cough and shortness of breath for the pastone year. He was non vegetarian and had no addictions. On general physical examination his vitals were stableand respiratory system examination revealed decreased breath sounds in the right hemithorax. All his routineblood investigations were normal. Chest radiograph revealed homogenous opacity in the right middle andlower zones. Contrast enhanced computed tomography of thorax and abdomen showed a well defined encapsulatedcystic lesion of size 12x10x14cm with internal floating membranes (water lily sign or Camelotte sign) with masseffect on adjacent lung parenchyma causing atelectasis and compression of adjacent vessels (Figure 1). Hydatid serology (IgG) was positive. Patient was treated symptomatically and referred for surgical intervention."
Crossref,valvular heart disease,Comparison of convolutional neural network (CNN) methods using AlexNet and VGG16 architectures for disease detection in apples,Anang Pramono; Zuhriah Virlani Putri,10.1504/ijaac.2028.10078919,2028,International Journal of Automation and Control,
Crossref,valvular heart disease,"EFFECT OF FERTILIZER FACTORY WASTES ON SEED GERMINATION, PLANT GROWTH AND ROOT-KNOT DISEASE DEVELOPMENT IN TOMATO (Lycopersicon lycopersicum L.) PLANTS",Gopal Dixit,10.33865/wjb.002.02.0086,2027-08-31,World Journal of Biology and Biotechnology,"In the present research paper studies have been made on fertilizer factory wastes on percent seed germination, root and shoot length of plants and development of root-knot galls by Meloidogyne incognita in five cultivars of tomato. Though all the cultivars showed almost similar impact of fertilizer wastes on seed germination, plant growth and resistance for root-knot disease with little variation. Percent germination of seeds and plant growth was found decreased while the root-knot index was increased along with the increase in concentration of fertilizer wastes."
Crossref,valvular heart disease,RELATION OF HEART WEIGHT WITH AGE AND WEIGHT OF CADAVER,Jolly Agarwal; Virendra Kumar,10.21761/jms.v2i01.10838,2027-07-25,SRMS JOURNAL OF MEDICAL SCIENCE,"Introduction: Height, weight, and age of person has significant impact on the normal size of&#x0D; heart. These parameters need to be considered when cut-off values indicating the need for&#x0D; treatment or even surgery are established. The aim of present work is to study the relation of&#x0D; weight of the heart with age and weight of cadaver.&#x0D; Material and Methods: The study was performed in the Department of Anatomy, Shri Ram&#x0D; Murti Smarak Institute of Medical Sciences, Bareilly on 30 hearts from embalmed cadavers.&#x0D; The hearts were procured from the cadavers available in our department. The heart was&#x0D; thoroughly cleaned and measurements were taken.&#x0D; Results: The mean heart weight was 223.37 ± 57.78 g. Significant relationship between age of&#x0D; the cadaver and weight of the heart (p=0.0004), weight of cadaver and weight of heart&#x0D; (p=0.0001) was observed.&#x0D; Conclusion: The above study provides valuable data of the heart in our geographical location,&#x0D; which may be useful for cardiac surgeons and physicians."
Crossref,valvular heart disease,"Correlation of IL-1β, IL-17A, and CXCL13 Biomarkers with P2RX7 Genetic Polymorphism and Clinical Disease Activity of Iraqi Patients with Rheumatoid Arthritis",Zahraa Thamir; Mohammed Nader,10.21608/ejmm.2026.497902.2527,2027-07-01,Egyptian Journal of Medical Microbiology,
Crossref,valvular heart disease,Serum Interleukin-15 and Tumor Necrosis Factor-Alpha as Diagnostic and Disease Activity Biomarkers in Vitiligo,Ali S. Aziz; Raad A. Alasady,10.21608/ejmm.2026.494791.2477,2027-07-01,Egyptian Journal of Medical Microbiology,
Crossref,valvular heart disease,Association of Helicobacter pylori toxins cagA and vacA with Parkinson's Disease,Enas A. Daef; Mona H. Abdel-Rahim; Eman M. Farghly; Eman M.H. Khedr; Mona S. Embarek,10.21608/ejmm.2026.483634.2350,2027-04-01,Egyptian Journal of Medical Microbiology,
Crossref,valvular heart disease,Diagnostic and Prognostic Utility of IL-17 and TNF-α in Psoriasis: Insights into Early Detection and Disease Severity,Dhamya K. Sarhan; Jenan M. Ghani; Baneen A. Abd Ulrahman; Intisar R. Sharba; Jinan M. Abd,10.21608/ejmm.2026.482466.2339,2027-04-01,Egyptian Journal of Medical Microbiology,
Crossref,valvular heart disease,Interleukin-30 Level in Patients with Psoriasis Vulgaris and its Relation to Disease Severity,Heba E.S. Hassan; Nessma A. Nosser; Nora M. Darwish; Fatma F. El Dakrory,10.21608/ejmm.2026.487292.2402,2027-04-01,Egyptian Journal of Medical Microbiology,
Crossref,valvular heart disease,Detection of Serum Levels of Interleukin-37 In Patients with Vitiligo and Its Correlation with Disease Activity,Mona G. Nada; Nancy M. Mamdouh; Mera M.G. Anan,10.21608/ejmm.2026.489043.2422,2027-04-01,Egyptian Journal of Medical Microbiology,
Crossref,valvular heart disease,The Role of Nuclear Enriched Abundant Transcript 1 (NEAT1) as a Novel Marker in Diagnosis of Systemic Lupus Erythematosus Disease in Benha University Hospital,"Amany K. Shahat; Ahmed S. Osman; El-Sayed M. Abd-Elghany; Neama L. Ismail; Noha H, Ibrahim",10.21608/ejmm.2026.484722.2369,2027-04-01,Egyptian Journal of Medical Microbiology,
Crossref,valvular heart disease,Efficacy versus coverage: population-level impacts of vaccination schemes,Lixin Lin; Lewi Stone,10.1016/j.idm.2026.07.001,2027-03,Infectious Disease Modelling,
Crossref,valvular heart disease,From giant components to communities: community-level insights for prioritizing interventions within large clusters of HIV-1 transmission networks,Huanchang Yan; Hao Wu; Jiahang Wang; Shunming Li; Yefei Luo; Lingxuan Lai; Jingyang Hu; Zhenming Tian; Yuanli Rao; Jing Gu; Shixing Tang; Yuantao Hao; Zhigang Han; Yu Liu,10.1016/j.idm.2026.05.010,2027-03,Infectious Disease Modelling,
Crossref,valvular heart disease,Optimal timing for staged vaccination campaigns: Insights from scenario tree-based stochastic optimization,Farah Al Hashimi; Shengyuan Chen; Jianhong Wu,10.1016/j.idm.2026.06.004,2027-03,Infectious Disease Modelling,
Crossref,valvular heart disease,"Lactiplantibacillus plantarum as a multifunctional probiotic for inflammatory bowel disease: Mechanisms, synbiotic strategies, and delivery systems",Wenqiang Tao; Wei Liu; Xinbei Shi; Shuo Han; Yingye Shen; Wenjun Sun; Yu Sha; Gefei Wang; Yong Chen; Hanjie Ying,10.1016/j.synbio.2026.06.005,2027-02,Synthetic and Systems Biotechnology,
Crossref,deep learning,Learner profiles and the process of Learning in the Higher Educational Context,Christos Skourlas; Petros Belsis,10.15556/ijiim.02.01.003,2115-03-05,International Journal on Integrated Information Management,
Crossref,deep learning,WEB-BASED COLLABORATIVE LEARNING AND KNOWLEDGE SHARING IN INFORMAL BUSINESS NETWORKS,George Stalidis; Costis Papadimitrakopoulos; Theocharis Tsakiris,10.15556/ijiim.01.02.002,2114-12-10,International Journal on Integrated Information Management,
Crossref,deep learning,Availability and Utilization of Tools and Equipment for Teaching and Learning Garment Making Trade in the Senior Secondary Schools in Edo State,,10.20431/2349-0381.0303002,2106,"International Journal of Humanities, Social Sciences and Education",
Crossref,deep learning,Title Pending 8184,,10.3998/mjcsl.8184,2036-06-28,Michigan Journal of Community Service Learning,
Crossref,deep learning,Title Pending 8122,,10.3998/mjcsl.8122,2036-05-11,Michigan Journal of Community Service Learning,
Crossref,deep learning,Title Pending 8219,,10.3998/mjcsl.8219,2036-04-13,Michigan Journal of Community Service Learning,
Crossref,deep learning,Title Pending 8273,,10.3998/mjcsl.8273,2036-03-03,Michigan Journal of Community Service Learning,
Crossref,deep learning,Title Pending 7452,,10.3998/mjcsl.7452,2036-01-19,Michigan Journal of Community Service Learning,
Crossref,deep learning,Title Pending 6294,,10.3998/mjcsl.6294,2034-12-20,Michigan Journal of Community Service Learning,
Crossref,deep learning,Title Pending 5730,,10.3998/mjcsl.5730,2034-11-18,Michigan Journal of Community Service Learning,
Crossref,deep learning,Title Pending 3643,,10.3998/mjcsl.3643,2033-09-06,Michigan Journal of Community Service Learning,
Crossref,deep learning,Title Pending 4120,,10.3998/mjcsl.4120,2033-03-28,Michigan Journal of Community Service Learning,
Crossref,deep learning,Title Pending 2741,,10.3998/mjcsl.2741,2032-09-28,Michigan Journal of Community Service Learning,
Crossref,deep learning,Machine Learning Application for SAIs,Tiare Rivera,10.56251/watu4873,2030-10-20,International Journal of Government Auditing,
Crossref,deep learning,Integration of Biomechanics and Digital Technology: Using Kinovea for Motion Analysis and Learning for Beginner Athletes,Muhammad Nur Hudha; Riezky Maya Probosari; Annisa Nur Khasanah; Supurwoko; Salsabila Kholifahtun Nisa’; Gifran Rihla Gifarka Latief,10.58524/jcss.v4i2.890,2029-11-29,Journal of Coaching and Sports Science,"Background: The integration of biomechanics with digital motion-analysis technologies has introduced new approaches for examining movement efficiency, kinematic characteristics, and technical patterns in walking and running activities. Kinovea, as an accessible motion-analysis software, provides both visual and quantitative feedback. However, its application in supporting technique development among beginner athletes remains insufficiently explored. Aim: This study aims to describe the use of Kinovea in biomechanics training and examine its contribution to the awareness of kinematic characteristics and movement techniques among beginner athletes. Methods: A descriptive qualitative design involved 72 beginner athletes aged 18–25 years selected through purposive sampling. Data were collected over 16 weeks through interviews, field observations, and motion video recordings analyzed using Kinovea. Kinematic data focused on joint angles, stride behavior, and movement phases during walking, running, and the flight phase. Qualitative data were analyzed using content analysis with NVivo 12, while kinematic results were interpreted descriptively to identify performance patterns and areas for technical refinement. Result: Kinematic analysis showed coordinated joint-angle patterns across all phases. Walking analysis identified arm swing angles of 50.9°–58.8° and leg separation angles of 64.3°–67.2°, indicating a stable gait rhythm. The running analysis revealed knee angles of 68.8°–69.8° and elbow angles of 87.6°–89.1°, indicating efficient propulsive mechanics. The flight phase demonstrated knee angles of 81.2°–87.8° and elbow angles of 80.4°–88.3°, suggesting effective momentum use and postural stability. These measurements supported stride-efficiency assessment and technique evaluation. Qualitative findings revealed that Kinovea enabled athletes to interpret movement phases and identify technical inefficiencies through slow-motion and frame-by-frame visualization. Conclusion: Kinovea supports basic motion analysis by providing clear kinematic information and helping beginner athletes observe and refine their movement techniques. The findings also offer practical value for coaches by enabling more precise identification of inefficient patterns and guiding targeted corrections during early-stage training."
Crossref,deep learning,Sparsity Learning via Structured Functional Factor Augmentation,Hanteng Ma; Ziliang Shen; Xingdong Feng; Xin Liu,10.5705/ss.202025.0205,2029,Statistica Sinica,
Crossref,deep learning,Transfer Learning for High-dimensional Regression with Compositional Covariates: Application to Microbiome Studies,Qinqin Hu; Xiaojing Luo; Chencheng Ma; Wang Zhou,10.5705/ss.202025.0314,2029,Statistica Sinica,
Crossref,deep learning,Cyber Defense Digital Twins: A Federated Learning and Zero-Trust AI Architecture for Autonomous Threat Prediction and Response,Sivaramakrishnan Narayanan,10.32628/cseit251116279,2028-08-27,"International Journal of Scientific Research in Computer Science, Engineering and Information Technology","Modern enterprise networks operate under persistent threats that exploit cloud-native misconfigurations, identity sprawl, and API vulnerabilities at machine speed. Existing security operations center (SOC) architectures remain largely reactive, signature-dependent, and incapable of predicting multi-stage lateral movement. This paper proposes the Cognitive Cyber Defense Digital Twin (CCDT), a unified architecture integrating federated learning (FL), graph neural network (GNN)-based attack-path forecasting, adversarially hardened detection models, and autonomous Security Orchestration, Automation, and Response (SOAR) with deception engineering. The CCDT constructs a continuously synchronized digital replica of organizational assets and employs reinforcement learning-based red agents to stress-test detection models. A federated intelligence mesh enables cross-organizational privacy-preserving gradient sharing. Experimental evaluations against CICIDS-2018 and LANL datasets demonstrate 52% faster attack-path detection, 41% reduction in false positive rate, and 60% reduction in mean-time-to-respond (MTTR) compared to traditional SOC baselines. Integrated Explainable AI (XAI) modules using SHAP values enable audit-ready compliance reporting. The CCDT represents a paradigm shift from reactive monitoring to predictive, autonomous, and privacy-preserving cyber defense for hybrid cloud environments."
Crossref,deep learning,The Nexus of Leadership and Learning: Exploring Female Principals' Influence on the Teaching-Learning Process in Secondary Schools,Muhammad Niqab; Salma Tabbasum; Shakil Ahmad,10.55737/qjss.vii-i.26473,2028-02-28,Qlantic Journal of Social Sciences,"The research paper will set out to debate the role played by the leadership competencies of principals in the teaching and learning process. The research will embrace a quantitative research design that will seek to answer the question concerning the relationship that exists between leadership skills of possessed by the  principals and the ongoing teaching-learning process in the female secondary schools using a co-relational study design. A survey instrument comprising of 37 items, which measured the leadership skills possessed by the selected principals and the prevailing teaching learning process, was used in the collection of data. Questionnaires for this study were administered to 108 male and female educators who were serving in secondary schools in Tehsil Wari, upper Dir and among them 100 questionnaires were submitted and were deemed to be useful in the analysis. The data in hand were calculated using Statistical Package of the Social Sciences (SPSS) version-27 and the obtained results indicated that the collected data was normally distributed. The findings revealed that all the variables of the study had great correlations. The analysis of the data was done through linear regression to measure the effect that the leadership skills of the principals had on the teaching learning process and this indicated that leadership skills of the principals have statistically significant effect on the teaching learning process. The policies derived out of this research can be a good guide to both the policymakers and organizational leaders because they can provide a good outline on how to empower the leaders in charge of the principals and as well as exert more influence on the effective teaching and learning processes."
Crossref,deep learning,Transforming Education through Technology: The Case of COVID 19 Digital Learning in Nagaland,K Hinoca Assumi,10.71126/nijre.v2i1.16,2028-02-28,Naveen International Journal of Research in Education (NIJRE),"Through the perspective of the COVID-19 pandemic and the disruption and opportunity it engendered, this chapter follows a transformative effect of EdTech and Digital education in India particularly in Nagaland through analysis. Drawing upon national policy frameworks, conceptual literature on educational technology, and contextual evidence based on the case of Nagaland, the chapter considers the rapid migration to digital learning as an emergency strategy (in response to the ongoing institution closures) based on the stark shifts in pedagogical practice, access to education services, and preparedness. The findings show that, including the ability of national programmes such as NEP 2020, SWAYAM, DIKSHA, PM e-VIDYA, and others, to promote access to digital tools was low within periphery or hill areas (e.g., Nagaland), due to lack of infrastructural resources, digital divide, unprepared teachers and economic/social divides, and more. The pandemic exposed the deep social and infrastructure divides in connectivity, device availability, assessment and learner engagement, with implications that were especially grave in rural and tribal settings. Although it accelerated the pace of innovation and the application of blended and low-tech learning practices teachers have been experimenting with digital platforms and the post-COVID recovery process, including remedial programmes and hybrid instruction. The chapter also discusses that blended learning is the most fitting, viable and sustainable approach for reaching the technological level in the field of educational technology at Nagaland. It implies that technology-mediated education can improve equity, quality, and resilience, but only under the conditions of inclusive policy design, strong digital infrastructure, vigorous teacher capability building, and culturally appropriate digital content. Keywords: Educational technology, digital learning, COVID-19, Nagaland, online education, Challenges, blended learning"
OpenAlex,aortic stenosis,"Left Ventricular Outflow Tract Obstruction: A Comprehensive Pathophysiological, Clinical, and Therapeutic Overview of a Heterogeneous Spectrum of Cardiovascular Disorders",Indunil Karunarathna; Asoka Karunarathna,10.5281/zenodo.21314660,2026-07-11,Zenodo (CERN European Organization for Nuclear Research),"Left ventricular outflow tract obstruction (LVOTO) encompasses a diverse and clinically significant group of cardiovascular disorders characterized by impedance to systolic blood flow from the left ventricle into the systemic circulation. This obstruction may arise at three distinct anatomical levels—subvalvular, valvular, or supravalvular—and can be attributable to congenital anomalies, acquired degenerative processes, or dynamic functional derangements. Hemodynamically, LVOTO is defined by a peak instantaneous gradient of at least 30 mmHg across the outflow tract, a threshold that carries profound prognostic implications. The etiological spectrum includes subaortic stenosis, bicuspid aortic valve stenosis, supravalvular aortic stenosis, coarctation of the aorta, and hypertrophic cardiomyopathy, each with unique pathophysiological mechanisms, natural histories, and therapeutic considerations. Untreated LVOTO imposes a chronic afterload burden on the left ventricle, culminating in maladaptive hypertrophy, chamber dilatation, and eventual heart failure. Diagnosis relies on a multifaceted approach incorporating clinical examination, electrocardiography, and advanced imaging modalities such as transthoracic echocardiography, cardiac magnetic resonance, and computed tomography angiography. Management strategies are etiology-specific and range from pharmacological modulation in dynamic obstructions to surgical or catheter-based interventions for fixed anatomical lesions. Given the condition's prevalence across all age groups and its potential for significant morbidity and mortality, a comprehensive understanding of LVOTO is essential for clinicians across specialties. This review provides an in-depth scholarly examination of the pathophysiological substrates, clinical presentations, diagnostic algorithms, and evidence-based therapeutic approaches for the major causes of LVOTO, emphasizing the imperative of early recognition and interprofessional collaborative management to optimize patient outcomes."
OpenAlex,aortic stenosis,"Left Ventricular Outflow Tract Obstruction: A Comprehensive Pathophysiological, Clinical, and Therapeutic Overview of a Heterogeneous Spectrum of Cardiovascular Disorders",Indunil Karunarathna; Asoka Karunarathna,10.5281/zenodo.21314659,2026-07-11,Zenodo (CERN European Organization for Nuclear Research),"Left ventricular outflow tract obstruction (LVOTO) encompasses a diverse and clinically significant group of cardiovascular disorders characterized by impedance to systolic blood flow from the left ventricle into the systemic circulation. This obstruction may arise at three distinct anatomical levels—subvalvular, valvular, or supravalvular—and can be attributable to congenital anomalies, acquired degenerative processes, or dynamic functional derangements. Hemodynamically, LVOTO is defined by a peak instantaneous gradient of at least 30 mmHg across the outflow tract, a threshold that carries profound prognostic implications. The etiological spectrum includes subaortic stenosis, bicuspid aortic valve stenosis, supravalvular aortic stenosis, coarctation of the aorta, and hypertrophic cardiomyopathy, each with unique pathophysiological mechanisms, natural histories, and therapeutic considerations. Untreated LVOTO imposes a chronic afterload burden on the left ventricle, culminating in maladaptive hypertrophy, chamber dilatation, and eventual heart failure. Diagnosis relies on a multifaceted approach incorporating clinical examination, electrocardiography, and advanced imaging modalities such as transthoracic echocardiography, cardiac magnetic resonance, and computed tomography angiography. Management strategies are etiology-specific and range from pharmacological modulation in dynamic obstructions to surgical or catheter-based interventions for fixed anatomical lesions. Given the condition's prevalence across all age groups and its potential for significant morbidity and mortality, a comprehensive understanding of LVOTO is essential for clinicians across specialties. This review provides an in-depth scholarly examination of the pathophysiological substrates, clinical presentations, diagnostic algorithms, and evidence-based therapeutic approaches for the major causes of LVOTO, emphasizing the imperative of early recognition and interprofessional collaborative management to optimize patient outcomes."
OpenAlex,aortic stenosis,"The Effect of Antihypertensive Medication Classes on the Hemodynamic Severity Parameters of Classical and Paradoxical Low-Flow, Low-Gradient Aortic Stenosis",Chelsea Grant; Azhar Supariwala,10.7759/cureus.112455,2026-07-11,Cureus,"Background: While the left ventricular (LV) hypertrophy and diffuse interstitial fibrosis characteristic of the pathophysiology of aortic stenosis (AS) are reversed by aortic valve replacement (AVR), the definitive treatment for AS, angiotensin modulators have demonstrated antifibrotic effects in animal models of AS. While goal-directed medical therapy (GDMT) treatment of hypertension is recommended for the early progressive stages of AS, there are no guideline-recommended antihypertensive therapies for stage D low-flow, low-gradient (LFLG) severe AS. Methods: All echocardiographic studies performed at South Shore University Hospital between January 2020 and December 2024 were retrospectively reviewed to identify a cohort of patients with LFLG severe AS. The progression of echocardiographic hemodynamic severity parameters was then examined according to prescribed antihypertensive medications in this cohort of 218 patients followed for a mean period of 19.1 months. Results: In this cohort, the prevalence of LFLG severe AS with preserved left ventricular ejection fraction (LVEF) was 72.9%. Angiotensin-converting enzyme (ACE) inhibitors were not associated with any statistically significant change in hemodynamic severity markers, whereas angiotensin receptor blockers (ARBs) were associated with a statistically significant increase in peak jet velocity in a subset of the cohort (p = 0.042). Conclusion: In this cohort, angiotensin modulators were not associated with slower progression of AS severity parameters. Rather, the GDMT members - ​​​​sodium-glucose cotransporter 2 (SGLT2) inhibitors and beta-blockers - were associated with differential reductions in stenosis severity markers in patients with LFLG severe AS."
OpenAlex,aortic stenosis,Screening of pediatric patients with congenital anomalies of the kidney and urinary tract for associated congenital heart disease in a tertiary care setting,Sahar Sheta; Rana Hendawy; Esraa Fathy; Shaimaa Sayed,10.1007/s00467-026-07454-9,2026-07-11,Pediatric Nephrology,"BACKGROUND: Congenital anomalies of the kidney and urinary tract (CAKUT) are among the most common birth defects and represent a leading cause of chronic kidney disease (CKD) in children. Congenital heart disease (CHD) is the most frequent severe congenital malformation worldwide. Given the shared mesodermal embryologic origin of both the renal and cardiovascular systems, an association between CAKUT and CHD has been proposed. We aimed to screen pediatric patients diagnosed with CAKUT for the presence of associated CHD. METHODS: This cross-sectional analytical study included 300 pediatric patients with CAKUT. Demographic data, type of CAKUT and kidney function status were collected. All patients underwent cardiac evaluation and echocardiography to detect structural heart defects and assess cardiac function. CAKUT types and their association with CHD were analyzed. RESULTS: The mean age of the cohort was 6.42 years, with a male predominance (68.7%). CHD was detected in 7% of patients, with atrial septal defect (33%) and ventricular septal defect (23%) being the most frequent lesions. 28.5% of these patients with CHD needed surgical intervention. The most common CAKUT subtype was vesicoureteral reflux (27.7%), and it was the most common CAKUT subtype associated with CHD. Fractional shortening impairment was strongly associated with advanced CKD. CONCLUSIONS: The coexistence of CHD among children with CAKUT could emphasize the need for cardiac evaluation and consider the echocardiographic screening in this population. Moreover, the observed link between advanced CKD stage and cardiac dysfunction supports the necessity of integrated nephro-cardiac care in these patients."
OpenAlex,aortic stenosis,"Left Main, Proximal LAD &amp; LCX Arteries Dimensions in Indian Population: An IVUS Study",Nilashish Dey,10.25258/ijpqa.16.12.69,2026-07-11,International Journal of Pharmaceutical Quality Assurance,.
OpenAlex,aortic stenosis,Incidental Moderate Aortic Stenosis and 90-Day Mortality in Non- Cardiac Critical Illness: A Retrospective Cohort Study Using the MIMIC-IV Echocardiography Database,Lujun Shao; Cheng Xu; Huiyu Tai; Yue Li,10.21203/rs.3.rs-9965444/v1,2026-07-10,Research Square,
OpenAlex,aortic stenosis,Association of Lipoprotein(a) With SYNTAX Score in Young Adults Presenting with Acute Coronary Syndrome: A Cross-Sectional Study,AKASH SWAIN; BARUN KUMAR; Kanika Kukreja; ADITYA AGARWAL; Kishan Mavani,10.21203/rs.3.rs-10106809/v1,2026-07-10,Research Square,
OpenAlex,aortic stenosis,The Evolving Role of Coronary Artery Imaging in Assessing Cardiovascular Risk from Lipoprotein(a),Michael T. Savides; Harpreet S. Bhatia; Inna Kuznetsova; Michael J. Wilkinson,10.1007/s11883-026-01440-0,2026-07-10,Current Atherosclerosis Reports,"PURPOSE OF REVIEW: Summarize current literature on the use of coronary artery imaging modalities in examining the atherosclerotic and arterial inflammatory manifestations of elevated lipoprotein(a) [Lp(a)]. Evaluate the evolving role of coronary imaging in risk stratification and treatment decisions. RECENT FINDINGS: While Lp(a) and calcium scoring (CAC) are independently associated with cardiovascular risk, Lp(a) is associated with CAC incidence and progression. Lp(a) is associated with greater plaque prevalence, multivessel disease, and high-risk morphologies, while also being linked to accelerated progression of mixed and lipid-rich plaque by coronary CT angiography. Intravascular imaging modalities further show associations between Lp(a) and thin-cap fibroatheroma, lipid-rich plaque, percent atheroma volume, and plaque progression. Lp(a) is associated with non-calcified or mixed coronary plaque morphology and progression, as well as increased risk of high-risk plaque features. While additional research is needed, current literature suggests that coronary imaging may be an important tool in cardiovascular risk stratification for individuals with elevated Lp(a)."
OpenAlex,aortic stenosis,"Incidence, Predictors and Prognosis of Pacemaker Implantation after Transcatheter Aortic Valve Implantation versus Surgical Aortic Valve Replacement: A Prospective Cohort Study.",Abdulaziz Aboshahba; Mostafa El sayed; Islam Abdelmoneim Ahmed; Zia Sabah; Amer Albarznjy; Mohamed Shaban; Ahmed Elmedany; Abdelhamid Ismail Abdelhamid Abu Rahhal; Ibrahim Faragallah Said; A M Galal; M. A. Mansour; E Mostafa Ahmed; Hend O El Gharib; Saleh Ali Alshehri; Ahmed Mohamed Sanad; Abdelaal Alsayed Abdelrahman Alkhouly; Ahmed Faheem Abdo; Hani A Khalaf; Bassam Mohammad Mokhaimar; Essam Khalil; Karim Mashhour; Mahmoud Khalifa; Mohamed A. Elghanam; Ahmed Mohamed; Khaled Elsayed; Abdallah Sami Mahmoud; A ElsebaeyShousha; Ibrahim K. Gamil; Mohamed M. Elbably; Hanan Abd ElRazek; Mohamed Khaled; Asmaa G Shahien; A. Omar; Wael Tawfik,10.7417/ct.2026.2003,2026-07-10,PubMed,"Background: Cardiac conduction disturbances remain a frequent complication after aortic valve replacement, particularly following transcatheter aortic valve implantation. These disturbances may necessitate permanent pacemaker implantation and can influence post procedural outcomes, yet comparative prospective data integrating anatomical predictors remain limited. Aim: To compare the incidence and prognosis of cardiac conduction disturbances and permanent pacemaker implantation after transcatheter versus surgical aortic valve replacement, and to identify independent clinical and radiological predictors of pacemaker requirement. Method: This prospective cohort study included 60 elderly patients with severe aortic stenosis who underwent either surgical aortic valve replacement or transcatheter aortic valve implantation. Clinical, electrocardiographic, echocardiographic, and computed tomography based radiological data were collected. Patients were followed for six months to assess new onset conduction disturbances, pacemaker implantation, and clinical outcomes. Multivariable regression analysis was used to identify independent predictors of permanent pacemaker implantation. Results: Among 60 patients, 20 underwent SAVR and 40 underwent TAVI. New onset conduction disturbances were more frequent after TAVI than SAVR (45% vs 15%). Permanent pacemaker implantation occurred in 35% of TAVI patients compared with 10% after SAVR. Within TAVI, pacemaker implantation was higher with self-expandable valves than balloon expandable valves (50% vs 20%). Greater implantation depth and higher LVOT calcification were independent predictors of pacemaker implantation. Conclusion: Transcatheter aortic valve implantation is associated with a higher risk of conduction disturbances and permanent pacemaker implantation than surgical replacement, driven largely by procedural and anatomical factors. Integration of detailed pre procedural imaging may improve risk stratification and procedural planning."
OpenAlex,aortic stenosis,Biology of HDL: From Structural Heterogeneity to Dysfunctional Remodeling in Cardiovascular Disease and Comorbidities,Cai Yn; Kehan Li; Huibo Ma; Jianqiang Wu; Yuehong Zheng,10.3390/antiox15070864,2026-07-10,Antioxidants,"The pathogenesis of cardiovascular diseases (CVDs) is intimately linked to cholesterol dysregulation. While high-density lipoprotein cholesterol (HDL-C) is classically considered cardioprotective, contemporary epidemiological evidence reveals a noncausal, often U-shaped, relationship with CVD risk. Static measurements of HDL-C obscure the structural and functional heterogeneity of circulating HDL particles. Under pathological stress, HDL undergoes extensive structural remodeling into dysfunctional HDL, thereby losing its vasculoprotective properties and instead mediating proatherogenic and proinflammatory responses. This review critically evaluates the biogenesis, maturation, and metabolic trajectory of HDL. By integrating recent advancements in proteomics and lipidomics, we map the intricate compositional shifts within HDL subpopulations and clarify the regulatory roles of HDL-associated microRNAs in intercellular communication. We investigate the specific drivers of HDL dysfunction, which is often exacerbated by comorbidities such as diabetes and chronic kidney disease. Furthermore, we outline the methodological transition from automated homogeneous HDL-C quantification to multidimensional profiling. Shifting the clinical focus from HDL quantity to functional quality resolves the HDL-C paradox, helping to drive the development of precision lipidology and targeted therapies to reverse HDL dysfunction in CVDs."
OpenAlex,aortic stenosis,Apical sparing strain (cherry-on-top sign) and the associated amyloidosis red-flag profile in patients with a hypertrophic phenotype: A single-center pilot,Renata Rajtar-Salwa; Agata Krawczyk-Ożóg; Michał Susuł; Jakub Batko; Paweł Petkow-Dimitrow; Stanisław Bartuś; Artur Dziewierz,10.33963/v.phj.113668,2026-07-10,Kardiologia Polska,
OpenAlex,aortic stenosis,Impact of Adherence to Guideline-Recommended Surgical Timing on Outcomes in Infective Endocarditis,Daniel Pastor-Wulf; Rafael González Manzanares; Jorge Perea Armijo; Manuel Crespín-Crespín; José López Aguilera; Manuel Pan; Juan C. Castillo; Manuel Anguita,10.3390/jcm15145421,2026-07-10,Journal of Clinical Medicine,"Background: Infective endocarditis (IE) frequently requires surgical intervention; however, the prognostic impact of adherence to guideline-recommended surgical timing remains uncertain. We aimed to evaluate the association between adherence to recommended surgical timing and short- and mid-term mortality in patients with IE undergoing surgery. Methods: We conducted a retrospective, observational single-center study including consecutive patients diagnosed with IE and an indication for surgery who underwent surgery during the index hospitalization between January 2000 and April 2021. Patients were classified according to whether surgery was performed within or outside the guideline-recommended time frame based on surgical priority. The primary endpoint was 30-day all-cause mortality. Secondary endpoints included in-hospital complications and one-year mortality. Multivariable logistic and Cox regression analyses were performed to evaluate the association between adherence to recommended surgical timing and outcomes. Results: Among 368 patients with IE, 282 (76.6%) had an indication for surgery; 193 surgically treated patients were included in the analysis. Surgery was performed within the recommended time frame in 148 patients (76.7%) and outside the recommended time frame in 45 (23.3%). Thirty-day mortality was 20.2%, with no significant differences between groups (19.6% vs. 22.2%; OR 0.85, 95% CI 0.38–1.92; p = 0.701). In multivariable analysis, no association was observed between adherence to guideline-recommended surgical timing and 30-day mortality (OR 1.97, 95% CI 0.77–5.04; p = 0.159) or one-year mortality (HR 1.19, 95% CI 0.65–2.17; p = 0.578). Society of Thoracic Surgeons (STS) score remained independently associated with both short- and mid-term mortality. Results were consistent in a sensitivity analysis including patients who died before surgery and in a propensity-score overlap weighting analysis. Conclusions: In this cohort of patients with IE and surgical indication who underwent surgery during the index hospitalization, adherence to guideline-recommended surgical timing was not associated with short- and mid-term mortality. Preoperative risk was independently associated with both short- and mid-term mortality, whereas surgical priority was associated with short-term mortality. Future prospective studies are needed to better characterize the role of surgical timing in the prognosis of IE."
OpenAlex,aortic stenosis,Computational studies on visceral artery lesions and aortic pathologies involving visceral branches: a comprehensive review for the clinician,Siting Li; Tianai Wu; X G Sun; Xiao Liu; Zenghan Cao; Fangda Li; Rong Zeng; S M Yang; Yuehong Zheng,10.3389/fcvm.2026.1856457,2026-07-10,Frontiers in Cardiovascular Medicine,"Visceral arteries, including the celiac artery, superior mesenteric artery, and renal arteries, play a critical role in supplying blood to abdominal organs. Lesions affecting these arteries can be classified into two categories: primary visceral artery pathologies and secondary involvement due to aortic diseases, sometimes leading to serious complications such as ischemia, organ failure, and rupture. Computational modeling approaches have emerged as a valuable tool for analyzing complex hemodynamics in artery diseases. This review provides a critical overview of computational fluid dynamics (CFD) studies on lesions of or involving visceral arteries. CFD could help understanding how biomechanical forces contribute to the development and growth of aneurysms, stenosis, and dissections, as well as predicting the risk of thrombosis, restenosis, and graft failure after endovascular repair of aortic lesions involving the visceral branches. Significant challenges remain, including model simplifications, the lack of patient-specific boundary conditions, and inadequate clinical imaging data due to the complex and individualized anatomy of visceral arteries. Advancements in fluid-structure interaction modeling, real-time hemodynamic data acquisition from imaging modalities, and machine learning-based image segmentation are expected to enhance simulation accuracy and clinical relevance. CFD has the potential to refine the diagnosis and treatment of visceral artery diseases and improve clinical outcomes."
OpenAlex,aortic stenosis,Deep-learning denoising for ultrahigh-resolution photon-counting detector CT: phantom and in vivo evaluation of non-calcified coronary plaques,Sardi Hyska; Muhammad Taha Hagar; José Osoria-Velasquez; Nicola Fink; Jens Ricke; Moritz C. Halfmann; Hugo Marques; Elliot R. McVeigh; George Wesbey; Pál Maurovich‐Horvat; Bálint Szilveszter; Tilman Emrich; Ákos Varga‐Szemes; Milán Vecsey-Nagy,10.1007/s10554-026-03774-x,2026-07-10,The International Journal of Cardiovascular Imaging,"To assess the value of convolutional neural network (CNN)-based denoising for the evaluation of non-calcified coronary plaques on ultrahigh-resolution (UHR) photon-counting detector (PCD) coronary CT angiography (CCTA). A dynamic phantom containing lipid-rich and fibrotic plaques with 50%-diameter stenosis (PDS) was scanned on PCD-CT under varying conditions. For in-vivo imaging, consecutive patients with non-calcified coronary plaques (NCPs) who underwent CCTA with PCD-CT were included. Image series were reconstructed using a sharp vascular kernel (Bv64) with slice thicknesses of 0.2 mm/0.4 mm, quantum iterative reconstruction (QIR) levels 3/4, and with/without CNN denoising. Phantom-based line-profile analysis yielded edge-width at half maximum (EWHM) and 10-90% rise distance as sharpness metrics. Plaque contrast-to-noise ratio (CNR) and PDS were assessed in the phantom and in patients. Two readers evaluated subjective image quality (noise, diagnostic confidence) using a four-point Likert scale. Pairwise comparisons were performed using a Bonferroni-corrected p < 0.002 for significance. Fifty-five patients (median age 74 [66.5-78] years; 19 women) with 97 NCPs were included. Phantom-based sharpness metrics remained unchanged after denoising (all pairwise p > 0.051). CNN denoising increased plaque CNR consistently in the phantom (fibrotic: 0.80-1.64 to 0.92-2.06; lipid-rich: 0.21-0.34 to 0.35-0.46) and in vivo (0.99-2.07 to 1.37-2.92, all pairwise p < 0.001). Denoising did not alter PDS values in phantom or in vivo plaques (all pairwise p > 0.006). Subjective image noise and diagnostic confidence improved across all reconstructions (all pairwise p < 0.001). CNN-based denoising of UHR PCD-CT improves image quality of non-calcified coronary plaques, while preserving sharpness and quantitative stenosis metrics."
OpenAlex,aortic stenosis,"Bony Heart: Myocardial and pericardial calcification, the yet unrevealed mechanism",Jayeeta Samanta; Saswata Manna,10.30574/wjarr.2026.31.1.1852,2026-07-10,World Journal of Advanced Research and Reviews,"The pulsatile organ, heart consists of cells possessing different functions during developmental stages and in adult, lack of which causes pathological condition. Previous studies show increased alkaline phosphatase (ALP), osteopontin expression in atherosclerosis and vascular calcification, increased reactive oxygen species (ROS) generation and Runt-related transcription factor-2 (Runx2), osteocalcin during aortic valve calcification, increased Runx2, osteopontin in cardiac fibroblasts upon osteogenic induction. Recent findings indicate that cardiomyocytes too take osteoblastic phenotype during hypertrophy. Cardiac injuries including hypertrophy, oxidative stress make the cells prone to calcification. This review mainly focusses on the current knowledge of the osteoblastic modification of cardiac cells with special emphasis on the rare cases of myocardial, pericardial and fetal cardiac calcification. Since cardiomyocyte and pericardial calcification are rare but gradually increasing phenomenon, better understanding of the associated molecular mechanism is needed for therapeutic intervention and in targeting specific molecules for treating or slowing down the calcification process."
OpenAlex,aortic stenosis,High-intensity interval training improves myocardial work and cardiac function in women with obesity: a randomized controlled study,Caroline Ferraz Simões; Higor Barbosa Reck; João Carlos Locatelli; Gustavo Henrique de Oliveira; V.M.F. Mendes; Rogério Toshiro Passos Okawa; Jamie O’Driscoll; Jorge Mota; Wendell Arthur Lopes,10.1038/s41366-026-02158-4,2026-07-10,International Journal of Obesity,"Abstract The purpose of this study was to investigate the effects of high-intensity interval training (HIIT) and moderate-intensity continuous training (MICT) on cardiac function and myocardial work (MW) in women with obesity. Twenty-five women with obesity (Age: 28 ± 5 years, BMI: 35.03 ± 3.19 kg/m²) were randomized to 8 weeks of either HIIT ( n = 11, 4×4-min at 85–95% of HR max ) or MICT ( n = 14, 41-min at 65–75% of HR max ). Cardiac function and strains were evaluated using two-dimensional speckle tracking echocardiography. MW indices were computed via dedicated software. HIIT significantly improved myocardial efficiency, as evidenced by a reduction in global wasted work (GWW [ d = 0.64, p = 0.042]) and an increase global work efficiency (GWE [ d = 0.83, p = 0.005]). Both HIIT and MICT reduced left ventricular global longitudinal strain (GLS, p = 0.017 for HIIT; p = 0.023 for MICT), left atrial (LA) contraction ( p &lt; 0.001 for both), LA conduit (p = 0.002 for both), LA reservoir ( p = 0.003 for HIIT; p &lt; 0.001 for MICT), and LA stiffness ( p = 0.004 for HIIT, p = 0.031 for MICT). HIIT and MICT both improved myocardial deformation in women with obesity. However, only HIIT improved myocardial efficiency, suggesting a potential superiority for targeting subclinical cardiac dysfunction in this population."
OpenAlex,aortic stenosis,Balloon-Expandable Versus Self-Expanding Transcatheter Heart Valves: Considerations for Device Selection for the Treatment of Aortic Stenosis,Shantum Misra; Natalia Berry; Henry J. Tannous; Mazen Albaghdadi; Molly Szerlip; Suzanne Baron; James T. DeVries; Michael N. Young,10.1007/s11936-026-01146-1,2026-07-10,Current Treatment Options in Cardiovascular Medicine,
OpenAlex,aortic stenosis,"Infective Endocarditis, a Current Perspective: Clinical and Epidemiological Profile in a High-Volume Chilean Tertiary Centre Between 2021–2023",Ignacio Hernan Pineda Etcheber; Cheryld Mutel GOnzález; Javiera Antonia Bascuñan Maiz; Antonia Cesped Astete; Mauricio Soto,10.3390/pathogens15070727,2026-07-10,Pathogens,"Infective endocarditis (IE) is a severe pathology with recent changes in its epidemiological profile, characterised by older patients with more comorbidities. The objective of this study is to describe the clinical and microbiological characteristics, as well as potential factors associated with mortality, of patients with IE in a tertiary academic centre. Material and Methods: Descriptive, retrospective, and observational study of patients over 18 years of age with a confirmed diagnosis of IE, conducted between 2021 and 2023 at the Dr Hernán Henríquez Aravena Hospital in Temuco, Chile. Biodemographic variables, risk factors, microbiology, echocardiographic findings, and complications were analysed using descriptive statistics and logistic regression models. Results: 119 patients were included (average age 60 years; 65.5% male; 28.5% rural). The most frequent risk factors were arterial hypertension (55%) and diabetes mellitus (29%). 18% were on haemodialysis (HD). Microbiological isolation was achieved in 78.1% of cases, with Streptococcus gallolyticus the most frequent isolate (16.8%), followed by Staphylococcus aureus (15.1%) and coagulase-negative Staphylococcus (15.1%). Complications were present in 69% of cases, mainly emboli (43%) and septic shock (23%)—59.6% required surgery. Global mortality was 44.5%, with a decreasing annual trend (from 58% in 2021 to 33% in 2023). Comorbidities and complications independently associated with mortality were chronic renal failure on HD (OR 5.76; p = 0.001), heart failure (OR 3.13; p = 0.025), and septic shock (OR 3.31; p = 0.016). Conclusions: IE in this centre presents an aggressive profile and a high burden of comorbidities. The prevalence of S. gallolyticus is a notable regional observation not reported in similar populations. Mortality remains high, with an improving trend."
OpenAlex,valvular heart disease,ST-segment elevation myocardial infarction in older adults: echocardiographic characterization and outcomes in contemporary practice,Laima Caunīte; Rinchyenkhand Myagmardorj; Xavier Galloo; Dorien Laenens; Jan Stassen; Takeru Nabeta; Idit Yedidya; Maria Chiara Meucci; Jurriën H. Kuneman; Inge J. van den Hoogen; Sophie E. van Rosendael; Hoi W Wu; Victor J. Brand; Adrian Giucă; Kārlis Trušinskis; Nina Ajmone Marsan; Jeroen J. Bax; Pieter van der Bijl,10.1007/s10554-026-03775-w,2026-07-11,The International Journal of Cardiovascular Imaging,"Abstract Evidence on cardiac remodeling, left ventricular (LV) function recovery, medication use and outcomes in older ST-segment elevation myocardial infarction (STEMI) patients is limited. We examined these aspects at baseline and evolution one year post-infarct in patients aged ≥ 80 versus &lt; 80.STEMI registry data were retrospectively analyzed. The older subgroup included patients aged ≥ 80 years at index hospitalization. Echocardiography was performed at baseline and one year after STEMI. LV remodeling was defined as &gt; 20% relative increase in the LV end-diastolic volume. One-year cardiovascular outcomes and five-year all-cause mortality are reported.Study included 2178 patients; 132 (6.1%) were aged ≥ 80. Older patients had worse baseline LV ejection fraction (47.2 ± 9.6% versus 49.8 ± 8.2%; p &lt; 0.001) and experienced more adverse LV remodeling (29% versus 19%; p = 0.024). Nevertheless, LV function improved similarly in both groups. Beta-blocker and renin-angiotensin-aldosterone system inhibitor use was lower (86.4% versus 94.2%; p &lt; 0.001 and 90.2% versus 96.5%; p &lt; 0.001, respectively) but diuretic prescription higher (18.2% versus 8.1%; p &lt; 0.001) in older patients. One year post-infarct beta-blocker and renin-angiotensin-aldosterone system inhibitor use decreased and was similar in both groups, but older patients continued to receive more diuretics and suffered higher heart failure hospitalization rates (7.0% versus 2.6%; p = 0.006). Five-year mortality was 25.8% in older versus 4.3% in younger patients (log-rank χ2 133.2; p &lt; 0.001).Older patients experienced more adverse LV remodeling, received less beta-blockers and renin-angiotensin-aldosterone system inhibitors but more diuretics at discharge and one year, compared to younger patients. Nevertheless, LV function recovered similarly in both groups."
OpenAlex,valvular heart disease,Acute mesenteric ischemia complicated by short bowel syndrome: a rare case report from Syria,Hamdah Hanifa; Mariam Alhumsi; Dham Khalil; Ebrahem Alchaar; Mohamad Esmail Qashqash; Mohamad Nour Hababeh; Mohi Alddin Moustafa Mahouk; Yihea Mohammad Al-Mashaqbah; Hevin Ibrahim; Amneh Mahmoud Zaidan; Salah Haider; Saeed Olabi; Salwa Haj Fatouh; Amal Almohammad; Khelat Al-Ali; Ahmad Alkarkour,10.1186/s12245-026-01297-9,2026-07-11,International Journal of Emergency Medicine,"BACKGROUND: Acute mesenteric ischemia (AMI) is a life-threatening pathological condition characterized by obstruction of blood flow to the intestine, it is rare and usually presents with non-specific gastrointestinal symptoms. Embolic, thrombotic and non-obstructive pathology are the main causes of this disease. Treatment varies from case to case depending on clinical and imaging findings. Open surgery is often required in advanced cases. CASE PRESENTATION: A 79-year-old female presented with sudden-onset severe generalized abdominal pain associated with nausea, vomiting, and poor oral intake. Her medical history included atrial fibrillation, valvular heart disease, diabetes mellitus, and prior coronary artery bypass surgery. Physical examination revealed abdominal pain disproportionate to clinical findings. Contrast-enhanced CT-scan findings were highly suggestive of extensive acute mesenteric ischemia. Exploratory laparotomy confirmed widespread necrosis of the small intestine, extending from approximately 40-50 cm distal to the ligament of Treitz to the ileocecal junction. Extensive bowel resection was performed, followed by creation of a double-barrel jejunoileostomy. Postoperatively, the patient developed short bowel syndrome (SBS) and remained clinically stable with dependence on total parenteral nutrition (TPN). CONCLUSION: This report emphasizes the importance of consulting emergency physicians in such cases, as their awareness of mesenteric ischemia, their appropriate diagnosis, and prompt management play a crucial role in increasing survival rates and achieving faster recovery in patients. CLINICAL TRIAL NUMBER: Not applicable."
OpenAlex,valvular heart disease,Impact of Acute Rheumatic Fever on the Type and Severity of Valvular Lesions: Experience of the Cardiology and Cardiovascular Surgery Departments of Avicenne Military Hospital of Marrakech,Yassine Alfatihi; A. Elfathi; Ayoub Dahioui; Hamid Jallal; Noureddine Atmani; Abdessamad Abdou; Abdelmajid Bouzerda; Ali Khatouri,10.9734/ca/2026/v15i3552,2026-07-11,Cardiology and Angiology An International Journal,"Background: Acute rheumatic fever remains an important cause of acquired valvular heart disease where rheumatic heart disease persists in practice, with possible long-term consequences including severe valvular involvement, chamber remodelling, rhythm disturbances, and surgery. Objective: This study described the impact of acute rheumatic fever on the type and severity of valvular lesions among patients managed for valvular heart disease at Avicenne Military Hospital and assessed post-operative outcomes after valve surgery. Methods: This retrospective descriptive and analytical study included 106 adult patients with valvular disease documented by transthoracic echocardiography and managed in the Departments of Cardiology and Cardiovascular Surgery. Demographic, clinical, electrocardiographic, echocardiographic, and surgical data were analysed according to rheumatic or non-rheumatic aetiology. Results: The mean age was 57.4 ± 12.3 years, and 71 patients were male. Rheumatic aetiology was identified in 52 patients (49.1%). Polyvalvular disease was observed in 46 patients, atrial dilation in 84 patients, and atrial fibrillation in 40 cases among patients with arrhythmias. Severe or very severe lesions were more frequent in the rheumatic group. Surgery was performed in 58 patients, with mechanical mitral valve replacement being the most frequent procedure. Early complications included atrial fibrillation, acute cardiac failure, pericardial effusion, infection, thromboembolic events, renal failure, bleeding requiring re-exploration, and complete atrioventricular block. Four operated patients died in hospital. Conclusion: Rheumatic aetiology was the leading cause of valvular disease and was associated with clinically important severity, polyvalvular involvement, atrial remodelling, and frequent surgical management. The findings support prevention, early diagnosis, structured follow-up, and careful post-operative monitoring."
OpenAlex,valvular heart disease,"Prevalence, Correlates, and Prognostic Significance of In-Hospital Transthoracic Echocardiography Use in Stable Acute Myocardial Infarction",Alon Shechter; Arthur Shiyovich; Robert J. Siegel; Olga Morelli; Harel Gilutz; Ygal Plakht,10.3390/jcdd13070322,2026-07-10,Journal of Cardiovascular Development and Disease,"Little is known regarding in-hospital transthoracic echocardiography (TTE) utilization and its prognostic implications among stable patients with acute myocardial infarction (AMI). We aimed to explore patient and disease characteristics, treatment strategies, and mid-term outcome following uncomplicated AMI according to TTE use during the hospitalization phase. A single-center, retrospective analysis was conducted that included consecutive adult individuals admitted for AMI who did not develop cardiogenic shock and who survived the index hospitalization. Stratified by in-hospital TTE administration status, the cohort was evaluated for all-cause mortality at 1-year post-discharge. Overall, 15,971 subjects (mean age 66 ± 14 years, 69.8% males, 46.1% with ST-elevation myocardial infarction) were analyzed, of whom 12,610 (79.0%) underwent TTE. TTE use correlated with younger age, fewer comorbidities, greater odds of invasive revascularization and intensive coronary care unit management, and lengthier hospital stay. Ultimately, it was associated with a lower rate, cumulative incidence, and—independent of accompanying prognostic markers—risk of all-cause mortality (n = 1032/12,619, 8.2% vs. n = 804/3361, 23.9%, p &lt; 0.001; Log-Rank p &lt; 0.001; adjusted hazard ratio 0.75, 95% confidence interval 0.67–0.83, p &lt; 0.001). Similar results were observed within a 6270-patient, 1-1 propensity score-matched sub-cohort. To conclude, in our experience, in-hospital TTE administered for stable AMI patients was associated with improved mid-term survival. Further research is needed to re-evaluate the present-day recommendation’s Level of Evidence C for its routine use."
OpenAlex,valvular heart disease,Awareness of Dental Professionals of the Relationship Between Prosthetic Pressure Lesions and Infective Endocarditis: A Cross-Sectional Observational Study,Francesco Saverio Ludovichetti; Serena Zanatta; Davide Scettri; Valentina Brun; Sergio Mazzoleni; Edoardo Stellini; Christian Bacci,10.3390/clinpract16070129,2026-07-10,Clinics and Practice,"Background: Infective endocarditis is a serious disease affecting cardiac tissues and may arise following episodes of transient bacteremia. Oral prosthetic pressure lesions, characterized by mucosal ulcerations, may facilitate the entry of pathogenic microorganisms into the systemic circulation. In predisposed individuals, the presence of such lesions may therefore contribute to the development of infective endocarditis. The objective of this study was to assess dental professionals’ knowledge, awareness, and self-reported clinical practices related to the possible relationship between oral prosthetic pressure lesions and infective endocarditis. Materials and Methods: A cross-sectional observational study was conducted using an anonymous online questionnaire specifically developed for this study and subjected to preliminary content validation and pilot assessment before administration. The survey was distributed online to oral health professionals working in the Italian public and private sectors; for the present analysis, only complete responses provided by licensed dental professionals practicing in Italy were included. Results: Among the 268 dental professionals analyzed, an overall limited awareness of the possible relationship between oral prosthetic pressure lesions and infective endocarditis emerged. Only 16.8% of participants reported being familiar with the most recent guidelines for the prevention of infective endocarditis. Conclusions: The findings suggest the need to strengthen continuing education, improve familiarity with current infective endocarditis prevention guidelines, and promote more structured clinical protocols for the assessment and management of prosthetic pressure lesions in patients at risk."
OpenAlex,valvular heart disease,Corynebacterium diphtheriae as a very rare cause of infective endocarditis,Dominika Wójcicka; Magdalena Kasińska; Zuzanna Katulska; Andrzej Chciałowski; Magdalena Potapowicz-Krysztofiak; Aneta Guzek,10.20452/pamw.17348,2026-07-10,Polskie Archiwum Medycyny Wewnętrznej,"Polish Archives of Internal Medicine is an international, peer-reviewed, online-only periodical issued monthly in English as an official journal of the Polish Society of Internal Medicine. The journal is designed to publish articles related to all aspects of internal medicine, both clinical and basic science, provided they have practical implications."
OpenAlex,valvular heart disease,Initial cardioplegia dose indexed to left ventricular mass in mitral valve surgery,Sitong Tang; Xinglei Ren; Chiyin Wang; Mariam Omotolani Afolabi; Meijuan Dai; J M Chen; Yeqian Shen; Qinpu Wang; Boyu Wang; Shuzhan Huang; Xiaofen Jiang; Yi-Xiang Wang,10.1177/02676591261462274,2026-07-10,Perfusion,"Background In mitral valve surgery, cardioplegia is commonly dosed by body weight or body surface area (BSA), which may not reflect true cardiac mass. We evaluated whether indexing the initial dose to left ventricular (LV) mass improves dosing fidelity. Methods We retrospectively studied 323 patients undergoing mitral surgery with St. Thomas solution (2019–2022). The initial dose of cardioplegia was based on a flow of 150 mL · min –1 · m –2 of body surface area. To reduce heterogeneity related to differences in ventricular remodeling and cardioplegia delivery strategies, the study was restricted to patients undergoing mitral valve surgery. Echocardiography-derived LV mass yielded two indices: C1 = initial perfusion dose (mL)/LV mass (g) and C2 = initial perfusion dose (mL)/LV mass index (LVMI, calculated as LV mass divided by body surface area [BSA]). Patients were divided into 2 groups, Group A (C1 ≤ 6.6 mL·g -1 ) and Group B (C1 &gt; 6.6 mL·g –1 ). Primary endpoint was CK-MB mass (a quantitative measure of the creatine kinase-MB) at 0, 7, 24, and 48 h. High-sensitivity cardiac troponin T (hs-cTnT), ICU and hospital stay were also evaluated. Restricted cubic splines and segmented regression assessed nonlinearity and thresholds; propensity score matching (PSM) generated 67 pairs. Model performance was evaluated using the Akaike and Bayesian information criteria (AIC/BIC). Results In unmatched and matched analyses, C1 showed a nonlinear association with CK-MB mass, with a threshold near C1 = 12.2 mL·g –1 , above which CK-MB increased more steeply. C2 displayed higher thresholds (17.5). After PSM, Group B (higher C1) had higher CK-MB mass at 0, 24, and 48 h; hs-cTnT at 24 h was slightly higher in Group A. ICU and hospital stay were similar between groups. Model fit favored C1 over C2 at 24 and 48 h (lower AIC/BIC). Conclusions LV-mass–indexed dosing captures a nonlinear relevant dose–response and suggests that C1 values above approximately 12.2 mL·g –1 may represent a potential upper range that warrants caution."
OpenAlex,valvular heart disease,Implementation of Cardiac Computed Tomography for Aortic Valve Infective Endocarditis: Coronary Arteries Evaluation and Concordance with Transoesophageal Findings,Pietro Valsecchi; Katia Ellena; Alessandro D’Onorio De Meo; Adele Valentini; Roberta Cattaneo; Calogero Volpe; Filippo Amoroso; Catherine Klersy; Giulia Magrini; Stefano Pelenghi; Raffaele Bruno; Elena Seminari,10.3390/diagnostics16142160,2026-07-10,Diagnostics,"Background: Cardiac computed tomography (CCT) is recommended as a complementary exam and for coronary artery disease evaluation in patients with aortic valve IE (AVIE). We aimed to evaluate the performance of CCT in visualizing coronary arteries in patients with AVIE and its concordance with transoesophageal findings. Methods: We included patients admitted for AVIE who underwent CCT from 2016 to 2023. Coronary arteries were divided into 17 segments according to the American Heart Association and compared using generalized linear models extended to the binomial family. Results were presented as risk differences (RDs) and 95% confidence intervals (CIs). For those undergoing cardiac surgery, we evaluated the concordance among CCT, TOE, and surgical inspection using Cohen’s kappa (κ) test. Results: During the study period, 39 patients with AVIE performed CCT, of whom 28 underwent cardiac surgery. Visibility of coronary arteries was lower in median segments (RD −0.23; 95% CI −0.32 to −0.14) and in distal segments (RD −0.25; 95% CI −0.36 to −0.15) compared to proximal ones. Visibility of left anterior descending artery 2 was higher compared to right coronary artery 2 (RD 0.33; 95% CI 0.07 to 0.45) and obtuse marginal (RD 0.33; 95% CI 0.52 to 0.15). Concordance between CCT and TOE was globally low for vegetations (kappa 0.14), pseudoaneurysms (kappa 0.46), and paravalvular leakage (kappa 0.36). Conclusions: This study highlights the complementary role of CCT in diagnosing IE, given its low concordance with TOE for specific IE lesions. Furthermore, while CCT offers good visibility of the proximal coronary arteries in patients with AVIE, the visibility of the median and distal segments may be suboptimal."
OpenAlex,valvular heart disease,Expanding clinical variability in FBXW7-related neurodevelopmental disorder: a multicenter case series,Salvatore Savasta; Francesco Fabrizio Comisi; Giovanni Battista Dell’Isola; Gabriele Di Pasquale; Ivy Johnson; Isabella Herman; Andrea Maria Comisi; Francesca Felicia Operto; Giuditta Bargiacchi; Daniela Q.C.M. Barge‐Schaapveld; Giuseppe Donato Mangano; Marco Carotenuto; Vincenzo Salpietro; Alberto Verrotti,10.1186/s11689-026-09705-0,2026-07-10,Journal of Neurodevelopmental Disorders,"BACKGROUND: Heterozygous variants in FBXW7 have recently been recognized as a cause of a rare neurodevelopmental disorder with variable developmental delay, neurological manifestations, and multisystem involvement. The breadth of clinical variability and penetrance remains incompletely defined. CASES PRESENTATION: We report a retrospective multicenter case series of seven previously unreported individuals (five males, two females) with heterozygous FBXW7 variants identified through clinical genetic testing, aged 5-9 years at last evaluation (median 6 years). Six variants occurred de novo and one was inherited. Neurodevelopmental involvement was present in six individuals and was characterized by global developmental delay and language impairment; hypotonia was observed in all seven. Formal intellectual disability was documented in four cases, while one individual showed preserved cognitive functioning with predominant behavioral difficulties. Epileptic seizures occurred in four individuals, whereas three had no history of epilepsy. Brain MRI was available for six individuals and was normal in four, whereas two showed structural anomalies involving the corpus callosum. Extracerebral features were variably reported, most commonly constipation and recurrent respiratory/otolaryngological infections. Comparison with previously reported individuals confirmed the core neurodevelopmental phenotype and further refined the spectrum. CONCLUSIONS: This case series expands the phenotypic spectrum associated with FBXW7-related neurodevelopmental disorder and highlights variable expressivity and incomplete penetrance, including clinically relevant variants presenting with mild or atypical phenotypes. These findings support considering FBXW7 across a broad range of neurodevelopmental presentations and inform genetic counseling."
OpenAlex,valvular heart disease,Atrial Septal Aneurysm and Anxiety: A Bridge from Structure to Psychology,Doğaç Çağlar Gürbüz; Hasan Atmaca; Hicran Damar; Mustafa Kemal Erol; Ertan Yetkın,10.21203/rs.3.rs-9958423/v1,2026-07-10,Research Square,
OpenAlex,valvular heart disease,Prolonged Migraine Aura with Complete Symptom Resolution Revealing Unexpected Infarction: A Case Report,Muhammad Faisal Wadiwala; Anwar I. Joudeh; Mohammed Alhatou,10.1007/s42399-026-02481-x,2026-07-10,SN Comprehensive Clinical Medicine,"Abstract Introduction Migrainous infarction is a rare but clinically significant complication of migraine with aura, accounting for a small subset of ischemic strokes. It is characterized by the occurrence of cerebral infarction during a typical migraine aura, most often in young individuals without traditional vascular risk factors. The diagnosis of migrainous infraction is challenging and requires carful consideration of alternative diagnoses. Case Presentation We report the case of a 33-year-old woman with a known history of migraine with aura who presented with sudden-onset right arm paresthesia, visual disturbances, and language difficulties lasting 3 h and 20 min. Her symptoms resolved completely prior to arrival at the emergency department. Neuroimaging revealed a left parietal subcortical infarct corresponding precisely to the distribution of her aura symptoms. Further investigations revealed a 2 mm patent foramen ovale (PFO) with a small right-to-left shunt, and transiently reduced levels of protein C and S, which normalized on repeat testing. The patient’s Risk of Paradoxical Embolism (ROPE) score was calculated as 9, suggesting a high likelihood of PFO-related stroke, although no high-risk anatomical features were identified. Conclusions This case highlights the diagnostic complexity of prolonged migraine aura associated with imaging-confirmed infarction. While the temporal relationship between aura and ischemia fulfills criteria for migrainous infarction, the presence of a patent foramen ovale and other transient abnormalities suggests a potentially multifactorial mechanism. Clinicians should maintain a broad differential diagnosis in similar presentations and ensure comprehensive etiological evaluation."
OpenAlex,valvular heart disease,The interpretation of CHA2DS2-VA score components in clinical practice: Data from Türkiye,Emrah Kaya; Ceyda Nur Irk; Burak Güngör; Mehmet Hakan Uzun; Mehmet Ali Astarcıoğlu,10.31362/patd.1790457,2026-07-10,Pamukkale Medical Journal,"Purpose: Atrial fibrillation (AF) is associated with an increased risk of stroke, necessitating accurate risk stratification using validated tools such as the CHA2DS2-VA score. Despite its widespread use, variability exists in clinicians’ interpretation and application of its components. To assess the understanding, interpretation, and practical application of the “C” (congestive heart failure/left ventricular systolic dysfunction), “H” (hypertension), “D” (diabetes mellitus), and “V” (vascular disease) components of the CHA2DS2-VA score among clinicians in Türkiye, and to identify potential educational and informational needs.Materials and methods: Between July 15 and September 15, 2025, an online survey consisting of 10 multiple-choice questions was administered to physicians via WhatsApp. A total of 197 complete responses were analyzed. The survey assessed knowledge of component definitions, scoring practices, ease of application, and resources used for calculation.Results: Recognition was highest for the “D” criterion, while the “H” component showed moderate agreement. The “C” and particularly the “V” components demonstrated greater heterogeneity, including under-recognition of aortic aneurysm and misclassification of angina pectoris and varicose veins. Clinicians primarily relied on memory (46.7%) or online resources (38.6%), with 26.9% using web-based or mobile applications. Scoring ease varied, with the “V” criterion rated as most difficult.Conclusion: Clinicians are generally familiar with the CHA2DS2-VA score, but interpretation of heart failure and vascular disease components is inconsistent. Targeted education, clearer operational definitions, and integration of validated risk calculators into electronic health records and mobile platforms may improve scoring accuracy, consistency, and stroke risk assessment in AF patients."
OpenAlex,deep learning,The Role of Collective Bricolage in Creating University Governance Structures: The Example of the Galileo Observatory,Ariel Méndez; Amandine Pascal,,2050-01-01,Cairn.info,"This study investigates the concept of “collective bricolage” within the framework of creating a universe science observatory in France. In the face of significant transformations in higher education and research, this article examines how university stakeholders can employ collective bricolage to adapt to institutional mandates for restructuring. Drawing on Lévi-Strauss’s notion of bricolage and the theoretical contributions of Duymedjian and Rüling (2010), this research investigates how this bricolage can be implemented in the absence of conventional or normative space to support the process, and particularly within a context characterized by conflictual relationships. The case study analyzes the collective bricolage process and its components, demonstrating that the dialectical nature of collective bricolage facilitates the creation of robust governance structures through the negotiation and recombination of resources and rationales from the diverse actors involved."
OpenAlex,deep learning,The nature and tensions of environmental management control in local authorities,Christophe Maurel; Christophe Favoreu; London Proofreaders,,2050-01-01,Cairn.info,"This exploratory research aims to characterize, on the one hand, the concept of environmental management control (EMC) through the practices that underpin it, and, on the other hand, the tensions associated with it and the implementation of these practices in public organizations. Although EMC is attracting growing interest within the public sector, it seems to be facing technical and governance difficulties. A grid for analyzing management tools and the theory of organizational paradoxes is used to address the issue of characterizing EMC practices and the associated tensions in the local public sector. Various municipalities were mobilized to explore and characterize their first experiences of implementing EMC. Our results enable us to characterize both the tools used and the tensions generated between the objectives pursued in terms of resource management, dialogue with the socio-economic environment, and behavioral orientation."
OpenAlex,deep learning,A collaborative and participatory approach to public service innovation: Health sector dynamics and outlook,Fatima Yatim; Alan Sitkin; Cadenza Academic Translations,,2050-01-01,Cairn.info,"This article explores the dynamics of collaborative and participatory innovations in public health services using Chen et al.’s (2020) typology. Based on a mixed survey of projects awarded under the national “Droits des usagers de la santé” initiative, the study finds that user participation primarily generates operational and capacity-oriented innovations frequently involving external partnerships. The analysis highlights the crucial interactions between internal and external dynamics, identifying essential conditions for successful innovations: effective mobilization of internal resources, robust institutional support, and early and active user involvement. However, the study also identifies limitations in citizen engagement, particularly in the evaluation phase of innovations. The article concludes by suggesting avenues for enhancing full co-creation processes in public services to maximize public value."
OpenAlex,deep learning,Genesis of Organizational Innovation in Healthcare,Sabrina Grandclaude; Didier Grandclaude; Thierry Nobre; Cadenza Academic Translations,,2050-01-01,Cairn.info,"Based on the analysis of 96 organizational innovation in healthcare (OIH) projects and 52 interviews conducted with project leaders initiating these innovations, this research identifies the phenomena underlying the genesis of OIHs. The results highlight the major role played by factors such as patient empathy, international inspiration, academic inspiration, technological inspiration, serendipitous encounters, and the desire for organizational transformation in driving the generation of OIHs. Furthermore, our findings emphasize the dual nature of the research and development process for these innovations, characterized as both ex nihilo and ex materia."
OpenAlex,deep learning,"Depth of Processing, learner aptitude, and the acquisition of L2 English grammatical structures",Shweta Nigam,10.48683/1926.00128861,2031-01-01,CentAUR (University of Reading),"Depth of Processing (DoP) is central to several models of instructed second language acquisition (ISLA) (Leow, 2015). While DoP has been extensively examined in vocabulary learning (e.g., Laufer &amp; Hulstijn, 2001), its role in the acquisition of grammatical structures, particularly through oral and audio-visual modalities remains comparatively underexplored. Drawing on the Levels of Processing framework (Craik &amp; Lockhart, 1972), this study investigated whether task-induced processing depth influences the acquisition of third conditionals and comparatives, and whether language aptitude (LLAMA B, D, F) predicts learning gains. Using a pretest–posttest design, four intact classes involving 108 Grade 8 EFL learners in India were assigned to one of the three experimental conditions differing in level and type of processing: Low DoP, High DoP Explicit, and High DoP Implicit. The treatment task required the participants to listen to an audio-visual story containing the target structures (third conditionals and comparatives) and complete analytic tasks (varying in different groups) before listening to the story for a second time. The oral performance of the participants was analysed for accuracy, and frequency of use of the target structures. A grammaticality judgement test (GJT) and an elicited imitation task (EIT) were used to assess the participants’ gains in the knowledge of the target structures. In addition, language aptitude (LLAMA B, D, F) was measured and modelled as a predictor of gain scores. Results showed a significant effect of processing condition on GJT performance with the High DoP Implicit group outperforming the High DoP Explicit group on total scores and comparatives. In contrast, ANCOVA analyses indicated no significant group differences on EIT outcomes once pretest performance was controlled, with pretest scores strongly predicting posttest performance. In oral production, processing effects were structure-specific: the Low DoP group showed greater accuracy gains for comparatives, while both High DoP groups revealed increased frequency of use of third conditionals. However, across all four measures, multiple regression analyses indicated that LLAMA B, D, and F did not significantly predict gain scores. Overall, the findings support a processing-by-structure pattern: deeper processing benefits were most evident for the more salient structure (comparatives) on an explicit, written measure, whereas complex, low-salience forms (third conditionals) showed limited accuracy change but increased frequency of use under deeper processing."
OpenAlex,deep learning,Combating Data and Target Shifts in Visual Tasks,Zhaorui Tan,10.17638/03194353,2031-01-01,Open MIND,"The rapid advancement of deep learning models for visual tasks has led to significant progress in many domains. However, a key challenge remains: ensuring that models can generalize effectively to unseen samples or novel classes, especially in real-world scenarios where training data-target pairs are often limited or unavailable, and test data may exhibit shifts in both data and targets. This thesis addresses the problem of shifts across data and targets, proposing novel methods to improve model generalization and transferability in complex settings. The thesis identifies the different shift scenarios for visual tasks and presents their problem forms. The research first relaxes the static target distribution assumption in Multi-Domain Generalization (mDG) tasks, introducing the General Multi-Domain Generalization (GMDG) objective to improve generalization under varying data shifts. Specifically, Extensive experiments validate that GMDG is feasible for classification, segmentation, and regression tasks. Further considering extreme target distribution shifts where even unknown novel classes emerge, the study also explores logical regularization techniques for tasks such as Generalized Category Discovery (GCD), mDG+GCD, and Class Incremental Learning (CIL), proposing a sample-based logical regularization term (L-Reg) to enhance data-, target-, and all-shift generalization. Additionally, a partial logic framework is introduced to address challenges in CIL, enabling models to retain room for unknown classes during training. This is further extended by the Partial-Logic Regularization (PL-Reg), which improves generalization across GCD, mDG+GCD, and transferability for CIL tasks. Furthermore, the thesis proposes a novel Semantic-aware Data Augmentation (SADA) framework for cross-modality generalization in text-to-image synthesis (T2Isyn), text-image retrieval (TIR), and image-text retrieval (ITR) tasks. This framework ensures semantic preservation across text and image modalities, improving both semantic consistency and image quality in cross-modality tasks. The methods proposed in this thesis offer significant advancements in visual generalization and transfer scenarios, providing theoretical insights and practical solutions for handling data shifts, target shifts, and multi-modalities in complex scenarios. Extensive experiments validate the effectiveness of the proposed methods, demonstrating their superior performance across a range of tasks."
OpenAlex,deep learning,Assessing the Role of Digital Transformation in Strengthening Customer Engagement: A Case Study of bKash,Abdullah Al Ahad; Majeda Begum,,2031-01-01,RUCforsk (Roskilde University),"In this study, the role of digital transformation in enhancing customer engagement in the mobile financial services (MFS) industry is explored through a case study of bKash in Bangladesh.The research was designed to find out the key digital transformation projects which bKash has done, understanding customer perceptions about digital service, understanding the relationship and analysis between features of digital transformation and customer engagement, and analysing the challenges and opportunities of digital transformation.The research method used was a mixed-method research design, which was a combination of quantitative survey data from 46 respondents and qualitative data from the interviews conducted with 4 participants.The quantitative data were analysed statistically using descriptive statistics, reliability analysis, correlation analysis and multiple regression analysis, and the qualitative data were analysed in themes.The study was adopted primarily based on the Technology Acceptance Model (TAM) with the aid of the Diffusion of Innovation (DOI)Theory.The results propose that digital transformation has a positive impact on customer engagement for bKash.The PU, TR and PS measures had strong direct effects on customer engagement.On the contrary, the POEU and DSQ measures had results were statistically insignificant.Qualitative data discussion specified some factors that influence users experience, and these are convenience, reliability, and trust.Though there are several advantages in using digital platforms like bKash, but there are some cautions and issues of being worried.Fraud and service cost is two key area of being worried.According to the findings of this research project, the significance of ongoing innovation, robust security measures, and customer-focused digital approaches are so crucial and in emerging markets Bangladesh, financial service providers should integrate these issues to succeed in the competition."
OpenAlex,deep learning,Antecedents and consequences of Green-tech FDI in emerging markets,Zhuoran Liu,10.17638/03195308,2031-01-01,Open MIND,"As environmental pressures intensify, attracting sustainable foreign direct investment (FDI), particularly green-tech FDI, has become a critical pathway for emerging markets to achieve environmental sustainability. However, existing research remains fragmented, offering limited insights into why green-tech FDI enters emerging markets and how it affects regional green innovation. This thesis addresses these gaps by systematically examining both the antecedents and consequences of green-tech FDI through three empirical studies using regional data from China. Study 1 and Study 2 focus on the antecedents of green-tech FDI. Study 1 examines how host-country conditions can attract green-tech FDI, highlighting the role of environmental management information disclosure (EMID) by domestic firms in reducing information gaps and strengthening green market–seeking motives. Study 2 shifts attention to the active decision-making of green-tech FDI, showing that under uncertainty, green-tech foreign investors engage in identity-based bandwagon learning by imitating peers with similar green identities, thereby mitigating investment risks. Study 3 turns to the consequences of green-tech FDI. It demonstrates that, due to the technological complexity of green innovation and limited absorptive capacity in emerging markets, green-tech FDI may generate crowding-out effects rather than purely positive spillovers. Adopting a network perspective, the study further finds that universities play a key moderating role: through broad linkages and deep collaborations, they help mitigate negative spillovers and facilitate the diffusion of green technologies. Together, the three studies advance the literature on sustainable FDI by differentiating green-tech FDI from general FDI and identifying the specific mechanisms that shape its entry decisions and local innovation outcomes. Practically, the findings provide guidance for emerging-market governments and firms on how to attract and manage sustainable investment, balance growth with environmental objectives, and strengthen local innovation ecosystems."
OpenAlex,deep learning,Deep learning design of programmed enhancer pairs,Salil Garg; Blake M Torres; Joanna Wypasek,10.5281/zenodo.19477875,2030-04-08,Zenodo (CERN European Organization for Nuclear Research),
OpenAlex,deep learning,Deep learning design of programmed enhancer pairs,Salil Garg; Blake M Torres; Joanna Wypasek,10.5281/zenodo.19463376,2030-04-08,Zenodo (CERN European Organization for Nuclear Research),
OpenAlex,deep learning,Deep learning design of programmed enhancer pairs,Salil Garg; Blake M Torres; Joanna Wypasek,10.5281/zenodo.19463375,2030-04-08,Zenodo (CERN European Organization for Nuclear Research),
OpenAlex,deep learning,A UAV-Based Framework for Community-Scale Residential Building Energy Modelling in China,Mengfan Jin,10.17638/03195460,2029-01-01,Open MIND,"With increasing emphasis on energy efficiency and carbon emission reduction in the building sector, rapid and scalable energy modelling of existing buildings is critical for retrofit projects and policy development. Conventional surveys, data collection and energy modelling processes remain labour-intensive and impractical for large-scale applications, and energy modelling often dominates project time and cost. Unmanned Aerial Vehicles (UAVs) equipped with high-resolution and infrared cameras now offer fast and safe exterior surveys, showing great potential in building energy assessments. Yet, a systematic framework for UAV integration, from image capture through processing to inputs for building energy simulation, has not been established. This research addresses these challenges by developing a structured framework for community-scale building energy modelling, which integrates UAV photogrammetry to accelerate data acquisition, reduce labour, and shorten energy modelling time for retrofit projects. The framework is designed to minimise prior data requirements while maximising automation and retaining sufficient accuracy and reliability. It also addressed systemic issues, such as the lack of data necessary to fully exploit the potential of available technologies in the context of this study. To achieve this research objective, a mixed-methodology approach, combining desk studies and fieldwork, was adopted. First, a comprehensive review of UAV-based building energy studies mapped the current applications and available tools, proposing a preliminary framework. Fieldwork then encompassed a pilot study and a detailed case study. In the pilot test, a single building was surveyed to identify an optimal toolchain for flight planning, image capture, photogrammetric reconstruction, model generation, and selection of a simulation platform. The resulting refined framework was applied to a case study of a 39-building community, and it was demonstrated that further automation was necessary. The potential for automation was then further explored. Geomatic algorithms, machine learning, and deep learning techniques were compared, and the combination that best balanced accuracy and processing time was selected for 3D model generation and window-to-wall ratio (WWR) extraction. In parallel, an archetype library of residential buildings in the Hot Summer Cold Winter (HSCW) zone in China was compiled to facilitate the assignment of thermal parameters. Finally, a reusable community-scale building energy modelling (CBEM) workflow was assembled in Grasshopper using Ladybug Tools components to process the aforementioned inputs. In conclusion, this study integrates UAV photogrammetry, GIS-based geomatic algorithms, machine learning, and graphical programming to develop an UAV-CBEM framework. The outcomes establish a foundation for scalable UAV-based building energy assessments, enhancing applicability in data-limited and large-scale settings worldwide."
OpenAlex,deep learning,Culture Audit - Save a Life Pet Rescue,Grace L Kmak; Kaley A Chriswell; Carter Roberts; Antonio Pizza; Caroline Parrott,,2029-01-01,Journal of International Crisis and Risk Communication Research,"Our project was a culture audit on the non-profit save a life pet rescue. Our goal was to analyze how the group works along with determine if there is any areas of improvement for the organization. Through this, we learned that any ability to give back can make an impact for all things. Whether it be dogs or families."
OpenAlex,deep learning,Data Augmentation Application in Deep Learning Drug Discovery by Utilizing Relationships Between Biological and Medical Entities,Tianjun Wang,10.17638/03195452,2029-01-01,Open MIND,
OpenAlex,deep learning,Spectral Materialism: Encounters with land-time-scapes,Sam Nightingale,10.25602/gold.00040593,2029-01-01,Goldsmiths (University of London),"This transdisciplinary, practice-based PhD introduces spectral materialism through art-based research encounters with ecologically and historically stratified land-time-scapes shaped by hypersalinity and colonial terraforming. Centred in the semi-arid Mallee (southeastern Australia) and read through echoes with California’s Imperial Valley, the project examines how spectral time—the co-presence and haunting of other temporalities—manifests in the material conditions of salt, soil, water, plants, and infrastructures. It asks how learning from geological, First Nations, colonial, and ecological pasts can orient responsibilities in unsettled futures. Treating the present as a crisis of time as much as a crisis of matter, the thesis critiques linear-progressive temporalities bound to Western modernity and extractive regimes. In response, spectral materialism is developed as both a conceptual framework and a critical creative methodology. Through alchemical media experiments with salt crystals, hypersaline soils, and halophytes, photography is reconfigured as a site-responsive, process-oriented practice. Salt is engaged as a material agent and ‘time-crystal’ whose phase shifts—dissolution, saturation, precipitation, crystallisation, evaporation—form a meta-chemistry that refracts deep-marine pasts, settler-colonial irrigation infrastructures, and contemporary dust into processual renderings of time. Methodologically, the project advances attunement as a mode of sensing and responsiveness to forces that are not always immediately perceptible yet are materially active. Field notes appear as para-writing, interrupting linear narration so that heterogeneous times co-present themselves within the text. The thesis is guided by First Nations temporalities—time as relational and in place—while remaining accountable to ethical limits and protocols. The contribution is twofold: a theoretical articulation of spectral materialism as a way to think time otherwise, and a set of site-responsive methods for engaging elemental media in saline environments. Together, they generate materially grounded accounts of spectral presences and open alternative pathways for knowing, sensing, and relating within land-time-scapes marked by enduring colonial and ecological afterlives amid planetary change."
OpenAlex,deep learning,Advocating the potential of AI for syndrome discovery: a scoping review,A C P Ferreira; Aleksandar Anžel; Alexander Ullrich; Georges Hattab,,2029-01-01,Open MIND,"This protocol describes a scoping review to map the landscape of artificial intelligence (AI) applications in syndrome discovery. Specifically, we aim to identify: 1. What AI techniques (e.g., natural language processing, machine learning, deep learning) have been used to detect or characterize syndromes (in the context of Syndromic Surveillance Systems); 2. which clinical data sources (e.g., EHR text, emergency departments data, primary care data) are leveraged."
OpenAlex,deep learning,Deep learning image analysis of donor red blood cells to predict deformability and transfusion efficacy,Erik S. Lamoureux,10.14288/1.0451932,2028-01-01,cIRcle (University of British Columbia),"The full abstract for this thesis is available in the body of the thesis, and will be available when the embargo expires."
OpenAlex,deep learning,Le jeu de rôle ludique : un terrain d’analyse et d’entraînement pour l’acquisition de compétences managériales,Sanne Stijve; David Robert,,2028-01-01,Cairn.info,"Unlike serious role-playing games, which attempt to simulate certain situations and interactions in the business world, tabletop role-playing games set their narrative in a fictional universe. RPG games provide an excellent opportunity to analyse the interaction and thinking patterns of participants and offers the possibility to develop new behaviours and testing them over the course of one or more game sessions, using the “decontextualised” simulation system on a benevolent testing ground, an immersive simulation environment that enables analysis and personal growth work. This activity has been the subject of workshops run by PsychoStratégie SA, which constitute a case study showing how tabletop RPGs can be used in an innovative way to develop the managerial skills of professionals through a deeper understanding of their own interactional and reflexive patterns and the development of new behaviours and tactics."
OpenAlex,deep learning,"The Enlightenment of an Entrepreneur: A Multidisciplinary Exploration of Management, Psychology and Economic Theology",Graziano Mazza,,2028-01-01,Cairn.info,"This conceptual paper explores how Economic Theology’s ideas of calling, oikonomia, and entrepreneurship can enhance entrepreneurs’ ability to navigate sustainability transitions. Integrating concepts from various disciplines, it reimagines entrepreneurship as an iterative learning process that addresses societal challenges. The paper analyses existing Religion of Work theories, providing societal, psychological, and anthropological insights. It elucidates the concept of calling in entrepreneurship, suggesting that work can have transcendent meaning and purpose. Additionally, it examines boundaryless careers and the significance of work, portraying entrepreneurship as a profession with humanitarian and spiritual dimensions. The paper outlines fundamental beliefs and frameworks for societal contribution through entrepreneurship, emphasizing the individual-in-society perspective. It advocates for entrepreneurs as moral agents aligned with community values and proposes a shift from viewing economic actions as mere resource allocation to recognizing entrepreneurial action as an expression of human agency. JEL Codes: B5"
OpenAlex,deep learning,Deep q-learning aided k-means clustering protocol for optimizing network lifetime in wireless sensor networks,Flynn Dowey,10.14288/1.0451106,2028-01-01,Open Collections,"The full abstract for this thesis is available in the body of the thesis, and will be available when the embargo expires."
