source,keyword,title,authors,doi,publication_date,journal,abstract
PubMed,aortic stenosis,Evaluation of the effect of mavacamten on left ventricular function in obstructive hypertrophic cardiomyopathy using myocardial work.,Linlin Wan; Xixi Chen; Ziwei Huang; Junyi Ren; WenJuan Lu; Hong Ran,10.1111/cpf.70084,2026-07,Clinical physiology and functional imaging,"To evaluate the effect of 12-week Mavacamten on left ventricular function in obstructive hypertrophic cardiomyopathy (oHCM) using myocardial work analysis, and explore its role in myocardial energy metabolism.
Thirty-five oHCM patients and 35 matched healthy controls were enroled. Patients received Mavacamten for 12 weeks. At baseline and post-treatment, we measured LVOT gradient, LVEF, GLS, myocardial work parameters [GWI, GCW, GWW, GWE], mitral regurgitation severity, and SAM.
Myocardial work parameters showed good reproducibility (ICCs > 0.75). After 12 weeks, resting and provoked LVOT gradients significantly decreased (both p < 0.001). Proportions of moderate/severe mitral regurgitation and SAM reduced. GWI, GCW, and GWW decreased (p < 0.001), while GWE increased (p < 0.001). NT-proBNP decreased and NYHA functional class improved (p < 0.001). LVEF, GLS, and left atrial diameter showed no significant changes. Compared with controls, baseline oHCM patients had lower GWI, GCW, GWE and higher GWW (all p < 0.001). After treatment, GWE remained lower than controls (p < 0.001), and GWW remained higher (p < 0.001).
Twelve-week Mavacamten reduces LVOT obstruction in oHCM, accompanied by decreased GWI and increased GWE, while preserving systolic function and improving symptoms. Myocardial work parameters may serve as novel non-invasive references for treatment evaluation."
PubMed,aortic stenosis,Simultaneous treatment of symptomatic cervical and tandem intracranial carotid lesions using transcarotid artery revascularization.,Crista E Horton; Julieth D Barbosa; Daniel Shlyak; Alireza Daneshpajouh; Rana El-Tawil; Ahmed K Ghamraoui; John J Ricotta; Joseph J Ricotta,10.1016/j.jvscit.2026.102362,2026-10,Journal of vascular surgery cases and innovative techniques,"A 75-year-old man with recurrent hemispheric stroke was found to have severe tandem cervical and intracranial internal carotid artery (ICA) stenoses and a hostile aortic arch. Transcarotid artery revascularization with flow reversal enabled safe carotid access for angioplasty and stenting of the cervical and intracranial ICA through the same access. Imaging confirmed excellent luminal restoration without complications, and follow-up ultrasound study showed <50% residual stenosis of the cervical ICA along with no new neurologic symptoms. This case demonstrates that transcarotid artery revascularization can facilitate single-session multilevel carotid revascularization in high-risk patients, offering a safe strategy when transfemoral access is unfavorable."
PubMed,aortic stenosis,Hybrid Suture- and Plug-Based Closure Versus Dual Suture Devices in Transfemoral Transcatheter Aortic Valve Replacement: A Systematic Review and Meta-analysis.,Abdul Moeez; Syed Wajihullah Shah; Sundus Huma; Umm E Salma Shabbar Banatwala; Aizaz Ali; Lintha Zafar Khattak; Zaryab Bacha; Afra Khan; Fazlina Shaid; Touba Azeem; Sayyam Razzaq; Malik Waleed Zeb Khan; Jibran Ikram; Farid Ullah; Mohammed Shaban,10.1016/j.jscai.2026.105339,2026-07,Journal of the Society for Cardiovascular Angiography & Interventions,"Effective vascular closure is crucial in transfemoral transcatheter aortic valve replacement (TAVR) to minimize access-related complications. Although dual suture-based closure is widely used, a hybrid approach combining suture- and plug-based vascular closure devices (VCD) has gained increasing attention. This meta-analysis compared these 2 strategies in terms of vascular outcomes and procedural success.
A systematic review and meta-analysis were conducted according to the Preferred Reporting Items for Systematic Reviews and Meta-Analysis (PRISMA) guidelines. PubMed, Embase, and Web of Science were searched through January 2025 for studies comparing suture-plus-plug-based vs suture-based VCD in TAVR patients. Primary outcomes were major and minor vascular complications, bleeding events, VCD failure, and unplanned interventions. Risk ratios (RRs) with 95% CIs were calculated.
Six studies involving 2308 patients were included. The suture-plus-plug-based approach significantly reduced major vascular complications (RR, 0.50; P = .001), minor vascular complications (RR, 0.58; P < .00001), and VCD failure (RR, 0.26; P < .00001) compared with suture-based closure alone. No significant differences were observed in major (P = .30) or minor bleeding (P = .47). Unplanned interventions were less frequent with the hybrid approach, but the difference was not statistically significant (RR, 0.68; P = .19).
The combination of suture- and plug-based closure devices in transfemoral TAVR provides superior vascular outcomes and lower device failure rates without increasing bleeding risk. These findings support the hybrid approach as a safe and effective strategy, although further randomized controlled trials are warranted to confirm long-term outcomes."
PubMed,aortic stenosis,Long-term valve durability and clinical outcomes after transcatheter versus surgical aortic valve replacement in low-risk patients: a systematic review and meta-analysis of randomized trials.,Lakshiya Ramamoorthy; Faris Otmani; Aarushi Gupta; Lilly Rebecca George; Purvi Kaur Khanuja; Hauwa Sani Galadima; Deng Siang Lee; Serene Skef; Basel Al Khatib; Mahathi Reddy B; Eleonora Vapheas; Muneeb Khawar; Mirza Muhammad Hadeed Khawar,10.1007/s11239-026-03368-3,2026-07-25,Journal of thrombosis and thrombolysis,"Transcatheter aortic valve replacement (TAVR) has extended its use to low-surgical-risk populations, yet long-term comparative data against surgical aortic valve replacement (SAVR) are still limited, particularly concerning durability and the need for reintervention. We conducted a search of PubMed/MEDLINE, Embase, CENTRAL, and ClinicalTrials.gov through March 2026 for randomized trials comparing TAVR with SAVR in patients with low surgical risk and severe aortic stenosis, specifically those with at least three years of follow-up. Outcomes were pooled as risk ratios (RR) using Mantel-Haenszel random-effects models, and durability and mortality outcomes were analyzed as time-to-event hazard ratios (HR) to accommodate different follow-up durations. Prespecified subgroup analyses by valve platform were performed. Four trials involving 3,014 patients (follow-up ranging from 3 to 10 years) were included. Cardiovascular mortality (HR 1.11, 95% CI 0.86-1.42; P = 0.43) and all-cause stroke (HR 1.09, 95% CI 0.73-1.64; P = 0.67) did not differ significantly between TAVR and SAVR. Aortic valve reintervention was higher with TAVR in risk-ratio analysis (RR 1.58, 95% CI 1.16-2.16) but did not reach statistical significance in the prespecified time-to-event analysis (HR 1.29, 95% CI 0.81-2.05). The excess reintervention risk was confined to the self-expanding valve platform. Permanent pacemaker implantation was significantly more frequent after TAVR (RR 2.08, 95% CI 1.48-2.93; P < 0.0001), with a significant interaction by valve platform (self-expanding RR 2.57 vs balloon-expandable RR 1.40; P = 0.02 for interaction). Bioprosthetic valve failure showed a nonsignificant trend favoring TAVR (HR 0.80, 95% CI 0.54-1.17). The only available 10-year randomized data (NOTION trial) showed significantly less severe structural valve deterioration with TAVR than with SAVR. The results suggest that TAVR and SAVR are equivalent in terms of cardiovascular mortality and stroke outcomes. However, pacemaker implantation rates were higher with TAVR and were strongly dependent on the valve platform used. The observed excess in reinterventions was confined to self-expanding valves and did not show robust support in the time-to-event analysis. The unique 10-year data from the self-expanding platform indicate less severe structural valve deterioration compared to SAVR, suggesting that durability should not be generalized across different device families. These findings advocate for individualized, platform-aware decision-making in clinical practice."
PubMed,aortic stenosis,"Diagnosis, Referral, Treatment Delays and Outcomes in Veterans Affairs Patients Undergoing TAVR.",Matthew Greydanus; Demetrio Sharp Dimitri; Omar A Khan; Kathleen R Khan; Scott DeRoo; Shakirat Oyetunji; Creighton W Don,10.1016/j.amjcard.2026.07.015,2026-07-25,The American journal of cardiology,"Transcatheter aortic valve replacement (TAVR) improves survival and quality of life for patients with aortic valve stenosis. Despite these benefits, logistic and resource-related challenges within healthcare systems lead to delays in intervention. This study evaluates the impact of delays in diagnosis, referral, workup and treatment on survival and heart failure hospitalizations in the Veterans Affairs (VA) Health System.
This retrospective cohort study of veterans who underwent TAVR at the VA Puget Sound (PUG) from 1/1/2019-8/31/2024. Data includes demographics, comorbidities, referral (inpatient vs. outpatient), and times from initial diagnosis to TAVR. Survival was compared by wait-times and patient presentation, and a multivariate analysis was used to identify independent predictors of mortality, adjusting for age, comorbidities, and referral status.
We analyzed 233 veterans, 154 (66%) outpatients, and 79 (34%) inpatients. Outpatients had a median wait time from diagnosis to treatment of 121 days [IQR 85-198], and inpatients 43 days [IQR 11-119]. Independent predictors of mortality included diagnosis to treatment >90 days (HR 2.98, p=0.04), Stage 3+ renal insufficiency (HR 2.46, p=0.02), chronic lung disease (HR 2.66, p=0.02), and NYHA Class (HR 2.12, p=0.01). STS Risk, rural location, distance from the VA and Social Vulnerability Index were not significantly associated with mortality after adjustment suggesting that mortality suggesting impact from system delays were more significant than patient-specific access barriers.
Delays from diagnosis to TAVR among outpatients >90 days were associated with increased mortality. Patients whose initial diagnosis was made during a heart failure hospitalization had worse outcomes. These findings highlight the need for expediting referrals and reducing wait-times, which will potentially lead to substantial improvements in survival for patients with severe symptomatic aortic valve stenosis."
PubMed,aortic stenosis,A TAV-in-TAV-in-SAV Lifetime Management.,Emiliano Bianchini; Mairead Linnane; Sara Sgreva; William Gibson; Angela McInerney; Darren Mylotte,10.1016/j.jaccas.2026.109515,2026-07-25,JACC. Case reports,"Knowledge of prior valve design and failure mechanisms, as well as accurate multislice computed tomography (MSCT)-based planning are critical to optimize reintervention strategies in lifetime management of aortic stenosis.
A 79-year-old man with prior surgical aortic valve (SAV) replacement in 2008 (27-mm Epic, Abbott) and transcatheter aortic valve (TAV)-in-SAV in 2019 (25-mm Lotus Edge, Boston Scientific) presented with acute heart failure. Echocardiography reported a severely stenotic Lotus valve, with evident asymmetrical underexpansion on MSCT. Optimization of Lotus expansion and Epic fracture was achieved with a 25-mm noncompliant balloon, followed by implantation of a 29-mm Evolut FX+, and then postdilatation with a 24-mm noncompliant balloon. Postprocedure MSCT demonstrated 25% increase in Lotus expansion at the midframe level, and symmetrical leaflet expansion of the Evolut, resulting in an echocardiographic gradient of 6 mm Hg after discharge.
Surgical valve fracture via an underexpanded Lotus is feasible and affords symmetrical expansion of complex TAV-in-TAV-in-SAV combinations with optimal hemodynamics."
PubMed,aortic stenosis,Recurrent Ventricular Fibrillation Induced by a Mobile Thrombus in the Sinus of Valsalva in a Patient With Bipolar Disorder.,Kensuke Kobayashi; Yusuke Mizuno; Hiroaki Yusa,10.7759/cureus.111391,2026-06,Cureus,"Mobile thrombi of the sinus of Valsalva are rare and may result in life-threatening complications. We report a surgical case of recurrent ventricular fibrillation caused by a mobile thrombus in the sinus of Valsalva in a patient with bipolar disorder. A 42-year-old man with bipolar disorder collapsed due to loss of consciousness. Ventricular fibrillation was documented, and return of spontaneous circulation was achieved after cardiopulmonary resuscitation. Recurrent ventricular fibrillation required eight defibrillations. Emergency coronary angiography revealed no significant stenosis, whereas left ventriculography disclosed a mobile intraluminal filling defect in the ascending aorta. Contrast-enhanced computed tomography and echocardiography suggested aortic dissection. Emergency surgery removed an 8×25-mm mobile mass attached 5 mm distal to the left coronary ostium. Histopathology examination confirmed thrombus. Transient obstruction of the left coronary ostium by the mobile thrombus was considered the cause of the recurrent ventricular fibrillation. Bipolar disorder-associated systemic inflammation might have been involved in thrombus formation. Although rare, this entity should be considered in patients with otherwise unexplained malignant ventricular arrhythmias. Early surgical removal followed by appropriate postoperative anticoagulation may help prevent recurrence and improve outcomes."
PubMed,aortic stenosis,Haemodynamic predictors of lesion progression in non-ischaemic tandem coronary stenoses.,Marco Zuin; Alan Fong; Giuseppe Marchese; Andrea Bertolini; Emanuele Rigatelli; Marco Foroni; Gianluca Rigatelli,10.4244/AIJ-D-25-00091,2026-07,AsiaIntervention,"Tandem coronary stenoses pose diagnostic challenges due to complex flow interactions that can obscure lesion severity when using traditional pressure-based indices such as fractional flow reserve (FFR). Computational fluid dynamics (CFD) can offer a detailed alternative haemodynamic assessment, but its prognostic value in non-haemodynamically significant tandem lesions remains unclear.
We aimed to evaluate whether CFD-derived haemodynamic parameters could predict the 12-month progression of initially non-significant tandem lesions in the left anterior descending artery (LAD), defined by computed tomography (CT)-derived FFR (FFR-CT) >=0.80.
In a retrospective cohort of 60 1:1 propensity score-matched patients with tandem LAD stenoses, baseline and 12-month follow-up coronary CT angiography were performed. FFR-CT was computed using patient-specific CFD simulations, where FFR was defined as the ratio of the mean distal to aortic pressure under simulated hyperaemic flow conditions. CFD simulations quantified the time-averaged wall shear stress (TAWSS), oscillatory shear index (OSI), and relative residence time (RRT). Lesion progression was defined as diameter stenosis >70% and/or FFR-CT <0.80 at follow-up.
Baseline CT-derived FFR did not differ significantly between groups. Patients with lesion progression (n=30) exhibited significantly lower baseline TAWSS (0.32±0.10 Pa vs 0.82±0.20 Pa; p<0.001), higher OSI (0.22±0.06 vs 0.05±0.03; p<0.001), and prolonged RRT (1.9±0.6 s vs 0.7±0.3 s; p<0.001) compared with those with stable lesions. Multivariate analysis confirmed TAWSS, OSI, RRT, age, and diabetes as independent predictors of progression.
CFD-derived haemodynamic profiles strongly predict the 12-month progression of tandem LAD lesions despite a non-ischaemic baseline FFR-CT. The integration of CFD parameters with conventional physiology may improve the management of tandem coronary lesions beyond pressure-based indices alone."
PubMed,aortic stenosis,Aortic root abscess complicating a unicuspid aortic valve in a 15-year-old boy: A case report on surgical management.,Kanupriya Chaturvedi; Prerna Bhat; Sanjay Khatri; Gaurav Goyal; Sunil Kumar Kaushal,10.4103/apc.apc_67_26,2026,Annals of pediatric cardiology,"Aortic root abscess, a dreaded and life-threatening complication of infective endocarditis (IE), is often challenging to deal with, both medically and surgically. If not treated in time, it can lead to cardiac fistula formation, rupture into a cardiac chamber, aneurysm formation or heart block, and arrhythmias. It is also a lesion that requires prompt recognition and early/urgent surgical intervention to minimize complications, morbidity, and mortality and improve outcomes. We present the challenging case of a 15-year-old boy, diagnosed with a unicuspid aortic valve during infancy, with progressively severe aortic stenosis, complicated by IE and aortic root abscess and the surgical decision-making and challenges encountered in his case."
PubMed,aortic stenosis,Severe Trileaflet Aortic Stenosis Without Significant Valve Calcification in an Older Adult.,Mahshad Razaghi; Juan M Farina; Laureve Chollet; Chadi Ayoub; Reza Arsanjani; Kristen A Sell-Dottin,10.14797/mdcvj.1819,2026,Methodist DeBakey cardiovascular journal,"Severe aortic stenosis (AS) is most often caused by progressive valve calcification; however, rare cases occur with little or no calcification. We report a 79-year-old man with a trileaflet aortic valve and progressive, hemodynamically severe AS despite an almost complete absence of valve calcification (aortic valve calcium score of 76.5 Agatston units). Multimodality imaging confirmed the severity of obstruction, and the patient underwent successful surgical bioprosthetic aortic valve replacement with good postoperative outcomes. This case demonstrates that severe AS can occur in elderly patients with trileaflet valves through fibrosis-predominant remodeling without significant calcification, and that computed tomography-based calcium scoring may underestimate disease severity in this rare phenotype."
PubMed,aortic stenosis,Computational studies on visceral artery lesions and aortic pathologies involving visceral branches: a comprehensive review for the clinician.,Siting Li; Tianai Wu; Xiaoning Sun; Xiao Liu; Zenghan Cao; Fangda Li; Rong Zeng; Shiyi Yang; Yuehong Zheng,10.3389/fcvm.2026.1856457,2026,Frontiers in cardiovascular medicine,"Visceral arteries, including the celiac artery, superior mesenteric artery, and renal arteries, play a critical role in supplying blood to abdominal organs. Lesions affecting these arteries can be classified into two categories: primary visceral artery pathologies and secondary involvement due to aortic diseases, sometimes leading to serious complications such as ischemia, organ failure, and rupture. Computational modeling approaches have emerged as a valuable tool for analyzing complex hemodynamics in artery diseases. This review provides a critical overview of computational fluid dynamics (CFD) studies on lesions of or involving visceral arteries. CFD could help understanding how biomechanical forces contribute to the development and growth of aneurysms, stenosis, and dissections, as well as predicting the risk of thrombosis, restenosis, and graft failure after endovascular repair of aortic lesions involving the visceral branches. Significant challenges remain, including model simplifications, the lack of patient-specific boundary conditions, and inadequate clinical imaging data due to the complex and individualized anatomy of visceral arteries. Advancements in fluid-structure interaction modeling, real-time hemodynamic data acquisition from imaging modalities, and machine learning-based image segmentation are expected to enhance simulation accuracy and clinical relevance. CFD has the potential to refine the diagnosis and treatment of visceral artery diseases and improve clinical outcomes."
PubMed,aortic stenosis,New sheathless supra-aortic pulsatile mechanical support via subclavian access for combined protected percutaneous coronary intervention and transcatheter aortic valve implantation in hostile vascular disease: a case report.,Edoardo Elia; Marco Lombardi; Giovanni La Malfa; Giuseppe Patti; Gioel Gabrio Secco,10.1093/ehjcr/ytag502,2026-07,European heart journal. Case reports,"The combination of severe aortic stenosis, complex multivessel coronary artery disease and severe left ventricular systolic dysfunction represents a procedural challenge in which coronary revascularization and transcatheter aortic valve implantation (TAVI) must be carefully integrated. Mechanical circulatory support (MCS) indication and selection are crucial when extensive peripheral arterial disease limits conventional large-bore access and when interaction with valve deployment must be avoided.
An 84-year-old man was admitted to our intensive cardiac care unit with acute decompensated heart failure. Echocardiography showed severely reduced left ventricular ejection fraction (15%) and severe aortic stenosis (mean gradient 41 mmHg; aortic valve area by velocity-time integral 0.45 cm2). Coronary angiography revealed critical stenoses of the left main (LM), proximal and mid left anterior descending artery (LAD), and ostial and proximal right coronary artery (RCA). Computed tomography revealed extensive aorto-iliac thrombosis, narrow sinotubular junction and short valve-to-coronary distances. Following Heart Team discussion, a combined strategy was adopted. After percutaneous transluminal angioplasty of right iliac artery from right femoral access, sheathless pulsatile MCS (iVAC-2L) was implanted percutaneously via left subclavian access and positioned above the aortic leaflets. Protected percutaneous coronary intervention (PCI) of LM-LAD was then performed. Transcatheter aortic valve implantation with a balloon-expandable valve followed and RCA PCI was subsequently completed. Mechanical circulatory support was maintained throughout all phases.
The new sheathless pulsatile MCS provides haemodynamic stabilization, reduces access profile compared with the previous generation of the device and enables integration of complex PCI and transfemoral TAVI in patients with hostile vascular anatomy."
PubMed,aortic stenosis,A 46-Year-Old Man Presenting With Chest Pain Due to Apical Hypertrophic Cardiomyopathy (Yamaguchi Syndrome) Diagnosed by Multimodal Cardiac Imaging.,Mauro de Deus Passos; Daniel Lopes Marques de Araújo; Lucas de Ávila Mariano; Dilson Palhares Ferreira; Luciano Moreira Alves; Simone Nascimento Dos Santos,10.12659/AJCR.953259,2026-07-25,The American journal of case reports,"BACKGROUND Apical hypertrophic cardiomyopathy (ApHCM), also known as Yamaguchi syndrome, is a rare variant of hypertrophic cardiomyopathy characterized by the thickening of the left ventricle apex (>15 mm) and giant negative T-waves on the precordial leads of the electrocardiogram (ECG), which can present symptoms and electrocardiographic changes that mimic acute coronary syndrome (ACS). This report describes the case of a 46-year-old man with chest pain and giant T-wave inversion on ECG, requiring multimodal cardiac imaging to diagnose ApHCM (Yamaguchi syndrome) and exclude the diagnosis of coronary artery occlusion and myocardial infarction. CASE REPORT We report the case of a 46-year-old man who presented to the Emergency Department with typical chest pain. His ECG revealed significant alterations highly suggestive of ACS, including ST-segment depression and giant negative T-waves (>10 mm) in leads V4-V6. Despite this presentation, serial high-sensitivity troponin levels remained consistently within the normal range. Coronary computed tomography angiography (CCTA) revealed non-obstructive coronary arteries but indicated increased apical left ventricular (LV) wall thickness with characteristic trabeculation, raising suspicion for ApHCM. Transthoracic echocardiography (TTE) confirmed pronounced apical LV thickening (20 mm) and a reduced Global Longitudinal Strain (GLS) of -14.3%. Cardiac magnetic resonance (CMR) imaging provided a definitive diagnosis, identifying significant apical hypertrophy with systolic obliteration of the LV cavity and quantifying multifocal myocardial fibrosis at 6% of the LV mass. The patient's symptoms improved significantly with medical therapy, including losartan, metoprolol, and trimetazidine. CONCLUSIONS This case highlights the critical diagnostic challenge of ApHCM masquerading as ACS. It underscores the indispensable role of a multimodal imaging approach-integrating ECG, TTE, CCTA, and CMR-for an accurate diagnosis, particularly for identifying underlying myocardial fibrosis and guiding appropriate patient management."
PubMed,aortic stenosis,Effects of Pulsatile Flow on Fractional Flow Reserve Assessed Using a Reduced-Order Model.,Wonjin Choi; Bon-Kwon Koo; Jung-Kyu Han; Inpyo Lee; Hyun Jin Kim,10.1007/s10439-026-04292-6,2026-07-24,Annals of biomedical engineering,"Computationally derived fractional flow reserve (FFR) has emerged as a noninvasive alternative for evaluating the functional severity of coronary artery stenosis and supporting clinical decision-making. However, the intrinsic reliability of FFR under physiological variability remains an important unresolved issue. This uncertainty is difficult to quantify using high-fidelity simulations alone because of their prohibitive computational cost. The purpose of this study is to quantify the uncertainty of FFR estimates under stochastic, pulsatile physiological boundary conditions and to identify the dominant physiological contributors to FFR variability.
An accurate and computationally efficient uncertainty quantification framework was developed by integrating a reduced-order model derived from three-dimensional simulations with polynomial chaos expansion. The framework couples a calibrated one-dimensional coronary blood flow solver with physiologically informed lumped parameter networks, enabling efficient simulation of realistic pulsatile coronary hemodynamics. Seventeen physiological parameters related to myocardial mechanics and systemic circulation were treated as stochastic inputs, and global sensitivity analysis was conducted to assess their contributions to FFR variability.
The sensitivity analysis identified the myocardial compression parameter as the dominant contributor to FFR variability, followed by selected systemic and cardiac parameters that contribute to aortic pressure. Across all simulated configurations, FFR demonstrated high robustness under broad physiological uncertainty, including cases near clinically relevant decision thresholds. A strong linear relationship was consistently observed between the mean FFR and its standard deviation, indicating that intrinsic hemodynamic variability changes systematically with stenosis severity; however, the magnitude of this variability remained limited within the physiological parameter space investigated.
This study provides a quantitative basis for interpreting the physiological robustness of FFR and for characterizing its intrinsic variability under realistic pulsatile hemodynamic conditions. The limited variability observed near clinically relevant decision thresholds supports the reliability of cycle-averaged FFR as a functional index of coronary stenosis severity. Within the physiological parameter space investigated, the limited influence of detailed pulsatile inflow information on cycle-averaged FFR also supports the practical use of steady or quasi-steady assumptions in many computational FFR workflows."
PubMed,aortic stenosis,Voxel-scale diffusion tensor phenomapping of the healthy and pressure-overloaded human heart.,Christopher A Rock; Y Iris Chen; Ruopeng Wang; Anne L Philip; Boris Keil; Rory B Weiner; Sammy Elmariah; Choukri Mekkaoui; Christopher T Nguyen; David E Sosnovik,10.1038/s41551-026-01755-y,2026-07-24,Nature biomedical engineering,"Diffusion tensor magnetic resonance imaging of the heart is typically performed at millimetre-scale resolution, yielding only four to five voxels across the ventricular wall, limiting the measurement of local spatial variation in cardiomyocyte organization. Here we present a submillimetre in vivo cardiac diffusion tensor imaging method achieved during free breathing that facilitates voxel-level characterization of myocardial microstructure. We introduce a phenomapping framework that combines voxelwise diffusion magnitude and anisotropy with radial and circumferential gradients of cardiomyocyte helix angle to identify distinct microstructural environments. The approach was developed in healthy volunteers and applied to patients with severe aortic valve stenosis, who had preserved cardiac function and marked myocardial thickening. Comparisons to conventional resolution imaging, together with downsampling analyses and ex vivo and histological validation, show that these voxel-scale features are less optimally detected using standard techniques. Four data-driven microstructural classes, defined by combined diffusion properties and orientation gradients, were observed in both healthy and pressure-overloaded hearts. Despite substantial hypertrophy, pressure overload was associated with preserved cardiomyocyte spatial organization. This framework supports studies of myocardial microstructural remodelling in vivo."
PubMed,aortic stenosis,Safety and Efficacy of Transcatheter Aortic Valve Implantation at Centres With Versus Without On-Site Cardiac Surgery: A Systematic Review and Meta-Analysis.,Abdelrahman M Elettreby; Omnia Samy El-Sayed; Nour Eddin M Al-Hawari; Basel F Alqeeq; Ahmed Farid Gadelmawla; Ahmed A Abo Elnaga; Mohammad M Abushanap; Jenan A Alkasasbeh; Lama Jreisat; Ibraheem M Alkhawaldeh; Osama Bisht,10.1016/j.hlc.2026.04.015,2026-07-24,"Heart, lung & circulation","Aortic stenosis (AS) is the most common heart valve disorder causing significant complications. While transcatheter aortic valve implantation (TAVI) offers a less invasive alternative to surgery, debate remains about whether it should require on-site cardiac surgery backup. This systematic review and meta-analysis evaluate existing literature comparing outcomes of TAVI performed at centres with versus without on-site cardiac surgery, aiming to guide optimal patient management and institutional decision-making.
A comprehensive literature search was conducted in multiple databases up to May 2025 to retrieve relevant studies. Random-effects meta-analyses pooled risk ratios (RR) or mean differences. Because definitions of surgical backup varied across studies, backup organisation was extracted for each study. Risk of bias was assessed with the Newcastle-Ottawa Scale and certainty of evidence with the Grading of Recommendations Assessment, Development and Evaluation (GRADE) system.
Six observational cohort studies (n=6,109 patients) were included. No statistically significant differences were observed for in-hospital mortality (four studies; n=3,463; RR= 0.94), 30-day mortality (five studies; n=4,880; RR= 0.87), or emergent conversion to open-heart surgery (four studies; n=4,136; RR= 0.78). Most secondary outcomes were likewise not statistically different, but several had substantial heterogeneity or unstable leave-one-out results. In one matched registry study from the included studies, in-hospital mortality among patients requiring emergent cardiac surgery after intraprocedural complications was high in both settings (50% vs 62.5%).
This observational meta-analysis did not detect statistically significant differences in short-term mortality, emergent conversion, or major complications between centres with and without on-site cardiac surgery. However, the absence of statistically significant differences does not establish safety equivalence. Certainty of evidence was low to very low, and findings should be interpreted cautiously in light of residual confounding, publication bias, and variation in backup models. Accordingly, future high-quality studies are needed to validate these findings."
PubMed,aortic stenosis,Body Mass Index and Advanced Age in Patients Undergoing Transcatheter Aortic Valve Replacement.,Aryan Mehta; Saraschandra Vallabhajosyula,10.1016/j.jacadv.2026.103074,2026-07-24,JACC. Advances,
PubMed,aortic stenosis,"Beyond the valve: right heart dysfunction, cardiorenal interactions, and prognosis in low-flow, low-gradient aortic stenosis.",Neda Dianati-Maleki; Puja B Parikh,10.25270/jic/26.00140,2026-07-23,The Journal of invasive cardiology,
PubMed,aortic stenosis,Spontaneous Vertebral Artery Dissection as the Heralding Manifestation of Previously Undiagnosed Marfan Syndrome in a Young Adult with Posterior Circulation Stroke: A Case Report.,Alawi M Alkhadrawi; Jawaher Saad; Arwa Alsaleem; Mohammed Al-Hariri; Fayez Alzubair,10.3390/reports9030223,2026-07-13,Reports (MDPI),"Background and Clinical Significance: Marfan syndrome (MFS) is an autosomal-dominant connective-tissue disorder caused by pathogenic FBN1 variants. Aortic-root dilation and dissection are the canonical complications, whereas spontaneous vertebral artery dissection (VAD) is described only sporadically. Yet, cerebrovascular events are several-fold more common in MFS, and up to 74% of patients exhibit increased vertebral artery tortuosity, a validated predictor of dissection; Case Presentation: A 32-year-old African man with hypertension, type 2 diabetes mellitus, tobacco use, and headaches labelled as migraine presented with acute agitation, visual disturbance, vertigo, dysarthria, and right-sided weakness of two hours' duration. Examination disclosed previously unrecognised marfanoid stigmata: arachnodactyly with positive wrist and thumb signs, reduced upper-to-lower segment ratio, increased arm-span-to-height ratio, dolichocephaly, pectus excavatum, and a high-arched palate. Non-contrast CT showed left occipital and posterior inferior cerebellar hypodensities. CT angiography demonstrated discontinuous intraluminal filling defects in the left vertebral artery at C4 and C2, and MR angiography confirmed long-segment occlusion/stenosis of the intracranial left vertebral artery. Echocardiography revealed mild aortic-root dilation (4.0 cm; Z-score +2.53) and a small patent foramen ovale (PFO) with a positive bubble study. The patient received intravenous thrombolysis followed by antiplatelet therapy, a high-intensity statin, antihypertensive therapy, and intensified glycaemic control. Because the infarct territory matched the dissected vessel and the small PFO carried no high-risk features (RoPE score 6; PASCAL category ""unlikely""), VAD was designated the culprit lesion and the PFO incidental; Conclusions: Spontaneous VAD may be the inaugural manifestation of unrecognised MFS, antedating aortic complications. In young adults with cryptogenic posterior-circulation stroke and marfanoid features, early cervical imaging and Ghent assessment are warranted, and a coexistent PFO should not be assumed causal. Multidisciplinary evaluation supports accurate attribution and surveillance."
PubMed,aortic stenosis,Takedown of Yasui Operation for Neoaortic Route Obstruction with Anatomic Repair Using the Native Pulmonary Trunk.,Toshikazu Shimizu; Shinya Ugaki; Shota Ogura; Koji Nomura,10.1177/21501351261463240,2026-07-24,World journal for pediatric & congenital heart surgery,"We present a 6-year-old girl with neoaortic route stenosis and neoaortic valve regurgitation following a Yasui operation. Despite progressive neoaortic route obstruction, systemic output was maintained through the native aortic valve, which grew sufficiently over time to allow an elective Yasui takedown. The Damus-Kaye-Stansel anastomosis was disconnected, the aortic arch was patched, and the Yasui baffle was removed, restoring neoaortic valve leaflet mobility. The right ventricle to pulmonary artery conduit was removed and the right ventricular outflow tract was reconstructed using the native pulmonary trunk after closing a diminished ventricular septal defect. The postoperative course was uneventful, without recurrent aortic stenosis or pulmonary regurgitation."
PubMed,deep learning,"Convergence of cryo-electron microscopy and artificial intelligence in integrative structural biology: A critical review of advances, synergies, and implications for molecular biophysics and drug discovery.",Abinawanto; Alfi Sophian,10.1111/jmi.70154,2026-07-27,Journal of microscopy,"Structural biology has entered a period of rapid methodological change defined by the convergence of cryo-electron microscopy (cryo-EM) and artificial intelligence (AI)-driven structure prediction. Prior reviews have generally addressed cryo-EM instrumentation or AI structure prediction individually, or their combination primarily from a structural biology or drug discovery perspective; a microscopy-centred synthesis tracing this convergence from detector physics and image-processing workflows through validation standards to in situ cryo-electron tomography (cryo-ET), while situating AI tools specifically as inputs to and complements of the cryo-EM workflow, has been comparatively underexplored. This review provides such a synthesis, organised around: (i) the instrumentation, image-processing, and validation advances underlying cryo-EM's resolution gains, including detector physics, contrast transfer function (CTF) estimation, Bayesian and deep-learning-based particle picking and reconstruction, and map-to-model validation and deposition; (ii) cryo-electron tomography and subtomogram averaging (STA) for in situ structural biology, including deep generative approaches to heterogeneity analysis; and (iii) the AlphaFold2, AlphaFold3, and RoseTTAFold All-Atom systems, considered specifically in relation to how they interface with and depend upon cryo-EM data for model building, refinement, and validation. Building on this microscopy-centred account, we propose a three-tier classification framework for selecting between AI-primed, experiment-led, and in situ integrative pipelines, and we summarise performance, transparency, and accessibility differences between leading AI tools. We illustrate these methods with examples from membrane proteins, ion channels, and viral glycoproteins, and briefly note implications for structure-based drug design and for structural biology capacity in resource-limited settings. Throughout, we distinguish between demonstrated capability, exceptional proof-of-principle results, and routine practice, and identify the experimental and computational limitations that constrain each approach."
PubMed,deep learning,Explainable Deep Learning and Targeted Spectral Augmentation for Mid-Infrared Classification of Additive-Containing Polymers.,Nicholas Stavinski; Vaishali Maheshkar; Charutha Dassanayake; Fransuas P González Ortiz; Gleniarys N Rivera-Torres; Karthik Dantu; Luis Velarde,10.1021/acs.jpcb.6c02143,2026-07-27,The journal of physical chemistry. B,"Deep learning architectures are increasingly used for spectral classification because of their ability to achieve high prediction accuracies and adapt to complex, heterogeneous data. However, their limited interpretability and sensitivity to data set heterogeneity remain as barriers to chemical insight and deployment in real-world technologies. Here, we evaluate a one-dimensional convolutional neural network (1D-CNN) trained on mid-infrared (MIR) spectra of virgin polymers and postconsumer plastic waste, with emphasis on additive-induced spectral variability that is often underrepresented in pristine polymer spectral libraries and simulated databases. Using one-dimensional gradient-weighted class activation mapping (1D Grad-CAM++), we identify the MIR spectral features most influential for classification of poly(ethylene terephthalate), high-density polyethylene, low-density polyethylene, polypropylene, and polystyrene. Fourier-transform infrared (FTIR) spectra were projected into a two-dimensional space using t-distributed stochastic neighbor embedding (t-SNE) to identify class overlap and spectral feature contamination. To improve model performance, polyolefin formulations containing common polymer additives, including erucamide (CH3(CH2)7CH═CH(CH2)11CONH2), a slip agent, and calcium carbonate (CaCO3), a mineral filler, were extruded using a melt-mixer and incorporated as ""chemistry-informed"" training data. This targeted experimental augmentation improved the prediction accuracy of standard machine learning classifiers, including random forest, k-nearest neighbors, support vector machine, and logistic regression, from 79.4% to 86.6% without altering the training, validation, or testing parameters. Overall, this work establishes an integrated workflow that combines explainable deep learning, low-dimensional embedding, and targeted experimental data acquisition to improve MIR-based classification of additive-containing polymers. More broadly, the approach provides a practical foundation for autonomous material classification technologies designed for small, chemically heterogeneous spectral data sets."
PubMed,deep learning,Measurement-Informed Deep Learning for Real-Time Monitoring of Hydrodynamic Drying Dynamics in Inkjet-Printed Display Pixels via Low-Resolution Imaging.,Sung Jun Park; Donggeun Park; Jin Hong Park; Jae Yeong Jeong; Seok Hwan Jang; Dong Yeol Shin; Gun Woong Kim; Namwon Kim; Seunghwa Ryu; Kunsik An; Jun Young Kim,10.1021/acsami.6c12267,2026-07-27,ACS applied materials & interfaces,"Real-time monitoring of drying dynamics is critical for ensuring high-quality thin-film fabrication in inkjet printing. Here, we present a classification framework for the drying stages of ZnO nanoparticle inks on 200-PPI patterned substrates using low-resolution optical images. By correlating 3D surface profiles with visual textures, we show how the volatility mismatch and viscosity contrast of binary solvents govern hydrodynamic evolution, generating distinct image textures for each stage. Based on this, we define three drying stages for binary mixed-solvent inks and two for single-solvent systems. A lightweight convolutional neural network, trained on grayscale images downsampled to 115 × 40 pixels, achieved a 99.4% test accuracy. Explainable AI analyses, utilizing input gradient saliency and gradient-weighted class activation mapping (Grad-CAM), revealed that the model autonomously learns to focus on the central pixel region-where physical variations are most pronounced-without any spatial supervision. Furthermore, the lightweight model requires only 0.64 ms per image for inference on a GPU, representing a 16.4-fold reduction in theoretical computational cost compared to the baseline. This image-only approach enables reliable, computationally efficient process monitoring, establishing a practical pathway for real-time quality control specifically for the tested ZnO nanoparticle inkjet printing configuration."
PubMed,deep learning,1-D Collocated Dual-Gradient Sensory Fibers for Comprehensive Sensing and Decoding of Complex Human Motion and Physiology.,Yunheum Lee; Sungha Jeon; Min Kim; Joonhee Won; Jinwook Yeo; Kyunghyun Jo; Soyeon Lee; Kieun Park; Yechan Yang; Chul Kim; Gun-Hee Lee; Seunghwa Ryu; Sungho Jo; Seongjun Park,10.1002/adma.74328,2026-07-27,"Advanced materials (Deerfield Beach, Fla.)","Wearable interfaces that capture both weak physiological fluctuations and large body motions remain difficult to realize in a single fiber because most strain-sensing fibers are governed by one dominant electromechanical response mode. Consequently, mechanically distinct deformation regimes are ambiguously represented, limiting sensing range and information quality for downstream motion interpretation. Here, we develop a monolithic dual-gradient fiber with complementary sensing regimes programmed through coupled materials and process design. By jointly tuning the percolation behavior and rheological drawability of carbon black/carbon nanotube-filled styrene-ethylene-butylene-styrene (SEBS) composites, we identified two formulations suitable for coaxial co-drawing within one continuous strand. The resulting fiber pairs a highly responsive layer for small deformation with a robust layer that stays informative at larger strain, producing synchronized but nonredundant signals. At low strain (0%-10%), the high-sensitivity layer exhibits a gauge factor of 51.28, over four times the low-sensitivity layer (12.42), while the two layers remain functional up to approximately 40% and 160% strain, respectively. This architecture preserves mechanically salient features across distinct and superimposed inputs, supporting measurements from pulse and respiration to joint motion. In a single-fiber glove, the dual-sensitivity design improves gesture-classification accuracy by more than 10% relative to single-sensitivity controls, enriching features for decoding."
PubMed,deep learning,EEG-based AI-BCI wheelchair advancement: Transformer-based learning with motor imagery for brain computer interface.,Bipul Thapa; Biplov Paneru; Bishwash Paneru; Khem N Poudyal,10.1093/biomethods/bpag039,2026,Biology methods & protocols,"This article presents an artificial intelligence integrated approach to brain-computer interface-based wheelchair development, utilizing a motor imagery right-left-hand movement mechanism for control. The system is designed to simulate wheelchair navigation based on motor imagery right- and left-hand movements using electroencephalogram (EEG) data. A pre-filtered dataset, obtained from an open-source EEG repository, was segmented into arrays of 19 × 200 to capture the onset of hand movements. The data were acquired at a sampling frequency of 200 Hz. The system integrates a Tkinter-based interface for simulating wheelchair movements, offering users a functional and intuitive control system. We propose TFormerEEG, a Transformer-driven deep learning architecture, for motor imagery EEG classification. The model achieves a test accuracy of 93.04% compared with various machine learning baseline models, including XGBoost, EEGNet, and an EEG-Deformer model. The TFormerEEG achieved a mean accuracy of 91.18% through stratified cross-validation, showcasing the effectiveness of this model."
PubMed,deep learning,A deep learning representation and spatial Bayesian cell-type deconvolution for spatial transcriptomics.,Xiao Yang; Yanbin Feng; Yanfang Zhao; Huamei Li; Xiaozhou Chen,10.7717/peerj.21548,2026,PeerJ,"Spatial transcriptomics provides unprecedented insights into gene expression in the spatial context of tissues; however, some mainstream techniques lack quantitative analysis of uncertainty.
In this study, we propose a computational framework-Spatial Deconvolution via Deep Gaussian Processes (SDDGP)-that integrates deep Gaussian processes with Bayesian inference for spatially aware deconvolution of spatial transcriptomics data. The framework consists of three tightly coupled components. A multi-layer deep Gaussian process (DGP) captures nonlinear spatial dependencies in cell-type composition by propagating spatial coordinates through successive Gaussian process (GP) layers, each equipped with sparse variational inducing points and a radial basis function (RBF) kernel that can be combined with an external Matern spatial kernel. The DGP output serves as an adaptive, spatially informed prior for per-spot cell-type proportions, which are then estimated via a Negative-Binomial Markov chain Monte Carlo (MCMC) sampler with automatic proposal tuning, thinning, and split-chain convergence diagnostics.
We compared our method with existing approaches on two datasets: a pancreatic ductal adenocarcinoma (PDAC) dataset with matched single-cell RNA sequencing and spatial transcriptomics, and a human thymus dataset. Across both datasets, our method estimated cell type proportions more accurately than existing methods, particularly for rare cell types, and recovered biologically meaningful spatial patterns such as the distribution of T cells and plasma cells in PDAC. The Bayesian formulation also provides a quantification of uncertainty for each estimate, which aids the interpretation of spatial heterogeneity in complex tissues."
PubMed,deep learning,Time Is Aorta: Can Artificial Intelligence Improve Surgical Timelines in Acute Type A Aortic Dissection? A Comprehensive Review.,Ibrahim Antoun; Georgia R Layton; Riyaz Somani; Mokhtar Ibrahim; G André Ng; Giovanni Mariscalco; Mustafa Zakkar,10.1002/hsr2.72906,2026-08,Health science reports,"Acute Type A aortic dissection (ATAAD) is a surgical emergency in which delays in diagnosis, transfer, and operative activation increase mortality and organ damage. Artificial intelligence (AI) may support earlier recognition, faster imaging interpretation, and more efficient multidisciplinary communication. This narrative review evaluates whether AI could shorten diagnostic and surgical timelines in ATAAD.
This narrative review was informed by a structured literature search of PubMed/MEDLINE, PubMed Central, Google Scholar, and professional society websites from database inception to 30 June 2026. Search terms included ""acute type A aortic dissection,"" ""acute aortic syndrome,"" ""artificial intelligence,"" ""machine learning,"" ""deep learning,"" ""computed tomography angiography,"" ""non-contrast CT,"" ""chest radiography,"" ""electrocardiography,"" ""d-dimer,"" ""workflow,"" ""triage,"" ""surgical delay,"" and ""interhospital transfer."" We included peer-reviewed original studies, systematic reviews, narrative reviews, and guideline documents that addressed AI-enabled diagnosis, imaging interpretation, triage, transfer, multidisciplinary notification, or surgical pathway coordination in ATAAD or AAS. Abstract-only reports, non-clinical technical studies without dissection-specific evaluation, and studies without clear diagnostic or workflow relevance were not used as primary evidence. Reference lists of relevant articles were manually screened. Because many AI studies enroll broader AAS cohorts, evidence was classified as ATAAD-specific, AAS-based with ATAAD applicability, or adult cardiovascular AI workflow extrapolation. AAS-based findings were used only when their mechanism could plausibly affect ATAAD pathways, such as faster CT interpretation or automated urgent notification, and the limitations of applying these findings to ATAAD are stated throughout the manuscript.
A narrative literature review was conducted using PubMed/MEDLINE, PubMed Central, Google Scholar, and professional society sources from database inception to 30 June 2026. We included peer-reviewed studies, guidelines, and workflow evaluations relevant to AI-assisted recognition, imaging, triage, and communication in ATAAD or acute aortic syndrome (AAS). Evidence specific to ATAAD was prioritized. AAS studies were interpreted cautiously when ATAAD-specific data were unavailable.
AI models using clinical variables, biomarkers, electrocardiography, chest radiography, non-contrast CT, and CT angiography report AUC values of approximately 0.86 to 0.99, with many imaging models reporting sensitivities of 91%-97% and specificities near 93%-99%. Automated CT triage can identify suspected dissections within seconds and simulated workflows show 26%-43% reductions in scan-to-report intervals. Real-world non-contrast CT screening reduced diagnostic time in initially missed AAS cases from approximately 220 min to 62 min. However, most evidence derives from retrospective cohorts, simulated workflows, or AAS populations rather than prospective ATAAD surgical pathway studies.
AI may reduce key diagnostic and communication delays in ATAAD care, but direct evidence that it reduces door-to-surgery time or mortality remains limited. Prospective implementation studies are needed before AI-enabled ATAAD pathways can be considered evidence-based standards of care."
PubMed,deep learning,Applications of Artificial Intelligence in Cancer Diagnosis and Treatment.,Yifeng Xie; Zixuan Wang; Zhiwen Zeng; Tongyao Xin; Shaofei Yuan; Feiwei Qin; Zhonglin Chen,10.1002/cam4.72143,2026-08,Cancer medicine,"Driven by changes in lifestyle and environmental factors, the global incidence of cancer is steadily increasing, which has established it as a leading cause of mortality worldwide. The current paradigm for cancer diagnosis and treatment relies on conventional methods, such as imaging, endoscopy, and tissue biopsy, which present significant limitations regarding sensitivity in early screening, diagnostic specificity, and personalized treatment. Consequently, the development of more efficient and accurate technologies remains a major objective in modern oncology research, and artificial intelligence (AI) has emerged as a particularly promising solution. Through machine learning and deep learning algorithms, AI is reshaping cancer care by enabling automated detection of minute lesions during screening and quantitative analysis of pathological features for diagnosis. It may also advance tumor theranostics through multimodal data integration for treatment stratification, response prediction, and image-guided or targeted therapeutic decision-making, whereas providing data-driven recommendations for personalized treatment. Despite these prospects, medical AI development faces several key issues, including data bias, model explainability, clinical reliability and generalizability, emerging limitations of foundation models and generative AI, and regulatory and ethical issues that need to be addressed. By reviewing recent advances in AI across screening, diagnosis, theranostics, and treatment, we aim to clarify where these methods are already useful, where evidence remains limited, and why closer collaboration among clinicians, engineers, and data scientists is needed for clinical translation. We hope this review serves as a practical reference for researchers and clinicians evaluating how AI may be integrated into oncology in a more standardized, clinically responsible way."
PubMed,deep learning,Cross-Stream and Cross-Channel Attention Networks for Surgical Skill Classification in Open Surgery From Hand Kinematics.,Constantinos Loukas; Konstantina Prevezanou; Ioannis Seimenis; Stylianos Kykalos; Dimitrios Schizas,10.1002/rcs.70215,2026-08,The international journal of medical robotics + computer assisted surgery : MRCAS,"Despite the extensive research on skill assessment in minimally invasive surgery, applications in open surgery (OS) remain limited.
Twenty trainees performed three OS tasks-knot tying (KT), continuous suturing (CS), and interrupted suturing (IS)-yielding 201 trials. Various deep learning models based on LSTM and Transformer were evaluated for binary skill classification using hand kinematics. The proposed architecture integrates cross-stream and cross-channel attention mechanisms to capture inter-hand, intra-hand, and stream-level motion interactions. Agreement with an independent reviewer was also assessed.
The inter-hand model achieved the best performance across all tasks and outperformed the reviewer in multiple metrics (e.g., Accuracy: 0.88 vs. 0.86 KT; 0.84 vs. 0.83 CS; 0.81 vs. 0.68 IS). High-skill recognition was better for KT, whereas low-skill recognition was better for the more demanding tasks, CS and IS.
Our study highlights the importance of capturing hand kinematic relationships as key indicators of surgical performance."
PubMed,deep learning,Systematic Benchmarking of CRISPR-Cas9 Off-Target Prediction Tools Reveals Limitations and Implications for Preclinical Assessment.,Masako M Kaufmann; Maren Hackenberg; William Jobson Pargeter; Rolf Backofen; Harald Binder; Toni Cathomen,10.1177/10430342261466407,2026-07-26,Human gene therapy,"Accurate identification of CRISPR-Cas9 off-target sites is essential for the safety assessment of genome-editing-based therapies. While numerous in silico prediction tools have been developed, their comparative performance and practical utility in preclinical workflows remain incompletely defined. We performed a systematic benchmarking of 14 in silico CRISPR-Cas9 off-target prediction tools, including both standard approaches and machine learning-based models. The analysis was based on a curated dataset derived from the CRISPRoffT database, comprising 3,827 deep-sequenced genomic sites across 26 guide RNA/Cas9 combinations in human cells. Sites with indel frequencies ≥0.1% were operationally defined as true off-targets. We evaluated tool performance using score distributions, correlation with indel frequencies, precision-recall characteristics, recall among top-ranked candidate sites, and the effect of combining tools. All tools assigned higher scores to true off-target sites compared with nontarget sites, although substantial overlap between classes was observed. Correlation between prediction scores and indel frequencies was weak to moderate, indicating limited ability to predict editing magnitude. Precision-recall performance was moderate across all tools, reflecting inherent trade-offs between sensitivity and specificity. Recall increased with the number of predicted sites considered, reaching approximately 77% among the top 500 and up to 83% among the top 1,250 sites, but leaving a substantial fraction of true off-targets undetected. Combining tools yielded only modest improvements. Current in silico tools enable prioritization of CRISPR-Cas9 off-target candidates but remain limited in their ability to comprehensively identify and quantitatively predict off-target activity. Our findings highlight the importance of considering both ranking performance and candidate site coverage and support the use of combined computational and experimental strategies for robust off-target assessment in preclinical gene editing workflows."
PubMed,deep learning,Unveiling the Structural Determinants of PFAS Toxicity: A Graph Neural Network and Interpretability Analysis.,An Su; Yushuang Zhai; Chengwei Zhang; Hongliang Duan; Krishna Rajan,10.1021/acs.jcim.6c00925,2026-07-26,Journal of chemical information and modeling,"The rapid proliferation of per- and polyfluoroalkyl substances (PFASs) necessitates high-throughput tools to assess safety and prevent regrettable substitution. However, conventional toxicological testing is resource-intensive, while standard computational methods often lack the mechanistic transparency required for rational molecular design. This study presents a deep learning framework coupling graph neural networks (GNNs) with transfer learning to predict acute oral rat LD50 toxicity in data-scarce environments. Among the architectures evaluated, GIN with stratified transfer learning (GIN-TL-Strat) achieved the highest predictive correlation (test R2 = 0.7426). By leveraging knowledge transferred from a broad chemical space, the model demonstrates promising generalization potential to structurally diverse fluorinated compounds. GNNExplainer was integrated as an interpretability mechanism to map prediction logic back to specific atomic substructures, enabling quantitative disentanglement of the contributions of chain length, functional group composition, and structural isomerism to acute toxicity. The results demonstrate that the fluorinated carbon chain length is the primary structural determinant of toxicity in continuous-chain alkyl PFAS. Crucially, attribution magnitude does not linearly dictate toxicity impact: while fluorinated backbones and specific nitrogenous/polar functionalities drive positive toxicity shifts, heavy halogens (I, Br, and Cl) exhibit the lowest mean attribution scores and correlate with reduced predicted toxicity, highlighting a decoupling between model attention and net toxicological outcomes. Structural isomerism between straight-chain and branched PFAS was found to have no statistically meaningful effect on predicted toxicity. This work transitions computational toxicology from a passive screening tool to an active platform for the safety-by-design of next-generation fluorinated alternatives."
PubMed,deep learning,DisoPatho: A Cross-View Feature-Adaptive Interaction Encoding Framework for Predicting Disease-Associated Variants in Intrinsically Disordered Regions.,Xiaohua Wang; Shaojie Zhang; Hongmei Jiang; Xiao Liang; Wenjun Xue; Hu Hou; Guizhao Liang,10.1021/acs.jcim.6c01455,2026-07-26,Journal of chemical information and modeling,"Accurate prediction of variants within intrinsically disordered regions (IDRs) is crucial for advancing disease diagnosis and biomedical interpretation. However, the intrinsic lack of stable structural conformations and the high sequence variability of IDRs make it challenging for existing predictors to achieve robust performance in these regions. Here, we introduce DisoPatho, a deep learning framework specifically tailored for predicting disease-associated variants in IDRs. DisoPatho features a novel mutation-centric architecture that utilizes the variant site as an anchor for feature construction and interaction. The core innovation lies in a cross-view adaptive-feature interaction mechanism, which synergistically integrates IDR-specific energy representations with embeddings from protein language models, including xTrimoPGLM and Evolutionary Scale Modeling. This strategy enables the comprehensive capture of evolutionary constraints and physicochemical patterns without requiring explicit structural descriptors, multiple-sequence alignments, or hand-crafted conservation scores. Consequently, DisoPatho exhibits enhanced discriminative power better adapted to the highly flexible nature of IDRs. Comprehensive evaluations across multiple IDR data sets demonstrate that DisoPatho substantially outperforms existing methods. In 5-fold cross-validation, it achieves average AUCs of 0.899 and 0.840, with ACCs of 0.862 and 0.860 on two data sets. Notably, on a highly confounded independent test set where phylogenetic constraints offer limited discriminative signals, DisoPatho yields a 50.2% relative improvement in MCC over AlphaMissense on their respective predictable variants, while achieving broader prediction coverage. In-depth analyses of the prediction results further confirm the effectiveness and stability of the framework in IDR-specific scenarios. The code, data sets, and predictions for DisoPatho are available for academic use at https://github.com/IBHFLab/DisoPatho."
PubMed,deep learning,Process-Aware Deep Learning for Low-Cost Greenhouse Gas Sensing: Insights from Composting toward Scalable Anthropogenic Activities Applications.,Zhonghao He; Haihong Jiang; Jing He; Ci Song; Hongfu Deng; Leyuan Fang; Haoran Dong; Qiqi Fu; Lin Tang; Jing Tang,10.1021/acs.analchem.6c00490,2026-07-26,Analytical chemistry,"Greenhouse gases (GHGs) monitoring is essential for mitigating emissions from anthropogenic activities, yet the deployment of high-precision analyzers remains constrained by cost and operational complexity. Low-cost GHGs sensors often suffer from signal drift, cross-sensitivity, and unstable responses under extreme temperature and humidity conditions. To address these challenges, GHGsNet was developed as a low-cost, process-aware deep learning framework for predicting CO2, CH4, and N2O emissions during composting, a representative high temperature and high humidity anthropogenic activity. GHGsNet integrates low-cost gas sensor signals with gas-state variables and key process parameters using gas-specific deep learning architectures. Compared with a sensor-only baseline model (TriGasNetSensor, TGNS), GHGsNet significantly improved prediction accuracy for CH4 (R2 = 0.9268) and N2O (R2 = 0.9310) by embedding causal emission drivers rather than relying on intergas correlations only. Model interpretability analysis based on SHapley Additive exPlanations-Partial Dependence Plot (SHAP-PDP), together with 16S rRNA microbial evidence, demonstrated that the identified drivers are consistent with established biogeochemical pathways governing methanogenesis and nitrification-denitrification. Independent validation using large-scale composting data confirmed strong generalization, while cross-domain tests of TGNS highlighted the necessity of incorporating process-aware information. Overall, GHGsNet provides a robust and interpretable framework for low-cost GHGs monitoring in high-temperature and high-humidity composting systems, with potential for future extension toward other process-driven anthropogenic activities."
PubMed,deep learning,Deep Learning for Localization Microscopy in 2D and 3D.,Ofri Goldenberg; Dafei Xiao; Yoav Shechtman,10.1021/acs.accounts.6c00345,2026-07-26,Accounts of chemical research,"ConspectusSuper-resolution microscopy has fundamentally transformed our ability to observe biological structures, allowing nanoscale observation into biological samples such as fixed and live cells and tissues, and has been notably recognized by the 2014 Nobel Prize in Chemistry. Single-molecule localization microscopy (SMLM) stands out as a highly successful and widely accessible method for super-resolution microscopy. However, because SMLM relies on computationally reconstructing a single image from thousands of sparse frames, it suffers from significant algorithmic bottlenecks, particularly when dealing with high emitter densities or three-dimensional data. Deep learning has emerged as an exceptionally effective solution to bypass these computational challenges, enabling fast, parameter-free reconstruction. The application of neural networks for SMLM analysis is uniquely powerful because such networks can be trained entirely on simulated data; since the optical point spread function is well-understood, and SMLM images are fundamentally simple, consisting of a collection of point-spread functions, it is relatively easy to numerically simulate the vast quantities of highly accurate training images required to train reconstruction nets.In this Account, we summarize our contributions to localization microscopy by applying neural nets to address its limitations and bottlenecks. Specific challenges and applications include dense molecule fitting in 2D and in 3D, single-channel multicolor imaging, super spatiotemporal resolution microscopy, optical genome mapping, large field-of-view (FOV) imaging, and accurate background simulation. The fact that the training of the neural net is based on simulated images enables powerful and interesting capabilities. For example, the optical setup itself can be algorithmically designed together with the decoding neural net; we have used this concept for tasks such as designing optimal phase masks for depth encoding, for spectral encoding, and even for both simultaneously."
PubMed,deep learning,Cross-Device Risk Calibration for Surface-Enhanced Raman Spectroscopy-Based Urologic Disease Classification.,Huafeng She; Fuqiang Wang; Xin Bai; Xianqiong Gong; Junzheng Wu; Zufang Huang; Wei Qiao; Hongyi Zhang; Juqiang Lin,10.1021/acs.analchem.6c02588,2026-07-26,Analytical chemistry,"Surface-enhanced Raman spectroscopy (SERS) combined with deep learning offers a noninvasive route for molecular screening of urologic diseases. Its broader analytical utility, however, is constrained by two coupled challenges: overconfident predictions near interclass boundaries and cross-device/acquisition-condition distribution shift. We therefore tested whether risk-calibrated patient-level SERS analysis could identify reportable outputs under the protocol-linked composite shift observed in the external data set. Internally, a derivative-guided dual-stream classifier with soft-risk retain/defer triage separated a trusted reportable subset from high-risk samples sent to manual review and kept accuracy above 95% among retained spectra. Externally, the workflow used guarded patient-level calibration-path selection followed by support-dependent few-shot covariance alignment to recover covered known-class outputs under a cross-device/acquisition-condition composite shift. Across the four covered external classes, patient accuracy recovered to 85.82%, and accuracy among retained patients reached 89.95%. When prostate cancer was added to the external test stream as unknown input, a front-end dual-evidence gate increased the unknown patient defer rate from 4.80% to 78.40% while maintaining 90.07% accuracy among gate-passed known-class patients. The evaluation therefore goes beyond closed-set accuracy, testing internal release/defer control, few-shot calibrated recovery of covered external classes, and prereport deferral of unsupported inputs."
PubMed,deep learning,AI-Driven Discovery of a Hydrophobic-Tag Degrader Targeting NSD3 for Lung Squamous Carcinoma Therapy.,Si-Yu Xiu; Zhen-Yu Jia; Qi Li; Wen-Yu Zhu; Han Wang; Cheng Shi; Jia-Xu Zhou; Xiao-Jiao Sun; Xiang-Yu Zhang; Yin-Yan Wang; Xiao-Wei Chi; Liang-Ren Zhang; Zhen-Ming Liu,10.1021/acs.jmedchem.6c00983,2026-07-26,Journal of medicinal chemistry,"Nuclear receptor-binding SET domain protein 3 (NSD3) is a histone H3K36 methyltransferase implicated in lung squamous cell carcinoma, yet chemical targeting is challenging due to the shallow PWWP reader pocket. Here, we report XSY12, a hydrophobic-tag degrader of the NSD3 PWWP domain that enables cellular NSD3 depletion (DC50 = 2.21 μM; Dmax = 80.2%). AI-guided discovery using a 3D fingerprinting platform (TF3P) identified a new NSD3-PWWP chemotype, which was optimized via deep learning-based molecular generation to the high-affinity ligand SYC2 (KD = 0.07 μM) and subsequently converted into XSY12. XSY12 promotes proteasome-dependent NSD3 depletion accompanied by HSP90-associated signatures, reduces H3K36 methylation, and induces apoptosis and G2/M arrest in NSD3-dependent models. In vivo, XSY12 achieved measurable exposure and significant tumor growth inhibition in an LUSC xenograft model at 100 mg/kg with acceptable tolerability. Collectively, these results provide a practical workflow linking AI-guided ligand discovery to functional degrader development."
PubMed,deep learning,A Multimodal Semi-Supervised Learning Framework for Pharmaceutical Cocrystals Prediction.,Mohammad Amin Ghanavati; Seyed Mohamad Moosavi; Sohrab Rohani,10.1021/acs.jcim.6c01386,2026-07-26,Journal of chemical information and modeling,"Cocrystal formation is a widely used strategy in solid-state chemistry and pharmaceutical development to improve the solubility, stability, and bioavailability of molecules with otherwise poor physicochemical properties. Identifying viable coformer combinations remains laborious and uncertain. A key but underappreciated challenge is that experimental databases overwhelmingly report successful cocrystals, while unsuccessful attempts are rarely documented, creating biased data sets that cause many machine-learning models to make overly optimistic and unreliable predictions when applied to new chemical systems. Here, we address this limitation by reframing cocrystal prediction as a learning problem with missing negative information and by adopting a conservative strategy that focuses on identifying molecular pairs that are very unlikely to form cocrystals. We leverage multiple, independent molecular descriptions─including structural, electronic, and physicochemical characteristics─that provide complementary views for identifying reliable negatives, and use their agreement to exclude implausible combinations from large sets of untested pairs. These highly confident pseudonegative examples are then used to mitigate data imbalance and to fine-tune a pretrained graph attention network for cocrystal prediction. Across large and chemically diverse data sets, this data-centric strategy significantly improves the reliability and generalization of cocrystal prediction models compared with existing deep-learning approaches, demonstrating that carefully correcting for missing negative information is critical for making computational screening more realistic and more useful for guiding future experimental discovery."
PubMed,deep learning,Patient-independent automated pediatric seizure monitoring based on expert-labeled electrographic ictal data as core reference knowledge.,Yoon Gi Chung; Jaeso Cho; Anna Cho; Hunmin Kim; Byung Chan Lim,10.3345/cep.2026.01011,2026-07-14,Clinical and experimental pediatrics,"Automated seizure detection using scalp electroencephalography (EEG) is essential to the efficient monitoring of seizures in patients with epilepsy. However, patient-independent seizure detection remains challenging, primarily because of the inherent intersubject variability in EEG characteristics.
We proposed a patient-independent seizure detection approach based on 1,604 single-channel electrographic focal-onset ictal EEG segments verified by epileptologists in patients with focal epilepsy.
We constructed deep learning models trained on these segments and applied them to individual EEG channels to identify seizure occurrences. To evaluate patient-independent detection performance, we conducted internal validation using the 2 datasets employed for segment acquisition, followed by external validation with an independent unseen dataset obtained from a tertiary medical institution.
In the internal validation using a leave-one-patient-out scenario, overall sensitivity, false alarm rate, and latency were 80.1%-100%, 0.64-1.13/hr, and 8.0-21.4 seconds, respectively. In the external validation using the final seizure detection model, the corresponding values were 100%, 0.38-0.67/hr, and 10.0-10.2 seconds, respectively, according to detection length. This technique outperformed those of previous patient-independent studies that employed relatively simple deep learning tasks.
A curated set of expert-labeled ictal EEG segments served as the core reference knowledge for the proposed seizure detector in recognizing seizure occurrence in unseen patients. Because the proposed approach analyzes individual channels in parallel, it may be clinically applicable to continuous seizure monitoring, particularly in wearable seizure detection systems with a limited number of channels."
PubMed,deep learning,AI-assisted VMAT planning incorporating deep learning-based dose prediction for head and neck cancer: feasibility of quality standardization and human intervention for irregular cases.,Seiji Tomori; Kakutaro Narazaki; Shun Tasaka,10.1002/acm2.70715,2026-08,Journal of applied clinical medical physics,"Volumetric-modulated arc therapy (VMAT) represents a standard of care for head and neck cancer (HNC). However, treatment plan quality depends heavily on the planner's expertise, thereby challenging the standardization of treatment quality. While the clinical application of artificial intelligence (AI) in radiotherapy planning is rapidly increasing, the robustness of these models-for both typical and irregular cases-remains insufficiently understood.
To evaluate the clinical utility and generalizability of an artificial intelligence (AI)-assisted volumetric-modulated arc therapy (VMAT) planning workflow for head and neck cancer (HNC). This study focused on the robustness of AI-assisted planning using dose distribution prediction for various cases including complex anatomical variations, such as bulky tumors and irregular tumor ruptures, and explored the feasibility of quality standardization through a ""human-in-the-loop"" intervention approach via re-optimization.
Twelve VMAT plans from 11 HNC patients, including complex anatomical scenarios with bulky masses and post-rupture anatomical changes, were analyzed. Clinical plans developed by an experienced planner were compared with AI-assisted plans generated using RatoGuide (AiRato Inc.). The AI-assisted planning workflow utilized deep learning-based dose distribution prediction to generate dose-derived ring contours for optimization. A human-in-the-loop intervention was implemented, wherein planners performed manual fine-tuning if initial AI-assisted plans violated the institutional dose constraint of Dmax <115%. Dosimetric metrics for the planning target volume (PTV) and organs at risk (OARs), along with Paddick conformity index and monitor units (MU), were evaluated.
AI-assisted plans achieved PTV coverage comparable to clinical plans while improving OAR sparing, particularly for the spinal cord and brainstem. The mean spinal cord PRV Dmax was reduced from 27.50 Gy in clinical plans to 23.97 Gy in AI-assisted plans. Even in cases with bulky or ruptured tumors, AI-assisted planning maintained high conformity and the overall mean Paddick conformity index was comparable to clinical plans. Although initial AI plans exhibited hotspots (Dmax > 115%) in three cases near the body surface, manual fine-tuning of optimization successfully suppressed these hotspots, meeting clinical criteria. AI-assisted planning maintained comparable mean MU values, and reduced the total planning time from approximately 2 h to 30 min.
The AI-assisted planning workflow demonstrated the potential to produce high-quality VMAT plans, even for complex HNC cases. By integrating physicist human-in-the-loop intervention with AI efficiency, this approach could facilitate the standardization of radiotherapy treatment planning quality while supporting patient safety."
PubMed,deep learning,The deep learning radiomics nomogram for risk stratification in multiple myeloma using automatic whole-body [18F]FDG PET/CT segmentation approach.,Meiling Xiao; Yan Zhong; Han Hao; Xinhe Yu; Daoyan Hu; Jing Wang; Chentao Jin; Rui Zhou; Rong Tian; Lixiang Yang; Congcong Yu; Xiaofeng Dou; Chunlei Han; Riku Klén; Xiaohui Zhang; Mei Tian; Hong Zhang,10.1007/s00259-026-08095-8,2026-07-27,European journal of nuclear medicine and molecular imaging,"To develop a deep learning (DL) approach for automatic segmentation and accurate risk stratification in multiple myeloma (MM) using whole-body [18F]FDG PET/CT.
This retrospective study included MM patients who underwent [18F]FDG PET/CT between August 2013 and December 2023. To automatically segment focal lesions, an nnU-Net architecture was trained using dual-channel PET/CT inputs. For diffuse/mixed patterns, the tumor was automatically identified via bone segmentation using liver SUVmedian thresholds. Subsequently, DL and radiomics features were extracted using Pyradiomics and the STU-Net encoder. Then a deep learning radiomics nomogram (DLRN) was constructed using the Cox proportional hazards model and evaluated using the calibration curve, the receiver operating characteristic (ROC) curve, the Kaplan-Meier curve, and decision curve analysis.
The study included 345 patients (median age, 59 years [IQR, 35-67 years], 198 male). The nnU-Net achieved a median DSC of 0.64-0.77 for focal lesions segmentation across cohorts. The DLRN was constructed by integrating deep learning radiomics score (DLRS), lactate dehydrogenase (LDH), and β2-microglobulin (β2-MG). The DLRN achieved an area under ROC curve (AUC) of 0.87 (95% confidence interval [CI]: 0.82-0.93), 0.84 (95% CI: 0.73-0.96), and 0.88 (95% CI: 0.76-0.99) for 3-year overall survival (OS) status prediction in the training, internal and external testing cohorts, which outperformed the International Staging System (ISS) (all P < 0.05). Furthermore, the DLRN can effectively identify high-risk individuals (all P < 0.05), demonstrated good agreement between predicted and observed survival probabilities, and provided clinical net benefit.
The pattern-specific DL approach achieved automated whole-body tumor segmentation in MM, and the established DLRN demonstrated improved risk stratification capability."
OpenAlex,aortic stenosis,AorticStenOmics: Xenium spatial transcriptomics of human aortic stenosis valve slide B15XO,(:unkn) unknown,,2028-01-01,Open MIND,"This deposit contains Xenium spatial transcriptomics data from human aortic valve tissue from slide B15XO. The slide includes spatially matched regions selected to represent areas of relative high and low in vivo [⁶⁸Ga]FAPI-46 PET signal within the same patient, enabling comparison of features associated with regional FAPI uptake."
OpenAlex,aortic stenosis,"AorticStenOmics: single-nucleus, single-cell and bulk RNA sequencing of human aortic stenosis valves",(:unkn) unknown,,2027-01-01,Open MIND,"This deposit contains single-nucleus, single-cell and bulk RNA sequencing data from human aortic valves across the spectrum of aortic stenosis. The dataset includes single-nucleus RNA sequencing from 25 aortic valves and bulk RNA sequencing from 39 aortic valves spanning control, mild/moderate and severe disease, as well as single-cell RNA sequencing from 8 valves with matched in vivo [⁶⁸Ga]FAPI-46 PET-CT molecular imaging."
OpenAlex,aortic stenosis,AorticStenOmics: microscopy of human aortic valves,(:unkn) unknown,,2027-01-01,Open MIND,"This deposit contains microscopy imaging data from human aortic valves across the spectrum of aortic stenosis. The dataset includes duplex immunohistochemistry (IHC), multiplexed immunofluorescence (mIF) and haematoxylin and eosin (H&amp;E) staining."
OpenAlex,aortic stenosis,AorticStenOmics: Xenium spatial transcriptomics of human aortic stenosis valve slide BXNFB,(:unkn) unknown,,2027-01-01,Open MIND,"This deposit contains Xenium spatial transcriptomics data from human aortic valve tissue from slide BXNFB. The slide includes spatially matched regions selected to represent areas of relative high and low in vivo [⁶⁸Ga]FAPI-46 PET signal within the same patient, enabling comparison of features associated with regional FAPI uptake."
OpenAlex,aortic stenosis,Congenital external carotid-internal carotid artery anastomosis associated with moyamoya disease diagnosed by magnetic resonance angiography,Hirotaka Hayashi; Akira Uchino; Masaya Nishikata; Yasutaka Baba,10.1016/j.radcr.2026.06.146,2026-07-25,Radiology Case Reports,"We herein report a case of congenital right external carotid artery–internal carotid artery (EC–ICA) anastomosis associated with moyamoya disease. The patient was a 12-year-old girl with known moyamoya disease who had previously undergone intracranial indirect revascularization at another institution. She presented with sudden weakness of both upper limbs and the left lower limb. Cranial magnetic resonance imaging (MRI) showed no acute ischemic lesions. Cranial magnetic resonance angiography (MRA) demonstrated moyamoya vessels. Cervical MRA revealed a hypoplastic proximal right internal carotid artery (ICA), which was smaller than the main trunk of the external carotid artery (ECA). The ECA and ICA anastomosed at the C2/3 cervical disc level, forming an arterial ring in the cervical carotid region. Because the patient’s neurological symptoms resolved spontaneously, conservative management was selected. Congenital EC–ICA anastomosis is extremely rare, and only 9 cases have been reported in the English-language literature. An association has been suggested between congenital EC–ICA anastomosis and a nonbifurcating cervical carotid artery. Moyamoya disease is a rare but important cerebrovascular occlusive disease and has been reported in association with several cerebrovascular arterial variations, particularly persistent trigeminal artery and fenestrations of the vertebrobasilar system. To our knowledge, this is the first report describing the coexistence of congenital EC–ICA anastomosis and moyamoya disease."
OpenAlex,aortic stenosis,Imaging-driven procedural strategies for coronary subclavian steal syndrome: Two cases of severe calcification and dual branch protection,Masayuki Endo; Shinsaku Yata; Shohei Takasugi; Shuichi Yamamoto; Misato Kishimoto; Kentaro Shinano; Shinya Fujii; Kensuke Matsumoto; Tomomi Watanabe,10.1016/j.radcr.2026.06.116,2026-07-25,Radiology Case Reports,"Coronary subclavian steal syndrome (CSSS) is an uncommon cause of myocardial ischemia in patients undergoing coronary artery bypass grafting using an internal thoracic artery conduit. Endovascular treatment is the preferred treatment, although procedural strategies should be tailored to lesion characteristics and anatomical complexity. We report 2 cases of CSSS successfully treated with endovascular treatment. In the first case, a 75-year-old man had severe nodular calcified stenosis of the proximal left subclavian artery, requiring stepwise balloon dilatation followed by covered stent deployment. In the second case, an 83-year-old man had severe proximal left subclavian artery stenosis with a limited landing zone between the origins of the left vertebral artery and internal thoracic artery, accompanied by bilateral vertebral artery disease. Balloon protection of both branches was performed during stent deployment to preserve coronary and vertebrobasilar perfusion. These cases highlight the importance of individualized endovascular treatment strategies based on lesion morphology and branch vessel anatomy, including careful lesion preparation and branch protection in complex CSSS."
OpenAlex,aortic stenosis,Comparison of pEGASUS-HPC stent pusher-assisted catheterization (PAC) in ruptured and unruptured wide-necked cerebral aneurysms: a multicenter study,Mohammad Almohammad; Ali Khanafer; Mete Dadak; Christopher Nimsky; Zaid Samhan; Bayan Alhaj Mouatafa; Abdallah Aburub; Mariana Gurschi; Stephan Felber; Zakarya Ali; Hans Henkes; André Kemmling,10.1007/s00234-026-04121-6,2026-07-25,Neuroradiology,"Abstract Objectives To compare the feasibility, efficiency, and safety of the pEGASUS-HPC stent pusher-assisted catheterization (PAC) technique between ruptured and unruptured wide-neck intracranial aneurysms treated with stent-assisted coiling. Methods Multicenter retrospective study (June 2021–June 2025) evaluating the pEGASUS-HPC PAC technique in ruptured and unruptured wide-neck intracranial aneurysms treated with stent-assisted coiling. A microwire-assisted catheterization (MAC) cohort was included as a reference cohort. Primary endpoints were catheterization success and catheterization time; safety endpoints included perforation, dissection, and vasospasm. Results A total of 151 patients with 186 aneurysms were analyzed, including a PAC cohort of 91 patients with 111 aneurysms (27 ruptured, 84 unruptured) and a MAC reference cohort of 60 patients with 75 unruptured aneurysms. Catheterization success was achieved in 26/27 ruptured aneurysms (96.3%) and 79/84 unruptured aneurysms (94.0%) ( p = 0.637). Mean catheterization time was 44 ± 14 s in ruptured aneurysms and 43 ± 21 s in unruptured aneurysms ( p = 0.78). No catheterization-related perforations or dissections occurred in either PAC group, and no major procedural complications were recorded. Compared with the MAC reference cohort (289 ± 78 s), PAC was associated with significantly shorter catheterization times in both ruptured and unruptured aneurysms (both p &lt; 0.001) while maintaining high technical success rates. Conclusion The PAC technique demonstrated high catheterization success rates, short catheterization times, and a favorable safety profile in both ruptured and unruptured wide-neck intracranial aneurysms. Aneurysm rupture status did not significantly influence procedural performance or safety. Larger prospective studies are warranted to confirm these findings and further define patient- and anatomy-specific indications for the technique."
OpenAlex,aortic stenosis,Impact of Coronary Diameter Stenosis and Proximal Lesion Location on Outcomes Following PCI in Patients Undergoing TAVI: Prespecified NOTION-3 Substudy,Matti Riihiniemi; Jasmine Melissa Madsen; Jarkko Piuhola; Matti Niemelä; Charlotte Glinge; Reza Jabbari; Muhammad Sabbah; Karsten Tange Veien; Phillip Freeman; Rickard Linder; Dan Ioanes; Christian Juhl Terkelsen; Olli A. Kajander; Sasha Koul; Mikko Savontaus; Pasi P. Karjalainen; Evald Høj Christiansen; Ashkan Eftekhari; Lene Holmvang; Rikke Sørensen; Julia Ellert‐Gregersen; Andreas Rück; Oskar Angerås; Gintautas Bieliauskas; Troels Højsgaard Jørgensen; Juhani Junttila; Lars Søndergaard; Ole De Backer; Thomas Engstrøm; Jacob Thomsen Lønborg,10.1161/circinterventions.125.016286,2026-07-24,Circulation Cardiovascular Interventions,"BACKGROUND: Optimal treatment of coronary artery disease in patients undergoing transcatheter aortic valve implantation remains debated. Here, our aim was to analyze the impact of the diameter and location of coronary stenosis on outcomes in patients undergoing percutaneous coronary intervention (PCI) with transcatheter aortic valve implantation. METHODS: This study was a prespecified subanalysis of the NOTION-3 trial (Nordic Aortic Valve Intervention), which randomized patients with severe symptomatic aortic stenosis and physiologically significant stable coronary artery disease to receive either PCI or conservative treatment of coronary artery disease with transcatheter aortic valve implantation. In this substudy, patients were stratified according to diameter stenosis (&lt;90% or ≥90%) and stenosis location (proximal or nonproximal). The primary outcome was major adverse cardiovascular events, a composite of all-cause death, myocardial infarction, and urgent revascularization. RESULTS: Of 455 randomized patients, 184 (40%) had diameter stenosis &lt;90% and 271 (60%) ≥90%. A total of 294 (65%) patients had at least 1 proximal stenosis, while in 161 (35%) patients, stenoses were nonproximal. At a median follow-up of 2 years (interquartile range, 1–4), PCI reduced the absolute risk of major adverse cardiovascular event by 13% in patients with diameter stenosis ≥90% (PCI 24% versus conservative treatment 37%; hazard ratio, 0.53 [95% CI, 0.34–0.82]), whereas no benefit was observed in patients with diameter stenosis &lt;90% (31% versus 33%; hazard ratio, 1.04 [95% CI, 0.62–1.73]; P for interaction=0.051). PCI reduced major adverse cardiovascular events in case of proximal stenosis (26% versus 38%; hazard ratio, 0.61 [95% CI, 0.40–0.93]), although the difference in effect remained nonsignificant when compared with patients with nonproximal stenosis (28% versus 32%; hazard ratio, 0.91 [95% CI, 0.52–1.61]; P for interaction=0.27). CONCLUSIONS: The beneficial effect of PCI in patients undergoing transcatheter aortic valve implantation with physiologically significant stable coronary artery disease was seemingly pronounced in patients with high-grade stenosis, while stenosis location was not found to modify the outcome despite an almost similar beneficial effect with PCI in patients with proximal stenosis."
OpenAlex,aortic stenosis,Engineering etiology-aligned in vitro models of human vessels,Qi Li; Jiaxin Lin; Wenyu Zou; Jiangfeng You; Shuyuan Yu; Ziqi Gao; Huilong Du; Xinyi Shen; Jun Yin; Huayong Yang; Luqi Shen; Hongzhao Zhou,10.1038/s41378-026-01397-9,2026-07-24,Microsystems & Nanoengineering,"Vascular diseases remain a major global health burden, yet traditional animal models often fail to capture the human-specific mechanisms that drive disease progression. Recent policy shifts, including the FDA Modernization Act and the NIH's transition away from animal-only studies, have intensified the need for human-relevant vascular platforms. This review introduces an etiology-to-model framework that maps six principal classes of vascular disease, including congenital, metabolic, neoplastic, inflammatory, degenerative, and risk factor-induced, to the in vitro systems best equipped to reproduce their defining microenvironmental disturbances. We evaluate how 2D assays, organoids, organ-on-chip platforms, tissue-engineered grafts, and bioprinted vessels each recapitulate distinct structural, cellular, and hemodynamic features of human pathology. We argue that the central challenge is no longer the lack of advanced tools, but the need to validate models against disease-specific benchmarks and integrate biological complexity without compromising reproducibility. By embedding disease etiology into model design, this framework provides a foundation for developing predictive vascular platforms that accelerate mechanistic insight and support precision therapy development."
OpenAlex,aortic stenosis,Simultaneous 3D Quantification of Fluid–Structure Interaction in a Patient-Averaged Left Ventricle: A Lagrangian Experimental Framework,Omer Hadar; Boaz Meivar; S Avidan; Alex Liberzon,10.1007/s10439-026-04293-5,2026-07-24,Annals of Biomedical Engineering,"Experimental validation of dynamic left-ventricular (LV) models remains limited due to the difficulty of simultaneously resolving three-dimensional (3D) wall kinematics and volumetric intraventricular transport. We present a novel experimental framework that provides co-registered, time-resolved 3D reconstructions of both ventricular wall motion and Lagrangian flow in a compliant LV model. By integrating deep-learning object identification and segmentation (SAM2) with 3D Particle Tracking Velocimetry (3D-PTV) and multi-media ray tracing, we establish a high-fidelity ""physical twin"" capable of capturing fluid-structure interaction (FSI) across physiological heart rates. Using this framework, we quantify the spatial distributions of wall shear stress (WSS) based on FSI metrics, including time-averaged wall shear stress (TAWSS), oscillatory shear index (OSI), and relative residence time (RRT). We observe a moderate inverse relationship between regional wall acceleration and TAWSS. In addition, RRT shows weak correspondence with directly measured Lagrangian residence time (LRT) derived from particle trajectories, indicating that surface-based Eulerian proxies may not reliably reflect volumetric transport in deforming chambers. The physical trends revealed in this experiment provide a benchmark for assessing computational FSI simulations and highlight the value of Lagrangian descriptors for characterizing intraventricular transport relevant to thrombogenic risk."
OpenAlex,aortic stenosis,Refractory rapidly progressive diffuse in-stent restenosis with left main involvement: a case report,X G Wang; Haichao Yang; Liqiang Qin; Wei Lu; Lijun Wang; Yi-Xiang Wang; Li J; Kaibin Deng; Chenguang Gao,10.1186/s12872-026-06343-1,2026-07-24,BMC Cardiovascular Disorders,"Drug-eluting stents (DES) have significantly reduced the incidence of in-stent restenosis (ISR). However, a subset of patients still develop refractory, rapidly progressive, and diffuse ISR, which poses substantial therapeutic challenges and reflects its complex underlying mechanisms. We report a 46-year-old male who underwent five percutaneous coronary interventions (PCI) over five years, with repeated diffuse ISR in the left anterior descending artery (LAD). Initial PCI was followed by DCB therapy after first ISR, achieving temporary symptom relief. Four years later, ISR progressed to chronic total occlusion, requiring further stenting and DCB therapy. Within five months, he developed 99% LM stenosis and recurrent LAD ISR. Despite a SYNTAX score of 36 favoring CABG, the patient refused surgery. Under intra-aortic balloon pump support, a balloon-only PCI (stent-less) strategy was performed. IVUS revealed diffuse fibrous proliferation and neoatherosclerosis. During follow-up, the patient remained clinically stable overall. This case highlights a potential systemic hyperproliferative phenotype, in which repeated vascular injury triggers accelerated neoatherosclerosis and intimal hyperplasia. It challenges the conventional view of ISR as a local mechanical problem and underscores the importance of mechanism-driven risk stratification and individualized management, particularly when standard surgical therapy is declined."
OpenAlex,aortic stenosis,Low- versus high-concentration iodine contrast media for coronary computed tomography angiography and dynamic stress computed tomography perfusion: a study protocol for a prospective randomized trial,Sung-Jin Cha; Pil-Hyun Jeon; Dong-Hee Kho; Hyosung Cho; Sung Min Ko,10.1186/s44348-026-00082-9,2026-07-24,Journal of Cardiovascular Imaging,"BACKGROUND: This prospective randomized study protocol is designed to determine whether low-concentration iodine contrast media can maintain coronary enhancement on coronary computed tomography angiography (CCTA) compared with high-concentration iodine contrast media under standardized acquisition conditions. Dynamic stress computed tomography perfusion (CTP)-derived myocardial blood flow (MBF) will be assessed as a key secondary quantitative endpoint. Exploratory diagnostic performance analyses using invasive coronary angiography (ICA) and fractional flow reserve (FFR) will be performed only in clinically indicated invasive testing subgroups. METHODS: The trial plans to enroll 258 adults (age ≥ 40 years) with known or suspected coronary artery disease referred for clinically indicated cardiac computed tomography, including CCTA with planned dynamic stress CTP. Participants will be randomized 1:1 to receive low-concentration iodine contrast media (270 mg I/mL) or high-concentration iodine contrast media (350 mg I/mL). The primary endpoint is quantitative coronary enhancement on CCTA. Dynamic stress CTP-derived MBF will be evaluated as a key secondary endpoint focused on quantitative comparability. ICA/FFR-based diagnostic performance analyses will be considered prespecified exploratory analyses in participants who undergo invasive testing as part of routine clinical care. The primary endpoint will be analyzed using linear mixed-effects models with a prespecified noninferiority margin, and MBF will be analyzed using mixed-effects models without claiming formal equivalence or noninferiority. DISCUSSION: This study protocol is expected to clarify whether low-concentration iodine contrast media can maintain CCTA coronary enhancement and support quantitative dynamic stress CTP assessment while reducing iodine exposure. Because ICA and FFR are clinically driven rather than protocol mandated, diagnostic performance analyses will be interpreted cautiously and regarded as exploratory. TRIAL REGISTRATION: CRIS identifier: KCT0011418. Registered on January 7, 2026."
OpenAlex,aortic stenosis,Gut microbial trimethylamine N-oxide generation promotes risk of atrial fibrillation via muscarinic receptor-mediated autonomic dysfunction,Selvam Arjunan; Isaiah Pemberton; Xinmin S. Li; Naseer Sangwan; Lydia Akino; Emmanuel Opoku; Dmitriy Verbovetskiy; Ina Nemet; Hyun Su Kim; Haruko Masumiya; Zeneng Wang; Joseph A. Lupica; Melissa Tian; Karis Mao; Deepthi P. Mallela; Maradumane Mohan; Sarah Schumacher; Julie H. Rennison; Sathyamangla V Naga Prasad; KENNETH R. LAURITA; Vamsi Chodisetty; M C Chung; David R. Van Wagoner; John Barnard; Jonathan D. Smith; O W Wazni; Stanley L. Hazen; Robert Koeth,10.1172/jci201684,2026-07-24,Journal of Clinical Investigation,"Gut microbiota-derived trimethylamine N-oxide (TMAO) plays a role in the pathogenesis of cardiovascular disease. The role of TMAO in the pathogenesis of atrial fibrillation (AF) remains uncertain. TMAO levels were quantified in plasma from serial subjects undergoing elective cardiac catheterizations (N=5090) and shown to independently associate with prevalent AF following adjustment for risk factors (TMAO adjusted odds ratio 1.7 [95% confidence interval 1.3-2.1]; P<0.01). Human cAMP response element modulator isoform IbΔC-X transgenic mice (CREM-IbΔC-X), a spontaneous mouse model of AF, supplemented with a TMAO diet developed AF sooner. C57BL/6J mice on and off a TMAO had more inducible AF via a transesophageal pacing study compared to chow controls. Dietary choline supplementation increased circulating TMAO levels and significantly accelerated AF onset in CREM-IbΔC-X mice (P<0.01). Iodomethylcholine (IMC), the gut microbial CutC/D inhibitor that suppresses choline→TMA(O) metabolic transformation, reduced circulating TMAO levels (P<0.0001) and choline induced AF onset (P<0.01). Cecal metagenomic analyses showed that choline supplementation induced changes in microbial communities associated with AF, while many of these changes were attenuated by IMC. Choline supplementation promoted overall adverse atrial remodeling with left atrial dilation. Optical mapping studies showed that mice supplemented with choline exhibited reduced conduction velocity, shortened action potential duration at 80% repolarization, and decreased wavelength. TMAO inhibits muscarinic receptor 2 resulting in autonomic dysfunction that promotes AF. In summary, the gut microbial metabolite TMAO, independently associated with AF risk in subjects, enhances AF in multiple AF mouse models via autonomic dysfunction, and is a therapeutic target for prevention of AF."
OpenAlex,aortic stenosis,Bronchial Compression due to Dilated Branch Pulmonary Artery in Tetralogy of Fallot with Absent Pulmonary Valve,P. Gokhale; Vineeta Ojha; AR Choudhury; Poonam Malhotra Kapoor,10.25259/jccc_47_2026,2026-07-24,Journal of Cardiac Critical Care TSS,"Tetralogy of Fallot with absent pulmonary valve syndrome (TOF-APVS) is a rare variant characterized by severe pulmonary regurgitation and aneurysmal dilatation of pulmonary arteries (PAs), often causing tracheobronchial compression. Airway compromise may dominate the clinical presentation, particularly in late-presenting patients. A 9-year-3-month-old girl with TOF-APVS presented with failure to thrive and recurrent respiratory infections due to severe left main bronchial compression from massively dilated PAs (main PA 55 mm). Complete repair included Nunn’s pulmonary valve reconstruction and reduction arterioplasty of the dilated PAs. Intraoperative bronchoscopy confirmed persistent narrowing of the left main bronchus, prompting reliance on the right lung for ventilation. Serial post-operative chest radiographs showed progressive left lung re-expansion, and echocardiography disclosed no residual stenosis, a right ventricular outflow tract gradient of 20 mmHg, and mild pulmonary regurgitation, with preserved biventricular function. Late-presenting TOF-APVS may be dominated by chronic airway compression, emphasizing the need for pre-operative computed tomography, intraoperative bronchoscopy, and structured post-operative respiratory follow-up."
OpenAlex,aortic stenosis,Combined Assessment of Serum dp-ucMGP and Albumin in Relation to All-Cause and Cardiovascular Mortality in Hemodialysis Patients,Vladana Stojiljković; Nikola Stefanović; Jelena Bašić; B Djordjević; Jana Kocic; Branislav Apostolović; Jelena Milenković; Vladan Ćosić; Tatjana Cvetković,10.3390/ijms27156596,2026-07-24,International Journal of Molecular Sciences,"Dephosphorylated uncarboxylated matrix Gla protein (dp-ucMGP) is considered a marker of vitamin K status and vascular calcification risk in chronic kidney disease. This study assessed the association of serum dp-ucMGP, alone and combined with albumin, with all-cause and cardiovascular mortality in maintenance hemodialysis patients. This single-center observational cohort study included 133 maintenance hemodialysis patients with a two-year survival follow-up. Analyses involving dp-ucMGP and albumin were performed in 113 patients with complete biomarker data. Baseline serum dp-ucMGP, albumin, inflammatory markers, and routine laboratory parameters were measured. Associations with all-cause and cardiovascular mortality were evaluated using group comparisons, ROC curve analysis, Kaplan–Meier analysis, and Cox regression. Patients who died had significantly lower dp-ucMGP and albumin levels and higher inflammatory and hematological indices than survivors, with similar findings for cardiovascular mortality. The combined dp-ucMGP–albumin model showed higher apparent discriminatory performance than either marker alone for all-cause mortality (AUC 0.793, 95% CI 0.708–0.878, p &lt; 0.001) and cardiovascular mortality (AUC 0.778, 95% CI 0.687–0.868, p &lt; 0.001). Lower dp-ucMGP levels were associated with worse survival. In multivariable Cox regression, higher dp-ucMGP and albumin were independently associated with lower mortality. Combined dp-ucMGP and albumin assessment may provide complementary prognostic information in hemodialysis patients but requires validation in larger cohorts."
OpenAlex,aortic stenosis,Kessler-10 Psychological Distress Score Is Independently Associated with SYNTAX I and SYNTAX II Scores in Patients with Acute Coronary Syndrome,Fikret Keleş; Alp Yıldırım; AHMET RIDVAN BİLGİÇ; Müzeyyen Parmak; Alperen Taş; Mustafa Çelık; Muhammet Salih Ateş; Erdoğan Sökmen,10.3390/medicina62081440,2026-07-24,Medicina,"Background and Objectives: Psychological distress is common in acute coronary syndrome (ACS), yet its relationship with objective coronary anatomical complexity is incompletely understood. The Kessler Psychological Distress Scale-10 (K10) is a brief self-report instrument that measures non-specific psychological distress over the preceding four weeks. We investigated whether the K10 score is associated with the anatomical SYNTAX I score and the clinical–anatomical SYNTAX II PCI score in patients hospitalized with ACS. Materials and Methods: This prospective, single tertiary-center observational study assessed 865 adult patients with suspected or confirmed ACS between 6 January 2026 and 5 June 2026. After applying predefined inclusion and exclusion criteria, 750 consecutive eligible patients with complete K10, SYNTAX I, and SYNTAX II PCI data were included in the final analytic cohort. The cohort consisted of STEMI in 337 patients (44.9%), NSTEMI in 310 (41.3%), and unstable angina pectoris in 103 (13.7%). The validated Turkish version of the K10 scale was administered after pain control and hemodynamic stabilization, within 24–48 h of admission, by trained study personnel blinded to the final SYNTAX analysis. SYNTAX I and SYNTAX II PCI scores were calculated by two blinded interventional cardiologists. The primary endpoint was SYNTAX I score ≥ 23; the key secondary endpoint was SYNTAX II PCI score ≥ 36, interpreted as a cohort-based high clinical–anatomical risk threshold. Results: Mean age was 61.3 ± 11.6 years, and 543 patients (72.4%) were men. Mean K10, SYNTAX I, and SYNTAX II PCI scores were 23.7 ± 6.7, 22.4 ± 9.5, and 31.2 ± 9.6, respectively. K10 score correlated with SYNTAX I (Spearman rho = 0.417, p &lt; 0.001) and SYNTAX II PCI (rho = 0.348, p &lt; 0.001). Each 5-point increase in K10 was independently associated with SYNTAX I ≥ 23 (extended model-adjusted odds ratio [OR] 1.84, 95% confidence interval [CI] 1.59–2.12; p &lt; 0.001) and SYNTAX II PCI ≥ 36 (extended model-adjusted OR 2.26, 95% CI 1.85–2.75; p &lt; 0.001). K10 predicted SYNTAX I ≥ 23 with an area under the curve (AUC) of 0.706 (95% CI 0.674–0.744; cutoff ≥ 24) and SYNTAX II PCI ≥ 36 with an AUC of 0.693 (95% CI 0.654–0.736; cutoff ≥ 26). Adding K10 to the extended clinical model improved cross-validated AUC for SYNTAX I ≥ 23 from 0.708 to 0.774 and for SYNTAX II PCI ≥ 36 from 0.871 to 0.905; bootstrap optimism-corrected AUCs were 0.754 and 0.899, respectively. The findings remained consistent in sensitivity analyses excluding prior CABG patients, adjusting for psychiatric history/medication use, and evaluating patients whose K10 was completed before angiography. Conclusions: In this prospective ACS cohort, early in-hospital assessment of K10-defined recent psychological distress was independently associated with both anatomical and clinical–anatomical coronary complexity. K10 should not replace angiographic risk scoring, but it may help identify a psychocardiological phenotype characterized by higher coronary disease burden and greater clinical vulnerability."
OpenAlex,aortic stenosis,Prognostic value of algorithm-based invasive hemodynamic assessment of paravalvular regurgitation after Transcatheter Aortic Valve Replacement with Self-Expanding Devices – the APPOSE registry,Niels A. Stens; Geert A A Versteeg; M J P Rooijakkers; Erwin Zegers; Ron Pisters; Jeroen Jaspers Focks; Bart W. Driesen; Fransisco J. Prins; Wouter Remkes; L X Van Nunen; Marleen van Wely; R J M Van Geuns; Laurien M. Buffart; Aysun Cetinyurek‐Yavuz; Michel Verkroost; Leen van Garsse; Robin H Heijmen; Dick H. J. Thijssen; Niels van Royen,10.1093/ehjvshd/xwag060,2026-07-24,European Heart Journal - Valvular and Structural Heart Disease,"Structured Abstract Background Detecting and grading of paravalvular regurgitation (PVR) following Transcatheter Aortic Valve Replacement (TAVR) remains challenging. Aims We evaluated the prognostic value of algorithm-based invasively-measured hemodynamic indices of PVR for all-cause mortality and heart failure (HF) rehospitalisations. Methods and Results We included 727 patients who underwent TAVR with a self-expanding valve for severe native aortic stenosis between 2015 and 2021 in the Radboudumc. Invasive left ventricular and aortic pressures were continuously measured, and were analysed offline using a validated algorithm for standardized computation of hemodynamic indices of PVR. The primary endpoint was an event-adjudicated composite of all-cause mortality and HF rehospitalisation across three-year follow-up. Algorithm-derived diastolic pressure-time index (DPTI)≤58 and diastolic delta (DD)≤32mmHg were independently associated with the composite outcome (hazard ratio (HR) 1.64 [95% confidence interval (CI): 1.14, 2.37], HR 1.80 [95%CI: 1.21, 2.68], respectively). Following stratification for angiography-graded PVR, algorithm-derived invasive indices remained independently associated with the composite outcome in those with angiographic mild-moderate (HR DPTI≤58mmHg: 2.94, 95%CI: 1.68, 5.15) but not none/trace PVR (HR DPTI≤58mmHg: 0.91, 95%CI: 0.49, 1.69). Inferences remained consistent when considering only those with angiographic mild PVR (HR DPTI≤58: 3.19, 95%CI: 1.62, 6.26). Conclusion Algorithm-based invasive assessment of PVR showed independent prognostic value for the risk of all-cause mortality and HF rehospitalisation across three-year follow-up. Additionally, following stratification for angiography-graded PVR, hemodynamic indices remained independently associated with the composite outcome in those with angiographic mild PVR. Together, this highlights the potential of real-time automated assessment of invasive hemodynamics for risk stratification of patients undergoing TAVR."
OpenAlex,valvular heart disease,"Right Heart Dysfunction and Postoperative Renal Injury: Venous Congestion, Renal Perfusion Pressure, and Perioperative Implications",Aaron Siegman; Prabdit Singh Sidhu; D Li,10.1007/s40140-026-00713-3,2026-07-25,Current anesthesiology reports,"Abstract Purpose of Review Postoperative acute kidney injury (AKI) remains a leading cause of morbidity after cardiac surgery. This review examines right ventricular (RV) dysfunction and systemic venous congestion as primary, underrecognized mediators of perioperative renal injury, operating through mechanisms largely independent of arterial hypoperfusion. Recent Findings Human hemodynamic studies consistently demonstrate that central venous pressure is a stronger predictor of renal impairment than cardiac index across cardiovascular disease populations. Intraoperative venous congestion independently predicts postoperative AKI in cardiac surgery, and dynamic intraoperative deterioration of RV function is among the strongest predictors of cardiac surgery-associated AKI identified to date. Elevated renal venous pressure erodes the renal perfusion pressure gradient, producing congestive nephropathy — a potentially reversible renal dysfunction phenotype distinct from ischemic injury. Summary RV dysfunction and venous congestion should be recognized as primary mediators of perioperative AKI. Postoperative oliguria with elevated venous pressure warrants decongestion rather than fluid administration. Preoperative RV assessment, intraoperative CVP surveillance, and bedside venous congestion phenotyping using tools such as Venous Excess Ultrasound represent practical and immediately applicable perioperative strategies."
OpenAlex,valvular heart disease,Dynamics of Global Longitudinal Strain Recovery in St-Elevation Myocardial Infarction: A Prospective Comparative Analysis Between Pharmacoinvasive and Primary PCI Pathways,R K Singh; Sreenivasa B; Gurkiran x; Mallesh P; Dhananjay RS; Prithipal Singh,10.21275/sr26720130819,2026-07-24,International Journal of Science and Research (IJSR),"Background: Global longitudinal strain (GLS) connotes highly sensitive biomarker for systolic dysfunction and affords superior modality for assaying myocardial recuperation in comparison with left ventricular ejection fraction (LVEF). In the case of situations where an expeditious primary percutaneous coronary intervention (PPCI) is not possible, the pharmacoinvasive (PI) strategy is followed as an alternative approach to reperfusion. There is scant data in the literature describing the dynamic differences in GLS between these two therapeutic paradigms after an ST-elevation myocardial infarction (STEMI). This inquiry aimed to compare serial GLS, LVEF and ventricular remodeling pathways between cohorts undergoing PPCI and those undergoing PI regime, whilst characterizing strain amelioration determinants over a six week follow up interval. Methods: A prospective and observational approach was applied and 200 patients with STEMI were recruited, divided equally between the PPCI (n = 100) and PI (n = 100) arms. Speckle-tracking echocardiography was used at baseline, the 15 day mark, and at six weeks to determine the GLS, LVEF, and LVEDV. Clinical outcomes and adverse events were carefully documented. Comparative statistics were obtained using t-tests, chi-squares and repeated measures Anova. Results: Baseline GLS, LVEF, and LVEDV values were statistically indistinguishable between the 2 cohorts. Both PPCI and PI groups showed significant improvement in GLS and LVEF over the 6 week period (p < 0.001 for within group changes). At six weeks, GLS had risen to -14.09% in PPCI cohort and -12.64% in PI cohort (p=0.18). Correspondingly, LVEF improved to 46.62 and 46.49% respectively (p = 0.87). Reverse remodeling patterns and clinical outcomes were similar for both treatments. Conclusion: Pharmacoinvasive therapy promotes myocardial functional recovery that is equivalent to primary PCI with similar improvements in GLS, LVEF and ventricular remodeling. When performed in guideline-recommended timeframes, the PI strategy is a reliable option in the management of STEMI."
OpenAlex,valvular heart disease,Association of Iron Deficiency With the Severity of Heart Failure With Preserved Ejection Fraction: A Hospital-Based Comparative Observational Study From Bangladesh,Dewan Mushfiq Raihan; Mohammad Ullah; Hashan Mamunur Rahman; M Mushfequr Rahman,10.7759/cureus.113308,2026-07-24,Cureus,"Background Iron deficiency is a prevalent and clinically significant comorbidity in heart failure with preserved ejection fraction (HFpEF), yet local data from Bangladesh remain scarce. This study aimed to examine the association between iron deficiency and heart failure severity among patients with HFpEF attending a tertiary cardiac center in Dhaka. Methods This hospital-based comparative observational study enrolled 120 adult patients with HFpEF at Dhaka Medical College Hospital between July 2023 and June 2024. Patients were divided into two groups based on iron status: iron-deficient (Group I, n=60) and iron-replete (Group II, n=60). Iron deficiency was defined according to contemporary heart failure guidelines. Heart failure severity was assessed using the New York Heart Association (NYHA) functional classification, serum N-terminal pro-B-type natriuretic peptide (NT-proBNP) level, and echocardiographic diastolic dysfunction grading per the 2016 ASE/EACVI recommendations. Statistical analysis was performed using SPSS version 26.0 (IBM Corp., Armonk, USA), employing the independent-samples t-test for continuous variables and the chi-square or Fisher's exact test for categorical variables, as appropriate. Results Iron-deficient patients were significantly older (66.1±8.66 vs. 57.87±8.16 years; p &lt; 0.001) and had substantially higher anaemia prevalence (63.3% vs. 18.3%; p&lt;0.001). Iron deficiency was significantly associated with higher NYHA functional class (p=0.003), markedly elevated NT-proBNP levels (3256.75 ± 1124.30 vs. 2099.07 ± 987.50 pg/mL; p &lt; 0.001), and more advanced diastolic dysfunction (p=0.028), with Grade 2 diastolic dysfunction predominating and Grade 3 diastolic dysfunction being more frequent in the iron-deficient group. Conclusions Iron deficiency was significantly associated with greater HFpEF severity across functional, biochemical, and echocardiographic domains, though baseline differences in age and anaemia may have contributed to this unadjusted association. These findings support further evaluation of routine iron status assessment in HFpEF management in Bangladesh, warranting confirmation through prospective, multicenter studies with multivariable adjustment."
OpenAlex,valvular heart disease,Incidental Finding of Incomplete Cor Triatriatum Dextrum During 2nd Trimester of Pregnancy,Zachary Holtzapple; Momin Shah; Claire Eiden; Zeid Nesheiwat,10.46570/utjms-2026-1182,2026-07-24,Translation The University of Toledo Journal of Medical Sciences,"Background: Cor triatriatum sinistrum is a type of congenital heart defect that occurs due to the left atrium being divided into two chambers by a fibromuscular septum. An even rarer subsection of this is cor triatriatum dextrum, in which the fibromuscular septum fully divides the right atrium. Case presentation: We present a patient with intermittent palpitations, chest pressure, and lightheadedness without syncope related to her cor triatriatum dextrum exacerbated by her pregnancy status. Without any prior history of congenital heart defects or pertinent family history, this seemingly health female prior to her pregnancy likely revealed and exacerbated her symptoms and lead to the diagnosis. Conclusions: Treatment in the setting of an asymptomatic presentation of a pregnant patient with history of cor triatriatum remains unclear. Many physicians elect close follow up to monitor for development of symptoms. In symptomatic cases, rate control, thromboembolic prophylaxis, and hemodynamic stabilization are mainstays of treatment. This unique presentation in a rare patient population furthers literature and gives a perspective on pregnancy and structural heart disease like cor triatriatum."
OpenAlex,valvular heart disease,Swin Transformer for Automated Severity Classification of Aortic Regurgitation from Echocardiographic Images: A Multi-Center Study,Yuxin Guo; Liubing Hu; Zhengyuan Xu; Yi He; Yuan Yang; Hao Jiang; Miaomiao He; Biaohu Liu,10.21203/rs.3.rs-10220230/v1,2026-07-24,Research Square,
OpenAlex,valvular heart disease,A Deep Learning-Based Framework for Intelligent Heart Disease Prediction Using ANN and CNN,Sanjana Bala J; Deepu K; A PARVEEN; Akshay Govind S; Rakshitha J N,10.36948/ijfmr.2026.v08i04.84242,2026-07-24,International Journal For Multidisciplinary Research,"This paper presents a comparative studyof machine learning and deep learning models for heartdisease prediction using clinical datasets. Exploratorydata analysis identified key physiological featuresstrongly associated with cardiovascular risk. ArtificialNeural Network (ANN) and Convolutional Neural Network (CNN) models were developed and evaluatedusing standard performance metrics. Experimentalresults demonstrate that CNN models outperform ANNmodels in terms of accuracy, generalization, androbustness to class imbalance. The CNN achieved anoverall accuracy of approximately 98%, effectivelycapturing complex non-linear patterns in biomedicaldata. These findings highlight the potential of CNNbased models for reliable and automated heart diseaseclassification in clinical decision support systems."
OpenAlex,valvular heart disease,Cardiac Implantable Electronic Device Infections at a Tertiary Center in Southern Chile (2015–2021): A Retrospective Cohort Study,Alban Landeros; Cheryld Mutel; Mauricio Soto; Luis Quiñiñir,10.3390/reports9030240,2026-07-24,Reports — Medical Cases Images and Videos,"Background/Objectives: Cardiac implantable electronic device (CIED) infections are infrequent but clinically significant, and Latin American—particularly Chilean—data remain scarce. We aimed to describe the clinical and microbiological profile, complications, mortality, and local infection burden of CIED infections at a tertiary center in southern Chile. Methods: This was a retrospective descriptive cohort study of all patients treated for CIED infection at Hospital Dr. Hernán Henríquez Aravena between January 2015 and December 2021. Crude per-procedure infection proportions were calculated using locally implanted devices (primary implants, generator replacements, and upgrades) as the denominator; because annual implant volumes and individual follow-up times were not retrievable, only exploratory approximate rates per 100 patient-years were derived under strong assumptions and were not used for formal comparison. Results: Fifty-four patients were included (77.8% men; mean age 69 ± 14 years). Predominant comorbidities were arterial hypertension (79.6%), heart failure (40.7%), atrial fibrillation (27.8%), and type 2 diabetes mellitus (24.1%). Pacemakers accounted for 59.3% of infections, and late-onset cases predominated (48.2%). The overall per-procedure infection proportion was 1.4% (95% confidence interval [CI] 1.1–1.9%) and was numerically higher for implantable cardioverter-defibrillators (ICDs; 5.5%) and cardiac resynchronization therapy (CRT) devices (4.3%) than for pacemakers (1.1%). Coagulase-negative Staphylococcus (43.2%) and Staphylococcus aureus (24.3%) were the leading isolates, although microbiological sampling was incomplete (available in 68.5%). Complete system extraction was attempted in all patients and achieved in all but one case; recurrence occurred in 9.3% and in-hospital mortality in 1.9%. Conclusions: The clinical and microbiological profile of CIED infections in this single-center southern Chilean cohort was broadly consistent with international series. Per-procedure proportions for ICDs and CRT devices were numerically higher than those for pacemakers, but the retrospective design, a procedure-based denominator including replacements and upgrades, and incomplete echocardiographic and microbiological workup preclude formal comparison with time-to-event registries; these device-specific findings should be regarded as exploratory and hypothesis-generating. The findings identify concrete, locally actionable targets: more systematic microbiological sampling, broader pre-procedural and diagnostic echocardiography (including transesophageal studies), and strengthened long-term follow-up of CIED carriers."
OpenAlex,valvular heart disease,Predicting major adverse cardiovascular events from incomplete clinical data through interpretable multimodal AI system,Shaohao Rui; Jinyi Xiang; Haoyang Su; Yifan Gao; X Chen; Tingxuan Yin; Lei Zhao; Xiaosong Wang; Lian-Ming Wu,10.1038/s41746-026-03008-3,2026-07-24,npj Digital Medicine,"Accurate prediction of major adverse cardiovascular events (MACEs) is crucial for devising personalized treatments for patients with reperfused myocardial infarction. This requires integrating cardiovascular magnetic resonance (CMR) and electronic health record (EHR) data to enable a comprehensive risk assessment. However, both often suffer from missing modality issues—CMR may lack certain imaging sequences like T2 mapping due to equipment limitations or protocol variations, and EHR data may omit variables that are not measured or recorded. Existing methods address neither these gaps nor the transparent, interpretable reasoning required for trustworthy clinical AI. Here, we propose MACE–MAIS, an end-to-end multimodal AI system with integrated reasoning to predict MACE from incomplete CMR and EHR data. It uses a missing-modality-aware contrastive image pretraining to robustly extract features from incomplete CMR data, and a large language model to embed unstructured EHR texts despite missing entries. Furthermore, MACE–MAIS couples each risk prediction with an interpretable rationale, offering clinicians actionable insights and serving as a reliable reference for routine practice. Evaluated across four real-world clinical datasets, MACE-MAIS outperforms baseline methods in MACE risk prediction while providing transparent, clinically relevant reasoning. This system provides a practical and reliable solution for interpretable clinical AI decision support."
OpenAlex,valvular heart disease,"Dyspnea in heart failure: pathophysiology, clinical assessment, and evidence from clinical trials",Mateusz Garus; Mateusz Guzik; Rafał Tymków; Piotr Gajewski; Robert Zymliński; Jan Biegus,10.1007/s10741-026-10659-7,2026-07-24,Heart Failure Reviews,"Dyspnea is a key symptom of heart failure (HF), particularly in its acute form, where it represents the most common cause of hospitalization. Although traditionally attributed to pulmonary congestion, dyspnea in HF is a multidimensional phenomenon resulting from complex interactions among elevated cardiac filling pressures, hemodynamic alterations, fluid redistribution, impaired gas exchange, activation of mechano- and chemoreceptors, and maladaptive neurohormonal activation. Comorbidities, including chronic lung disease, obesity, cachexia, renal dysfunction, anemia, and chronic inflammation, further modulate symptom perception and lower the threshold for its occurrence. In this review, we synthesize current knowledge on the pathophysiological mechanisms underlying dyspnea in HF, emphasizing its heterogeneity and the complex interplay between hemodynamics, ventilatory regulation, and peripheral factors. We discuss available dyspnea assessment tools, highlighting their strengths and methodological limitations in clinical practice and randomized trials. Despite the use of standardized scales, dyspnea remains a subjective and dynamically evolving symptom. Data from large clinical trials in acute HF indicate that early improvement in dyspnea is common but does not translate into reduced mortality or rehospitalization, whereas residual dyspnea identifies patients at higher risk of adverse events. A better understanding of its multidimensional pathophysiology, measurement limitations, and prognostic significance has important implications for the interpretation of clinical trial results and for optimizing the assessment and management of this fundamental symptom."
OpenAlex,valvular heart disease,The news media and the agenda for noncommunicable diseases before and during the COVID-19 pandemic: Losing the competition for coverage and framing responsibility for action in Malawi,Dereck L. Hamunakwadi; Stephanie Smith,10.1371/journal.pone.0341285,2026-07-24,PLoS ONE,"Chronic noncommunicable diseases (NCDs, such as cardiovascular and diabetes) pose an increasing burden in low-and middle-income countries, accounting for ~80% of premature (under age 70) NCD deaths globally. Despite their significant and rapidly growing burden-and status under United Nations Sustainable Development Goal 3.4-little is known about the agenda status of NCDs in lower-income countries. Though coverage of health issues shapes policymaker and public awareness and opinions, news media is an under-analyzed agenda setting arena. This study explores levels of priority for 10 NCDs compared to four infectious diseases and their burdens in the news media arena in Malawi; shifts in the agenda during the COVID-19 emergency; and media framing of actors responsible for addressing Malawi's NCD burden. The study is informed by analysis of the contents of headlines (an indicator of media priority) and a purposefully selected subset of articles (framing analysis) published in two news outlets between 2015 and 2023. News media priority for NCDs in Malawi remained relatively low despite elevation to Sustainable Development Goal status. Between 2015 and 2019, news media priority in Malawi heavily favored HIV/AIDS, tuberculosis and malaria over 10 NCDs. Media priority shifted to COVID-19 and headlines on mental health surged ahead of those on HIV/AIDS and tuberculosis during the emergency (2020-2023). Alignment between the burden of disease and media priority was inconsistent. News media framed nongovernmental actors (primarily domestic) as responsible for addressing NCDs (predominantly cancers) far more frequently than other actors, including government, politicians and development partners. Featuring patterns of low attention and framing that fails to hold authorities responsible for addressing NCDs, media priority appears unlikely to substantially shift public opinion or policymaker agendas in their favor in Malawi. This study sets the stage for further analysis of media priority for health issues in lower-income countries."
OpenAlex,valvular heart disease,Fatal snakebite-induced thrombotic microangiopathy with incidental rheumatic heart disease: an autopsy case report,Dr Vinayak Deshmukh; Mohammed Akbar; Shikha Chopra; Aasma Nalwa; Puneet Setia,10.1007/s12024-026-01326-2,2026-07-24,Forensic Science Medicine and Pathology,
OpenAlex,valvular heart disease,Resultados posoperatorios de la cirugía de Bentall en un centro de referencia nacional del Perú,Franklin Willy Martinez-Ninanqui; Karla Sue América Hurtado-Belizario; Julio Morón-Castro; Yemmy Pérez-Valverde; Josías C. Ríos‐Ortega,10.47487/apcyccv.v7i3.632,2026-07-24,Archivos Peruanos de Cardiología y Cirugía Cardiovascular,"Objetivos. Determinar la mortalidad y las complicaciones posoperatorias de pacientes sometidos a cirugía de Bentall-De Bono en el Servicio de Cirugía Cardiovascular del Instituto Nacional Cardiovascular-EsSalud, Lima, Perú, en los años 2019-2024. Materiales y métodos. Estudio observacional, retrospectivo, descriptivo, de tipo serie de casos; unicéntrico, de pacientes sometidos a reemplazo compuesto valvular-tubo (procedimiento de Bentall-De Bono) por patología de la raíz aórtica entre enero de 2019 y diciembre de 2024. El objetivo principal fue determinar la mortalidad por todas las causas y las complicaciones mayores. Resultados. Sesenta y tres pacientes fueron sometidos a cirugía de Bentall-De Bono; la mediana de edad fue de 58 años (RIC: 40-71); el 19% de los pacientes tenía enfermedad de Marfan. La mortalidad a 30 días fue de 7,9% (5 pacientes) y las principales complicaciones fueron: accidente cerebrovascular (ACV) 6,3%, infarto de miocardio perioperatorio 4,8%, marcapasos definitivo 11% y sangrado excesivo posoperatorio 6,3%. La mediana de hospitalización fue de 17 días y la estancia en UCI fue de 4 días. En una mediana de seguimiento de 745 días (403-1060), la mortalidad fue de 9/63 pacientes (14,3%), el ACV fue de 7,9%, el infarto de miocardio fue de 4,8% y la necesidad de marcapasos definitivo fue de 14,3%. Conclusiones. Nuestros resultados de la cirugía de Bentall-De Bono son aceptables y comparables con la literatura internacional."
OpenAlex,valvular heart disease,Prognostic Value of Right Ventricular Function Assessment by Echocardiography in End-Stage Renal Disease Patients on Maintenance Hemodialysis in Myanmar: A Prospective Observational Cohort Study,Swe Min Oo; Myint Zaw; Tun Naing Oo; Hein Zaw; Phway Mon Myo,10.47191/ijmscrs/v6-i7-31,2026-07-24,International Journal of Medical Science and Clinical Research Studies,"Background Cardiovascular disease is the leading cause of mortality among End-Stage Renal Disease (ESRD) patients in Southeast Asia. While left ventricular function is routinely assessed, the prognostic significance of right ventricular (RV) dysfunction remains critically understudied in Myanmar. Objectives To determine the prevalence of RV dysfunction in maintenance hemodialysis patients and evaluate its independent association with a composite risk of one-year all-cause mortality and cardiovascular hospitalization. Methods This prospective observational cohort study enrolled 200 adult ESRD patients. To minimize volume loading artifacts, comprehensive post-dialysis transthoracic echocardiography was performed. RV function was assessed using Tricuspid Annular Plane Systolic Excursion (TAPSE), RV Fractional Area Change, and Tissue Doppler Systolic Velocity. The primary composite endpoint evaluated 12-month all-cause mortality and decompensated heart failure hospitalization. Results The cohort (mean age 53.1±12.4 years; 62% male) exhibited a 41.3% prevalence of RV dysfunction (TAPSE &lt; 17 mm). Over a 12-month median follow-up, the primary endpoint occurred in 26.7% of patients. Non-survivors presented with significantly lower TAPSE (13.8±3.1 vs. 18.9±4.2 mm, p&lt;0.001) and serum albumin. Kaplan-Meier analysis indicated significantly reduced event-free survival for patients with RV dysfunction (p&lt;0.001). Following multivariable Cox regression adjustment for age, LVEF, dialysis vintage, and nutritional status, TAPSE &lt; 17 mm remained a strong independent predictor of the composite outcome (HR: 2.38; 95% CI: 1.55-3.72; p&lt;0.001). Conclusions Despite overall mortality being lower than historical national averages, RV dysfunction was an independent predictor of adverse cardiovascular outcomes in this optimized hemodialysis cohort."
OpenAlex,valvular heart disease,Chronic draining xiphisternal fistula associated with fractured right coronary artery stent and transdiaphragmatic inflammatory extension: a multimodality imaging and surgical correlation,Zakiur Rehman Ansari; Zainul Abedein Hamdulay; Azizullah Khan; Sanjesh Jain; Meher Hamdulay,10.1186/s43044-026-00770-3,2026-07-24,The Egyptian Heart Journal,"BACKGROUND: Delayed coronary stent-related inflammatory complications following percutaneous coronary intervention (PCI) are exceptionally rare, and chronic cutaneous fistulization years after stent implantation has only rarely been described. Such indolent presentations may mimic superficial chest wall infections, making diagnosis challenging. Multimodality imaging is essential for accurate diagnosis and surgical planning. CASE PRESENTATION: A 53-year-old man with type 2 diabetes mellitus and ischemic heart disease underwent right coronary artery (RCA) stenting in 2018. He presented with recurrent intermittent fever and a persistent draining xiphisternal sinus for seven months following incision and drainage of a presumed chest wall abscess. Ultrasonography demonstrated a localized subcutaneous collection. Contrast-enhanced computed tomography and CT coronary angiography (CTCA) revealed a fractured, chronically occluded RCA stent with extensive peri-stent inflammatory soft tissue extending into the pericardium, diaphragm, and subdiaphragmatic region. Cardiac magnetic resonance imaging confirmed transdiaphragmatic inflammatory extension and a fistulous tract communicating with the overlying skin. Transesophageal echocardiography was not performed because transthoracic echocardiography and cross-sectional imaging adequately delineated the lesion and showed no evidence of endocarditis. Following preoperative and perioperative antibiotic therapy, the patient underwent surgical excision of the fractured stent, chronic fibro-inflammatory tissue, and sinus tract. Intraoperative cultures and GeneXpert testing were negative, possibly reflecting prior prolonged antibiotic therapy. The postoperative course was uneventful, with complete wound healing, resolution of fever, and follow-up transthoracic echocardiography demonstrating no pericardial collection or valvular vegetations. CONCLUSIONS: This case highlights an exceptionally rare delayed culture-negative chronic peri-stent inflammatory fistulizing process associated with RCA stent fracture presenting nearly seven years after PCI. It emphasizes the importance of maintaining a high index of suspicion in patients with persistent chest wall sinuses after coronary intervention and demonstrates the complementary role of CTCA and cardiac magnetic resonance imaging in defining disease extent and guiding successful surgical management."
OpenAlex,valvular heart disease,Case Report: Shared decision-making in severe rheumatic mitral stenosis complicating pregnancy,Luis Armando Velásquez Trujillo; Manuel Alejandro Hurtado Rivera; V. Enriquez; Sebastián Ayala Zapata; Stephany Barbosa Balaguera; Álvaro Andrés Herrera Escandón,10.3389/fcvm.2026.1918698,2026-07-24,Frontiers in Cardiovascular Medicine,"Severe rheumatic mitral stenosis (MS) is one of the highest-risk valvular lesions in pregnancy, and it becomes particularly hard to manage when the valve is unsuitable for percutaneous balloon mitral valvuloplasty (PBMV) and the patient declines termination. We describe a 20-year-old primigravida who presented at 23.5 weeks of gestation with progressive dyspnea, having deteriorated from New York Heart Association (NYHA) class I to class III. Multimodality echocardiography confirmed severe rheumatic MS, with a valve area of 0.5 cm 2 by two-dimensional planimetry and 0.572 cm 2 by three-dimensional transesophageal planimetry, a mean transmitral gradient of 15 mmHg, and a Wilkins score of 13, together with severe left atrial dilatation and pulmonary hypertension. PBMV was not feasible. After a shared decision-making process that respected the patient's refusal of termination, a multidisciplinary cardio-obstetric team provided a medical bridge aimed at fetal viability. Acute pulmonary edema at 28.1 weeks led to cesarean delivery of a 940 g neonate, and the patient underwent uncomplicated mechanical mitral valve replacement two weeks postpartum. The case shows how shared decision-making, multidisciplinary care, and the timing of surgery after delivery can be combined to protect both mother and child."
OpenAlex,valvular heart disease,Interpretable machine learning and mendelian randomization identify risk factors for lower extremity arterial embolism and thrombosis,X J Li; Guohao Wei; Rui Liu; Qiulin Jiang; Yarong Ma; Xiaolei Sun,10.3389/fcvm.2026.1827210,2026-07-24,Frontiers in Cardiovascular Medicine,"Background Lower extremity arterial embolism and thrombosis lead to significant morbidity, but their risk factors are not fully characterized. Objectives To identify risk factors and develop an interpretable machine learning (ML) model for predicting lower extremity arterial embolism and thrombosis, with validation using mendelian randomization (MR). Methods In this retrospective case-control study, data were collected from patients with lower extremity arterial embolism and thrombosis treated at our department of vascular surgery between January 2018 and November 2025. Predictors were selected using LASSO regression, and 11 ML models were developed using the selected variables. The optimal model was interpreted and implemented as a web-based prediction tool. Clinical utility and model calibration were assessed using decision curve analysis and calibration curves. Key predictors were further assessed using MR and multivariable logistic regression. Results XGBoost achieved the highest discrimination, with an AUC of 0.951 (95% CI 0.925–0.972) in the test set. MR analyses indicated that genetically predicted cerebrovascular disease (CD) (OR 1.773; 95% CI 1.043–3.015; P = 0.035) and gamma-glutamyl transferase (GGT) (OR 1.327; 95% CI 1.105–1.595; P = 0.003) were risk factors, whereas mean platelet volume (MPV) was protective (OR 0.879; 95% CI 0.778–0.993; P = 0.038). Multivariable logistic regression confirmed CD (OR 10.19; 95% CI 4.36–23.82; P &amp;lt; 0.001) and MPV (OR 0.63; 95% CI 0.52–0.76; P &amp;lt; 0.001) as independent predictors. Conclusions Interpretable ML combined with MR identified a history of CD and lower MPV as factors associated with risk of lower extremity arterial embolism and thrombosis."
OpenAlex,valvular heart disease,"Frequency of adding salt to foods, metabolic signature, and the risk of extracoronary atherosclerotic vascular disease progression",Wei Cheng; Chenghui Cao; Wen Gong; B Q Yu; Liang Tang; Z W Zhu; S H E N G H Zhou,10.3389/fnut.2026.1870553,2026-07-24,Frontiers in Nutrition,"Background The frequency of adding salt to foods reflects an individual’s long-term salt preference, and excessive salt intake may increase cardiovascular risk. However, the association between this behavioral indicator and extracoronary atherosclerotic vascular disease, along with its underlying metabolic signature, remains inadequately characterized. Methods We included 495,291 participants from the UK Biobank and assessed the frequency of adding salt to foods. Cox proportional hazards regressions modeled the associations of salt-adding frequency with incident peripheral arterial disease (PAD) and incident carotid artery stenosis (CAS), and related events, respectively. Results During a median of 13.9 years of follow-up, 7,461 incident cases of PAD and 8,067 cases of CAS were identified. When fully adjusted for confounders, participants who sometimes, usually, or always added salt to foods showed an increased risk of developing PAD of 8%, 16%, and 35%, respectively, compared to those who never/rarely did. A comparable pattern of risk increase was also evident for CAS, with 26% higher risk in participants who always added salt to foods. In addition, consistent associations were observed for vascular-related events. Genetic analyses further revealed that the association between salt-adding frequency and PAD was independent of genetic predisposition. Finally, a metabolic signature for salt-adding frequency was constructed using 26 metabolites, which mediated 36.4% and 19.9% of the increased risks for PAD and CAS, respectively. Conclusion Our study shows that frequently adding salt to foods is associated with an increased risk of extracoronary atherosclerotic vascular disease and related events, with circulating metabolites playing a partial mediating role."
OpenAlex,valvular heart disease,Oromotor Dyskinesia and Emotional Lability Masquerading as Anti-NMDA Receptor Encephalitis: Correspondence,Mohnish Darshan; Amber Kumar,10.1007/s12098-026-06371-x,2026-07-24,The Indian Journal of Pediatrics,
OpenAlex,deep learning,The Role of Collective Bricolage in Creating University Governance Structures: The Example of the Galileo Observatory,Ariel Méndez; Amandine Pascal,,2050-01-01,Cairn.info,"This study investigates the concept of “collective bricolage” within the framework of creating a universe science observatory in France. In the face of significant transformations in higher education and research, this article examines how university stakeholders can employ collective bricolage to adapt to institutional mandates for restructuring. Drawing on Lévi-Strauss’s notion of bricolage and the theoretical contributions of Duymedjian and Rüling (2010), this research investigates how this bricolage can be implemented in the absence of conventional or normative space to support the process, and particularly within a context characterized by conflictual relationships. The case study analyzes the collective bricolage process and its components, demonstrating that the dialectical nature of collective bricolage facilitates the creation of robust governance structures through the negotiation and recombination of resources and rationales from the diverse actors involved."
OpenAlex,deep learning,The nature and tensions of environmental management control in local authorities,Christophe Maurel; Christophe Favoreu; London Proofreaders,,2050-01-01,Cairn.info,"This exploratory research aims to characterize, on the one hand, the concept of environmental management control (EMC) through the practices that underpin it, and, on the other hand, the tensions associated with it and the implementation of these practices in public organizations. Although EMC is attracting growing interest within the public sector, it seems to be facing technical and governance difficulties. A grid for analyzing management tools and the theory of organizational paradoxes is used to address the issue of characterizing EMC practices and the associated tensions in the local public sector. Various municipalities were mobilized to explore and characterize their first experiences of implementing EMC. Our results enable us to characterize both the tools used and the tensions generated between the objectives pursued in terms of resource management, dialogue with the socio-economic environment, and behavioral orientation."
OpenAlex,deep learning,A collaborative and participatory approach to public service innovation: Health sector dynamics and outlook,Fatima Yatim; Alan Sitkin; Cadenza Academic Translations,,2050-01-01,Cairn.info,"This article explores the dynamics of collaborative and participatory innovations in public health services using Chen et al.’s (2020) typology. Based on a mixed survey of projects awarded under the national “Droits des usagers de la santé” initiative, the study finds that user participation primarily generates operational and capacity-oriented innovations frequently involving external partnerships. The analysis highlights the crucial interactions between internal and external dynamics, identifying essential conditions for successful innovations: effective mobilization of internal resources, robust institutional support, and early and active user involvement. However, the study also identifies limitations in citizen engagement, particularly in the evaluation phase of innovations. The article concludes by suggesting avenues for enhancing full co-creation processes in public services to maximize public value."
OpenAlex,deep learning,Genesis of Organizational Innovation in Healthcare,Sabrina Grandclaude; Didier Grandclaude; Thierry Nobre; Cadenza Academic Translations,,2050-01-01,Cairn.info,"Based on the analysis of 96 organizational innovation in healthcare (OIH) projects and 52 interviews conducted with project leaders initiating these innovations, this research identifies the phenomena underlying the genesis of OIHs. The results highlight the major role played by factors such as patient empathy, international inspiration, academic inspiration, technological inspiration, serendipitous encounters, and the desire for organizational transformation in driving the generation of OIHs. Furthermore, our findings emphasize the dual nature of the research and development process for these innovations, characterized as both ex nihilo and ex materia."
OpenAlex,deep learning,"Depth of Processing, learner aptitude, and the acquisition of L2 English grammatical structures",Shweta Nigam,10.48683/1926.00128861,2031-01-01,CentAUR (University of Reading),"Depth of Processing (DoP) is central to several models of instructed second language acquisition (ISLA) (Leow, 2015). While DoP has been extensively examined in vocabulary learning (e.g., Laufer &amp; Hulstijn, 2001), its role in the acquisition of grammatical structures, particularly through oral and audio-visual modalities remains comparatively underexplored. Drawing on the Levels of Processing framework (Craik &amp; Lockhart, 1972), this study investigated whether task-induced processing depth influences the acquisition of third conditionals and comparatives, and whether language aptitude (LLAMA B, D, F) predicts learning gains. Using a pretest–posttest design, four intact classes involving 108 Grade 8 EFL learners in India were assigned to one of the three experimental conditions differing in level and type of processing: Low DoP, High DoP Explicit, and High DoP Implicit. The treatment task required the participants to listen to an audio-visual story containing the target structures (third conditionals and comparatives) and complete analytic tasks (varying in different groups) before listening to the story for a second time. The oral performance of the participants was analysed for accuracy, and frequency of use of the target structures. A grammaticality judgement test (GJT) and an elicited imitation task (EIT) were used to assess the participants’ gains in the knowledge of the target structures. In addition, language aptitude (LLAMA B, D, F) was measured and modelled as a predictor of gain scores. Results showed a significant effect of processing condition on GJT performance with the High DoP Implicit group outperforming the High DoP Explicit group on total scores and comparatives. In contrast, ANCOVA analyses indicated no significant group differences on EIT outcomes once pretest performance was controlled, with pretest scores strongly predicting posttest performance. In oral production, processing effects were structure-specific: the Low DoP group showed greater accuracy gains for comparatives, while both High DoP groups revealed increased frequency of use of third conditionals. However, across all four measures, multiple regression analyses indicated that LLAMA B, D, and F did not significantly predict gain scores. Overall, the findings support a processing-by-structure pattern: deeper processing benefits were most evident for the more salient structure (comparatives) on an explicit, written measure, whereas complex, low-salience forms (third conditionals) showed limited accuracy change but increased frequency of use under deeper processing."
OpenAlex,deep learning,Combating Data and Target Shifts in Visual Tasks,Zhaorui Tan,10.17638/03194353,2031-01-01,Open MIND,"The rapid advancement of deep learning models for visual tasks has led to significant progress in many domains. However, a key challenge remains: ensuring that models can generalize effectively to unseen samples or novel classes, especially in real-world scenarios where training data-target pairs are often limited or unavailable, and test data may exhibit shifts in both data and targets. This thesis addresses the problem of shifts across data and targets, proposing novel methods to improve model generalization and transferability in complex settings. The thesis identifies the different shift scenarios for visual tasks and presents their problem forms. The research first relaxes the static target distribution assumption in Multi-Domain Generalization (mDG) tasks, introducing the General Multi-Domain Generalization (GMDG) objective to improve generalization under varying data shifts. Specifically, Extensive experiments validate that GMDG is feasible for classification, segmentation, and regression tasks. Further considering extreme target distribution shifts where even unknown novel classes emerge, the study also explores logical regularization techniques for tasks such as Generalized Category Discovery (GCD), mDG+GCD, and Class Incremental Learning (CIL), proposing a sample-based logical regularization term (L-Reg) to enhance data-, target-, and all-shift generalization. Additionally, a partial logic framework is introduced to address challenges in CIL, enabling models to retain room for unknown classes during training. This is further extended by the Partial-Logic Regularization (PL-Reg), which improves generalization across GCD, mDG+GCD, and transferability for CIL tasks. Furthermore, the thesis proposes a novel Semantic-aware Data Augmentation (SADA) framework for cross-modality generalization in text-to-image synthesis (T2Isyn), text-image retrieval (TIR), and image-text retrieval (ITR) tasks. This framework ensures semantic preservation across text and image modalities, improving both semantic consistency and image quality in cross-modality tasks. The methods proposed in this thesis offer significant advancements in visual generalization and transfer scenarios, providing theoretical insights and practical solutions for handling data shifts, target shifts, and multi-modalities in complex scenarios. Extensive experiments validate the effectiveness of the proposed methods, demonstrating their superior performance across a range of tasks."
OpenAlex,deep learning,Assessing the Role of Digital Transformation in Strengthening Customer Engagement: A Case Study of bKash,Abdullah Al Ahad; Majeda Begum,,2031-01-01,RUCforsk (Roskilde University),"In this study, the role of digital transformation in enhancing customer engagement in the mobile financial services (MFS) industry is explored through a case study of bKash in Bangladesh.The research was designed to find out the key digital transformation projects which bKash has done, understanding customer perceptions about digital service, understanding the relationship and analysis between features of digital transformation and customer engagement, and analysing the challenges and opportunities of digital transformation.The research method used was a mixed-method research design, which was a combination of quantitative survey data from 46 respondents and qualitative data from the interviews conducted with 4 participants.The quantitative data were analysed statistically using descriptive statistics, reliability analysis, correlation analysis and multiple regression analysis, and the qualitative data were analysed in themes.The study was adopted primarily based on the Technology Acceptance Model (TAM) with the aid of the Diffusion of Innovation (DOI)Theory.The results propose that digital transformation has a positive impact on customer engagement for bKash.The PU, TR and PS measures had strong direct effects on customer engagement.On the contrary, the POEU and DSQ measures had results were statistically insignificant.Qualitative data discussion specified some factors that influence users experience, and these are convenience, reliability, and trust.Though there are several advantages in using digital platforms like bKash, but there are some cautions and issues of being worried.Fraud and service cost is two key area of being worried.According to the findings of this research project, the significance of ongoing innovation, robust security measures, and customer-focused digital approaches are so crucial and in emerging markets Bangladesh, financial service providers should integrate these issues to succeed in the competition."
OpenAlex,deep learning,Antecedents and consequences of Green-tech FDI in emerging markets,Zhuoran Liu,10.17638/03195308,2031-01-01,Open MIND,"As environmental pressures intensify, attracting sustainable foreign direct investment (FDI), particularly green-tech FDI, has become a critical pathway for emerging markets to achieve environmental sustainability. However, existing research remains fragmented, offering limited insights into why green-tech FDI enters emerging markets and how it affects regional green innovation. This thesis addresses these gaps by systematically examining both the antecedents and consequences of green-tech FDI through three empirical studies using regional data from China. Study 1 and Study 2 focus on the antecedents of green-tech FDI. Study 1 examines how host-country conditions can attract green-tech FDI, highlighting the role of environmental management information disclosure (EMID) by domestic firms in reducing information gaps and strengthening green market–seeking motives. Study 2 shifts attention to the active decision-making of green-tech FDI, showing that under uncertainty, green-tech foreign investors engage in identity-based bandwagon learning by imitating peers with similar green identities, thereby mitigating investment risks. Study 3 turns to the consequences of green-tech FDI. It demonstrates that, due to the technological complexity of green innovation and limited absorptive capacity in emerging markets, green-tech FDI may generate crowding-out effects rather than purely positive spillovers. Adopting a network perspective, the study further finds that universities play a key moderating role: through broad linkages and deep collaborations, they help mitigate negative spillovers and facilitate the diffusion of green technologies. Together, the three studies advance the literature on sustainable FDI by differentiating green-tech FDI from general FDI and identifying the specific mechanisms that shape its entry decisions and local innovation outcomes. Practically, the findings provide guidance for emerging-market governments and firms on how to attract and manage sustainable investment, balance growth with environmental objectives, and strengthen local innovation ecosystems."
OpenAlex,deep learning,Deep learning design of programmed enhancer pairs,Salil Garg; Blake M Torres; Joanna Wypasek,10.5281/zenodo.19477875,2030-04-08,Zenodo (CERN European Organization for Nuclear Research),
OpenAlex,deep learning,Deep learning design of programmed enhancer pairs,Salil Garg; Blake M Torres; Joanna Wypasek,10.5281/zenodo.19463376,2030-04-08,Zenodo (CERN European Organization for Nuclear Research),
OpenAlex,deep learning,Deep learning design of programmed enhancer pairs,Salil Garg; Blake M Torres; Joanna Wypasek,10.5281/zenodo.19463375,2030-04-08,Zenodo (CERN European Organization for Nuclear Research),
OpenAlex,deep learning,A UAV-Based Framework for Community-Scale Residential Building Energy Modelling in China,Mengfan Jin,10.17638/03195460,2029-01-01,Open MIND,"With increasing emphasis on energy efficiency and carbon emission reduction in the building sector, rapid and scalable energy modelling of existing buildings is critical for retrofit projects and policy development. Conventional surveys, data collection and energy modelling processes remain labour-intensive and impractical for large-scale applications, and energy modelling often dominates project time and cost. Unmanned Aerial Vehicles (UAVs) equipped with high-resolution and infrared cameras now offer fast and safe exterior surveys, showing great potential in building energy assessments. Yet, a systematic framework for UAV integration, from image capture through processing to inputs for building energy simulation, has not been established. This research addresses these challenges by developing a structured framework for community-scale building energy modelling, which integrates UAV photogrammetry to accelerate data acquisition, reduce labour, and shorten energy modelling time for retrofit projects. The framework is designed to minimise prior data requirements while maximising automation and retaining sufficient accuracy and reliability. It also addressed systemic issues, such as the lack of data necessary to fully exploit the potential of available technologies in the context of this study. To achieve this research objective, a mixed-methodology approach, combining desk studies and fieldwork, was adopted. First, a comprehensive review of UAV-based building energy studies mapped the current applications and available tools, proposing a preliminary framework. Fieldwork then encompassed a pilot study and a detailed case study. In the pilot test, a single building was surveyed to identify an optimal toolchain for flight planning, image capture, photogrammetric reconstruction, model generation, and selection of a simulation platform. The resulting refined framework was applied to a case study of a 39-building community, and it was demonstrated that further automation was necessary. The potential for automation was then further explored. Geomatic algorithms, machine learning, and deep learning techniques were compared, and the combination that best balanced accuracy and processing time was selected for 3D model generation and window-to-wall ratio (WWR) extraction. In parallel, an archetype library of residential buildings in the Hot Summer Cold Winter (HSCW) zone in China was compiled to facilitate the assignment of thermal parameters. Finally, a reusable community-scale building energy modelling (CBEM) workflow was assembled in Grasshopper using Ladybug Tools components to process the aforementioned inputs. In conclusion, this study integrates UAV photogrammetry, GIS-based geomatic algorithms, machine learning, and graphical programming to develop an UAV-CBEM framework. The outcomes establish a foundation for scalable UAV-based building energy assessments, enhancing applicability in data-limited and large-scale settings worldwide."
OpenAlex,deep learning,Culture Audit - Save a Life Pet Rescue,Grace L Kmak; Kaley A Chriswell; Carter Roberts; Antonio Pizza; Caroline Parrott,,2029-01-01,Journal of International Crisis and Risk Communication Research,"Our project was a culture audit on the non-profit save a life pet rescue. Our goal was to analyze how the group works along with determine if there is any areas of improvement for the organization. Through this, we learned that any ability to give back can make an impact for all things. Whether it be dogs or families."
OpenAlex,deep learning,Data Augmentation Application in Deep Learning Drug Discovery by Utilizing Relationships Between Biological and Medical Entities,Tianjun Wang,10.17638/03195452,2029-01-01,Open MIND,
OpenAlex,deep learning,Spectral Materialism: Encounters with land-time-scapes,Sam Nightingale,10.25602/gold.00040593,2029-01-01,Goldsmiths (University of London),"This transdisciplinary, practice-based PhD introduces spectral materialism through art-based research encounters with ecologically and historically stratified land-time-scapes shaped by hypersalinity and colonial terraforming. Centred in the semi-arid Mallee (southeastern Australia) and read through echoes with California’s Imperial Valley, the project examines how spectral time—the co-presence and haunting of other temporalities—manifests in the material conditions of salt, soil, water, plants, and infrastructures. It asks how learning from geological, First Nations, colonial, and ecological pasts can orient responsibilities in unsettled futures. Treating the present as a crisis of time as much as a crisis of matter, the thesis critiques linear-progressive temporalities bound to Western modernity and extractive regimes. In response, spectral materialism is developed as both a conceptual framework and a critical creative methodology. Through alchemical media experiments with salt crystals, hypersaline soils, and halophytes, photography is reconfigured as a site-responsive, process-oriented practice. Salt is engaged as a material agent and ‘time-crystal’ whose phase shifts—dissolution, saturation, precipitation, crystallisation, evaporation—form a meta-chemistry that refracts deep-marine pasts, settler-colonial irrigation infrastructures, and contemporary dust into processual renderings of time. Methodologically, the project advances attunement as a mode of sensing and responsiveness to forces that are not always immediately perceptible yet are materially active. Field notes appear as para-writing, interrupting linear narration so that heterogeneous times co-present themselves within the text. The thesis is guided by First Nations temporalities—time as relational and in place—while remaining accountable to ethical limits and protocols. The contribution is twofold: a theoretical articulation of spectral materialism as a way to think time otherwise, and a set of site-responsive methods for engaging elemental media in saline environments. Together, they generate materially grounded accounts of spectral presences and open alternative pathways for knowing, sensing, and relating within land-time-scapes marked by enduring colonial and ecological afterlives amid planetary change."
OpenAlex,deep learning,Advocating the potential of AI for syndrome discovery: a scoping review,A C P Ferreira; Aleksandar Anžel; Alexander Ullrich; Georges Hattab,,2029-01-01,Open MIND,"This protocol describes a scoping review to map the landscape of artificial intelligence (AI) applications in syndrome discovery. Specifically, we aim to identify: 1. What AI techniques (e.g., natural language processing, machine learning, deep learning) have been used to detect or characterize syndromes (in the context of Syndromic Surveillance Systems); 2. which clinical data sources (e.g., EHR text, emergency departments data, primary care data) are leveraged."
OpenAlex,deep learning,Deep learning image analysis of donor red blood cells to predict deformability and transfusion efficacy,Erik S. Lamoureux,10.14288/1.0451932,2028-01-01,cIRcle (University of British Columbia),"The full abstract for this thesis is available in the body of the thesis, and will be available when the embargo expires."
OpenAlex,deep learning,Le jeu de rôle ludique : un terrain d’analyse et d’entraînement pour l’acquisition de compétences managériales,Sanne Stijve; David Robert,,2028-01-01,Cairn.info,"Unlike serious role-playing games, which attempt to simulate certain situations and interactions in the business world, tabletop role-playing games set their narrative in a fictional universe. RPG games provide an excellent opportunity to analyse the interaction and thinking patterns of participants and offers the possibility to develop new behaviours and testing them over the course of one or more game sessions, using the “decontextualised” simulation system on a benevolent testing ground, an immersive simulation environment that enables analysis and personal growth work. This activity has been the subject of workshops run by PsychoStratégie SA, which constitute a case study showing how tabletop RPGs can be used in an innovative way to develop the managerial skills of professionals through a deeper understanding of their own interactional and reflexive patterns and the development of new behaviours and tactics."
OpenAlex,deep learning,"The Enlightenment of an Entrepreneur: A Multidisciplinary Exploration of Management, Psychology and Economic Theology",Graziano Mazza,,2028-01-01,Cairn.info,"This conceptual paper explores how Economic Theology’s ideas of calling, oikonomia, and entrepreneurship can enhance entrepreneurs’ ability to navigate sustainability transitions. Integrating concepts from various disciplines, it reimagines entrepreneurship as an iterative learning process that addresses societal challenges. The paper analyses existing Religion of Work theories, providing societal, psychological, and anthropological insights. It elucidates the concept of calling in entrepreneurship, suggesting that work can have transcendent meaning and purpose. Additionally, it examines boundaryless careers and the significance of work, portraying entrepreneurship as a profession with humanitarian and spiritual dimensions. The paper outlines fundamental beliefs and frameworks for societal contribution through entrepreneurship, emphasizing the individual-in-society perspective. It advocates for entrepreneurs as moral agents aligned with community values and proposes a shift from viewing economic actions as mere resource allocation to recognizing entrepreneurial action as an expression of human agency. JEL Codes: B5"
OpenAlex,deep learning,Deep q-learning aided k-means clustering protocol for optimizing network lifetime in wireless sensor networks,Flynn Dowey,10.14288/1.0451106,2028-01-01,Open Collections,"The full abstract for this thesis is available in the body of the thesis, and will be available when the embargo expires."
