source,keyword,title,authors,doi,publication_date,journal,abstract
PubMed,aortic stenosis,Association of the hemoglobin-to-red cell distribution width ratio with clinical outcomes after transcatheter aortic valve implantation.,Zeynep Kaplan; Mehmet Erdoğan; Hakan Süygün; Serdal Baştuğ; Murat Akçay; Tahir Durmaz,10.26599/1671-5411.2026.08.006,2026-08-28,Journal of geriatric cardiology : JGC,"Risk stratification after transcatheter aortic valve implantation (TAVI) remains challenging, particularly in elderly patients with substantial frailty and comorbidity burden. The hemoglobin-to-red cell distribution width ratio (HRR) has recently emerged as an integrated biomarker reflecting anemia, systemic inflammation, and nutritional status. However, evidence regarding its prognostic value in patients undergoing TAVI remains limited.
This retrospective observational study included 584 consecutive patients who underwent TAVI for severe aortic stenosis between 2019 and 2023. Baseline HRR was calculated from preprocedural laboratory measurements. Patients were categorized into the low HRR group and the high HRR group according to a receiver operating characteristic-derived cut-off value (0.74). The primary endpoint was long-term all-cause mortality. Multivariable Cox regression analyses evaluated HRR as both a continuous and a categorical variable. Additional receiver operating characteristic, reclassification, and restricted cubic spline analyses were performed.
Patients in the low HRR group experienced significantly higher in-hospital, 30-day, one-year, and long-term all-cause mortality compared with those in the high HRR group (all P < 0.001). Kaplan-Meier survival analysis demonstrated significantly reduced long-term survival in the low HRR group (log-rank P < 0.001). HRR showed moderate discriminatory ability for one-year (AUC = 0.73) and long-term all-cause mortality (AUC = 0.70). HRR outperformed hemoglobin alone and improved risk discrimination and reclassification beyond the STS (Society of Thoracic Surgeons) score. In multivariable Cox regression analyses, HRR remained independently associated with long-term mortality when assessed as a continuous variable (HR = 0.09, 95% CI: 0.03-0.25, P < 0.001) and as a categorical variable (HR = 0.34, 95% CI: 0.24-0.49, P < 0.001), after adjustment for age, sex, STS score, and malignancy.
Preprocedural HRR is independently associated with long-term all-cause mortality after TAVI. HRR may provide complementary prognostic information when integrated into multiparametric risk assessment strategies for elderly patients undergoing TAVI."
PubMed,aortic stenosis,Infective endocarditis presenting with myocardial infarction with non-obstructive coronary arteries: A case report and literature review.,Lan Cheng; Lianjie Li,10.1097/MD.0000000000050707,2026-09-18,Medicine,"Infective endocarditis (i.e.) results from the combined effects of multiple factors, such as frequent vascular access procedures and impaired immune system function, and is relatively common among patients with uremia undergoing long-term hemodialysis. Myocardial infarction with nonobstructive coronary arteries (MINOCA) may present as an atypical clinical presentation, especially in patients with multiple comorbidities.
We report a rare case of a 52-year-old male who underwent regular hemodialysis using a tunneled-cuffed catheter and presented with persistent acute chest distress and pain for 4 hours.
Immediately after defecation, the patient developed persistent severe chest pain, shortness of breath, and profound sweating. ST-segment depression and T-wave alterations in the inferior leads (II, III, and aVF) on the initial ECG, together with elevated troponin I levels, raised suspicion of acute myocardial infarction (AMI). Emergency coronary angiography showed an irregular aortic valve, no significant stenosis of the left main coronary artery, 20-30% stenosis of the middle segment of the anterior descending artery, 30-40% stenosis of the circumflex artery, and no significant stenosis of the right coronary artery. Laboratory results revealed an increased percentage of white blood cells, neutrophils, and C-reactive proteins (CRP). Cardiac ultrasonography revealed hyperechogenicity of the aortic valve, suggesting the presence of vegetation. Considering the patient's history of uremia, long-term hemodialysis, and the absence of obstructive coronary arteries, MINOCA secondary to IE was suspected.
Treatment with broad-spectrum antibiotics was initiated. Given the echocardiographic findings of massive and moderate aortic valve regurgitation, the patient underwent aortic valve replacement with cardiopulmonary bypass.
The patient's inflammatory markers and white blood cells significantly decreased, serum troponin decreased, and ST-T changes in the ECG significantly recovered. After mechanical aortic valve replacement, the patient was discharged with anti-infection therapy, cardiac strengthening, blood purification, and nutritional support.
The clinical presentation of infective endocarditis is atypical in patients undergoing dialysis, especially in the presence of other life-threatening conditions. Early multimodal imaging and multidisciplinary collaboration are essential for the timely diagnosis and management of MINOCA and IE."
PubMed,aortic stenosis,"Early clinical and hemodynamic outcomes of SAVR, Ozaki neocuspidization, and TAVI: A real-world observational study.",Safa Özçelik; Semih Eren; Kemal Özdemir; Ferdi Peynirci; Yasin Özden; Yavuz Şensöz; Sait Terzi; İlyas Kayacioğlu,10.1097/MD.0000000000050738,2026-09-18,Medicine,"Aortic stenosis is a common valvular heart disease associated with substantial morbidity and mortality if left untreated. Surgical aortic valve replacement (SAVR), transcatheter aortic valve implantation (TAVI), and autologous pericardial aortic valve reconstruction (Ozaki procedure) represent alternative interventional strategies, but direct real-world comparisons remain limited. This study evaluated early clinical and 6-month hemodynamic outcomes following these 3 treatment approaches. This retrospective single-center observational study included 153 consecutive patients with severe aortic stenosis treated between December 2020 and March 2022 (SAVR, n = 67; Ozaki, n = 31; TAVI, n = 55). Early mortality was the primary clinical outcome, and 6-month mean transvalvular gradient was the primary echocardiographic outcome. Other clinical and echocardiographic outcomes were considered secondary or exploratory. Multivariable regression, analysis of covariance, and separate pairwise propensity-score matching models were used to account for baseline differences. Propensity scores were estimated using age, sex, EuroSCORE II, chronic kidney disease, and coronary artery disease. TAVI patients were older and had higher operative risk. No statistically significant differences were detected among the groups in early mortality, stroke, or postoperative dialysis. Permanent pacemaker implantation was more frequent after TAVI, while prolonged intensive care unit stay also differed among treatment groups. At 6 months, the Ozaki group showed favorable hemodynamic parameters, including lower mean transvalvular gradients and maximum transvalvular velocity. However, 6-month echocardiographic follow-up was incomplete, and these findings should be considered exploratory given the small Ozaki cohort, baseline differences, and observational study design. SAVR, Ozaki neocuspidization, and TAVI showed distinct early clinical and hemodynamic profiles in this real-world observational cohort. No statistically significant differences were detected in several major early clinical outcomes, although the study was not sufficiently powered to establish equivalent safety or exclude clinically meaningful differences. The favorable short-term hemodynamic findings observed with the Ozaki procedure should be considered hypothesis-generating. Larger prospective studies with longer follow-up are needed to further evaluate comparative clinical outcomes, hemodynamic performance, and durability."
PubMed,aortic stenosis,Cardiac involvement in neurofibromatosis type 1: real-world baseline and follow-up findings from a tertiary single-center cohort.,Sibel Öz Yıldız; Maharram İmanlı; Hayrettin Hakan Aykan; İlker Ertuğrul; Dilek Yalnızoğlu; Göknur Haliloğlu,10.1007/s00431-026-07417-0,2026-09-19,European journal of pediatrics,"We aimed to assess the prevalence and spectrum of cardiac abnormalities and their associations with demographic and clinical parameters in a pediatric neurofibromatosis type 1 (NF1) cohort. One hundred fourteen NF1 cases (65 females, 49 males) underwent electrocardiography (ECG), echocardiography (ECHO), and blood pressure measurement; Holter ECG, cardiac MRI, and follow-up ECHO were performed when indicated. The median age at NF1 diagnosis was 2.4 (0.1-15.9) years; the mean age at first ECHO evaluation and the last follow-up was 8.9 ± 4.5 years and 10.3 ± 4.5 years, respectively. Abnormalities were identified on initial evaluation (35/114, 30.7%) after excluding isolated patent foramen ovale. Valvular abnormalities were the most common (57.1%), followed by septal (17.1%), myocardial (14.3%), vascular (5.7%), and pulmonary (5.7%) abnormalities. Among cases with repeat echocardiography, abnormalities were detected at second (18/31, 58%) and third (8/12, 66.7%) assessments. Holter ECG (n = 13) detected atrial tachycardia in one; cardiac MRI revealed abnormalities in three of five cases. Eleven cases received antihypertensive treatment, and four required surgical or interventional management, including mitral valve replacement for progressive mitral regurgitation with prolapsus, aortorenal bypass for midaortic coarctation-related hypertension, balloon angioplasty for neonatal pulmonary stenosis, and planned aortic valve replacement in a case with aortic regurgitation, hypertrophic cardiomyopathy (HCM), and moyamoya syndrome. Final ECHO abnormalities showed no significant association with NF1 diagnostic or demographic parameters (p > 0.05). Antihypertensive treatment was associated with abnormal initial ECHO findings (p = 0.003), but no independent predictor was identified.
These data highlight that cardiovascular abnormalities are common in NF1 and include congenital heart disease, vasculopathy, hypertension, and HCM. Regular cardiac screening and surveillance are essential for early detection and optimal management to prevent long-term complications.
• Cardiac abnormalities are described in NF1 but cardiac evaluation is not standardized. • NF1-related cardiovascular involvement includes congenital heart disease, vasculopathy, hypertension, and hypertrophic cardiomyopathy, but pediatric prevalence data are limited.
• In one of the largest pediatric NF1 cohorts, cardiac abnormalities were identified in 30.7% of cases. • Cardiac involvement was not associated with NF1 clinical manifestations; although antihypertensive treatment was associated with abnormal initial echocardiographic findings, no independent predictor was identified, supporting the need for cardiac surveillance from childhood."
PubMed,aortic stenosis,Long-Term Survival of Patients Undergoing Transcatheter Aortic Valve Implantation Under General Anesthesia Versus Monitored Anesthesia Care.,George Samanidis; Meletios Kanakis; Ilias G Koziakas; Areti Falara; Eleni Nikoli; Panagiota Griva; Panagiotis Ftikos; Ilias Kosmas; Anna Smyrli; Marina Balanika,10.1053/j.jvca.2026.08.158,2026-08-30,Journal of cardiothoracic and vascular anesthesia,"This study aimed to evaluate the long-term survival of patients who underwent transcatheter aortic valve implantation (TAVI) by general anesthesia (GA) versus monitored anesthesia care (MAC).
Retrospective (observational) study.
Single center.
Between 2015 and 2024, a total of 1,390 patients with severe aortic valve stenosis underwent TAVI with GA or MAC.
Transcatheter aortic valve implantation by the transfemoral approach.
GA was used in 508 patients and MAC in 882 patients. The 30-day mortality was 1.6% (8 patients) in GA versus 0.6% (5 patients) in MAC (p = 0.08). Kaplan-Meier analysis showed that survival at 1, 3, 5, and 7 years was 91.1%, 75.6%, 59.8%, and 40% in GA versus 93.2%, 75.5%, 63.2%, and 46.9% in MAC, respectively (p = 0.16). Multivariable analysis using a Cox proportional hazards model demonstrated that anesthetic management with GA versus MAC (adjusted for age, sex, coronary artery disease, previous percutaneous intervention, EuroSCORE II, postprocedural cerebral vascular accident, permanent pacemaker implantation, valve-in-valve TAVI, and TAVI period) did not significantly affect the long-term survival of patients after TAVI (hazard ratio, 0.94, 95% CI, 0.74-1.18; p = 0.58).
Anesthetic management with GA or MAC did not affect the long-term survival of patients after TAVI."
PubMed,aortic stenosis,Uric acid to high-density lipoprotein cholesterol ratio and cardiovascular disease: a novel biomarker or a passing trend?,Mehdi Bazrafshan; Kamran Shamsa; Mehrad Namazee; Maliheh Kamali; Hamed Bazrafshan Drissi; Zahra Hooshanginezhad,10.1016/j.numecd.2026.104968,2026-09-01,"Nutrition, metabolism, and cardiovascular diseases : NMCD","The uric acid-to-high-density lipoprotein cholesterol ratio (UHR) has emerged as a composite inflammatory-metabolic biomarker with potential relevance to cardiovascular disease (CVD). However, its clinical utility and incremental value remain uncertain. This review aimed to synthesize current evidence regarding the association between UHR and cardiovascular risk, severity, and prognosis.
A structured literature review was conducted across major databases, identifying 51 eligible studies. Evidence was synthesized qualitatively across major cardiovascular domains, including coronary artery disease (CAD), heart failure (HF), hypertension (HTN), stroke, vascular disease, and mortality. Elevated UHR was consistently associated with increased overall CVD risk across diverse populations and was correlated with adverse cardiometabolic profiles. In CAD, higher UHR was linked to greater disease complexity, plaque vulnerability, functionally significant stenosis, and adverse cardiovascular outcome. In HF, elevated UHR was related to higher short-term mortality and readmission. Associations with HTN and stroke were generally positive but showed some heterogeneity across studies. UHR also demonstrated relationships with arterial stiffness, aortic pathology, and both all-cause and cardiovascular mortality, with several studies suggesting a U- or J-shaped relationship. However; most evidence was derived from observational and retrospective analyses with possible residual confounders.
UHR is a biologically plausible and reproducible marker associated with multiple cardiovascular outcomes. However, current evidence does not yet establish its independence, superiority, or causal role in CVD. Large prospective cohorts with standardized adjustment, head-to-head biomarker comparisons, and mechanistic studies are required before UHR can be incorporated into routine cardiovascular risk stratification."
PubMed,aortic stenosis,Association between delayed transcatheter aortic valve replacement beyond 6 months and clinical outcomes in severe aortic stenosis: a retrospective observational study.,Ayumi Omuro; Shinichi Okuda; Yosuke Miyazaki; Masaki Tamitani; Junya Nawata; Yusuke Nakashima; Miho Fujita; Kaori Murakawa; Masamune Uchida; Yuki Furushimo; Hiroshi Kurazumi; Ryo Suzuki; Akihito Mikamo; Takayuki Okamura; Kimikazu Hamano; Motoaki Sano,10.1136/openhrt-2026-004403,2026-09-18,Open heart,"Early intervention for asymptomatic severe aortic stenosis (AS) has shown prognostic benefits; however, some patients undergo transcatheter aortic valve replacement (TAVR) after extended observation owing to mild symptoms or comorbidities. Although guidelines recommend surveillance of 6-12 months, the clinical implications of waiting beyond 6 months remain unclear. We assessed whether TAVR performed >6 months after the diagnosis of severe AS was associated with adverse outcomes.
We retrospectively analysed 149 patients who underwent TAVR for severe AS between January 2021 and December 2023. Patients were classified into early (≤6 months; n=100) and delayed (>6 months; n=49) groups. The primary endpoint was heart failure (HF) hospitalisation or all-cause mortality.
Baseline characteristics were similar between the groups. During a median follow-up of 729 days, the primary endpoint occurred more frequently in the delayed group than in the early group (33% vs 16%, p=0.0134). This excess risk was largely attributable to non-cardiac mortality. In multivariable Cox regression, delayed intervention was independently associated with the primary endpoint (HR 3.47, 95% CI 1.61 to 7.47; p=0.0014); higher Clinical Frailty Scale scores were also associated with this endpoint (HR 1.62, 95% CI 1.07 to 2.42; p=0.0195).
TAVR performed 6 months after severe AS diagnosis was associated with a higher risk of HF hospitalisation or all-cause mortality, with the excess risk predominantly attributable to non-cardiac mortality. These findings emphasise the need for careful clinical surveillance and may support more frequent reassessment in selected high-risk patients."
PubMed,aortic stenosis,Long-term outcomes after primary intervention for congenital aortic valve stenosis: a 30-year single-centre experience.,Abdulla Tarmahomed; Thomas W Binnersley; Charlotte Davidson; Adrian Crucean; Esther Poole; Hussein Hassan Twabi; Milind Chaudhari; Vinay Bhole; Chetan Mehta; Rami Dhillon,10.1136/openhrt-2026-004332,2026-09-18,Open heart,"To compare long-term outcomes following balloon aortic valvuloplasty (BAV) and surgical aortic valvotomy (SAV), including surgical valvuloplasty for isolated severe congenital aortic valve stenosis (AVS). Data for mechanical aortic valve replacement and pulmonary autograft replacement are also presented to provide a complete institutional cohort overview.
Retrospective single-centre cohort study including patients aged <18 years undergoing primary intervention for isolated severe AVS between 1995 and 2024. Severe AVS was defined as peak Doppler gradient >65 mm Hg and/or mean gradient >40 mm Hg. Primary outcome was all-cause mortality. Secondary outcomes were time to reintervention and time to aortic valve replacement (AVR)-mechanical or autograft. Kaplan-Meier and Cox regression analyses were performed.
A total of 231 patients met inclusion criteria (96 BAV, 112 SAV, 23 other). Median age at intervention was lower in the SAV group (0.2 years vs 3.74 years, p<0.001). Overall survival was 99.4% at 10 years and 92.3% at 25 years, with no statistically significant difference between BAV and SAV (p=0.083), though a trend may exist. Reintervention occurred in 49% of patients overall, with similar rates between BAV and SAV (p=0.950). Freedom from mechanical or autograft AVR remained high (75% at 10 years; 67% at 25 years), with no significant difference between strategies (p=0.190). Neonatal intervention was associated with significantly lower freedom from reintervention (p<0.0001).
Long-term survival following intervention for severe congenital AVS is excellent and comparable between BAV and SAV. Reintervention is common, particularly in neonates, but progression to AVR less so. These findings support continued multidisciplinary, anatomy-guided decision-making and highlight the importance of life-course management strategies. Development of a national AVS registry is indicated."
PubMed,aortic stenosis,Prevalence of aortic findings among patients with multifocal fibromuscular dysplasia (FMD) seen at a specialised referral centre.,Karen Ji; Dina Dejanovic; Jennifer E Murphy; Heather L Gornik,10.1136/openhrt-2026-004253,2026-09-18,Open heart,"Fibromuscular dysplasia (FMD) is a non-atherosclerotic vascular disease that affects medium-sized arteries with multifocal (beaded) or focal stenotic lesions, aneurysms, dissections and tortuosity. The extent of aortic involvement in FMD is uncertain. This study evaluates the prevalence and characteristics of aortic findings in patients with multifocal FMD.
Single-centre, retrospective chart review of patients with multifocal FMD seen from January 2019 to July 2024. Patients ≥18 years with complete aortic cross-sectional imaging were included. Demographic, medical history, family history and vascular phenotype were collected. Aortic pathologies were characterised: aneurysms (thoracic diameter ≥4 cm, abdominal diameter ≥3 cm), ectasia, dissection, stenosis and anatomical anomalies.
Of 360 patients (353 female, 98.1%), aortic involvement was identified in 36 patients (10.0%; 95% CI 7.3% to 13.5%): three acute aortic syndromes (<1%), eight aneurysms (2.2%), 17 ectasias (4.7%) and nine congenital anomalies (2.5%). Among those with aortic involvement (n=36), three (8.3%) were male, four (11.1%) had a family history of aneurysm, two (5.6%) had a family history of dissection and nine underwent clinical genetic testing for aortopathies, all of which were negative. All aortic aneurysms and ectasias were in the proximal thoracic aorta (eight aortic root, 17 ascending aorta). No aortic stenosis was found. Of the nine congenital anomalies, seven had an aberrant right subclavian artery, one had ductus diverticulum and one had coarctation. Compared with patients without aortic involvement, those with aortic involvement were more likely to be male and have non-aortic arterial aneurysms.
Aortic findings, predominantly presenting as thoracic ectasia or aneurysm, were identified in 10% of patients with multifocal FMD and complete aortic imaging seen at a single specialised referral centre. These findings support recommendations for head-to-pelvis imaging for patients with FMD and highlight the need for further research into the genetic and systemic aspects of this disease."
PubMed,aortic stenosis,Totally percutaneous transfemoral transcatheter aortic valve replacement via synthetic vascular grafts: a single-center case series.,Hussein Sliman; Amnon Eitan; Hashem Hayeq; Avinoam Shiran; Keren Zissman; Ronen Jaffe,10.25270/jic/26.00134,2026-09-14,The Journal of invasive cardiology,"Transfemoral (TF) vascular access is the preferred route for transcatheter aortic valve replacement (TAVR) in patients with severe aortic stenosis; however, patients with prior peripheral vascular surgery are often treated via alternative, more invasive access sites. The authors aimed to assess the feasibility of valve delivery via synthetic vascular grafts in patients with aortobifemoral bypass surgery.
The authors report 3 consecutive patients with peripheral vascular disease and a history of aortobifemoral bypass graft surgery who underwent TF-TAVR via direct puncture of the synthetic vascular grafts. Preprocedural computed tomography angiography (CTA) guided access site selection and vascular closure strategy in all cases.
Prophylactic 0.014-inch safety wires were delivered to the primary access sites via a secondary access site in order to facilitate hemostasis and enable percutaneous vascular repair if necessary. Self-expanding and balloon-expandable valves were successfully delivered via synthetic grafts in all 3 procedures. A prophylactic occlusive balloon was inflated within the abdominal aorta in 1 case in order to prevent potential hemorrhage during sheath removal. Successful hemostasis was achieved in all patients, using a plug-based vascular closure device (VCD) in 1 patient and combined suture-mediated VCDs and plug-based closure devices in 2 patients.
Percutaneous TF-TAVR with valve delivery via synthetic vascular grafts appears feasible in select patients. VCDs achieved access site hemostasis in all cases. Procedural planning based on CTA appears essential for selecting the optimal vascular access strategy."
PubMed,aortic stenosis,Mid-Term Durability of Tissue-Engineered Vascular Graft Patches for Pulmonary Artery Reconstruction.,Hiroki Nakatsuji; Shinichiro Oda; Shuhei Fujita; Hisayuki Hongu; Haruka Fu; Takaaki Hayashi; Masaaki Yamagishi,10.1097/MAT.0000000000002859,2026-09-18,ASAIO journal (American Society for Artificial Internal Organs : 1992),"Autologous pericardium is commonly used for pulmonary artery (PA) reconstruction in congenital heart surgery but is not always available. Synthetic materials lack growth potential and may cause calcification or infection. Tissue-engineered vascular grafts (TEVGs), created by in-body tissue architecture, may overcome these limitations. This study evaluated mid-term outcomes of PA reconstruction using TEVG patches. From July 2014 to December 2024, TEVG molds were implanted in 19 patients; seven underwent PA reconstruction using 15 patches. Diagnoses included pulmonary atresia with ventricular septal defect and major aortopulmonary collateral arteries (n = 4), coarctation with aortic stenosis (n = 1), double outlet right ventricle with coarctation (n = 1), and tetralogy of Fallot (n = 1). Median follow-up was 2.8 years (range, 1.0-7.9 years). No mortality or patch-related calcification, aneurysm, or infection occurred. Restenosis developed in three of 15 patches (20%), all in the central PA near the right ventricle-to-PA conduit anastomosis; two patients required balloon angioplasty, with no surgical reintervention. No restenosis occurred in peripheral patches. Freedom from reintervention was 85.7% at 1 year and 71.4% at 5 years. TEVG patches demonstrated acceptable durability, particularly for peripheral PA augmentation, and may represent a reliable alternative to autologous pericardium."
PubMed,aortic stenosis,"Transcatheter aortic valve implantation in patients with tricuspid, bicuspid and bioprosthetic valves: observations from COMPARE-TAVI 1.",Troels Thim; Henrik Nissen; Phillip Freeman; Jordi Sanchez Dahl; Evald Høj Christiansen; Michala Norsell; Ashkan Eftekhari; Bjarne Linde Nørgaard; Christian Alcaraz Frederiksen; Henrik Ølholm Vase; Julia Ellert; Kristian Altern Øvrehus; Mariann Tang; Christian Juhl Terkelsen,10.1080/14017431.2026.2704938,2026-09-18,Scandinavian cardiovascular journal : SCJ,"BackgroundTranscatheter aortic valve implantation (TAVI) is most extensively documented for the treatment of aortic stenosis in patients with tricuspid valves. To compare the 30-day and 1-year outcomes after TAVI in patients with tricuspid, bicuspid and bioprosthetic valves who participated in the COMPARE-TAVI 1 trial.MethodsIn COMPARE-TAVI 1, all-comer patients treated with transfemoral TAVI were randomized to treatment with one of two balloon-expandable valves. In this study, these patients were divided into three groups based on valve anatomy. 30-day and 1-year outcomes among patients with bicuspid and bioprosthetic valves (surgical or transcatheter) were compared with outcomes among patients with tricuspid valves.ResultsPatients with tricuspid valves (N = 892, median 82 years) were slightly older than patients with bicuspid (N = 98, median 78 years) and bioprosthetic (N = 40, median 80 years) valves. Procedural outcomes were similar. There were no differences in death or bleeding at 30 days, nor in death, myocardial infarction, percutaneous revascularization, or endocarditis at 1 year. Stroke was more frequent among patients with bicuspid valves at 30 days (n = 7), while new pacemaker was less frequent among patients with bioprosthetic valves at 30 days (n = 0). The need for reoperation was more frequent among patients with bicuspid valves (n = 3).ConclusionsIn this observational study performed within the COMPARE-TAVI 1 cohort, patients with tricuspid, bicuspid or bioprosthetic valves had similar outcomes. No patients with bioprosthetic valves had a new pacemaker within 30 days after TAVI.Clinical trial registration: ClinicalTrials.gov: NCT04443023."
PubMed,aortic stenosis,Successful Transcatheter Aortic Valve Implantation for Severe Aortic Stenosis in Congenitally Corrected Transposition of the Great Arteries.,Miguel Sobral Domingues; Rita Almeida Carvalho; João Brito; Rui Anjos; Henrique Mesquita Gabriel; Rui Campante Teles; Sérgio Madeira,10.1016/j.cjco.2026.06.012,2026-09,CJC open,
PubMed,aortic stenosis,Prognostic Impact of Main Pulmonary Artery Enlargement in Patients Undergoing Transcatheter Aortic Valve Replacement.,Dionysios Adamopoulos; Quentin Liabot; Léon Genecand; Christina Gkotsoulia; Sarah Mauler-Wittwer; Georgios Giannakopoulos; Jean-François Deux; Jakub Walenczak; Georgios Rovas; Marc Arcens; Lindsey Crowe; Hajo Müller; Nikolaos Stergiopulos; Jean-Paul Vallée; Stéphane Noble,10.1016/j.cjco.2026.05.008,2026-09,CJC open,"Pulmonary hypertension is characterized by extensive remodelling of the pulmonary tree, with enlargement of the pulmonary arteries. The predictive value of pulmonary hypertension in patients undergoing transcatheter aortic valve replacement (TAVR) has been demonstrated. We aimed to evaluate the prognostic impact of the pre-procedural main pulmonary artery (mPA) enlargement, assessed by computed tomography angiography, in patients undergoing TAVR for severe aortic stenosis (AS).
We retrospectively analyzed 337 consecutive patients with AS from our local registry who underwent right heart catheterization and computed tomography angiography before TAVR. The cohort was divided into 2 groups according to the presence of an enlarged mPA (mPA axial diameter ≥ 29 mm for male patients and ≥ 27 mm for female patients, mPAe, n = 192, mean age 83 ± 6 years, 41% male) or not (mPAn, n = 145, mean age 84 ± 6 years, 46% male). The primary endpoint was all-cause mortality at 1 year.
A significant correlation between invasive mean pulmonary artery pressure and mPA axial diameter was noted (Pearson r = 0.393, P < 0.001). Compared with the mPAn group, patients with an enlarged mPA had higher 1-year mortality rates (hazard ratio [HR]: 2.59, 95% confidence interval [CI]: 1.11-6.04, P = 0.027). The prognostic significance was even stronger after indexing the mPA diameter to the ascending aortic diameter (HR 3.83, 95% CI: 1.85-7.87, P < 0.001). This measure remained significant after adjustment for baseline comorbidities (adjusted HR 4.2; 95% CI: 2.00-8.98, P < 0.001).
Pre-procedural mPA enlargement is strongly associated with 1-year all-cause mortality in patients undergoing TAVR. This finding may pave the way for a more precise noninvasive risk stratification in patients with severe AS."
PubMed,aortic stenosis,Clinical outcomes of external fenestration TEVAR in Stanford type B aortic dissection involving the left subclavian artery: a retrospective study.,Chunshui Liang; Hong Liu; Xiaobo Peng; Tianbo Li; Chencheng Liu; Yong Wang; Yingbin Xiao; Ruiyan Ma,10.3389/fcvm.2026.1865765,2026,Frontiers in cardiovascular medicine,"This study assessed the clinical efficacy and hemodynamic effects of external fenestration thoracic endovascular aortic repair (TEVAR) in patients with type B aortic dissection (TBAD) involving the left subclavian artery (LSA).
A retrospective analysis of 110 patients who underwent this procedure between 2020 and 2024 was conducted, evaluating procedural success, complications, and follow-up outcomes. Hemodynamic changes were analyzed in 1 patient using computational fluid dynamics (CFD) based on pre- and postoperative CT angiography (CTA).
Technical success was achieved in all cases. Complications included 3 cases of type I endoleak (2.7%), 1 type II endoleak (0.9%), 3 type IV endoleak (2.7%), 1 LSA stenosis (0.9%), and 2 deaths (1.8%). At a 5.7-month follow-up, 92.7% of patients showed complete false lumen thrombosis. There were occurrences of type I endoleak (2.7%), type II endoleak (1.8%), type IV endoleak (2.7%), LSA occlusion (2.7%), and LSA stenosis (2.7%). CFD analysis in the representative case demonstrated restoration of physiological flow patterns, including normalized streamlines in the LSA and stabilized wall shear stress in the stented segment.
External fenestration TEVAR demonstrates favorable clinical outcomes and hemodynamic stability in TBAD involving the LSA, effectively promoting false lumen thrombosis and aortic remodeling while preserving LSA perfusion. Our findings suggest that complete entry coverage with an adequate proximal landing zone (≥15 mm when anatomically feasible) may be important for achieving false lumen depressurization, although this observation requires further validation. Further prospective studies are warranted to validate these findings."
PubMed,aortic stenosis,Coronary Physiologic Burden Assessed by Mean Angiography-Derived Fractional Flow Reserve Predicts Outcomes After Transcatheter Aortic Valve Implantation.,Enrico Paolo Legaspi; Patrick W Serruys; Tsung-Ying Tsai; Yi-Lin Tsai; Su-Chan Chen; Ching-Wei Lee; Pruthvi C Revaiah; Tai-Wei Chen; Chiao-Po Hsu; Chun-Chin Chang; Shih-Hsien Sung,10.1002/ccd.70889,2026-09-17,Catheterization and cardiovascular interventions : official journal of the Society for Cardiac Angiography & Interventions,"Coronary artery disease frequently coexists with severe aortic stenosis (AS) and contributes to adverse outcomes after transcatheter aortic valve implantation (TAVI). Conventional lesion-based assessments may underestimate the cumulative impact of diffuse coronary physiologic impairment in this population. This study evaluated the prognostic significance of mean angiography-derived fractional flow reserve (vFFR) as a patient-level marker of coronary physiologic burden in patients undergoing TAVI.
Between January 2017 and April 2022, 164 patients with severe AS who underwent coronary angiography prior to TAVI without significant epicardial stenosis (< 70%) were retrospectively analyzed. vFFR values were computed for all three major coronary arteries, and mean vFFR was calculated for each patient. The primary endpoint was a composite of all-cause death or heart failure hospitalization (HFH). Mean vFFR was analyzed as a continuous variable.
Patients had an overall mean vFFR of 0.89 ± 0.07 and were stratified into high (> 0.85) or low (≤ 0.85) vFFR cohorts. During a mean follow-up of 1241 ± 867 days, the primary endpoint occurred in 43 patients (26.2%). Lower mean vFFR, lower left ventricular ejection fraction, higher NT-proBNP levels, lower estimated glomerular filtration rate, and higher STS score were associated with adverse outcomes. In contrast, the lowest single-vessel vFFR was not associated with the primary endpoint. When analyzed as a continuous variable, each 0.1 decrease in mean vFFR was independently associated with a higher risk of the composite outcome (adjusted hazard ratio 1.62, 95% CI 1.03-2.55; p = 0.035). Restricted cubic spline analysis demonstrated a non-linear inverse relationship between mean vFFR and clinical risk.
Lower mean vFFR, reflecting greater coronary physiologic burden, was independently associated with adverse clinical outcomes after TAVI, even in the absence of angiographically significant stenosis. These findings suggest that patient-level physiologic impairment may provide incremental prognostic information beyond lesion-based assessment, supporting a more physiology-informed approach to coronary evaluation in patients undergoing TAVI."
PubMed,aortic stenosis,Prognostic significance of artificial intelligence-quantified late gadolinium enhancement on cardiac magnetic resonance in hypertrophic cardiomyopathy.,Young-Sang Jeong; Jong-Il Park; Kang-Un Choi; Jong-Ho Nam; Chan-Hee Lee; Jang-Won Son; Ung Kim; Jong-Seon Park; Eunjung Kong,10.3904/kjim.2026.065,2026-09,The Korean journal of internal medicine,"This study aimed to evaluate the prognostic value of artificial intelligence (AI)-based late gadolinium enhancement (LGE) quantification using cardiovascular magnetic resonance (CMR) in patients with hypertrophic cardiomyopathy (HCM).
We retrospectively analyzed 142 patients with HCM (mean age 58.5 ± 13.7 yr; 72.5% men) who underwent CMR at Yeungnam University Medical Center between 2015 and 2023. LGE was quantified using an AI-based segmentation algorithm with a 6-standard deviation method. Patients were stratified into a high LGE group (≥ 15%) and a low LGE group (< 15%). The primary outcome was a composite of cardiovascular death, including sudden cardiac death (SCD) and SCD-equivalent events.
Over a median follow-up of 59 months, the high LGE group experienced a higher incidence of the primary outcome compared with the low LGE group (21.2% vs. 4.6%, p = 0.0067). After adjustment for age and left ventricular ejection fraction, a high AI-quantified LGE burden (≥ 15%) remained independently associated with the primary outcome (adjusted hazard ratio 4.67, 95% confidence interval 1.43-15.30, p = 0.011). Receiver operating characteristic analysis determined an optimal LGE cutoff of 8% for predicting the primary outcome (area under the curve 0.821). Patients with LGE ≥ 8% exhibited markedly increased rates of the primary outcome (18.2% vs. 0%, p < 0.001) and SCD/SCD-equivalent events (13.6% vs. 0%, p = 0.00074).
AI-based quantitative assessment of LGE is an independent predictor of adverse cardiovascular outcomes in patients with HCM and may represent a clinically meaningful imaging biomarker for risk stratification."
PubMed,aortic stenosis,Analysis of the 2025 European Society of Cardiology/European Association for Cardio-Thoracic Surgery Guidelines for the Management of Valvular Heart Disease.,Carson C Welker; Omar Elmadhoun; Kenneth R Seid; Sawyer B Lange; Harish Ramakrishna,10.1053/j.jvca.2026.08.147,2026-08-23,Journal of cardiothoracic and vascular anesthesia,
PubMed,aortic stenosis,Predictors of aortic stenosis in homozygous familial hypercholesterolemia: A study from the Canadian HoFH registry.,Martine Paquette; Armen Erzingatzian; Isabelle Ruel; Zobaida Al-Baldawi; Leslie Brown; Mark H Sherman; Nathalie Laflamme; Jean Bergeron; Patrick Couture; Diane Brisson; Miriam Larouche; Daniel Gaudet; Lubomira Cermakova; Darryl Wan; Nathaniel Moulson; Gordon A Francis; G B John Mancini; Brooke A Kennedy; Robert A Hegele; Gary F Lewis; Brian W McCrindle; Barbara Cifra; Thomas Ransom; Ruth McPherson; Jacques Genest; Liam R Brunham; Iulia Iatan; Alexis Baass,10.1016/j.jacl.2026.08.023,2026-09-02,Journal of clinical lipidology,"Homozygous familial hypercholesterolemia (HoFH) is a rare genetic disease of low-density lipoprotein cholesterol (LDL-C) metabolism. This disease is associated with a major risk of both atherosclerotic cardiovascular disease and aortic stenosis (AS). The predictors of AS in this population are not well established.
To investigate the univariable and multivariable predictors of AS in patients from the Canadian HoFH registry.
Individuals from the Canadian HoFH registry were included in this retrospective longitudinal study. Clinical data were obtained from the treating physicians using a standardized questionnaire. Cox proportional hazards models were used to investigate the predictors of AS. The observed lifetime risk of AS was calculated using Kaplan-Meier estimates.
Among the 67 patients with HoFH, 25 (37%) developed AS. The mean age at baseline was 22 ± 17 years and women represented 57% of the cohort. The independent predictors of AS were the baseline LDL-C (hazard ratio [HR] 1.22 [1.09-1.35], P = .0003) as well as the presence of at least 1 null genetic variant (HR 3.73 [1.41-9.86], P = .008). Having a baseline LDL-C value above 13 mmol/L was associated with an observed lifelong risk of developing AS approaching 100% within this cohort, whereas having a value below this threshold was associated with a risk of 27% (P = .0002).
This is the first systematic evaluation within a national HoFH registry to report the univariable and multivariable predictors of AS in patients with HoFH. An external validation of our results in an international cohort of HoFH is warranted."
PubMed,aortic stenosis,Treatment strategies and outcomes of carotid artery stenosis with concomitant cardiac disease: a single-center retrospective study from Japan.,Yoshiki Mochizuki; Yuichiro Kikkawa; Masaya Nishikata; Yusuke Yamaki; Masaya Sato; Takashi Miyamoto,10.1016/j.wneu.2026.125340,2026-09-17,World neurosurgery,"Management of patients with concomitant carotid artery stenosis (CS) and cardiac disease remains challenging, and evidence regarding treatment priority and sequencing is limited. This study retrospectively reviewed our single-center experience with CS management in patients with concomitant cardiac disease, based on the institutional treatment workflow used in clinical practice.
We included 318 consecutive patients with CS who underwent carotid endarterectomy or carotid artery stenting at the Saitama Cardiovascular and Respiratory Center between 2019 and 2024. Patients were classified into a cardiac group, defined as those with a history of or concomitant cardiac disease, and a non-cardiac group. Patient characteristics, carotid lesion profiles, perioperative neurological complications, and 6-month modified Rankin Scale outcomes were compared. Treatment courses were further reviewed in cardiac-group patients who required staged treatment.
Overall, 106 patients were classified into the cardiac group. Patients in the cardiac group were older and had higher rates of male sex and circumferential calcification. No significant differences were observed between groups in postoperative symptomatic cerebral infarction, intracranial hemorrhage, cerebral hyperperfusion syndrome (CHS), or unfavorable 6-month functional outcomes. However, CHS occurred more frequently in patients with severe aortic stenosis (p = 0.003). Among eight patients requiring staged treatment, three (38%) experienced unfavorable outcomes.
In this single-center experience, no significant differences were observed in neurological complications or 6-month functional outcomes between CS patients with and without cardiac disease. However, staged treatment and severe aortic stenosis were associated with clinically important adverse events, underscoring the need for individualized treatment sequencing and multidisciplinary perioperative management."
PubMed,valvular heart disease,Development and temporal validation of a machine learning-based prediction model for long-term depressive symptoms in older adults with cardiovascular disease or hypertension: A longitudinal cohort study.,Yang Zhao; Siji Chen; Chang Pang; Yao Tang; Si Long; Hua Zheng; Muhua Zeng; Shuwu Lin,10.1097/MD.0000000000050520,2026-09-18,Medicine,"Older adults with cardiovascular disease or hypertension have an elevated risk of depressive symptoms, which may adversely affect prognosis and quality of life. A practical prediction model could support early risk stratification and targeted screening. Data were obtained from the China Health and Retirement Longitudinal Study from 2011 to 2020. A time-based design was used for model development and temporal validation. The development cohort included 548 participants followed from 2011 to 2015, and the nonoverlapping temporal validation cohort included 523 participants followed from 2015 to 2020. The Boruta algorithm was used for predictor selection, 7 machine learning algorithms were compared, and Shapley additive explanations were used to interpret the selected model. Missing values were imputed using a random forest algorithm. Seven predictors were selected. Logistic regression showed the best overall performance, with an area under the receiver operating characteristic curve of 0.844 (95% confidence interval, 0.773-0.915) in the development cohort and 0.840 (95% confidence interval, 0.799-0.881) in the temporal validation cohort. The logistic regression model demonstrated good discrimination and calibration for predicting long-term depressive symptoms among older adults with cardiovascular disease or hypertension. Further independent and prospective validation is required before routine clinical implementation."
PubMed,valvular heart disease,European Infective Endocarditis (EURO-ENDO) score for predicting 30-day mortality in left-sided infective endocarditis.,Antonia Sambola; Jordi Lozano-Torres; Eric Boersma; Claudia Escabias; Lluis Admella; Chiara Pidone; Arwa Mehmood-Wahid; Victoria Delgado; Pau Rello; Eduard Ródenas-Alsina; Carmen Olmos; Julien Ternacle; Christophe Tribouilloy; Vlatka Reskovic Luksic; Jadranka Separovic-Hanzevacki; Seung-Woo Park; Sebastiaan C A M Bekkers; Kwan-Leung Chan; Abdallah Almaghraby; Bernard Iung; Patrizio Lancellotti; Gilbert Habib; ESC-EORP EURO-ENDO Investigators,10.1136/heartjnl-2026-328064,2026-09-18,Heart (British Cardiac Society),"A major challenge in managing left-sided infective endocarditis (LSIE) is identifying patients who will benefit from surgery including those with prohibitive operative risk. However, no widely validated models are currently available to estimate 30-day mortality early after the initial diagnostic evaluation in the broader LSIE population including patients managed without surgery. We aimed to develop and externally validate the European Infective Endocarditis (EURO-ENDO) risk score for predicting 30-day mortality in patients with LSIE.
The prospective, multicentre European Society of Cardiology (ESC)-EURObservational Research Programme EURO-ENDO registry included 2171 patients with LSIE diagnosed according to ESC 2015 criteria. Clinical, biological, microbiological and imaging variables were analysed and a multivariable logistic regression model was developed. Internal validation was performed using bootstrap resampling. External validation was conducted in an independent temporal cohort of 377 consecutive patients with LSIE from two tertiary centres in Barcelona, Spain, recruited between 2019 and 2024.
Among 2140 registry patients included in the final analysis, 254 (11.9%) died within 30 days. Eleven variables were independently associated with 30-day mortality and included in the EURO-ENDO prediction model: previous stroke or transient ischaemic attack, previous cardiac surgery, heart failure or cardiogenic shock, creatinine >2 mg/dL, vegetations >10 mm, severe regurgitation, abscess, negative blood cultures, Staphylococcus aureus infection, absence of surgical indication and surgical indication without intention to operate. The model showed good discrimination and calibration (area under the receiver operating characteristic (AUROC) 0.763; Hosmer-Lemeshow p=0.825; Brier score 0.09). In the external validation cohort, 48/377 patients (12.7%) died; discrimination remained excellent (AUROC 0.799; 95% CI 0.730 to 0.868) with good calibration (slope 1.017; expected-to-observed ratio 1.124).
The EURO-ENDO risk score, incorporating 11 variables available during the initial diagnostic evaluation, accurately predicts individualised 30-day mortality in patients with LSIE and showed consistent performance in both internal and external validation cohorts. This tool may support early risk stratification, multidisciplinary endocarditis team discussions and clinical decision-making (https://scoreei.web.app/score)."
PubMed,valvular heart disease,Pregnancy-associated cardiac complications.,Sarah Thordsen; Zoltan Arany,10.1016/j.medj.2026.101301,2026-09-18,"Med (New York, N.Y.)","Cardiovascular disease has become the most common cause of maternal mortality in the United States and non-obstetric cause of maternal mortality worldwide. Pregnancy profoundly alters maternal physiology and creates multiple maternal vulnerabilities, especially but not uniquely in women with preexisting cardiac disease. Common cardiac conditions represented in this patient population include arrhythmias, cardiomyopathies, and valvular heart disease, putting women at risk for numerous adverse events of pregnancy, including pre-eclampsia, heart failure, preterm delivery, and small-for-gestational-age babies. These complications often foretell long-term maternal cardiovascular risks and are also highly influenced by socioeconomic circumstances. To address these issues, cardio-obstetrics has emerged as a diverse and growing field spanning multiple medical specialties. Due to the breadth of pathology, a multidisciplinary Cardio-Obstetrics management team strategy is crucial. We review here common cardiac pathologies and their management throughout the peripartum period."
PubMed,valvular heart disease,Female Cardiovascular Health After Childhood Cancer.,Sunnia Chen; Matthew L Repp; Santiago Teran; Lavanya Kondapalli,10.1007/s11886-026-02416-x,2026-09-18,Current cardiology reports,"Female survivors of childhood cancer represent a growing population at increased risk for long-term cardiovascular and thrombotic complications related to prior cancer-directed therapies. This review summarizes the mechanisms, clinical manifestations, and sex-specific vascular considerations that influence cardiovascular health across the lifespan, with particular emphasis on reproductive and pregnancy-associated risk.
Exposure to anthracyclines, chest-directed radiation, and other cardiotoxic therapies during childhood are associated with increased lifetime risk of cardiomyopathy, heart failure, coronary artery disease, valvular disease, and metabolic syndrome. Female survivors can experience additional vascular risk modification related to reproductive physiology, including premature ovarian insufficiency, estrogen deficiency, and pregnancy-associated hemodynamic stress. Pregnancy among survivors with pre-existing cancer therapy-related cardiac dysfunction is associated with substantially increased risk of recurrent ventricular dysfunction and heart failure. Female childhood cancer survivors require lifelong cardiovascular surveillance that incorporates prior oncologic exposures, traditional cardiovascular risk factors, thrombotic history, and reproductive health considerations. Multidisciplinary survivorship models integrating cardio-oncology, cardio-obstetrics, oncology, hematology, and primary care are essential to optimize preconception counseling, pregnancy management, cardiovascular prevention, and long-term vascular outcomes."
PubMed,valvular heart disease,Myocardial Strain Evaluation from Cardiovascular MRI and CT: Physiological Principles and Clinical Perspectives.,T M Hussein; A Pourmorteza; J N Oshinski,10.1093/bjr/tqag192,2026-09-18,The British journal of radiology,"Global markers of myocardial function are limited in the information they provide, warranting the need for local markers that are sensitive and specific to myocardial physiology. Myocardial deformation, quantified by strain, is a robust marker of myocardial function that is locally defined and can provide deeper insights beyond that of global markers. It arises as an emergent property of the mesostructure where the changes in the fiber and sheetlet structure drive the deformation pattern over the cardiac cycle. Quantifying myocardial strain can be achieved via cardiac magnetic resonance (CMR) as well as cardiac computed tomography (CCT), where numerous advancements have been made. This review discusses current CMR and CCT techniques used to quantify myocardial strain, along with the strengths and weaknesses of each technique. The applications of these techniques on a variety of clinical scenarios are also discussed, spanning heart failure, cardiomyopathies (both ischemic and non-ischemic), valvular disease, cardiotoxicity, dyssynchrony, pulmonary hypertension, and congenital heart disease, with recent studies being highlighted. Finally, future directions are presented, with myocardial strain serving not just as an important marker for detecting myocardial abnormalities, but a potential marker in predicting disease outcomes."
PubMed,valvular heart disease,Alpha-Amino Oleic Acid as Anticalcification Agent for Porcine Bioprosthetic Heart Valves: A Narrative Review.,Lennart Vanglabeke; Marie Van den Bosch; Kenny Anseele; Tom Verbelen; Bart Meuris,10.1093/icvts/ivag246,2026-09-18,Interdisciplinary cardiovascular and thoracic surgery,"Calcification remains the principal mechanism limiting the durability of bioprosthetic heart valves. Alpha-amino oleic acid (AOA) was developed as an anticalcification treatment to preserve tissue integrity. This review synthesizes preclinical and clinical evidence on the efficacy of AOA-treated bioprosthetic valves.
A narrative review was conducted using major biomedical databases to assess experimental and clinical studies evaluating AOA-treated tissues and valve platforms. Evidence from in vitro experiments, small/large animal models, and long-term clinical cohorts was qualitatively synthesized, with emphasis on calcification, structural valve degeneration, and durability outcomes.
Preclinical studies consistently demonstrated significant reductions in leaflet calcification in AOA-treated tissues compared with glutaraldehyde-fixed controls, across multiple models. These effects were most pronounced in leaflet tissue, whereas protection of the aortic wall or conduit tissue was less consistent. Large-animal models confirmed delayed mineralization and preservation of leaflet flexibility, but revealed susceptibility of non-leaflet components to calcific degeneration. Clinically, long-term follow-up of several surgical valve platforms incorporating AOA showed acceptable freedom from structural valve degeneration extending beyond ten years in selected patient populations. Durability remains strongly age-dependent, and late valve failures can still be associated with progressive calcification. Evidence from newer valve platforms is becoming available through various long-term follow-up studies.
AOA provides effective anticalcification protection of bioprosthetic valve leaflets, supporting durable clinical performance in surgical platforms."
PubMed,valvular heart disease,Mitral Valve Lithotripsy With SmartCrack Balloon for Severe Calcified Mitral Stenosis: First-in-Human Experience.,Kent Chak-Yu So; Kevin Ka-Ho Kam; Ling Na Geri Wong; Wang Hei Anselm Hui; Ching-Wei Lee; Tawai Ngernsritrakul; Leo Kar Lok Lai; Simon Chow; Shing Fung Chui; Michael Lee; Albert K M Chan; Randolph Wong; Thomas Modine; Hasan Jilaihawi; Yat-Yin Lam; Dee Dee Wang; Bryan Yan; Alex Pui-Wai Lee,10.1161/JAHA.126.050755,2026-09-18,Journal of the American Heart Association,"Mitral stenosis due to mitral annular calcification and calcific rheumatic heart disease (CRHD) remains challenging to treat. This first-in-human study evaluated the safety and feasibility of the dedicated SmartCrack lithotripsy balloon in patients with severe mitral stenosis secondary to mitral annular calcification or calcific rheumatic heart disease.
High surgical risk patients underwent mitral lithotripsy with the SmartCrack system. Intraoperative measures included mitral valve area, transmitral pressure gradient, and mitral regurgitation severity, assessed pre- and post procedure. Follow-up computed tomography evaluated calcification changes. The primary safety end point was adverse events within 7 days (death, stroke, or procedural complications). The primary efficacy end point was mitral valve area >1.5 cm2, ≥50% reduction in transmitral pressure gradient, or transmitral pressure gradient <5 mm Hg without significant mitral regurgitation.
Ten patients were enrolled. The primary safety end point occurred in 10% (n=1, minor stroke), with no deaths or major bleeding. Mitral regurgitation worsened from mild to moderate in 1 patient. The primary efficacy end point was achieved in all patients. Median device time was 18 minutes, and 8 of the 10 patients (80%) underwent postdilatation following SmartCrack therapy. Mitral valve area increased from 0.89±0.18 to 1.31±0.40 cm2 (P<0.001), transmitral pressure gradient decreased from 7.7±2.6 to 4.4±1.8 mm Hg (P<0.01). Follow-up computed tomography revealed calcium cracks in 4 of 5 patients with mitral annular calcification, whereas no cracks were observed in patients with calcific rheumatic heart disease. At 30 days, most patients (n=8/10) reporting symptom improvement.
This study demonstrates the procedural feasibility of the SmartCrack lithotripsy balloon when combined with balloon mitral valvuloplasty, potentially modifying valvular calcification and improving mitral valve area. Larger studies are needed to confirm its safety, effectiveness, long-term durability, and clinical benefits."
PubMed,valvular heart disease,Cardiometabolic and Inflammatory Predictors of Life-Threatening Ventricular Arrhythmias in Adults Without Structural Heart Diseases.,Hong-Da Zhang; Lei Ding; Yuan-Dong Liu; Kuo Zhang; Ying-Jie Qi; Zi-Han Jiang; Fu-Hua Peng; Xin-Xin Yan; Yu-Jing Shen; Min Tang,10.1161/JAHA.126.050176,2026-09-18,Journal of the American Heart Association,"Life-threatening ventricular arrhythmias (LTVAs) can occur in individuals without apparent structural heart disease, yet the cardiometabolic and inflammatory determinants remain unclear. We aimed to identify clinical, sociodemographic, and lifestyle determinants of LTVAs in structurally normal hearts.
We included 423 186 UKB (UK Biobank) participants after excluding coronary artery disease, heart failure, cardiomyopathy, and valvular and congenital heart disease at baseline and during follow-up. The primary end point was incident LTVAs, defined as ventricular tachyarrhythmias, cardiac arrest, sudden cardiac death, and related resuscitation or ablation procedures. Cox models estimated adjusted hazard ratios (HRs) with 95% CIs. Model discrimination was assessed using Harrell's concordance index and explained variance (R2).
Over a median 13.3 (interquartile range, 12.6-14.0) years, 1116 LTVAs occurred. Cases were older (61 versus 57 years) and more often men (56.1% versus 42.6%). Hypertension (HR, 2.21 [95% CI, 1.90-2.57]), current smoking (HR, 1.78 [95% CI, 1.48-2.13), and male sex (HR, 1.67 [95% CI, 1.45-1.92]) showed the strongest associations with LTVAs. Additional factors associated with increased risk included nonideal sleep, previous smoking, physical inactivity, older age, and higher high-sensitivity C-reactive protein. Low-density lipoprotein cholesterol showed a modest inverse association (HR, 0.89 [95% CI, 0.82-0.97]). Age and hypertension showed the highest discrimination (concordance index, 0.629 and 0.615; R2 0.0082 and 0.0101), and overall model discrimination was modest. Findings were consistent across sexes and in sensitivity analyses.
In adults without structural heart disease, hypertension, smoking, and male sex show the strongest associations with LTVAs, with additional contributions from age, inflammation, and other lifestyle factors."
PubMed,valvular heart disease,Clinical and Echocardiographic Characteristics of Neuroendocrine Tumours and Carcinoid Heart Disease: Insights from a Contemporary Canadian Cohort.,Joshua Yoon; Cynthia Yeung; Jeffrey D Wong; Janine Mazengarb; Christina L Luong; Michael Y C Tsang; Teresa S M Tsang; Margot K Davis; Kenneth Gin; John Jue; Parvathy Nair; Jonathan M Loree; Darwin F Yeung,10.1016/j.cjco.2026.06.001,2026-09,CJC open,"Neuroendocrine tumours (NETs) are uncommon cancers that secrete vasoactive hormones. Around half of those with metastatic small bowel NETs develop carcinoid syndrome, and historically, up to 50% develop carcinoid heart disease (CHD). We evaluated clinical characteristics, echocardiographic features, and outcomes of patients with NETs and CHD in a contemporary cohort to identify factors associated with CHD development and mortality.
We identified patients with NETs who underwent an echocardiogram at a tertiary cancer centre-affiliated laboratory (2013-2023). Patients were classified based on whether they developed CHD. Clinical characteristics, echocardiographic data within 6 months of NET diagnosis, treatments, and outcomes were compared between CHD and non-CHD patients.
Over a 10-year period, 87 patients with NETs were identified (48% female; median age, 61 years), with 18 (21%) developing CHD. Primary small bowel NETs were more common with CHD (83% vs 55%, P = 0.032). Patients with CHD exclusively had right-sided valve involvement: 100% tricuspid, 61% pulmonary, and 0% mitral/aortic; 17% had a patent foramen ovale. Compared to non-CHD patients, CHD patients demonstrated higher right atrial volume index and right ventricular basal diameter, with more frequent right ventricular dysfunction. Patients with CHD had a lower median survival from the time of NET diagnosis (6.6 vs 13.4 years; P = 0.007). Among CHD patients, primary NET resection was associated with improved survival (P = 0.006).
Within a contemporary cohort, approximately 1 in 5 patients with NETs develop CHD and exhibit only right-sided valve involvement. CHD was associated with increased mortality whereas primary NET resection was associated with improved survival."
PubMed,valvular heart disease,Three-dimensional transthoracic echocardiographic visualization of an aorto-left ventricular tunnel: a case report.,Tuyen Kim Le; Thao Le Phuong Nguyen; Dan Van Buu Do; Minh That Ton; Phuong Kim Phan,10.1093/ehjcr/ytag646,2026-09,European heart journal. Case reports,"Aorto-left ventricular tunnel (ALVT) is a rare congenital cardiac defect consisting of an extracardiac communication between the ascending aorta and the left ventricle. It may mimic aortic regurgitation, particularly when an eccentric diastolic jet and a systodiastolic murmur are present. Accurate anatomical delineation is essential to distinguish tunnel flow from valvular regurgitation and to guide intervention.
A 19-year-old man was referred after an abnormal murmur was detected during a routine health examination. He had no exertional symptoms or history of prolonged fever. Physical examination revealed a grade 3/6 systodiastolic murmur at the third left sternal border. Transthoracic echocardiography demonstrated a tunnel-like communication between the aortic root and the left ventricle, with abnormal eccentric flow entering the left ventricular cavity and associated aortic regurgitation. Real-time three-dimensional transthoracic echocardiography improved spatial visualization of the tunnel and its relationship to the aortic valve. Computed tomography angiography confirmed an extracardiac tunnel running near the commissural region between the right coronary cusp and non-coronary cusp, without coronary artery involvement. The lesion was classified as type I ALVT. The patient underwent surgical closure with reinforcement of the aortic annular/commissural region. Post-operative recovery was uneventful.
This case highlights the value of real-time three-dimensional transthoracic echocardiography in clarifying ALVT anatomy when conventional two-dimensional imaging suggests but does not fully define the lesion. Multimodality imaging is useful for confirming the extracardiac course of the tunnel and excluding coronary involvement before intervention. Although transcatheter closure may be feasible in selected cases, surgery was selected because the tunnel was adjacent to the aortic cusp/commissural region and required direct closure with annular/commissural reinforcement."
PubMed,valvular heart disease,Long-Term Multisystem Comorbidity Patterns in Acute Pancreatitis: Insights From Observational and Genetic Analysis.,Tianyi Che; Tian Fu; Yuexin Zhu; Xixian Ruan; Yuhao Sun; Jiawei Geng; Lintao Dan; Xiaoyan Wang; Chunhua Zhou; Duowu Zou; Benoit J Arsenault; Shuai Yuan; Xue Li; Zhijie Wang; Xiaofeng Zhang; Jie Chen; Yao Zhang,10.1002/ueg2.70283,2026-09,United European gastroenterology journal,"Acute pancreatitis (AP) is an inflammatory pancreatic disorder with potentially severe systemic consequences. While its immediate clinical impact is well established, the long-term multisystem comorbidities of AP remain underexplored. Clarifying the temporal sequence of these comorbidities is essential for improving patient outcomes.
We conducted a phenome-wide association study (PheWAS) to investigate the associations between AP and 1429 clinical outcomes using Cox proportional hazards models in the UK Biobank. A total of 4767 AP cases were matched 1:10 with controls through birth year, sex, and Townsend deprivation index using incidence density sampling. Disease trajectory analyses were performed to characterize sequential diagnostic patterns of AP-associated comorbidities. Genetic approaches including polygenic risk score analysis, linkage disequilibrium score regression (LDSC), and two-sample Mendelian randomization (TSMR) were used as a genetic triangulation framework to provide complementary evidence for the observational findings and explore shared genetic architecture and potential causal relevance.
Over an average follow-up of 13.7 years, AP was associated with 250 incident comorbidities and all-cause death. Three major temporal patterns of AP-related comorbidities were identified, beginning with digestive diseases (e.g., chronic pancreatitis), metabolic and endocrine disorders (e.g., diabetes mellitus), as well as other systemic conditions (e.g., depression). Subsequently, increased risk of organ dysfunction such as myocardial infarction, renal failure, respiratory failure, and then dystrophia, sepsis, septicemia, acidosis followed by all-cause death were observed. The polygenic PheWAS, LDSC, and TSMR analyses provided complementary support for selected associations, including chronic pancreatitis, cyst and pseudocyst of pancreas, duodenal ulcer, diabetes mellitus, anxiety disorder, asthma, and myocardial infarction.
This study characterizes long-term multisystem comorbidity patterns associated with AP, highlighting temporal diagnostic patterns linked to adverse outcomes. These findings support the need for multidisciplinary monitoring and targeted interventions to mitigate long-term risks in AP patients."
PubMed,valvular heart disease,"Cardiovascular Disease and Androgens: Clinical Trends, Potential Mechanisms, and Considerations for Engineering Solutions.",Madeline N Monroe; Alexander L Curylo; Farshad Amirkhosravi; Eric I Garcia Huitron; George I Ezeokeke; Inioluwa G Ojediran; Jessica K Wang; Sawyer E Cremer; K Jane Grande-Allen,10.1007/s13239-026-00859-5,2026-09-17,Cardiovascular engineering and technology,"This review summarizes the current understanding of androgen physiology, relationships between androgens and cardiovascular (CV) diseases, and novel engineering approaches to study the effect of androgens on CV system. Testosterone (T), the primary sex hormone in biological males and a potent sex hormone in females, is the androgen of focus for this review. In the cardiovascular system, T signaling is seen through varying genomic and non-genomic mechanisms, which are further detailed in this review. Varying androgen levels in aging adults can significantly impact CVD outcomes, particularly for males. We also consider the implication of exogenous T treatment and androgen deprivation treatments on CVD. Furthermore, androgen-related trends in different CVD processes such as cardiac hypertrophy, congestive heart failure, atherosclerosis, calcific aortic valve disease, and aneurysms are explored. To that end, we present opportunities for novel tissue engineered approaches to discovering mechanisms and potential therapeutic pathways for androgen-related CV conditions."
PubMed,valvular heart disease,"Sex differences in surgically treated left-sided infective endocarditis: Results from the international, prospective, multicenter BESOS study.","Marco Tomasino; Núria Fernández-Hidalgo; Nahéma Issa; Julien Ternacle; Dmytro Kosovan; Oana Joean; Lorenzo Bertolino; Antonio Fiore; Massimo A Padalino; Pierre Emmanuel Noly; Elisa García Vázquez; Antonio Salsano; Maria Khan; Audrey Le Bot; Carmen Hidalgo-Tenorio; Karel Van Praet; Henrique Moreira; Kristiāns Meidrops; Carmen Olmos; Salvatore Nicolardi; Francesc Escrihuela-Vidal; Daniele Zoni; Josune Goikoetxea Agirre; Elisabet Berastegui; Sara Grillo; Karlos Reviejo Jaka; Manuel Poyato Borrego; Antonia Calvo-Cano; Cristiane Lamas; Gustavo A Méndez; Nedyalko Nedyalkov; Pau Rello; Eduard Ródenas-Alesina; Ignacio Ferreira-González; ESCMID Study Group for Bloodstream Infections, Endocarditis, and Sepsis (ESGBIES); BESOS investigators group",10.1016/j.cmi.2026.09.015,2026-09-17,Clinical microbiology and infection : the official publication of the European Society of Clinical Microbiology and Infectious Diseases,"We aimed to describe sex differences in clinical characteristics and 30-day mortality in a large contemporary cohort of patients undergoing surgery for left-sided IE.
The international BESOS (Barcelona Endocarditis Surgery Outcome Score) registry included consecutive patients undergoing surgery for active left-sided IE across 55 centers in 19 countries in 2025. Clinical characteristics and outcomes were prospectively collected. The primary outcome was 30-day mortality. Propensity score 1:1 nearest-neighbor matching (PSM) was performed to generate balanced male and female cohorts. Cox proportional hazards models were used to assess the association between sex and mortality, with adjustment for age, comorbidities and frailty, IE characteristics, and preoperative severity.
Among 1,085 patients undergoing surgery for left-sided IE (median age 65 years, interquartile range 53-73), 239 (22%) were women. Men and women had a similar burden of cardiovascular risk factors and comorbidities, although women exhibited greater frailty (Clinical Frailty Scale ≥7: 22/236 [9%] vs 36/826 [4%]; p=0.01). Women more frequently presented with isolated mitral valve involvement (116/238 [49%] vs 238/845 [29%]) and staphylococcal etiology (86/239 [36%] vs 218/846 [26%]; p=0.03). PSM identified 225 balanced male-female pairs. 30-day mortality was significantly higher in women than in men in both the overall cohort (49/230 [21%] vs 87/822 [11%]; p<0.01) and the matched cohort (45/217 [21%] vs 28/222 [13%]; p=0.02). Female sex remained associated with increased 30-day mortality after adjustment (HR 1.58, 95% CI 1.02-2.45; p=0.04).
In this large contemporary multinational cohort of patients undergoing surgery for left-sided IE, female sex was independently associated with higher 30-day mortality. The persistence of this association after PSM and multivariable adjustment suggests that the excess risk in women is not fully explained by differences in baseline characteristics, disease presentation, or preoperative severity, highlighting the need to better understand sex-related disparities in surgical IE outcomes."
PubMed,valvular heart disease,Biventricular endomyocardial fibrosis with right ventricular hypertrabeculation and rapid progression to heart transplantation: imaging and pathologic correlation.,Sofia Alves Figueiredo Faustino; Ana Clara Tude Rodrigues; Ebe Christie de Oliveira; João de Azevedo; Fernando Hideki Sakamoto; Claudio Henrique Fischer; Sandrigo Mangini; Edgar Lira-Filho; Samira Saady Morhy; Ana Olga H Mocumbi; Marcelo Luiz Campos Vieira,10.31744/einstein_journal/2026RC2390,2026,"Einstein (Sao Paulo, Brazil)","Endomyocardial fibrosis is a restrictive cardiomyopathy characterized by the deposition of fibrotic tissue in the endocardium, predominantly affecting the ventricular apices and atrioventricular valves. Although classically described in endemic regions and low socioeconomic settings, its pathophysiology remains incompletely understood. The coexistence of endomyocardial fibrosis with noncompacted myocardium has not been previously reported. Here, we describe a 57-year-old man, an amateur endurance cyclist, who presented with a two-year history of progressive heart failure symptoms, including fatigue, ascites, and lower limb edema. Transthoracic echocardiography revealed severe biatrial enlargement, grade III diastolic dysfunction, valvular regurgitation, and apical obliteration of both ventricles. Marked right ventricular trabeculation with deep intertrabecular recesses and turbulent flow was observed, raising suspicion of non-compacted myocardium. Despite optimized medical therapy, the patient experienced recurrent hospitalizations and progressed to advanced restrictive heart failure, requiring orthotopic heart transplantation. Pathological examination of the explanted heart confirmed chronic-stage endomyocardial fibrosis with extensive endocardial fibrosis and prominent right ventricular trabeculation. This case demonstrates a previously unreported association between endomyocardial fibrosis and right ventricular hypertrabeculation, expanding the phenotypic spectrum of endomyocardial fibrosis and emphasizing the importance of comprehensive imaging assessment in atypical presentations."
Crossref,mitral regurgitation,AIoT-Driven Real-Time Detection of Mitral Valve Prolapse,Meng Han Chen; Guanling Lee,10.1504/ijipt.2027.10079642,2027,International Journal of Internet Protocol Technology,
Crossref,mitral regurgitation,A physics-informed neural network framework for hemodynamic reconstruction and quantitative mitral regurgitation assessment,Kalpana Chauhan; Rajeev Kumar Chauhan,10.1016/j.bspc.2026.111264,2026-12,Biomedical Signal Processing and Control,
Crossref,mitral regurgitation,New variants in ACE gene region in 10 Cavalier King Charles Spaniel dogs with mild and severe myxomatous mitral valve disease – preliminary study,Maksymilian Lewicki; Sylwia Górczyńska-Kosiorz; Piotr Frydrychowski; Justyn Gach; Zuzanna Wojtczak; Jacek Cymbryłowicz; Agnieszka Noszczyk-Nowak,10.1016/j.vas.2026.100769,2026-12,Veterinary and Animal Science,
Crossref,mitral regurgitation,Echocardiographic Indicators of Left Atrial Rupture in Dogs with Advanced Degenerative Mitral Valve Disease,Asim Abdulrahman Alshehri; Ahmed A. Ibrahim; Saad Shousha; Mohamed A. Marzok; Adel Almubarak; Mohamed W. El-Sherif; Mahmoud Hassan; Mahmoud Saber,10.21608/ejvs.2026.481910.3618,2026-12-01,Egyptian Journal of Veterinary Sciences,
Crossref,mitral regurgitation,Beyond mitral regurgitation reduction: Divergent hemodynamic and structural responses to transcatheter edge-to-edge repair in primary and secondary mitral regurgitation,Carlo Vignati; Gaia Cattadori; Fiorella Puttini; Beatrice Pezzuto; Valentina Mantegazza; Chiara Morocutti; Arianna Galotta; Elisabetta Salvioni; Irene Mattavelli; Rebecca Caputo; Jeness Campodonico; Anna Apostolo; Mauro Contini; Pietro Palermo; Massimo Mapelli; Stefania Farina; Federico De Marco; Cristina Ferrari; Antonio Luca Bartorelli; Manuela Muratori; Piergiuseppe Agostoni,10.1016/j.ijcard.2026.134678,2026-11,International Journal of Cardiology,
Crossref,mitral regurgitation,Cine-derived mitral annular relaxation velocity for detection of preclinical left ventricular diastolic dysfunction,Niall McVeigh; David Ryan; Fiona Ryan; Joseph McCambridge; Maria Ferre; Sebastian Flynn; David J. Murphy; Mark Ledwidge; Ken McDonald; Jonathan D. Dodd,10.1016/j.mri.2026.110733,2026-11,Magnetic Resonance Imaging,
Crossref,mitral regurgitation,From diagnostic dilemma to successful management: Early prosthetic mitral valve endocarditis complicated by splenic infarction caused by Klebsiella pneumoniae,Mourad Hmidouch; Soumia Boulouiz; Nabila Ismaili; Zakaria Bazid; Noha El Ouafi,10.1016/j.radcr.2026.07.025,2026-11,Radiology Case Reports,
Crossref,mitral regurgitation,Epigenetic and transcriptomic regulation of RTN4IP1 links mitochondrial metabolism to the risk of mitral valve disease,Baiyu Tian; Fei Meng; Jiangang Wang; Haibo Zhang; Tiange Luo; Jintao Fu; Kemin Liu; Wenbo Zhang; Cheng Zhao; Yuqing Jiao; Junhui Sun,10.1016/j.hrtlng.2026.102892,2026-11,Heart &amp; Lung,
Crossref,mitral regurgitation,The prognostic importance of the right ventricle for patients with mitral regurgitation undergoing surgical treatment: A speckle tracking study,Maria Concetta Pastore; Federica Marrese; Andrea Marchese; Lorenzo Tanzi; Andrea Stefanini; Antonio Capolongo; Giulia Elena Mandoli; Ilenia Pennisi; Martina Rizzo; Veronica Lorenz; Giuseppe Alba; Gianfranco Montesi; Luna Cavigli; Flavio D'Ascenzi; Marta Focardi; Serafina Valente; Ottavio Alfieri; Matteo Cameli,10.1016/j.ijcard.2026.134681,2026-11,International Journal of Cardiology,
Crossref,mitral regurgitation,Safety of multiple grasping attempts during transcatheter mitral valve repair with the PASCAL system,Florian Jürgens; Florian Schindhelm; Mohammed Abusharekh; Clara M.K. Brandts; Jürgen Kampf; Matthias Totzeck; Fadi Al-Rashid; Peter Lüdike; Tienush Rassaf; Amir A. Mahabadi,10.1016/j.ijcard.2026.134636,2026-10,International Journal of Cardiology,
Crossref,mitral regurgitation,Early Transcatheter Edge-to-Edge Repair Is Associated With Improved Mid-term Outcomes in Degenerative Mitral Regurgitation,Tetsuro Shimura; Masanori Yamamoto; Itta Kawamura; Azusa Kurita; Hitoshi Matsuo; Ai Kagase; Takahiro Tokuda; Atsushi Sugiura; Hiroshi Tsunamoto; Ryo Yamaguchi; Mike Saji; Yuki Izumi; Masahiko Asami; Yusuke Enta; Daisuke Hachinohe; Shinichi Shirai; Masaki Izumo; Shingo Mizuno; Yusuke Watanabe; Makoto Amaki; Kazuhisa Kodama; Hisao Otsuki; Toru Naganuma; Hiroki Bota; Yohei Ohno; Masahiro Yamawaki; Hiroshi Ueno; Gaku Nakazawa; Toshiaki Otsuka; Shunsuke Kubo; Kentaro Hayashida,10.1016/j.amjcard.2026.08.007,2026-10,The American Journal of Cardiology,
Crossref,mitral regurgitation,A Comparison of 2- and 3-Dimensional Echocardiographic Measurement of the Mitral Valve Leaflet Lengths,Madison I. Goldberger; Andrew Maslow; Matthew Maslow; Feroze Mahmood; Leslie Vargas; Marwan Saad; Philip Haines,10.1053/j.jvca.2026.06.015,2026-10,Journal of Cardiothoracic and Vascular Anesthesia,
Crossref,mitral regurgitation,Transcatheter Aortic Valve Replacement for Native Aortic Regurgitation,Raviteja R. Guddeti; Nadia El-Hangouche; Santiago Garcia,10.1016/j.iccl.2026.06.002,2026-10,Interventional Cardiology Clinics,
Crossref,mitral regurgitation,Left atrial strain and fibrosis in primary mitral regurgitation: asynchronous markers of atrial remodelling?,Cristina Conte; Alessandro Telesca; Massimo Imazio,10.1016/j.ijcard.2026.134642,2026-10,International Journal of Cardiology,
Crossref,mitral regurgitation,"Sex Disparities in In-Hospital Outcomes After Transcatheter Edge-to-Edge Mitral Valve Repair: A National Inpatient Sample Analysis, 2016–2022",Brett David Cohen; Nicholas Roma; Luke Miller; Michael Durkin,10.1016/j.shj.2026.101098,2026-10,Structural Heart,
Crossref,mitral regurgitation,Corrigendum to “First-in-human study of the K-Clip™ transcatheter annular repair system for severe functional tricuspid regurgitation” [International Journal of Cardiology 390(2023) / IJCA 131174],Xiaochun Zhang; Qinchun Jin; Wenzhi Pan; Wei Li; Yingqiang Guo; Genshan Ma; Cuizhen Pan; Shasha Chen; Yuan Zhang; Lei Zhang; Mingfei Li; Shiqiang Hou; Yat-yin Lam; Thomas Modine; Alex Pui-Wai Lee; Juying Qian; Daxin Zhou; Junbo Ge,10.1016/j.ijcard.2026.134622,2026-10,International Journal of Cardiology,
Crossref,mitral regurgitation,"A retrospective (2020–2025), multicenter study of myxomatous mitral valve disease in Chihuahuas from Italy, Sweden, and the United States of America",I. Spalla; M.B. Bjerknaes; T. Bertuccini; G. Menciotti; A. Showers; G. Dossi; M. Borgarelli; J. Häggström; I. Ljungvall; R. Toschi Corneliani; C. Locatelli,10.1016/j.jvc.2026.06.005,2026-10,Journal of Veterinary Cardiology,
Crossref,mitral regurgitation,"Influence of age, frailty and non-cardiac comorbidities on survival in patients undergoing mitral valve edge-to-edge repair – a perspective from the German health care system",Kerstin Piayda; Nabor Keweloh; Bernhard Unsöld; Samuel Sossalla; Amin Polzin; Fabian Voss; Jafer Haschemi; Marcel Giemsa; Ursula Marschall; Beata Hennig; Michael Beil; Malte Kelm; Christian Jung,10.1016/j.ijcha.2026.101990,2026-10,IJC Heart &amp; Vasculature,
Crossref,mitral regurgitation,Comparison of Preoperative and Intraoperative Assessment of Tricuspid Valve Annular Diameter and Tricuspid Regurgitation Grade by Echocardiography in Patients Undergoing Mitral Valve Surgery,Maxim Glebov; Haim Berkenstadt; Dina Orkin; Mais Otmani; Niv Levin; Maksim Katsin; Yonatan Gargi; Alexander Kogan; Jonathan Frogel,10.1053/j.jvca.2026.06.002,2026-10,Journal of Cardiothoracic and Vascular Anesthesia,
Crossref,mitral regurgitation,Association of component measurement variability and disease severity with variability of calculated mitral regurgitant fraction in dogs with myxomatous mitral valve disease,G. McAulay; D. Singleton; M. Rishniw,10.1016/j.jvc.2026.06.004,2026-10,Journal of Veterinary Cardiology,
Crossref,deep learning,Learner profiles and the process of Learning in the Higher Educational Context,Christos Skourlas; Petros Belsis,10.15556/ijiim.02.01.003,2115-03-05,International Journal on Integrated Information Management,
Crossref,deep learning,WEB-BASED COLLABORATIVE LEARNING AND KNOWLEDGE SHARING IN INFORMAL BUSINESS NETWORKS,George Stalidis; Costis Papadimitrakopoulos; Theocharis Tsakiris,10.15556/ijiim.01.02.002,2114-12-10,International Journal on Integrated Information Management,
Crossref,deep learning,Availability and Utilization of Tools and Equipment for Teaching and Learning Garment Making Trade in the Senior Secondary Schools in Edo State,,10.20431/2349-0381.0303002,2106,"International Journal of Humanities, Social Sciences and Education",
Crossref,deep learning,Title Pending 8122,,10.3998/mjcsl.8122,2036-05-11,Michigan Journal of Community Service Learning,
Crossref,deep learning,Title Pending 6294,,10.3998/mjcsl.6294,2034-12-20,Michigan Journal of Community Service Learning,
Crossref,deep learning,Title Pending 5730,,10.3998/mjcsl.5730,2034-11-18,Michigan Journal of Community Service Learning,
Crossref,deep learning,Title Pending 3643,,10.3998/mjcsl.3643,2033-09-06,Michigan Journal of Community Service Learning,
Crossref,deep learning,Title Pending 4120,,10.3998/mjcsl.4120,2033-03-28,Michigan Journal of Community Service Learning,
Crossref,deep learning,Title Pending 2741,,10.3998/mjcsl.2741,2032-09-28,Michigan Journal of Community Service Learning,
Crossref,deep learning,Machine Learning Application for SAIs,Tiare Rivera,10.56251/watu4873,2030-10-20,International Journal of Government Auditing,
Crossref,deep learning,Integration of Biomechanics and Digital Technology: Using Kinovea for Motion Analysis and Learning for Beginner Athletes,Muhammad Nur Hudha; Riezky Maya Probosari; Annisa Nur Khasanah; Supurwoko; Salsabila Kholifahtun Nisa’; Gifran Rihla Gifarka Latief,10.58524/jcss.v4i2.890,2029-11-29,Journal of Coaching and Sports Science,"Background: The integration of biomechanics with digital motion-analysis technologies has introduced new approaches for examining movement efficiency, kinematic characteristics, and technical patterns in walking and running activities. Kinovea, as an accessible motion-analysis software, provides both visual and quantitative feedback. However, its application in supporting technique development among beginner athletes remains insufficiently explored. Aim: This study aims to describe the use of Kinovea in biomechanics training and examine its contribution to the awareness of kinematic characteristics and movement techniques among beginner athletes. Methods: A descriptive qualitative design involved 72 beginner athletes aged 18–25 years selected through purposive sampling. Data were collected over 16 weeks through interviews, field observations, and motion video recordings analyzed using Kinovea. Kinematic data focused on joint angles, stride behavior, and movement phases during walking, running, and the flight phase. Qualitative data were analyzed using content analysis with NVivo 12, while kinematic results were interpreted descriptively to identify performance patterns and areas for technical refinement. Result: Kinematic analysis showed coordinated joint-angle patterns across all phases. Walking analysis identified arm swing angles of 50.9°–58.8° and leg separation angles of 64.3°–67.2°, indicating a stable gait rhythm. The running analysis revealed knee angles of 68.8°–69.8° and elbow angles of 87.6°–89.1°, indicating efficient propulsive mechanics. The flight phase demonstrated knee angles of 81.2°–87.8° and elbow angles of 80.4°–88.3°, suggesting effective momentum use and postural stability. These measurements supported stride-efficiency assessment and technique evaluation. Qualitative findings revealed that Kinovea enabled athletes to interpret movement phases and identify technical inefficiencies through slow-motion and frame-by-frame visualization. Conclusion: Kinovea supports basic motion analysis by providing clear kinematic information and helping beginner athletes observe and refine their movement techniques. The findings also offer practical value for coaches by enabling more precise identification of inefficient patterns and guiding targeted corrections during early-stage training."
Crossref,deep learning,Efficient Learning of Sparse Differential Networks in Multi-Source Non-Paranormal Models,Mojtaba Nikahd; Seyed Abolfazl Motahari,10.5705/ss.202025.0275,2029,Statistica Sinica,
Crossref,deep learning,Transfer Learning for High-dimensional Regression with Compositional Covariates: Application to Microbiome Studies,Qinqin Hu; Xiaojing Luo; Chencheng Ma; Wang Zhou,10.5705/ss.202025.0314,2029,Statistica Sinica,
Crossref,deep learning,Inference for Extreme Value Index Through Individualized Fusion Learning,Hongfang Sun; Yu Chen; Tao Xu; Zhengjun Zhang,10.5705/ss.202026.0109,2029,Statistica Sinica,
Crossref,deep learning,Sparsity Learning via Structured Functional Factor Augmentation,Hanteng Ma; Ziliang Shen; Xingdong Feng; Xin Liu,10.5705/ss.202025.0205,2029,Statistica Sinica,
Crossref,deep learning,Sparse Additive Off-policy Evaluation for Reinforcement Learning with Potentially Limited Number of Trajectories,Tuoyi Zhao; Chengchun Shi; Zhengling Qi; Lan Wang,10.5705/ss.202025.0457,2029,Statistica Sinica,
Crossref,deep learning,Cyber Defense Digital Twins: A Federated Learning and Zero-Trust AI Architecture for Autonomous Threat Prediction and Response,Sivaramakrishnan Narayanan,10.32628/cseit251116279,2028-08-27,"International Journal of Scientific Research in Computer Science, Engineering and Information Technology","Modern enterprise networks operate under persistent threats that exploit cloud-native misconfigurations, identity sprawl, and API vulnerabilities at machine speed. Existing security operations center (SOC) architectures remain largely reactive, signature-dependent, and incapable of predicting multi-stage lateral movement. This paper proposes the Cognitive Cyber Defense Digital Twin (CCDT), a unified architecture integrating federated learning (FL), graph neural network (GNN)-based attack-path forecasting, adversarially hardened detection models, and autonomous Security Orchestration, Automation, and Response (SOAR) with deception engineering. The CCDT constructs a continuously synchronized digital replica of organizational assets and employs reinforcement learning-based red agents to stress-test detection models. A federated intelligence mesh enables cross-organizational privacy-preserving gradient sharing. Experimental evaluations against CICIDS-2018 and LANL datasets demonstrate 52% faster attack-path detection, 41% reduction in false positive rate, and 60% reduction in mean-time-to-respond (MTTR) compared to traditional SOC baselines. Integrated Explainable AI (XAI) modules using SHAP values enable audit-ready compliance reporting. The CCDT represents a paradigm shift from reactive monitoring to predictive, autonomous, and privacy-preserving cyber defense for hybrid cloud environments."
Crossref,deep learning,Transforming Education through Technology: The Case of COVID 19 Digital Learning in Nagaland,K Hinoca Assumi,10.71126/nijre.v2i1.16,2028-02-28,Naveen International Journal of Research in Education (NIJRE),"Through the perspective of the COVID-19 pandemic and the disruption and opportunity it engendered, this chapter follows a transformative effect of EdTech and Digital education in India particularly in Nagaland through analysis. Drawing upon national policy frameworks, conceptual literature on educational technology, and contextual evidence based on the case of Nagaland, the chapter considers the rapid migration to digital learning as an emergency strategy (in response to the ongoing institution closures) based on the stark shifts in pedagogical practice, access to education services, and preparedness. The findings show that, including the ability of national programmes such as NEP 2020, SWAYAM, DIKSHA, PM e-VIDYA, and others, to promote access to digital tools was low within periphery or hill areas (e.g., Nagaland), due to lack of infrastructural resources, digital divide, unprepared teachers and economic/social divides, and more. The pandemic exposed the deep social and infrastructure divides in connectivity, device availability, assessment and learner engagement, with implications that were especially grave in rural and tribal settings. Although it accelerated the pace of innovation and the application of blended and low-tech learning practices teachers have been experimenting with digital platforms and the post-COVID recovery process, including remedial programmes and hybrid instruction. The chapter also discusses that blended learning is the most fitting, viable and sustainable approach for reaching the technological level in the field of educational technology at Nagaland. It implies that technology-mediated education can improve equity, quality, and resilience, but only under the conditions of inclusive policy design, strong digital infrastructure, vigorous teacher capability building, and culturally appropriate digital content. Keywords: Educational technology, digital learning, COVID-19, Nagaland, online education, Challenges, blended learning"
Crossref,deep learning,The Nexus of Leadership and Learning: Exploring Female Principals' Influence on the Teaching-Learning Process in Secondary Schools,Muhammad Niqab; Salma Tabbasum; Shakil Ahmad,10.55737/qjss.vii-i.26473,2028-02-28,Qlantic Journal of Social Sciences,"The research paper will set out to debate the role played by the leadership competencies of principals in the teaching and learning process. The research will embrace a quantitative research design that will seek to answer the question concerning the relationship that exists between leadership skills of possessed by the  principals and the ongoing teaching-learning process in the female secondary schools using a co-relational study design. A survey instrument comprising of 37 items, which measured the leadership skills possessed by the selected principals and the prevailing teaching learning process, was used in the collection of data. Questionnaires for this study were administered to 108 male and female educators who were serving in secondary schools in Tehsil Wari, upper Dir and among them 100 questionnaires were submitted and were deemed to be useful in the analysis. The data in hand were calculated using Statistical Package of the Social Sciences (SPSS) version-27 and the obtained results indicated that the collected data was normally distributed. The findings revealed that all the variables of the study had great correlations. The analysis of the data was done through linear regression to measure the effect that the leadership skills of the principals had on the teaching learning process and this indicated that leadership skills of the principals have statistically significant effect on the teaching learning process. The policies derived out of this research can be a good guide to both the policymakers and organizational leaders because they can provide a good outline on how to empower the leaders in charge of the principals and as well as exert more influence on the effective teaching and learning processes."
Crossref,deep learning,Left Ventricle Extraction Using a DENSENET-U-Net Integrated Deep Learning Approach,X. Ignatious Viola; R. Shoba Rani; G. Savitha; R. Surekha,10.1504/ijims.2028.10076630,2028,International Journal of Internet Manufacturing and Services,
OpenAlex,aortic stenosis,Relationship between baseline patient-reported health status and patient-centered outcomes after Transcatheter Aortic Valve Replacement.,Daijiro Tomii; Jonas Lanz; Dik Heg; Holger Thiele; Won-Keun Kim; Michael Joner; Helge Möllmann; Lenard Conradi; Christian Thilo; Stefan Toggweiler; Bernard Prendergast; Stephan Windecker; Thomas Pilgrim,10.48620/98197,2026-10-01,Open Access CRIS of the University of Bern,"Background Aortic stenosis (AS) impairs health-related quality of life but the prognostic impact of patient-reported health status prior to transcatheter aortic valve replacement (TAVR) is not fully established.Objectives To investigate the association of patient-reported health status at baseline with clinical outcomes and health status after transfemoral TAVR in patients with symptomatic severe AS.Methods In the investigator-initiated, multicenter SCOPE I randomized trial, patients underwent TAVR who provided baseline Kansas City Cardiomyopathy Questionnaire (KCCQ) assessment were included in this post-hoc analysis. An integrated patient-centered outcome was defined as being alive with good health status (KCCQ overall summary score [KCCQ-OS] ≥75 without a decline of >10 points from baseline).Results Of 739 patients enrolled in SCOPE I, 692 were included in the present analysis. Median baseline KCCQ-OS was 54.9 [39.6-71.9] distributed as follows: KCCQ-OS <25 - 74 (10.7%), 25-49 - 222 (32.1%), 50-74 - 271 (39.2%), ≥75 - 125 (18.1%). At 3 years after TAVR, higher baseline KCCQ-OS was associated with a greater likelihood of being alive with good health status (KCCQ-OS 50-75 vs. 0-25: adjusted odds ratio 2.25, 95% CI 1.12-4.54; 75-100 vs. 0-25: adjusted odds ratio 5.15, 95% CI 2.33-11.3). Restricted cubic spline modelling demonstrated an approximately linear relationship between baseline KCCQ-OS and all-cause mortality, and alive with good health status.Conclusions In this post-hoc analysis of SCOPE I, better baseline patient-reported health status was associated with a higher probability of being alive with good health status up to 3 years after TAVR.Clinical Trial Registration https://www.Clinicaltrials gov. NCT03011346."
OpenAlex,aortic stenosis,Assessment of Valvular Heart Disease Using Cardiac Magnetic Resonance Imaging,K. Carlos El-Tallawi; Maan Malahfji; Dipan J. Shah,10.1016/b978-0-443-12497-6.00035-x,2026-09-18,Elsevier eBooks,
OpenAlex,aortic stenosis,LIPOPROTEIN(A): A GENETICALLY DETERMINED RISK MARKER IN TYPE 2 DIABETES AND OBESITY,Najmutdinova D.K.; Sadikova A.S.; Worldly Knowledge Publishing Centre,10.5281/zenodo.22825558,2026-09-18,Zenodo (CERN European Organization for Nuclear Research),"Lipoprotein(a) [Lp(a)] is a genetically determined, independent, and causal risk factor for atherosclerotic cardiovascular disease and calcific aortic valve stenosis, with elevated levels found in approximately 20% of the global population. Unlike most lipid parameters, Lp(a) is largely unaffected by lifestyle modification or statin therapy, making it one of the main contributors to residual atherogenic risk even when target LDL-cholesterol levels are achieved. Lp(a) acquires particular clinical relevance in patients with type 2 diabetes mellitus (T2DM) and obesity — a population with inherently elevated cardiometabolic risk, in whom its relationship with Lp(a) is complex."
OpenAlex,aortic stenosis,LIPOPROTEIN(A): A GENETICALLY DETERMINED RISK MARKER IN TYPE 2 DIABETES AND OBESITY,Najmutdinova D.K.; Sadikova A.S.; Worldly Knowledge Publishing Centre,10.5281/zenodo.22825557,2026-09-18,Zenodo (CERN European Organization for Nuclear Research),"Lipoprotein(a) [Lp(a)] is a genetically determined, independent, and causal risk factor for atherosclerotic cardiovascular disease and calcific aortic valve stenosis, with elevated levels found in approximately 20% of the global population. Unlike most lipid parameters, Lp(a) is largely unaffected by lifestyle modification or statin therapy, making it one of the main contributors to residual atherogenic risk even when target LDL-cholesterol levels are achieved. Lp(a) acquires particular clinical relevance in patients with type 2 diabetes mellitus (T2DM) and obesity — a population with inherently elevated cardiometabolic risk, in whom its relationship with Lp(a) is complex."
OpenAlex,aortic stenosis,PHRONESIS: PHysician and aRtificial-intelligence cONcordance and outcomES In aortic Stenosis.,Anastasiοs Apostolos; Mohammed Allaf; Hussein Elghazaly; Konstantinos Konstantinou; Vasileios Panoulas,10.17605/osf.io/dbea5,2026-09-18,Open Science Framework,"Management of severe aortic stenosis — transcatheter aortic valve implantation (TAVI), surgical aortic valve replacement (SAVR), or medical management — is decided by a multidisciplinary Heart Team, as recommended by European and American guidelines. This integrative process is the standard of care but is resource-intensive and shows recognised variability between centres and clinicians. Large language models (LLMs) can reason over clinical text and apply guideline logic, raising a practical question: given the same information a Heart Team sees, how closely do general-purpose LLMs reproduce the team's recommendation, and does disagreement between the team and the models carry prognostic meaning? A single-centre study (Salihu et al., EuroIntervention 2024) reported 77% agreement between one LLM and the Heart Team across TAVI, SAVR and medical management, with agreement concentrated in TAVI decisions, and explicitly identified two next steps: using several models, and analysing the outcomes of patients for whom the model and the team disagreed. This study addresses both. It is framed throughout as a test of decision support that would augment, not replace, the Heart Team."
OpenAlex,aortic stenosis,Successful aortic valve replacement by overexpanding a SAPIEN transcatheter heart valve for a large aortic annulus (>900 mm2): a case report.,John Vavalle; Thomas Caranasos; Peter Nguyen; Dalton Sherwood,10.17615/k6dz-j943,2026-09-18,UNC Libraries,"There are limited commercial valve sizes available for transcatheter aortic valve implantation (TAVI). This makes it challenging or even prohibitive to perform TAVI on large aortic annuli.A 78-year-old male with known low-flow, low-gradient severe aortic stenosis presented with progressive dyspnoea, chest pressure, and decompensated heart failure. Successful off-label TAVI was performed for tricuspid aortic valve stenosis with an aortic annulus of >900 mm2. An Edwards S3 29 mm valve was overexpanded with an extra 7 mL of volume at valve deployment. No complications occurred, and only trivial paravalvular leak was seen following implantation. The patient died from a non-cardiovascular cause 8 months following the procedure.Patients that require aortic valve replacement with prohibitive surgical risk and have very large aortic valve annuli pose significant technical challenges. This case shows the feasibility of TAVI by overexpanding an Edwards S3 valve."
OpenAlex,aortic stenosis,Practical flow state detection: Entropy-based EEG classification from portable EEG headbands,Matin Beiramvand; Reijo Koivula; Tarmo Lipping,10.1016/j.bspc.2026.111399,2026-09-17,Biomedical Signal Processing and Control,"Flow state, characterized by deep engagement and immersion during challenging activities, represents a valuable mental state with significant implications for learning, performance, and rehabilitation outcomes. While flow has been extensively studied behaviorally, objective neurophysiological detection methods suitable for real-world deployment remain limited. Electroencephalography (EEG) offers a promising avenue for flow detection due to its accessibility, portability, and superior temporal resolution; however, the utility of consumer-grade EEG devices for robust, and subject independent flow classification has been insufficiently explored. This study validates entropy-based biomarkers for flow state detection using two wearable EEG headsets, Muse-S and Emotiv Insight, across 45 participants performing adaptive Tetris gameplay. After denoising, we applied the Discrete Wavelet Transform (DWT) to decompose the signals into multiple frequency sub-bands. From each sub-band, entropy-based features, combining channel-wise measures (Slope Entropy, Distribution Entropy, Spectral Entropy) with cross-channel descriptors (Cross Distribution Entropy, Cross Spectral Entropy) were extracted. These features were then used as input to a Random Forest classifier (RF), evaluated with two validation schemes: Random Sampling (RS) and Leave-One-Subject-Out (LOSO). Under random sampling cross-validation, Random Forest classifiers achieved 97% mean accuracy; under the more rigorous leave-one-subject-out (LOSO) scheme, average accuracy reached 75%, demonstrating genuine cross-subject generalizability. Comprehensive multi-classifier validation (SVM-RBF, GentleBoost, k-NN, Fitted Discriminant, Naive Bayes) confirmed that entropy biomarkers are robust across diverse modeling frameworks. These findings establish features as reliable, device-independent neural signatures of flow and demonstrate the feasibility of consumer EEG for practical flow detection in real-world scenarios, a critical advancement toward deployable neuroergonomic assessment, adaptive training systems, and personalized rehabilitation interventions."
OpenAlex,aortic stenosis,Evaluation of a piezoelectric pulse wave analysis system for noninvasive carotid plaque screening in a field study against Doppler ultrasonography,Pornthep Tangkanjanavelukul; Sarawut Suksuphew; Porntip Nimkuntod; Natthawadi Buatip; Theerayut Bubpamala; Chinnawit Musikaphan; Visit Thaveeprungsriporn,10.21203/rs.3.rs-10075552/v1,2026-09-17,Research Square,
OpenAlex,aortic stenosis,Eyeballing for Frailty Assessment in Elderly Patients Referred for Coronary Angiography,Ranin Hilu; Ziad Arow; Rami Barashi; Ilya Losin; Ela Giladi; Yoav Arnson; Hana Vaknin‐Assa; Abed Assali; David Pereg,10.1111/jgs.70713,2026-09-17,Journal of the American Geriatrics Society,"BACKGROUND: Frailty is increasingly recognized as a key determinant of outcomes in elderly patients undergoing invasive cardiac procedures. While structured instruments such as the Fried test are recommended, frailty is often assessed intuitively by physicians using eyeballing. We aimed to evaluate the diagnostic accuracy of physician eyeballing for frailty detection in elderly patients referred for coronary angiography. METHODS: A prospective observational study including patients aged ≥ 70 years undergoing coronary angiography. Frailty was independently assessed by two cardiologists in a blinded fashion: (1) a formal Fried test, and (2) physician eyeballing, scored on a Fried-like scale. The primary outcome was the diagnostic accuracy of the eyeballing compared with the Fried test, quantified by sensitivity, specificity, positive and negative predictive values and receiver operating characteristic (ROC) analysis. Secondary outcomes included 6-month mortality, cardiovascular rehospitalization, recurrent myocardial infarction, and unplanned revascularization. RESULTS: The 200 patients had a mean age of 77.3 ± 5.3 years. Frailty prevalence by Fried criteria was 16.5%. The eyeballing demonstrated high sensitivity (93.9%) and negative predictive value (NPV) (98.5%), with specificity of 80.8%, PPV of 49.2%, and an area under the curve (AUC) of 0.87. Subgroup analyses showed consistent accuracy, although specificity was lower in women and hospitalized patients. Frailty as defined by the Fried test was associated with higher 6-month mortality and rehospitalization. CONCLUSIONS: Eyeballing is a rapid and reliable tool to exclude frailty in elderly patients undergoing coronary angiography. However, when frailty is suspected, confirmation with a structured tool is indicated."
OpenAlex,aortic stenosis,Waveband-resolved nonlinear characterization of SERF-magnetocardiography signals: a phase-space reconstruction framework for exploratory clinical cohort analysis,Keyi Li; Xiangyang Zhou; Jiaojiao Pang; Rui Shang; Yadan Zhang; Yangyang Cui; Dong Xu; Min Xiang,10.3389/fphys.2026.1770392,2026-09-17,Frontiers in Physiology,"Background Spin-exchange relaxation-free magnetocardiography (SERF–MCG) offers femtotesla-level sensitivity for noninvasive cardiac monitoring. Conventional analysis pipelines, largely adapted from linear electrocardiography, may not fully capture nonlinear dynamical patterns embedded in cardiac magnetic-field signals. In this retrospective and de-identified cohort study, we aimed to develop and evaluate a waveband-resolved nonlinear analysis framework for exploratory signal-level characterization of SERF–MCG recordings from stringently screened healthy adults and a heterogeneous clinical cardiovascular patient cohort enriched for clinically diagnosed ischemia. Methods We developed a waveband-resolved framework that decomposes each SERF–MCG beat into P, QRS, ST, and T segments and reconstructs segment-specific attractors via delay-coordinate embedding. From these reconstructed trajectories, we extracted a 32-dimensional feature set capturing phase-space geometric descriptors, entropy-related descriptors, Lyapunov-related descriptors, and spatial energy/eigenvalue-ratio descriptors. Cross-phase signal associations were assessed using a dual-perspective approach: (i) statistical association matrices derived from feature aggregates and (ii) a four-node self-attention encoder that estimates a 4 × 4 matrix of model-derived association weights between cardiac phases. Results Analysis of 1,848 statistically independent median beats, including 906 stringently screened healthy controls and 942 recordings from a heterogeneous clinical cardiovascular patient cohort enriched for clinically diagnosed ischemia, showed statistically significant but partially overlapping nonlinear feature differences between groups. Repolarization-related ST/T features showed lower sample entropy and altered Lyapunov-related descriptors in the clinical patient cohort, consistent with group-level differences in signal complexity and local trajectory instability. Statistical and attention-based analyses further suggested altered ST–T association patterns at the signal-feature level. These findings should be interpreted as exploratory cohort-level signal differences rather than ischemia-specific causal or diagnostic evidence. Conclusions This study presents a waveband-resolved nonlinear SERF–MCG analysis framework for exploratory characterization of cardiac magnetic-field signals. Within the present retrospective and de-identified dataset, the framework identified group-level differences in repolarization-related nonlinear features and cross-phase association patterns between stringently screened healthy controls and a heterogeneous clinical patient cohort. The findings support the methodological feasibility of phase-space reconstruction and attention-assisted association analysis for SERF–MCG signal characterization, while prospective studies with complete clinical covariates and uniform diagnostic verification are required before ischemia-specific or diagnostic claims can be made."
OpenAlex,aortic stenosis,The Role and Assessment of Lipid Profile in Patients With a Chronic Total Coronary Occlusion,Karol Sadowski; Dominika Tomkiel; Roel Hoek; Ruben W. de Winter; Nick S. Nurmohamed; Bimmer E. Claessen; Niels J. Verouden; A Nap; Sebastiaan A. Kleijn; Mariusz Tomaniak; Yvemarie Somsen; Paul Knaapen,10.1002/lipd.70084,2026-09-17,Lipids,"Adequate lipid management is a crucial component in the treatment of chronic coronary syndromes, a group of conditions that also encompasses patients with chronic total coronary occlusions (CTOs). Importantly, atherosclerotic progression may be especially rapid in patients with a CTO, yet it is unknown whether specific lipid thresholds for this population are appropriate or need to be adjusted compared to non-CTO patients. The present review aimed to provide insight into the lipid profiles of CTO patients and their association with clinical outcome compared to non-CTO patients. Furthermore, we investigated the impact of lipid levels on coronary collateral circulation (CCC) development. The available data suggest a tendency towards a more adverse lipid profile in CTO patients compared with non-CTO patients, characterized by elevated TG, Lp(a), and AIP, and reduced HDL levels. While lipid parameters are frequently reported as baseline characteristics, few studies have directly evaluated their prognostic significance. The current evidence supports the hypothesis that a greater atherogenic burden in CTO patients may be associated with worse clinical outcomes and poorer CCC formation, particularly when advanced lipidomic markers or composite indices are considered. If confirmed in larger prospective studies, incorporating a more comprehensive assessment of the lipid profile into the clinical management of CTO patients may improve risk stratification and provide a basis for more personalized lipid-lowering strategies in this high-risk population."
OpenAlex,aortic stenosis,Balloon-Expandable Versus Self-Expandable Transcatheter Aortic Valve Implantation Devices: A Contemporary Systematic Review,Ioannis Apergis; Georgios P Georghiou; Panos Georghiou; Efthalia Emmanouela Chrisofos; Filippos Triposkiadis; Konstantinos Lampropoulos,10.3390/jcm15187224,2026-09-17,Journal of Clinical Medicine,"Background/Objectives: Transcatheter aortic valve implantation (TAVI) is an established treatment for severe aortic stenosis. Prosthesis selection is increasingly important because balloon-expandable valves (BEVs) and self-expandable valves (SEVs) differ in deployment, hemodynamics, and lifetime-management implications. This systematic review synthesized contemporary evidence comparing BEVs and SEVs, while platform-, generation-, and subgroup-specific studies provided contextual evidence. Methods: A PubMed-only systematic search was performed on 25 January 2026 for studies published between 1 January 2020 and 31 December 2025. Eligible human studies evaluated contemporary balloon or self-expandable systems. Randomized and observational studies, including single-arm cohorts, were included. Risk of bias was assessed using the revised Cochrane Risk of Bias tool (RoB 2) and the Methodological Index for Non-Randomized Studies (MINORS). Because of heterogeneity, findings were synthesized narratively without meta-analysis. Direct randomized and adjusted comparative evidence received greatest weight, whereas single-arm and within-platform studies were not interpreted as establishing comparative superiority. Results: Fifty studies met the eligibility criteria. No consistent mortality advantage was identified for either expansion mechanism. The most reproducible differences concerned hemodynamics, paravalvular regurgitation, and conduction outcomes. Supra-annular SEVs were more consistently associated with lower residual gradients and less prosthesis–patient mismatch, whereas BEVs showed lower paravalvular regurgitation or permanent pacemaker implantation in selected comparative settings. These signals varied by valve generation, implantation technique, anatomy, and study design. Evidence on coronary reaccess, durability, thrombosis, and reintervention was less extensive. Conclusions: Contemporary evidence does not support a universal BEV-versus-SEV hierarchy. Prosthesis selection should be individualized according to anatomy, conduction risk, hemodynamic priorities, and lifetime-management considerations. Comparative conclusions should remain generation-specific and distinguish direct comparative evidence from single-arm or anatomically selected cohorts. The review was not prospectively registered and received no external funding."
OpenAlex,aortic stenosis,Association of Aortic Elasticity with Graft Patency in Patients After Coronary Artery Bypass Grafting: A Preliminary Analysis,Lei Yang; Yongju Yang; Caiyan Zhu; Shiying Tang; Feifei Zhou; Min Li; Jiaqi Li; Lishi Shao; Guifang Sun,10.21203/rs.3.rs-10365685/v1,2026-09-17,Research Square,
OpenAlex,aortic stenosis,Balloon aortic valvuloplasty in contemporary practice: A temporary solution with a permanent role?,Davide Margonato,10.33963/v.phj.114849,2026-09-17,Kardiologia Polska,
OpenAlex,aortic stenosis,Early Multicentre Outcomes of Endovascular Aortic Arch Repair Using a Custom-Made Triple-Branch NEXUS TRE Endograft System (TRE-ASURE Study),Prakash Saha; Michele Antonello; Theodosios Bisdas; Semih Buz; Ignacio Michel; Marina Ansuátegui; Rafael García-Borbolla Fernández; Angel Flores Herrero; Gino Gemayel; Giacomo Isernia; Adrien Kaladji; Alexander Oberhuber; Gianbattista Parlani; Timothy Resch; Gioele Simonte; Jean-Paul P.M. de Vries; Said Abisi,10.1177/15266028261485095,2026-09-17,Journal of Endovascular Therapy,"OBJECTIVE: To report the first multicentre European experience with the custom-made NEXUS TRE triple-branch endograft for fully endovascular, debranch-free repair of complex aortic arch pathology, focusing on technical feasibility and early safety outcomes. METHODS: This retrospective multicentre analysis included 21 consecutive patients treated with the NEXUS TRE system across 13 European centres between August 2024 and October 2025. Baseline characteristics, procedural metrics, and early (≤30-day) outcomes were assessed. The primary endpoint was device technical success. Secondary endpoints included 30-day mortality, neurological events, spinal cord ischaemia, device-related reintervention, branch patency, and endoleaks. RESULTS: The median age was 75 years (range 59-86), and 19 patients (90.5%) were male. Indications included degenerative aortic arch aneurysm in 11 patients (52.4%) and aneurysmal degeneration following chronic dissection in 10 (47.6%). Primary technical success of the NEXUS TRE device was achieved in 20/21 patients (95.2%), with assisted technical success in 21/21 (100%). There was no in-hospital or 30-day mortality, and no disabling stroke or spinal cord ischaemia occurred. Two patients (9.5%) had nondisabling ischaemic strokes, both with diffusion-weighted-MRI-confirmed embolic infarction; a third patient developed a transient left vocal-cord palsy on a background of established infarcts, without new acute infarction on MRI. All symptoms resolved without disabling deficit (30-day modified Rankin Scale <2). Median procedure time was 227 minutes (IQR 200-278), fluoroscopy time 68.3 minutes (IQR 55.5-87.0), and contrast volume 145 mL (IQR 100-160). One type Ic endoleak that was identified on completion angiography (at the left subclavian bridging stent) was treated intra-operatively with no residual leak. Two type II endoleaks were managed conservatively, with no type Ia, type Ib, or persistent type III endoleak noted on postoperative CT angiography, with all supra-aortic target vessels remaining patent. CONCLUSIONS: In this first multicentre European experience, the custom-made NEXUS TRE triple-branch system demonstrated high device technical success and an encouraging early (30-day) safety profile in selected high-risk patients. These findings support the feasibility of fully endovascular, debranch-free multi-branch repair of the aortic arch. Larger studies with longer follow-up are now required to assess durability.Clinical ImpactThis first multicentre European experience suggests that fully endovascular, debranch-free aortic arch repair using the custom-made NEXUS TRE triple-branch system is technically feasible in selected high-risk patients unsuitable for open repair. In 21 patients treated across 13 European centres, primary device technical success was 95.2%, assisted technical success was 100%, and no 30-day mortality, disabling stroke, spinal cord ischaemia, or target vessel occlusion occurred. These preliminary findings support further evaluation of triple-branch endografting as a less invasive strategy for complex aortic arch pathology."
OpenAlex,aortic stenosis,Survival Prediction of TAVI Patients Using End-to-End Deep Image Regression on Whole-Body CT,Dominik Müller; Alexia Rizoudis; Charlotte Lind; Frank Krämer; Jakob Voran; Hannes Ulrich,10.3233/shti261005,2026-09-17,Studies in health technology and informatics,"INTRODUCTION: Transcatheter aortic valve implantation (TAVI) is a standard treatment for patients with severe aortic stenosis. However, predicting long-term survival outcomes remains challenging, as traditional risk scores such as EuroSCORE II and STS-PROM exhibit poor calibration for TAVI cohorts. METHODS: In this work, we developed an end-to-end deep learning pipeline to predict overall survival of TAVI patients directly from pre-procedural whole-body CT scans. The pipeline uses a 3D DenseNet121 architecture within the AUCMEDI framework, trained as a regression model to predict survival in days, using 5-fold cross-validation on 317 TAVI patients. RESULTS: The model achieved an AUC of 0.787, a specificity of 72.1%, and a sensitivity of 85.3% for identifying short-term survival patients (<12 months) in a binary evaluation, comparable to state-of-the-art multimodal ML models requiring extensive clinical data. CONCLUSION: End-to-end deep learning on routinely acquired CT scans can effectively identify high-risk TAVI patients, offering potential as a clinical decision support tool for pre-operative assessment without manual feature engineering."
OpenAlex,mitral regurgitation,When to consider mitral valve surgery in dogs: a comparative review of open mitral valve repair and transcatheter edge-to-edge repair with a proposed selection framework,Sumade Kongchatree; Jatuporn Rattanasrisomporn,10.3389/fvets.2026.1900762,2026-09-17,Frontiers in Veterinary Science,"Myxomatous mitral valve disease (MMVD) is the most common acquired cardiac disease in dogs, and progression to congestive heart failure (CHF) and cardiac death remains common despite optimal medical management. Two surgical interventions are now clinically available for dogs with advanced MMVD: open mitral valve repair (OMVR) under cardiopulmonary bypass and transcatheter edge-to-edge repair (TEER) using the canine V-Clamp device. This narrative review synthesizes the contemporary literature on both techniques and proposes a framework to guide patient selection. OMVR has more than a decade of clinical experience and a published outcome base of more than 1,000 dogs, with surgical survival rates exceeding 99% across all clinical stages and long-term mortality risk modulated by age, body weight, breed, and pulmonary vascular status. V-Clamp TEER has emerged since 2020 with multiple published clinical cohorts demonstrating high acute procedural feasibility (96–97% in the largest series) and, most recently, sustained one-year hemodynamic and remodeling improvements with two-year all-cause survival of 67% at the leading reporting center; outcomes vary across centers, reflecting the interacting influence of patient selection, anatomic eligibility, and operator learning curve. Because the two techniques differ in evidence maturity and in the outcome metrics reported, direct numerical comparison between them requires caution. OMVR achieves more complete mitral regurgitation (MR) reduction, while V-Clamp produces a less invasive double-orifice repair with intermediate hemodynamic effect that may partially regress in the presence of significant residual MR. A proposed selection framework integrates ACVIM stage, mitral valve anatomy, body size, comorbidity burden, and center experience to guide decisions among OMVR, V-Clamp, and continued medical management. Honest owner counseling that includes center-specific experience and the limits of each option remains a clinical priority as the field evolves."
OpenAlex,mitral regurgitation,Compound steep-pulse irreversible electroporation for prostate ablation in Beagle dogs: parameter evaluation and short-term safety,Zhijin Chen; Linli Zhao; Zhenhua Zhang; Zhongbao Luo,10.3389/fruro.2026.1721078,2026-09-17,Frontiers in Urology,"Introduction This study aimed to evaluate the ablation performance and short-term safety of compound steep-pulse irreversible electroporation (CSP-IRE) and to refine treatment parameters for prostate ablation in a canine model. Methods Twenty healthy male Beagles were included in a sequential, stepwise parameter-optimization experiment. Single-pulse and compound-pulse protocols were compared, followed by evaluation of electric-field parameters, interelectrode spacing, and electrode insertion depth. Ablation area was assessed histopathologically, while procedure-related muscle contraction and perioperative clinical and laboratory findings were evaluated. Results The compound-pulse protocol produced a larger ablation area than the 5-μs and 50-μs single-pulse protocols (307.27 vs 39.30 and 64.44 mm 2 , respectively). Mean ablation areas in the low-, medium-, and high-parameter groups were 39.74 ± 43.45, 175.46 ± 94.08, and 228.49 ± 41.26 mm 2 , respectively. The medium- and high-parameter groups produced significantly larger ablation areas than the low-parameter group (P < 0.05), with no significant difference between the medium- and high-parameter groups. However, the high-parameter group induced greater muscle contraction than the medium-parameter group (P < 0.05). Mean ablation areas at interelectrode spacings of 10, 14, and 18 mm were 83.93 ± 25.31, 226.25 ± 108.25, and 216.20 ± 64.17 mm 2 , respectively. Increasing the insertion depth from 10 to 20 mm resulted in only a modest increase in ablation area (83.93 ± 25.31 vs 90.10 ± 32.92 mm 2 ). No serious adverse events were observed during the 7-day follow-up, and no clinically relevant changes were detected in erythrocyte, hemoglobin, or platelet measures, although transient leukocytosis occurred. Discussion The compound-pulse protocol demonstrated greater ablation efficacy than the single-pulse protocols. The medium-parameter protocol provided a favorable balance between ablation area and procedure-related muscle contraction. These findings support the short-term feasibility of CSP-IRE and provide a basis for further parameter refinement and validation."
OpenAlex,mitral regurgitation,Diagnostic performance of computed tomographic angiography-based planimetry for the assessment of mitral stenosis,Philipp Steinhoff; Ramona Schmitt; Derek Hazard; Manuel Hein; Johannes Brado; Hannah Momm; Dirk Westermann; Franz-Josef Neumann; Philipp Breitbart; Philipp Ruile,10.1007/s10554-026-03803-9,2026-09-17,The International Journal of Cardiovascular Imaging,"PURPOSE: Mitral stenosis (MS) remains diagnostically challenging, particularly in degenerative disease, where echocardiographic parameters are often unreliable. Computed tomography (CT) planimetry has been validated for other valvular diseases, but is not established for MS. This study evaluated the feasibility and diagnostic performance of CT planimetry in patients with MS compared with echocardiographic parameters. METHODS: We retrospectively analyzed 85 patients (mean age 79 ± 7.8 years, 63.5% female), who underwent ECG-gated cardiac CT within 90 days of a transthoracic echocardiography with a mean mitral transvalvular pressure gradient (MPG) ≥ 5 mmHg between 2019 and 2024. Patients with severe mitral regurgitation, mechanical valves, valve-in-valve procedures, prior edge-to-edge repair, or inadequate image quality were excluded. RESULTS: CT planimetry of mitral valve area (MVA) was feasible and showed high interobserver agreement (intraclass correlation coefficient 0.983, 95% CI 0.960;0.993). CT-derived MVA correlated inversely with MPG (rho - 0.60, 95% CI -0.73;-0.42) and moderately with echocardiographic planimetry (rho 0.58, 95% CI 0.29;0.78), particularly in degenerative and native valve subgroups. Correlations with pressure half-time (PHT)-derived MVA were weak and inconsistent (rho 0.32, 95% CI -0.01;0.60). CONCLUSION: Computed tomography planimetry showed significant correlations with MPG and echocardiographic planimetry, but not with the indirect estimation of MVA by PHT. It proved to be a feasible and highly reproducible tool for assessing MVA in MS and therefore may serve as a complementary method in cases with inconclusive or technically limited echocardiographic findings."
OpenAlex,mitral regurgitation,Regional left ventricular strain recovery after percutaneous mitral balloon valvuloplasty: determinants and prognostic implications,Luz Marina Tacuri Chavez; Paulo Henrique M. Melo; Pedro Antunes Pousa; Fernanda de Azevedo Figueiredo; ANNA LUIZA FONTES MENDES; Lucas Dos Santos Melo; Hortência Maria Ribeiro de Carvalho; Juliana R. Soares; Marildes Luíza de Castro; Marcia Melo Barbosa; William A. de Magalhães Esteves; Robert A. Levine; Maria Carmo Pereira Nunes,10.1007/s10554-026-03821-7,2026-09-17,The International Journal of Cardiovascular Imaging,"In severe rheumatic mitral stenosis (MS), left ventricular (LV) systolic function is often considered preserved based on ejection fraction. However, longitudinal myocardial mechanics may be impaired and may improve after relief of inflow obstruction. The regional pattern of strain recovery following percutaneous mitral balloon valvuloplasty (PMBV), and its prognostic implications remain uncertain. To characterize global and regional LV strain response following PMBV, identify determinants of limited strain recovery, and evaluate its association with long-term outcomes. In 190 patients with severe symptomatic MS undergoing PMBV, LVGLS was measured by speckle-tracking echocardiography before and within 48 h after intervention. Absence of meaningful recovery was defined as ≤ 15% relative GLS improvement. The secondary endpoint was cardiovascular death or subsequent mitral valve replacement. PMBV significantly increased mitral valve area and reduced transmitral gradients, with concomitant improvement in GLS despite unchanged ejection fraction. Strain recovery demonstrated a distinct basal-to-apical gradient, with the greatest improvement in basal segments. In 29% of patients, absent GLS improvement was observed. Limited recovery was independently associated with larger baseline valve area, reduced leaflet displacement, lower pre-procedural left atrial pressure, and higher post-procedural pulmonary artery pressure. Over 48 months of follow-up, adverse outcomes were independently predicted by age, advanced NYHA class, smaller post-procedural valve area, higher residual gradient, and greater mitral regurgitation severity. Absence of GLS improvement was not associated with long-term events. In severe rheumatic MS, PMBV leads to an immediate improvement in LV longitudinal mechanics, characterized by a distinct basal predominance of recovery. This response appears largely load-mediated and does not independently translate into improved prognosis, which is primarily determined by procedural success and the degree of residual valve obstruction."
OpenAlex,mitral regurgitation,Left atrial contraction strain as a predictor of device-detected atrial fibrillation in patients with heart failure with reduced ejection fraction,Martyna Dąbrowska; Magdalena Potapowicz-Krysztofiak; Marek Kiliszek; Małgorzata Maciorowska; Aleksandra Winkler; Magdalena Smalc-Stasiak; Paweł Krzesiński; Beata Uziębło-Życzkowska,10.1038/s41598-026-69649-2,2026-09-17,Scientific Reports,"Abstract Atrial fibrillation (AF) is the most common atrial arrhythmia in patients with heart failure (HF) and is associated with left atrial (LA) remodeling. Left atrial strain parameters are sensitive and specific markers of early LA dysfunction. We aimed to identify predictors of new-onset atrial fibrillation (NOAF) in patients with heart failure with reduced ejection fraction (HFrEF) treated with implantable cardioverter-defibrillator (ICD) or cardiac resynchronization therapy (CRT). Our study population comprised 88 patients with HFrEF (left ventricular ejection fraction ≤ 40%) undergoing ICD or CRT implantation. All patients underwent transthoracic echocardiography and electrocardiography at baseline and after 12 months. NOAF episodes were identified through device interrogation. NOAF was detected in 15 patients (17%). NOAF group demonstrated lower left atrial reservoir (LASr) and contraction strain (LASct), reduced LA emptying fraction (LAEF), and increased LA stiffness index (LASI, all p < 0.001). In addition, NOAF patients had longer PQ intervals ( p = 0.03) and higher NT-proBNP concentrations ( p = 0.004). In univariable logistic regression analysis, lower LASr (OR 0.802), LASct (OR 0.768), and higher LASI (OR 2.218) were significantly associated with NOAF (all p < 0.001). LASct showed the highest discriminative performance for NOAF prediction (AUC 0.829), exceeding LASr (AUC 0.789) and other echocardiographic parameters. LASr, LASct, LAEF and LASI were strongly interrelated (|rho| 0.75–0.90), and LASct stayed associated with NOAF after adjustment for LV global longitudinal strain, LVEF and E/e′. In this exploratory dataset, impaired LA mechanics were associated with device-detected AF, and LASct showed the best discrimination of the parameters tested. The small number of events, the strong intercorrelation between LA functional indices and the lack of external validation prevent firm conclusions about independent or incremental prognostic value."
OpenAlex,mitral regurgitation,"Introducing Allopurinol to the Medical Treatment of Marfan Syndrome: Advantages, Limitations, and Potential Extension to other Aortopathies",Gustavo Egea; Rodrigo Barbosa de Souza; Gisela Teixido-Tura; Aleksandra Mas‐Stachurska; Arturo Evangelista; Bart Loeys,10.1007/s10557-026-07954-8,2026-09-17,Cardiovascular Drugs and Therapy,"Marfan syndrome (MFS), a multisystemic connective tissue disorder, shows intra- and interfamilial aortopathy variability. More than 3,000 mutations have been reported in the FBN1 gene, which encodes fibrillin-1, a component of microfibrils and elastic fibres. Aortic dilatation mainly affects the aortic root and the ascending aorta. However, dissection of the aortic wall can occur either before or after the aortic arch (type A and type B dissections, respectively). There is no doubt that progress in aortic surgery has significantly improved patients' life expectancy, but conversely, current medical treatment based on beta-blockers (BBs) and angiotensin receptor blockers (ARBs) only slightly slows aortic growth. Aortopathy is the result of multiple defects in cellular and subcellular processes that affect aortic wall cells and extracellular matrix homeostasis and organisation. Pathomechanisms include dysregulated cell signalling, altered mechanotransduction, and oxidative stress. Therefore, it is reasonable to consider a multi-target strategy for medical treatment. Here, we suggest the concurrent administration of allopurinol with current medical treatment. Allopurinol's mode of action is based on its strong antioxidant effects, demonstrated in preclinical assays in different MFS mouse models. Allopurinol is a widely used compound in medical practice for gout, and has been proven safe, economical and effective in other cardiovascular diseases. The recent approval of allopurinol as an orphan drug for the treatment of MFS by the European Medicines Agency (EMA) adds further value to its potential inclusion in standard medical therapy in the near future."
OpenAlex,mitral regurgitation,Deep Learning-Based Assessment of Mitral Regurgitation: Leveraging Multivariate Interdependencies in Echocardiographic Sequences,Adrian Bubuianu; Rareș Ancuța; Patricia Boroș; Teodora Avram; Dan BLENDEA; Laura Dioșan,10.1007/978-3-032-37933-7_32,2026-09-17,Communications in computer and information science,
OpenAlex,mitral regurgitation,Laparoscopic treatment of a transmesocolic internal hernia causing small bowel obstruction: A case report,Monika Joshi; Saurav Jha; Smriti Jha; Nitish Jhawar,10.12998/wjcc.126834,2026-09-16,World Journal of Clinical Cases,"BACKGROUND Internal hernia is an uncommon cause of mechanical small bowel obstruction, accounting for 0.5%-5.8% of cases. Reported mortality is > 50% when strangulation occurs and treatment is delayed. The diagnosis is easily overlooked because the clinical presentation is indistinguishable from other mechanical causes of obstruction and preoperative imaging findings are often nonspecific. This paper reports a transmesocolic internal hernia through a defect in the transverse mesocolon, diagnosed and definitively managed laparoscopically. CASE SUMMARY A 62-year-old woman presented with 4 days of colicky abdominal pain and repeated vomiting, with obstipation for the preceding 2 days. She had been managed at another hospital for approximately 48 hours with nasogastric decompression, yielding a feculent aspirate. On admission, she was hemodynamically stable, with a soft abdomen and absent bowel sounds. Contrast-enhanced computed tomography showed dilated jejunal loops with an abrupt transition point in a distal jejunal loop, a collapsed distal ileum and colon, and mild free fluid. Bowel wall thickening, abnormal enhancement, or pneumoperitoneum was absent, and internal herniation was not observed. Emergency diagnostic laparoscopy that night demonstrated jejunal loops herniating through a transverse mesocolic defect. The loops were reduced with atraumatic graspers, confirmed viable, and the defect was closed with interrupted 2-0 braided silk sutures. Recovery was uneventful, and she was discharged on the fourth postoperative day. She remained asymptomatic at 2 months, with no recurrence of obstruction and no port-site hernia. CONCLUSION Internal herniation should be considered early when mechanical obstruction persists despite decompression and no cause is evident on imaging; laparoscopy provides both diagnosis and definitive repair."
OpenAlex,mitral regurgitation,Integration of multiple perspectives to understand the left ventricular pressure–volume relationship,Giovanni Tonti; Gianni Pedrizzetti; Alessandro Salustri,10.1038/s43856-026-01901-2,2026-09-16,Communications Medicine,"For more than a century, the pressure-volume loop has offered a simple and elegant way to show how the heart pumps blood. In one picture, it summarizes how the heart fills, contracts, and ejects blood. However, this simplicity has a limitation: the loop treats the heart as if it were a single, uniform chamber. Therefore, it cannot reveal many important biological and mechanical processes that influence how the heart truly works. This helps explain why some patients develop symptoms or early signs of heart problems even when their pressure-volume measurements look completely normal. In this Perspective, we describe the pressure-volume relationship not as a stand-alone measure but as an emergent phenotype - the visible ""end result"" of many processes happening at different levels. Beneath the loop are the molecular and cellular mechanisms that control how heart muscle contracts and relaxes. Beyond the loop are differences in how various regions of the heart function, the organised patterns of blood flow inside the ventricle, and the continuous interaction between the heart and the rest of the circulatory system. We discuss how advanced imaging, flow visualization techniques, and computational modelling can add depth to pressure-volume analysis, revealing mechanisms that global, chamber-level measurements cannot show. Seen this way, the familiar loop becomes a window into an individual patient's underlying biology, helping clinicians diagnose problems earlier and more accurately. This approach may help reveal the true mechanisms behind seemingly normal pressure-volume loops and support more precise, targeted treatments."
OpenAlex,mitral regurgitation,"Editorial: Outstanding advances in veterinary diagnostic ultrasonography: novel milestones in disease detection, prediction, and treatment, volume II",Hussein M. El‐Husseiny; Khan Sharun; Ryou Tanaka,10.3389/fvets.2026.1977271,2026-09-16,Frontiers in Veterinary Science,"Currently, ultrasonography (US) is widely used in a broad range of animals as an efficient diagnostic tool in veterinary practice. It exhibited superiority to radiography in visualizing the internal organs clearly and detecting diverse affections. This enabled precise assessment of the anatomy and function of various body organs under health and illness conditions. Furthermore, US could be used efficiently to provide qualitative evaluation and quantitative scoring of the healing following surgeries. In addition, color Doppler US has been utilized to assess the function of different organs through evaluation of their vascular hemodynamics. Engagement of novel technologies in US presented a novel milestone that extended its uses to early detection and even prediction of many diseases especially cardiac ones. That consequently aids to design and assess prompt therapeutic protocols and minimize the possible deaths.The present research topic aimed to highlight the existing progress of the diagnostic US with emphasis on its wide and promising applications in veterinary practice. It joined the most substantial and recent research conducted on diverse large and small animal models as well as implementation of artificial intelligence in advancement of diagnostic imaging. The present research topic comprised 6 published articles focusing these aimed strategies. Park J. et al.foot_0 evaluated the utility of US in the assessment of adrenal glands in 38 clinically normal Korean raccoon dogs (Nyctereutes procyonoides koreensis). They aimed to establish species-specific reference values for the adrenal gland measures in these dogs, which are important for veterinary practice and wildlife medicine. A retrospective analysis of sagittal US included adrenal length, height of the cranial pole, and height of the caudal pole of both left and right glands was performed. Moreover, the morphology and corticomedullary distinction were visually evaluated. Ultrasonogrphy enabled clear visualization of the adrenal glands without sedation. In conclusion, this study presented the first ultrasonographic reference values for the adrenal glands in clinically health Korean raccoon dogs. The morphology and adrenal size were consistent across sex and body weight, supporting the use of a single reference range for adults. These findings will improve the diagnostic precision of US in veterinary imaging and support species-specific evaluation in wildlife medicine.Martinez R. et al. 2 studied the feasibility of deep learning AI models to assist in the diagnosis of life-threatening conditions -specifically effusions (fluid accumulation) and pneumothorax (PTX, air in the chest cavity)-in dogs using point-of-care ultrasound (POCUS). They aimed to improve the diagnostic accuracy, particularly in settings where expert operators are unavailable, such as military or remote environments. A total of 25 dogs diagnosed with PTX were enrolled in this investigation. Ultrasound clips were collected from diverse anatomical areas using standardized protocols. Then, the images were reviewed curated and labeled by experts. To develop the AI model, multiple convolutional neural network (CNN) architectures were trained using transfer learning from large pre-existing medical imaging datasets. The models were optimized and evaluated using a leave-one-subject-out crossvalidation approach to confirm generalizability. Moreover, to address dataset limitation, image augmentation and class balancing techniques were applied. Conclusively, AI-assisted ultrasound interpretation is feasible and presents potential promises for augmenting veterinary emergency triage, especially in military and remote applications. With further development, these AI models could help first responders and less experienced practitioners detect life-threatening conditions in dogs, improving early intervention and outcomes.Transducer (probe) selection is often operator-dependent, with limited evidence-based guideline in veterinary practice. Granger Jr K. L. et al.foot_2 provided an evidence-based review article on the optimized selection of the US transducers for the diagnosis of alveolarinterstitial syndrome (AIS), a common lung ultrasound (LUS) finding in small animals with various pulmonary diseases (e.g., pulmonary edema, pneumonia, contusions, acute respiratory distress syndrome (ARDS)). They discussed the present literature in human and animal medicine to investigate how the probe choice can affect the diagnosis and depiction of the AIS in dogs and cats. They found that all major transducer types can detect AIS in small animals, however the selection should be adjusted to the patient size, clinical objective, and the available machine. Microconvex probes are generally preferred for versatility, meanwhile the linear probes are best for detailed pleural imaging. Moreover, it was concluded that consistency in transducer use is crucial for monitoring disease progression. Standardization and further studies will enhance the accuracy of diagnosis and the patient outcomes in vetetrinary emergency and critical care.Injuries of intermediate patellar ligament (IPL) in horses present a high clinical significance and traditional US often yields nonspecific findings. Hence, Straticò P. et al.foot_3 investigated the use of two advanced US techniques; strain elastography (SE) and two-dimensional shear wave elastography (2D-SWE) to assess the IPL in horses. Longitudinal and transverse SE scans to measure the strain ratio (SR) between the IPL and the infrapatellar fat pad and the elasticity index of the IPL (EIIPL), in addition to 2D-SWE scans to measure the Young's modulus (kPa) and shear wave velocity (m/s) were used to assess the IPLs in sound and lame horses. Evaluation of the same region of interest (ROI) revealed that both techniques were feasible. They concluded that SE and 2D-SWE could efficiently study equine IPL and can be potentially employed together with the conventionally used techniques such as x-ray and US.Moreover, these tools could differentiate the elastic characters of equine IPLs under normal and chronic injury conditions. However, marked limitations of this study is still to be addressed in future investigations including the employment of Doppler US to further investigate the vascular structure of the ligaments on a larger number of studied animals.Conventional echocardiography was utilized to provide quantitative evaluation of the severity of mitral regurgitation (MR) in dogs with myxomatous mitral valve disease (MMVD), Kawai S. et al.foot_4 provided a retrospective study of 167 MMVD small-breed dogs categorized based on the staging system of the American College of Veterinary Internal Medicine (ACVIM). They found that quantitative indices such as regurgitant volume normalized to the body weight (RVol/kg) and regurgitant fraction (RF) were significantly correlated with conventional echocardiography measures of MMVD dogs. Moreover, They could provide valuable insights on the severity of MR, structural evaluation, and staging of the disease. Furthermore, mitral-aortic velocity-time integral (VTI) ratio was strongly associated with regurgitation measures and provided outstanding ability to diagnose and define the severity of MR. The authors concluded that conventional echocardiography combined with calculation of quantitative regurgitation indices provided a promising tool to evaluate MR, even though further investigations are still required to validate these outcomes.In an exciting case report, Tsuka T. et al. 6 used US in combination with computed tomography (CT) to study one of the rare vascular anomalies named Juvenile angiomatosis in the bovine practice for the first time. The four-days-old, male Japanese-Black calf was presented with different swollen lesions on the dorsal and ventral aspects of the thoracic skin of the left side. Examination using US showed presence of structures with homogeneous echogenicity in the subcutaneous space with poor vasculature confirmed with Doppler US. The findings were confirmed and counted and characterized using CT. Moreover, the structure of the masses was finely assessed with histopathology and immunohistochemistry using von Willebrand factor and alpha-smooth muscle actin. Despite, US and CT provided a preliminary diagnosis lacking detailed characterization of the masses. The combinatory diagnosis scheme including US, CT, Histopathology, and immunostaining could provide a detailed examination and definitive diagnosis of such rare cases.Combined, the articles in the present research topic provide a coherent and proactive perspective on US as a key element of veterinary diagnostic imaging. They show that US is a potent diagnostic tool for diverse affections in different body organs and systems of various animal species. The field is moving toward a more thorough and integrative diagnostic model by connecting imaging results to outcomes, utilizing cutting-edge technology, and modifying methods for underrepresented species. Moreover, integration of AI in the future investigations will open the doors to further outstanding advancements."
OpenAlex,mitral regurgitation,Sex-specific associations of urinary N-acetyl-β-D-glucosaminidase with arterial stiffness,Qiong Cheng; Yu‐Ting Huang; Wei Chen; Yen-Jen Chen; Wen-Cheng Li,10.3389/fmed.2026.1816283,2026-09-16,Frontiers in Medicine,"Introduction Urinary N-acetyl-β-D-glucosaminidase (uNAG), a sensitive biomarker of renal tubular injury, has been linked to vascular pathology through oxidative stress, inflammation, and endothelial dysfunction. However, sex-specific associations between uNAG and early vascular damage remain unclear. Methods This cross-sectional study included 2,621 adults undergoing routine health examinations. Arterial stiffness was assessed using brachial-ankle pulse wave velocity (baPWV), with increased arterial stiffness defined as a mean baPWV >1,700 cm/s. uNAG and baPWV were measured using standardized protocols. Sex-stratified logistic regression analyses were performed. Results In men, participants in the highest uNAG tertile had more than twofold higher adjusted odds of increased arterial stiffness after adjustment for age, mean arterial pressure, antihypertensive medication use, fasting glucose, triglycerides, and LDL–C (OR, 2.372; 95% CI, 1.603–3.510; P = 1.55 × 10 −5 ). In women, the highest tertile was not significantly associated with increased arterial stiffness (OR, 0.842; 95% CI, 0.528–1.342; P = 0.470). Women in the intermediate tertile had lower adjusted odds (OR, 0.570; 95% CI, 0.343–0.947; P = 0.030), although this finding warrants caution because female uNAG values substantially clustered at 5.00 IU/L. The sex–by–uNAG tertile interaction was significant (P for interaction = 0.003). Discussion Elevated uNAG was more strongly associated with increased arterial stiffness in men than in women, suggesting sex-related effect modification. Because of the cross-sectional design, these findings indicate associations rather than causal relationships."
OpenAlex,mitral regurgitation,Who can benefit from percutaneous left atrial appendage closure? Recent advances,Pavel Osmancik; Marek Hozman,10.20452/pamw.17402,2026-09-16,Polskie Archiwum Medycyny Wewnętrznej,"Atrial fibrillation (AF) confers a substantial risk of stroke. Direct oral anticoagulants (DOACs) are highly effective for stroke prevention and form the cornerstone of AF management. Nevertheless, many eligible patients do not receive or do not maintain long-term anticoagulation because of bleeding risk, prior hemorrhage, or other contraindications. Percutaneous left atrial appendage closure (LAAC) has emerged as a non-pharmacological alternative. In 2026, two major randomized trials addressing the role of LAAC as an alternative to anticoagulation were published: CHAMPION-AF and CLOSURE-AF. CHAMPION-AF randomized 3000 lower-risk AF patients to LAAC (Watchman FLX) or DOAC. LAAC met noninferiority for the composite efficacy endpoint of cardiovascular death, stroke, and systemic embolism (5.7% vs 4.8% at 3 years; hazard ratio [HR] 1.20, 95% CI 0.87-1.66) and demonstrated superiority for non-procedure-related bleeding (10.9% vs 19.0%; HR 0.55). Ischemic stroke alone, however, was numerically more frequent with LAAC (HR 1.61), an unexpected finding not observed in prior LAAC trials. CLOSURE-AF enrolled a substantially higher-risk population with a more adverse bleeding profile. LAAC failed to demonstrate noninferiority to best medical therapy for the composite primary endpoint consisting of cardiovascular death, stroke, systemic embolism, and major bleeding (16.8 vs 13.3 events per 100 patient-years), driven by higher mortality and more bleeding events in the device group. This review critically appraises the design, outcomes, and clinical implications of both trials in the context of previous trials, discusses methodological issues including noninferiority margin selection and bleeding-endpoint definitions, and outlines implications for patient selection for LAAC."
OpenAlex,mitral regurgitation,Metabolic obesity phenotypes and degenerative valvular heart disease: A cohort study,Zhixin Yan; Shuang Bing; Yiding Gong; Xiaoqiu Shi; Yu Shen; Shi Zhou; Shuang Yang; Yiying Zhang; Shanjie Wang,10.1093/eurjpc/zwag492,2026-09-16,European Journal of Preventive Cardiology,"AIMS: We evaluated the association between metabolic obesity phenotypes and degenerative valvular heart disease (VHD) risk, and elucidate underlying molecular pathways via large-scale proteomics. METHODS: We categorized 487,443 UK Biobank participants into four phenotypes based on Body Mass Index (BMI) and metabolic syndrome criteria: metabolically healthy normal weight (MHNO), metabolically healthy obese (MHO), metabolically unhealthy normal weight (MUNO), and metabolically unhealthy obese (MUO). Multivariable-adjusted Cox models assessed the risk of VHD and its subtypes. We further integrated polygenic risk scores (PRS) and plasma proteomic profiling to explore gene-environment interactions and biological mechanisms. RESULTS: Over a median 13.3-year follow-up, 12,793 participants (2.6%) developed degenerative VHD. Compared with MHNO, higher VHD risk was noted in MHO (HR 1.12, 95%CI 1.07-1.17) and MUO (HR 1.30, 95%CI 1.24-1.37) groups, but not MUNO (HR 1.05, 95%CI 0.92-1.19). Associations were most pronounced for aortic stenosis (AS) (MHO: HR 1.42, 95%CI 1.31-1.54; MUO: HR 1.67, 95%CI 1.32-2.11), modest for aortic regurgitation (AR) and insignificant for mitral regurgitation (MR). Individuals with MUO and high genetic risk exhibited the highest AS risk (HR 2.91, 95%CI 2.51-3.36), although no significant interaction was found (P-interaction=0.938). MUO exhibited the most distinct proteomic signatures, characterized by extensive overlap with AS-related proteins and enrichment in immune-inflammation, extracellular matrix remodeling, and MAPK signaling pathways. CONCLUSION: Obesity is persistently associated with increased aortic valve pathology risk, indicating that MHO is not entirely benign. Concomitant metabolic dysfunction further compounds this risk, highlighting the need to integrate weight management with metabolic health optimization for VHD prevention."
OpenAlex,mitral regurgitation,Achieving Reliable Peripheral Nerve Blockade in Cardiogenic Shock With Distorted Femoral Anatomy: A Case Report,Mohammed Ibrahim Ali Hakami; Ayman H.M. Mustafa,10.7759/cureus.116372,2026-09-16,Cureus,"Patients with cardiogenic shock and severe structural heart disease may poorly tolerate both general and neuraxial anesthesia.In selected cases, peripheral nerve blockade may reduce hemodynamic disturbance, but the block must be reliable when pain, sympathetic stimulation, or emergency conversion to general anesthesia could be poorly tolerated.We report a 62-year-old woman with cardiogenic shock, low-flow, low-gradient severe aortic stenosis, advanced dilated cardiomyopathy, pulmonary edema, orthopnea, and active femoral bleeding who required urgent femoral artery and vein repair.General anesthesia and neuraxial anesthesia were considered hazardous.Hematoma and anasarca distorted the femoral anatomy and prevented direct femoral nerve visualization.Combined ultrasound guidance and nerve stimulation were used to support safe needle advancement and functional nerve localization.Surgery proceeded with minimal sedation and without escalation of vasoactive support.This case highlights the role of reliability-focused peripheral nerve blockade when conventional anesthetic options are high risk and regional anatomy is distorted."
OpenAlex,mitral regurgitation,PEDIATRIC PATIENTS WITH ELEVATED HIGH-SENSITIVITY TROPONIN T IN THE EMERGENCY DEPARTMENT: A 3-YEAR RETROSPECTIVE COHORT STUDY,Gökmen Akgün; Dilek Borakay,10.53446/actamednicomedia.1953594,2026-09-16,Acta Medica Nicomedia,"Objective: To evaluate the diagnostic contribution of high sensitivity cardiac troponin T (hs cTnT) and identify predictors for hospitalization in children presenting to the pediatric emergency department (ED) with symptoms suggestive of cardiac disease and elevated hs cTnT. Methods: Retrospective cohort study of 305 patients aged 4–18 years with hs cTnT > 99th. percentile (14 ng/L) presenting to a pediatric ED (April 2023 – November 2025). Demographic, clinical, electrocardiographic, echocardiographic, and laboratory data were analyzed. Multivariate logistic regression identified independent predictors of inpatient status. Results: Mean age was 11.9 ± 4 years (72% male). Chief complaints: chest pain (75.7%), shortness of breath (12.1%), palpitations (6.5%). Overall, 84/305 (27.5%) were hospitalized (8 in intensive care). Inpatients had significantly lower ejection fraction (63.4±9.1% vs. 68.6±2.4%, p<0.001) and higher hs cTnT (674.7±901.5 vs. 46.5±78.4 ng/L, p<0.001), CK MB, AST, ALT, LDH, and CRP. Independent inpatient predictors: hs cTnT (OR = 1.012, p<0.001), AST (OR = 1.034, p=0.002), ALT (OR = 1.027, p=0.003), CRP (OR = 1.009, p=0.014). ECG abnormalities (ST elevation, low QRS voltage) and echocardiographic findings (EF <54%, pericardial effusion, aortic/mitral regurgitations) were almost exclusively seen in inpatients. Outpatients (72.5%) had normal ECG (98%) and echocardiogram (97%) with only mild troponin elevations and no adverse events during follow up (mean 15 months). Conclusion: Most pediatric patients who presented with symptoms suggestive of cardiac disease with mildly elevated hs cTnT, normal ECG, and preserved EF can be safely managed as outpatients. In patients suspected of having a diagnosis of myopericarditis or perimyocarditis, elevated hs cTnT >100 ng/L, abnormal ECG, raised inflammatory markers and hepatic transaminase (AST/ALT), reduced EF, predict need for hospitalization."
OpenAlex,mitral regurgitation,"Hypertrophic Cardiomyopathy: Family screening, sudden cardiac death risk stratification, and management",Flávio Rui Bezerra de Souza Júnior; Ana Luísa Magnabosco Brandalise; Gustavo Antony da Silva Magalhães,10.70164/ihsr.v2i5.229,2026-09-16,International Health Sciences Review,"Hypertrophic cardiomyopathy (HCM) is characterized by marked clinical and genetic heterogeneity, which makes early identification of affected relatives and prevention of sudden cardiac death (SCD) central components of care. This narrative review examines how family screening, SCD risk stratification, and contemporary management can be integrated across the disease course. A literature search was conducted in 2026 using PubMed, including MEDLINE-indexed records, together with the official publication platforms of major cardiology guidelines. Contemporary guidelines, validated risk models, family-screening cohorts, cardiovascular magnetic resonance studies, and pivotal therapeutic trials were prioritized. The evidence supports cascade genetic testing when a pathogenic or likely pathogenic familial variant is identified, while electrocardiographic and echocardiographic surveillance remains necessary for relatives whose genetic status does not exclude risk. SCD prevention requires repeated assessment rather than a one-time score, combining clinical risk markers, age-appropriate risk models, ambulatory rhythm monitoring, ventricular function, apical aneurysm, and myocardial fibrosis on cardiovascular magnetic resonance. Implantable cardioverter-defibrillator decisions should be individualized because arrhythmic benefit must be weighed against lifelong device complications. Management is phenotype-directed, with conventional negative inotropes, cardiac myosin inhibition, and septal reduction therapy forming a stepwise strategy for obstructive disease. Longitudinal reassessment links these domains and is essential as phenotype, risk, and treatment options evolve."
OpenAlex,mitral regurgitation,Cardioplegia strategies in ALCAPA surgery: A narrative review on practical comparison of techniques,Youssef El Dsouki; Gopikrishnan Thalapathy; Ignazio Condello,10.1051/ject/2026013/pdf,2026-09-15,Springer Link (Chiba Institute of Technology),"Anomalous left coronary artery from the pulmonary artery (ALCAPA) is a rare yet life-threatening congenital cardiac anomaly in which the left coronary artery originates from the pulmonary trunk, leading to severe myocardial ischemia, infarction, and progressive heart failure if untreated. Definitive management requires surgical reimplantation of the anomalous artery into the aorta, supported by meticulously tailored cardioplegia to protect the vulnerable pediatric myocardium, whose perfusion is further complicated by right-to-left coronary collaterals. This manuscript reports the findings of a targeted narrative review of operative videos, technical tutorials, and institutional protocols, synthesising practical knowledge on myocardial protection strategies for ALCAPA repair. Three techniques emerged as the most widely adopted and technically distinct: (1) simultaneous aortic and pulmonary-root administration of cold Custodiol®, providing prolonged single-dose crystalloid protection; (2) antegrade cold-blood cardioplegia supplemented by direct left-coronary ostial perfusion after main pulmonary artery transection, allowing staged protection during extended cross-clamp times; and (3) a classical normothermic blood protocol with repeated root doses and routine half-dose ostial delivery, offering dynamic electrolyte control and familiarity to most congenital teams. For each strategy, we summarise precise indications, operative setup, perfusion pressures, dosing schedules, and practical tips for managing collateral-driven early electrical activity. By distilling evidence and expert practice into a concise technical comparison, this narrative review provides congenital cardiac surgeons with an up-to-date, step-by-step reference for safe, effective myocardial protection in ALCAPA repair."
OpenAlex,mitral regurgitation,Echo-Cardio Graphical Evaluation of Morphology of Bicuspid Aortic Valve and Associated Cardiac Malformations in Pediatric Patients,Poonam Daila; Nitesh Melana; Vikash Payal; Sandeep Choudhary; Jai Prakash Soni,10.32553/ijmbs.v10i8.3389,2026-09-15,International Journal of Medical and Biomedical Studies,"Introduction: Bicuspid aortic valve (BAV) occurs both as an isolated cardiac lesion and in association with congenital heart defects (CHD). Their aim was to identify the incidence and morphology of BAV in patients with coexisting CHD and complications compare to patients with isolated BAV. Methodology: The echocardiography data base was retrospectively analyzed to identify pediatric and young adult patients (birth to 18 years) who were diagnosed with BAV from 2017 to 2019. The morphology of BAV was determined from the echocardiographic studies before any intervention. Results: Overall, 102 patients with BAV were identi?ed, 48 (47.1%) with isolated BAV and 54 (52.9%) with BAV and coexisting CHD. The incidence of BAV was highest in patients with Ventricular septal defect (29.41%) and patent ductus aorta (22.54%). Most common type of BAV observed was type 1c (N-L; 33.3%) followed by type 1a (L-R; 30.4%). Difference in type of BAV among isolated BAV and BAV with CHD was found to be statistically significant. (p<0.01). In comparison to patients with isolated BAV, patients with BAV and left-sided heart lesions more frequently had noncoronary-left coronary cusp fusion (P=0.404). BAV in patients with right-sided heart lesions was rare, but they more frequently had noncoronary-left fusion (P<.001). Left sided heart lesions, right sided lesions and Shunt lesions VSD, PDA &ASD were frequently associated with type 1c BAV. Complications were also observed most common AS followed by AR. Conclusions: The BAV can occur as isolated form and also in association with congenital heart diseases most commonly with VSD and PDA. We found most frequently type1 BAV in which most common was type1c (N-L) followed by type1a(R-L). The incidence and morphology of cusp fusion in BAV varies with di?erent coexisting types of CHD. However, in childhood no signi?cant di?erence in valvular dysfunction, aortic dilation was noted in patients with BAV and coexisting CHD compared with patients with isolated BAV. Keywords: Bicuspid aortic valve, congenital heart defects"
OpenAlex,mitral regurgitation,Global under- and overprescribing of drugs—a scoping review,Lilly Bindel; Roland Seifert,10.1007/s00210-026-05910-9,2026-09-15,Naunyn-Schmiedeberg s Archives of Pharmacology,"Abstract Inappropriate prescribing of drugs is a persistent issue with serious consequences for both patients and healthcare systems. This scoping review summarizes and assesses literature about over- and underprescribing of prescription drugs across various conditions. It outlines different levels of prescribing and associated factors, presenting a model to distinguish influencing factors across healthcare systems. Following the Preferred Reporting Items for Systematic reviews and Meta-Analyses (PRISMA) guideline, a PubMed and EMBASE search was conducted using the terms “overuse AND underuse AND (drug OR medication)”. In cardiovascular treatment, a mixed situation is observed, with underprescription in high-risk patients and overprescription in low-risk groups. In pulmonary diseases such as asthma and chronic obstructive pulmonary disease, short-acting β 2 -agonists are overprescribed, while long-acting muscarinic antagonists are underprescribed. In infectious diseases, antibacterial drugs are overprescribed, whereas vaccines, antivirals, antituberculosis and antiparasitic drugs are underprescribed. Analgesic drugs in migraine prophylaxis and µ-opioid receptor agonists (so-called “opioids”) in chronic pain are underprescribed. Over- and underprescribing of drugs is common and influenced by individual and systemic factors. Distinguishing between these levels is important, as patterns of over- and undertreatment vary by condition and patient group. Structural factors are particularly relevant, as the healthcare system provides the framework for individualized and condition-specific treatment."
OpenAlex,valvular heart disease,Ocena funkcji nerek i czynników ryzyka uszkodzenia nerek u dzieci po przeszczepieniu komórek krwiotwórczych,Katarzyna Gąsowska,,2026-10-12,Homo Politicus (Academy of Humanities and Economics in Lodz),and risk factors of kidney damage in children after hematopoietic stem cell transplantation
OpenAlex,valvular heart disease,Frailty Measures for Adult Patients and Outcomes for Vestibular Schwannoma Surgeries: A Retrospective Cohort Study.,Eric Michael Cohen; Emma Dunn; Bryan Clampitt; Jacob Parker; Mohammad Hassan A Noureldine; Emily Coughlin; Rahul Mhaskar; Siviero Agazzi,10.1227/neuprac.0000000000000289,2026-10-01,PubMed,"BACKGROUND AND OBJECTIVES: To determine whether preoperative frailty [5-item/11-item modified frailty index (mFI-5/mFI-11)] independently predicts length of stay (LOS) and early facial nerve function after vestibular schwannoma (VS) resection when adjusting for tumor and operative factors at a single center with standardized postoperative care. METHODS: This was a single-center, institutional review board-approved, retrospective review of consecutive adults undergoing microsurgical VS resection from 2014 to 2025. Candidate predictors included mFI-5, mFI-11, age, temporal muscle thickness, tumor size, surgical approach, preoperative nonauditory cranial nerve deficits, immediate postoperative facial nerve function, and ventriculoperitoneal shunt requirement. Primary outcomes were LOS (days) and House-Brackmann (HB) grade at discharge, modeled with negative binomial and cumulative odds ordinal logistic regression, respectively (two-sided α = 0.05). RESULTS: = .017). Substituting individual comorbidities for frailty indices did not materially alter findings. CONCLUSION: In VS microsurgery, tumor size rather than frailty was the dominant correlate of early postoperative outcomes after adjustment. Because frailer patients are often selected out before elective surgery, the null adjusted association does not prove frailty is clinically irrelevant but reflects its limited incremental value among already-fit patients. Counseling should prioritize tumor characteristics and surgical approach. These hypothesis-generating findings warrant prospective multicenter confirmation."
OpenAlex,valvular heart disease,Role of Cardiovascular Magnetic Resonance in Dilated Cardiomyopathy,Robert S. Zhang; Pablo Villar Calle; JIWON KIM; Jonathan W. Weinsaft,10.1016/b978-0-443-12497-6.00026-9,2026-09-18,Elsevier eBooks,
OpenAlex,valvular heart disease,Hidden crystals in the heart: A rare case of tophaceous aortic valve gout,Georgi Stoitsev; St. Petrov; B. Penev; Vassil Gegouskov,10.3897/bgcardio.32.e200736,2026-09-18,Bulgarian Cardiology,"We present the case of a patient with combined valvular heart disease and a history of gout. Following surgical replacement of the aortic and mitral valves, histopathological examination revealed extensive deposition of monosodium urate (MSU) crystals within the aortic valve leaﬂets. The lesion exhibited a central crystalline core, surrounded by a corona zone and ﬁbrous vascular tissue. The nature of the urate crystals was conﬁrmed using the classical, but rarely applied today - De Galantha’s staining technique. This method allows precise visualization of crystal deposits under light microscopy at various magniﬁcations. No speciﬁc pathological ﬁndings were identiﬁed in the examined specimens from the mitral valve or in the thrombotic mass excised from the left atrium. Based on the histopathological ﬁndings, a deﬁnitive diagnosis of tophaceous involvement of the aortic valve was established."
OpenAlex,valvular heart disease,Cardiac Remodeling and Implications of Valvular Heart Disease,Maan Malahfji; K. Carlos El-Tallawi; Dipan J. Shah,10.1016/b978-0-443-12497-6.00036-1,2026-09-18,Elsevier eBooks,
OpenAlex,valvular heart disease,Contemporary anticoagulation management across the spectrum of kidney disease: a narrative review and expert Recommendations by Kasralainy Nephrology Group (KANG),Amin Roshdy Soliman; S. Khashab; Ahmed Fayed; Tarek Samy Abdelaziz; Mohamed Momtaz; Bahaa Zayed; Ahmed Aly; Hoda Abdelhamid Maamoun,10.1186/s43162-026-00733-9,2026-09-17,The Egyptian Journal of Internal Medicine,"Abstract Background Chronic kidney disease (CKD) presents a significant clinical challenge for anticoagulation therapy due to the coexistence of elevated thromboembolic risk and increased bleeding tendency. Management is further complicated by altered pharmacokinetics, limited high-quality evidence in advanced CKD, and the systematic exclusion of patients with severely reduced kidney function from major trials. Purpose This narrative review synthesizes existing evidence and provides practical, expert-panel–assessed recommendations regarding anticoagulation therapy across the full spectrum of CKD. Findings Evidence quality varies substantially across CKD stages. Warfarin has traditionally been used in advanced CKD and kidney failure on dialysis because of hepatic metabolism, although its role remains controversial given conflicting observational data on efficacy and substantial safety concerns (low certainty, expert assessment). Direct oral anticoagulants (DOACs), particularly apixaban, may be considered in CKD stages 3–4 after appropriate dose adjustment based on Cockcroft–Gault creatinine clearance (CrCl) rather than eGFR alone (moderate certainty, conditional recommendation). Specific management strategies are required for major versus non-major bleeding, with different reversal-agent approaches. Conclusion Anticoagulation in CKD requires individualized, shared decision-making that balances thrombotic and bleeding risks while acknowledging substantial uncertainty, especially in advanced CKD and dialysis populations. No single strategy, including withholding anticoagulation, can be regarded as generally preferred. This review provides practical, stage- and CrCl-specific guidance and explicitly identifies priority areas for future research."
OpenAlex,valvular heart disease,Mechanistic Basis for 5-HT2AR Over 5-HT2BR Activation,Lingjie Tang; Xin Ji; Yumeng Wang; Dongmei Cao; Huiqiong Li; Licong He; Jianjun Cheng; Sheng Wang,10.1038/s41467-026-77659-x,2026-09-17,Nature Communications,"Selective 5-HT2AR agonism without 5-HT2BR activation is critical for safe psychedelic-inspired therapeutics. Here, we systematically probe the ligand-binding pockets of 5-HT2AR and 5-HT2BR and identify steric and conformational constraints at the side-extended pocket (SEP) and extended binding pocket (EBP) that dictate ligand orientation and receptor signaling. Guided by these insights, we design derivatives across tryptamine and phenethylamine scaffolds that integrate SEP and EBP engagement with scaffold modification to reinforce 5-HT2AR activation while limiting 5-HT2BR activity. Cryo-EM structures of 5-HT2AR and 5-HT2BR bound to IHCH-2330, a selective 5-HT2AR agonist and 5-HT2BR antagonist, confirm the design principle. These findings show differential activation mechanisms between 5-HT2AR and 5-HT2BR and provide a rational framework for engineering safer, functionally selective serotonergic compounds, mitigating 5-HT2BR–mediated side effects while preserving therapeutic efficacy. This study explores structural principles of receptor selectivity and establishes a strategy for designing selective 5-HT2AR agonists while reducing 5-HT2BR-associated valvulopathy risk."
OpenAlex,valvular heart disease,HbA1c-to-HDL-C ratio and risk of incident cardiovascular disease among older adults: evidence from a 7-year prospective cohort study in southwestern China,Jin Peng; Liurong Yang; Qian Zhang; Xiangni Chen; Ying Tang; Na Xie,10.3389/fpubh.2026.1901063,2026-09-17,Frontiers in Public Health,"Background Cardiovascular disease (CVD) remains the leading cause of death worldwide, particularly among older adults. The glycated hemoglobin A1c-to-high-density lipoprotein cholesterol (HbA1c/HDL-C) ratio is an emerging biomarker reflecting glucolipid metabolic derangement. However, prospective evidence regarding its association with incident CVD among community-dwelling older adults in southwestern China remains limited. Objective This study aimed to investigate the association between the HbA1c/HDL-C ratio and incident CVD, characterize its dose–response relationship, and evaluate its incremental predictive value beyond conventional cardiovascular risk factors in an older adult population. Methods This prospective cohort study included 1,875 community-dwelling adults aged ≥60 years without baseline CVD from the Early Screening and Intervention Program for High-Risk Populations of Cardiovascular and Cerebrovascular Disease Risk Factors in Wanzhou District. Participants were followed during 2024. The HbA1c/HDL-C ratio was calculated from baseline measurements and analyzed both continuously and as quartiles. Incident CVD events were ascertained using a dual-source validation approach that combined standardized questionnaire data with linkage to the regional surveillance system. Multivariable Cox proportional hazards models, restricted cubic spline (RCS), time-dependent area under the receiver operating characteristic curve (AUC), C-statistic and decision curve analysis (DCA) were fitted to estimate the association between HbA1c/HDL-C and CVD risk. Subgroup, sensitivity analyses were performed to verify robustness. Results During a median follow-up of 5.08 years, 207 participants developed incident CVD, with a cumulative incidence of 11.04%. After fully adjusting for confounding factors, participants in the highest quartile (Q4) of the HbA1c/HDL-C ratio exhibited a significantly elevated risk of incident CVD compared with the lowest quartile (Q1) (HR = 2.111, 95% CI : 1.276–3.170, P = 0.003), whereas the linear trend across quartiles did not reach statistical significance ( P for trend = 0.068). RCS analysis revealed a nonlinear dose-response relationship ( P for overall < 0.001, P for nonlinear = 0.017), with a data-driven inflection point at an HbA1c/HDL-C ratio of 4.83 (95% CI : 3.55–6.06). Below this threshold, each unit increment was associated with a 44.10% increase in CVD risk (HR = 1.441, 95% CI : 1.138–1.825, P = 0.002). Incorporation of the HbA1c/HDL-C ratio into a conventional risk factor model enhanced the time-dependent AUC (test-set C-statistic: 0.795 vs. 0.777). DCA demonstrated enhanced net benefit, particularly during mid-to-long-term follow-up. Subgroup and sensitivity analyses verified the robustness. Conclusions After multivariable Cox regression adjustment, participants in the highest quartile (Q4) of the HbA1c/HDL-C ratio showed a significant association with incident CVD, while the linear trend across Q1 to Q4 was borderline significant. RCS analysis further identified a nonlinear dose–response relationship between HbA1c/HDL-C ratio and incident CVD. Given its accessibility, low cost, and ease of calculation, the HbA1c/HDL-C ratio may serve as a complementary indicator for community-based CVD risk stratification, particularly in resource-constrained primary care settings. The apparently stronger association observed should be considered exploratory and requires confirmation in larger prospective cohort studies."
OpenAlex,valvular heart disease,Postoperative lactate trajectories predict in-hospital adverse outcomes and differ by surgical approach in cardiac surgery: a propensity score-matched study,Duolikun Mutailifu; Abudousaimi Aini; Malike Mutailipu; Zheng Liu; Abudunaibi Maimaitiaili,10.3389/fcvm.2026.1921332,2026-09-17,Frontiers in Cardiovascular Medicine,"Background Totally thoracoscopic cardiac surgery (TTCS) employs peripheral cardiopulmonary bypass (CPB) with retrograde aortic perfusion, yet whether its net effect on early tissue perfusion is superior to open sternotomy remains uncertain. This study identified postoperative arterial lactate trajectory phenotypes, examined their association with surgical approach, and evaluated their prognostic value for in-hospital adverse outcomes. Methods A single-centre, retrospective, propensity score-matched cohort study enrolled 1,264 patients (632 per group). Group-based trajectory modelling (GBTM) was applied to serial arterial lactate concentrations at nine postoperative time points (T0–T120h). Multinomial logistic regression examined surgical approach–trajectory associations. Exploratory path decomposition estimated the indirect contribution of lactate trajectory to the surgical approach–outcome association; a predictive model for major adverse cardiovascular events (MACE) was constructed from early postoperative lactate measurements. Results GBTM identified three trajectory phenotypes: Low-Stable (65.8%), Moderate-Resolving (28.6%), and Persistently Elevated (PE; 5.6%). TTCS was independently associated with reduced odds of Moderate-Resolving (adjusted odds ratio [aOR] 0.70, 95% CI 0.54–0.90) and PE membership (aOR 0.27, 95% CI 0.15–0.49), with the protective association more pronounced for PE. PE trajectory independently predicted MACE (aOR 14.73, 95% CI 7.91–27.45) and mechanical ventilation exceeding 48 h (aOR 20.79). Exploratory path decomposition attributed 24.0%–42.3% of the total association to indirect pathways, though estimates were sensitive to unmeasured confounding. T2h lactate independently predicted MACE (aOR 2.18 per mmol/L; AUC 0.697; optimal cut-off 2.45 mmol/L). All five inflammatory and organ-function biomarkers showed trajectory-dependent responses, with inflammatory peaks preceding organ-injury markers. Conclusions TTCS significantly reduced membership in high-risk lactate trajectory phenotypes. PE trajectory independently predicted in-hospital adverse outcomes and mirrored the postoperative inflammation–organ injury cascade. A T2h lactate ≥2.45 mmol/L provides a practical early bedside risk-stratification tool."
OpenAlex,deep learning,Antecedents and consequences of Green-tech FDI in emerging markets,Zhuoran Liu,10.17638/03195308,2031-01-01,University of Liverpool,"As environmental pressures intensify, attracting sustainable foreign direct investment (FDI), particularly green-tech FDI, has become a critical pathway for emerging markets to achieve environmental sustainability. However, existing research remains fragmented, offering limited insights into why green-tech FDI enters emerging markets and how it affects regional green innovation. This thesis addresses these gaps by systematically examining both the antecedents and consequences of green-tech FDI through three empirical studies using regional data from China. Study 1 and Study 2 focus on the antecedents of green-tech FDI. Study 1 examines how host-country conditions can attract green-tech FDI, highlighting the role of environmental management information disclosure (EMID) by domestic firms in reducing information gaps and strengthening green market–seeking motives. Study 2 shifts attention to the active decision-making of green-tech FDI, showing that under uncertainty, green-tech foreign investors engage in identity-based bandwagon learning by imitating peers with similar green identities, thereby mitigating investment risks. Study 3 turns to the consequences of green-tech FDI. It demonstrates that, due to the technological complexity of green innovation and limited absorptive capacity in emerging markets, green-tech FDI may generate crowding-out effects rather than purely positive spillovers. Adopting a network perspective, the study further finds that universities play a key moderating role: through broad linkages and deep collaborations, they help mitigate negative spillovers and facilitate the diffusion of green technologies. Together, the three studies advance the literature on sustainable FDI by differentiating green-tech FDI from general FDI and identifying the specific mechanisms that shape its entry decisions and local innovation outcomes. Practically, the findings provide guidance for emerging-market governments and firms on how to attract and manage sustainable investment, balance growth with environmental objectives, and strengthen local innovation ecosystems."
OpenAlex,deep learning,Combating Data and Target Shifts in Visual Tasks,Zhaorui Tan,10.17638/03194353,2031-01-01,University of Liverpool,"The rapid advancement of deep learning models for visual tasks has led to significant progress in many domains. However, a key challenge remains: ensuring that models can generalize effectively to unseen samples or novel classes, especially in real-world scenarios where training data-target pairs are often limited or unavailable, and test data may exhibit shifts in both data and targets. This thesis addresses the problem of shifts across data and targets, proposing novel methods to improve model generalization and transferability in complex settings. The thesis identifies the different shift scenarios for visual tasks and presents their problem forms. The research first relaxes the static target distribution assumption in Multi-Domain Generalization (mDG) tasks, introducing the General Multi-Domain Generalization (GMDG) objective to improve generalization under varying data shifts. Specifically, Extensive experiments validate that GMDG is feasible for classification, segmentation, and regression tasks. Further considering extreme target distribution shifts where even unknown novel classes emerge, the study also explores logical regularization techniques for tasks such as Generalized Category Discovery (GCD), mDG+GCD, and Class Incremental Learning (CIL), proposing a sample-based logical regularization term (L-Reg) to enhance data-, target-, and all-shift generalization. Additionally, a partial logic framework is introduced to address challenges in CIL, enabling models to retain room for unknown classes during training. This is further extended by the Partial-Logic Regularization (PL-Reg), which improves generalization across GCD, mDG+GCD, and transferability for CIL tasks. Furthermore, the thesis proposes a novel Semantic-aware Data Augmentation (SADA) framework for cross-modality generalization in text-to-image synthesis (T2Isyn), text-image retrieval (TIR), and image-text retrieval (ITR) tasks. This framework ensures semantic preservation across text and image modalities, improving both semantic consistency and image quality in cross-modality tasks. The methods proposed in this thesis offer significant advancements in visual generalization and transfer scenarios, providing theoretical insights and practical solutions for handling data shifts, target shifts, and multi-modalities in complex scenarios. Extensive experiments validate the effectiveness of the proposed methods, demonstrating their superior performance across a range of tasks."
OpenAlex,deep learning,"Depth of Processing, learner aptitude, and the acquisition of L2 English grammatical structures",Shweta Nigam,10.48683/1926.00128861,2031-01-01,CentAUR (University of Reading),"Depth of Processing (DoP) is central to several models of instructed second language acquisition (ISLA) (Leow, 2015). While DoP has been extensively examined in vocabulary learning (e.g., Laufer & Hulstijn, 2001), its role in the acquisition of grammatical structures, particularly through oral and audio-visual modalities remains comparatively underexplored. Drawing on the Levels of Processing framework (Craik & Lockhart, 1972), this study investigated whether task-induced processing depth influences the acquisition of third conditionals and comparatives, and whether language aptitude (LLAMA B, D, F) predicts learning gains. Using a pretest–posttest design, four intact classes involving 108 Grade 8 EFL learners in India were assigned to one of the three experimental conditions differing in level and type of processing: Low DoP, High DoP Explicit, and High DoP Implicit. The treatment task required the participants to listen to an audio-visual story containing the target structures (third conditionals and comparatives) and complete analytic tasks (varying in different groups) before listening to the story for a second time. The oral performance of the participants was analysed for accuracy, and frequency of use of the target structures. A grammaticality judgement test (GJT) and an elicited imitation task (EIT) were used to assess the participants’ gains in the knowledge of the target structures. In addition, language aptitude (LLAMA B, D, F) was measured and modelled as a predictor of gain scores. Results showed a significant effect of processing condition on GJT performance with the High DoP Implicit group outperforming the High DoP Explicit group on total scores and comparatives. In contrast, ANCOVA analyses indicated no significant group differences on EIT outcomes once pretest performance was controlled, with pretest scores strongly predicting posttest performance. In oral production, processing effects were structure-specific: the Low DoP group showed greater accuracy gains for comparatives, while both High DoP groups revealed increased frequency of use of third conditionals. However, across all four measures, multiple regression analyses indicated that LLAMA B, D, and F did not significantly predict gain scores. Overall, the findings support a processing-by-structure pattern: deeper processing benefits were most evident for the more salient structure (comparatives) on an explicit, written measure, whereas complex, low-salience forms (third conditionals) showed limited accuracy change but increased frequency of use under deeper processing."
OpenAlex,deep learning,Deep learning design of programmed enhancer pairs,Salil Garg; Blake M Torres; Joanna Wypasek,10.5281/zenodo.19463376,2030-04-08,Zenodo (CERN European Organization for Nuclear Research),
OpenAlex,deep learning,Deep learning design of programmed enhancer pairs,Salil Garg; Blake M Torres; Joanna Wypasek,10.5281/zenodo.19463375,2030-04-08,Zenodo (CERN European Organization for Nuclear Research),
OpenAlex,deep learning,Deep learning design of programmed enhancer pairs,Salil Garg; Blake M Torres; Joanna Wypasek,10.5281/zenodo.19477875,2030-04-08,Zenodo (CERN European Organization for Nuclear Research),
OpenAlex,deep learning,Data Augmentation Application in Deep Learning Drug Discovery by Utilizing Relationships Between Biological and Medical Entities,Tianjun Wang,10.17638/03195452,2029-01-01,University of Liverpool,
OpenAlex,deep learning,A UAV-Based Framework for Community-Scale Residential Building Energy Modelling in China,Mengfan Jin,10.17638/03195460,2029-01-01,University of Liverpool,"With increasing emphasis on energy efficiency and carbon emission reduction in the building sector, rapid and scalable energy modelling of existing buildings is critical for retrofit projects and policy development. Conventional surveys, data collection and energy modelling processes remain labour-intensive and impractical for large-scale applications, and energy modelling often dominates project time and cost. Unmanned Aerial Vehicles (UAVs) equipped with high-resolution and infrared cameras now offer fast and safe exterior surveys, showing great potential in building energy assessments. Yet, a systematic framework for UAV integration, from image capture through processing to inputs for building energy simulation, has not been established. This research addresses these challenges by developing a structured framework for community-scale building energy modelling, which integrates UAV photogrammetry to accelerate data acquisition, reduce labour, and shorten energy modelling time for retrofit projects. The framework is designed to minimise prior data requirements while maximising automation and retaining sufficient accuracy and reliability. It also addressed systemic issues, such as the lack of data necessary to fully exploit the potential of available technologies in the context of this study. To achieve this research objective, a mixed-methodology approach, combining desk studies and fieldwork, was adopted. First, a comprehensive review of UAV-based building energy studies mapped the current applications and available tools, proposing a preliminary framework. Fieldwork then encompassed a pilot study and a detailed case study. In the pilot test, a single building was surveyed to identify an optimal toolchain for flight planning, image capture, photogrammetric reconstruction, model generation, and selection of a simulation platform. The resulting refined framework was applied to a case study of a 39-building community, and it was demonstrated that further automation was necessary. The potential for automation was then further explored. Geomatic algorithms, machine learning, and deep learning techniques were compared, and the combination that best balanced accuracy and processing time was selected for 3D model generation and window-to-wall ratio (WWR) extraction. In parallel, an archetype library of residential buildings in the Hot Summer Cold Winter (HSCW) zone in China was compiled to facilitate the assignment of thermal parameters. Finally, a reusable community-scale building energy modelling (CBEM) workflow was assembled in Grasshopper using Ladybug Tools components to process the aforementioned inputs. In conclusion, this study integrates UAV photogrammetry, GIS-based geomatic algorithms, machine learning, and graphical programming to develop an UAV-CBEM framework. The outcomes establish a foundation for scalable UAV-based building energy assessments, enhancing applicability in data-limited and large-scale settings worldwide."
OpenAlex,deep learning,Spectral Materialism: Encounters with land-time-scapes,Sam Nightingale,10.25602/gold.00040593,2029-01-01,Goldsmiths (University of London),"This transdisciplinary, practice-based PhD introduces spectral materialism through art-based research encounters with ecologically and historically stratified land-time-scapes shaped by hypersalinity and colonial terraforming. Centred in the semi-arid Mallee (southeastern Australia) and read through echoes with California’s Imperial Valley, the project examines how spectral time—the co-presence and haunting of other temporalities—manifests in the material conditions of salt, soil, water, plants, and infrastructures. It asks how learning from geological, First Nations, colonial, and ecological pasts can orient responsibilities in unsettled futures. Treating the present as a crisis of time as much as a crisis of matter, the thesis critiques linear-progressive temporalities bound to Western modernity and extractive regimes. In response, spectral materialism is developed as both a conceptual framework and a critical creative methodology. Through alchemical media experiments with salt crystals, hypersaline soils, and halophytes, photography is reconfigured as a site-responsive, process-oriented practice. Salt is engaged as a material agent and ‘time-crystal’ whose phase shifts—dissolution, saturation, precipitation, crystallisation, evaporation—form a meta-chemistry that refracts deep-marine pasts, settler-colonial irrigation infrastructures, and contemporary dust into processual renderings of time. Methodologically, the project advances attunement as a mode of sensing and responsiveness to forces that are not always immediately perceptible yet are materially active. Field notes appear as para-writing, interrupting linear narration so that heterogeneous times co-present themselves within the text. The thesis is guided by First Nations temporalities—time as relational and in place—while remaining accountable to ethical limits and protocols. The contribution is twofold: a theoretical articulation of spectral materialism as a way to think time otherwise, and a set of site-responsive methods for engaging elemental media in saline environments. Together, they generate materially grounded accounts of spectral presences and open alternative pathways for knowing, sensing, and relating within land-time-scapes marked by enduring colonial and ecological afterlives amid planetary change."
OpenAlex,deep learning,DEVELOPMENT AND COMMERCIALIZATION OF COMPUTATIONAL METHODS TO ACCELERATE DERMATOLOGICAL DISCOVERY,Jasson Makkar,10.7273/000008421,2028-02-26,Washington State University,"The skin is the largest and outermost organ that surrounds the human body and provides a physical barrier that protects the more delicate internal tissues from the harsh surrounding environment. Over the course of evolution, specialized structures have also arisen in the skin, including sweat and sebaceous glands, nails and claws, and hair follicles. The hair follicle is a multi-lineage mini-organ that is a critical component in defining mammalian species. The gain of function derived from hair and fur benefited these species for millennia due to its insulative and protective properties, mechanosensing function, and ability to serve as camouflage. Current approaches to assess these fibers are generally non-quantitative or are low throughput due to technical limitations of ‘splitting hairs’. We developed a novel deep learning-based computer vision approach for the high throughput quantification of individual hair fibers at a high resolution. Our innovative computer vision tool can distinguish and extract overlapping fibers for quantification of multivariate features including length, width, and color to generate single-hair phenomes (shPhenome) of diverse conditions across the lifespan of mice. Using our tool, we explored the effects of hormone signaling, genetic modifications, and aging on hair follicle output. These analyses revealed novel hair phenotypes as a result of endocrinological, developmental, and aging-related alterations in the fur coats of mice. This tool was then adapted to capture more nuanced hair phenotypes, such as curvature, in a variety of mouse models harboring genetic perturbations. Commercialization of the deep hair phenomics technology presented a unique opportunity to pursue research translation, transforming fundamental biological research into marketable products. Much like the traditional academic route, the path to commercialization requires consistent and continuous iteration, testing of hypotheses, and allowing data to influence and lead subsequent actions. However, as opposed to the pursuit of knowledge, translating research into market-ready solutions requires a focus on consumer needs and the identification of market opportunities. Additionally, the shift in incentive structure requires commercial ventures to prioritize intellectual property protection, alter capital and resource allocation, and seek alternative fundraising sources. The entrepreneurial foundation built through this process culminated in the filing of a provisional patent and establishment of a startup company, kerat Inc. This journey illuminated the multifaceted challenges inherent in closing the gap between academic innovation and commercially viable goods, requiring simultaneous advancement of technical capabilities, adaptation to market dynamics, and fabrication of business infrastructure. Overall, the culmination of work presented in this dissertation sheds light on the importance of quantitatively assessing hair fiber properties to capture the biological phenomena that underlie this fundamental feature of mammalian skin. These findings also highlight the capabilities of this methodology for identifying perturbations in normal growth, potentially indicative of disease or dysfunction. Lastly, this showcased the potential of this technology’s commercial use cases in both the cosmetics and diagnostics industries."
OpenAlex,deep learning,Deep q-learning aided k-means clustering protocol for optimizing network lifetime in wireless sensor networks,Flynn Dowey,10.14288/1.0451106,2028-01-01,Open Collections,"The full abstract for this thesis is available in the body of the thesis, and will be available when the embargo expires."
OpenAlex,deep learning,Deep learning image analysis of donor red blood cells to predict deformability and transfusion efficacy,Erik S. Lamoureux,10.14288/1.0451932,2028-01-01,cIRcle (University of British Columbia),"The full abstract for this thesis is available in the body of the thesis, and will be available when the embargo expires."
OpenAlex,deep learning,Cost-Grounded Reward Scaling for Deep Reinforcement Learning in Zero-Buffer Flow-Shop Maintenance - DATA,Valentina Popolo; Silvestro Vespoli,10.17632/t73ckh3f7k,2027-07-09,Mendeley Data,
OpenAlex,deep learning,Cost-Grounded Reward Scaling for Deep Reinforcement Learning in Zero-Buffer Flow-Shop Maintenance - DATA,Valentina Popolo; Silvestro Vespoli,10.17632/t73ckh3f7k.1,2027-07-09,Mendeley Data,
OpenAlex,deep learning,"LeafMicroDefect-TR: A Digital Microscope-Based Dataset of Microscopic Leaf Surface Images for Defect Detection, Region-wise Analysis, and Explainable Deep Learning",HIDIR SELCUK NOGAY,10.17632/tvxkgj69kg.1,2027-01-12,Mendeley Data,
OpenAlex,deep learning,"LeafMicroDefect-TR: A Digital Microscope-Based Dataset of Microscopic Leaf Surface Images for Defect Detection, Region-wise Analysis, and Explainable Deep Learning",HIDIR SELCUK NOGAY,10.17632/tvxkgj69kg,2027-01-12,Mendeley Data,
OpenAlex,deep learning,Contested urbanisms: The politics of heritage and housing in Jakarta’s kampungs,"Binte Masron, Irna Nurlina",10.18743/pub.00056687,2027-01-01,"BIROn (Birkbeck, University of London)","Do heritage-making projects resist or advance gentrification in Southeast Asia? Like other Global South cities, contested urbanisms chequer Jakarta’s postcolonial urban landscape. Competing ideas about urban development manifest in various ways of seeing and producing the city, as demonstrated by evictions, revitalisation projects, and informal housing. Increased evictions of urban villages (urban kampungs) between 2013 and 2018 in Jakarta saw growing grassroots heritage movements as part of a spectrum of resistance to top-down urban management by state and private sector actors who also stake their claims on what ‘heritage’ is. These tensions amongst the political projects of various actors led me to ask: how do heritage-making projects of/by urban villages affect housing conditions in Jakarta, with reference to gentrification-led displacement? Using ethnographic methods and thematic analysis, I delve into the constructions of heritage, the impact of heritage-making on housing security for residents, and the broader political impact of heritage-making from above and below in Jakarta’s Kota Tua and two of its kampungs, Luar Batang and Pekojan. I argue that the dominant heritage constructions in Kota Tua demonstrate a top-down logic that emphasises infrastructure and the built environment with strong private sector presence, which impact the kampungs in varied ways. Findings showed that top-down heritage-making demonstrates higher likelihood of driving gentrification through the commodification of space, prioritising capital and material values. Residents and their advocates employ heritage-making from below in various forms to reclaim their place in the city as they face various forms of displacement, with unanticipated consequences. The processes of heritage-making from above and below reveal the connections and disjunctures between different authorities which subaltern actors work through, producing new politics that contest or entrench existing conditions. The findings contribute to the theorising of the politics of gentrification in heritage and urban studies, and a deeper understanding of Jakarta’s Old Town."
OpenAlex,deep learning,From Sparse to Dense: Label-Efficient Weakly Supervised Segmentation for Images and Videos,J. Wang,10.17638/03195330,2027-01-01,University of Liverpool,"Obtaining high-quality annotated data has become a primary bottleneck for training deep learning models, particularly for dense prediction tasks like semantic segmentation and video salient object segmentation. The demand for meticulous, pixel-level labeling makes fully-supervised approaches prohibitively expensive and limits their scalability. This thesis directly confronts this issue by proposing and systematically investigating a label-efficient ""sparse-to-dense'' paradigm. The core objective is to develop innovative frameworks that can learn from sparse, inexpensive weak supervision—such as image-level tags or scribbles—and intelligently propagate this minimal information to generate complete, pixel-accurate dense predictions. The major part of this thesis focuses on the ""sparse-to-dense'' challenge within Weakly Supervised Semantic Segmentation (WSSS) for images, where models learn from only image-level tags. Dominant approaches rely on Class Activation Maps (CAMs) as initial object seeds. However, CAMs inherently activate only the most discriminative object regions, leading to incomplete pseudo-labels. This gives rise to the central problem of activation densification: the critical process of expanding these sparse activations to cover the full extent of an object. Our research addresses this challenge through a progressive, multi-faceted strategy. Our exploration begins with a foundational framework (C3) designed to rectify the intrinsic flaws of initial CAMs. We propose a synergistic mutual calibration method. This method leverages the discrepancies between the two maps to generate local prototypes, which are simultaneously utilized to complete missing object parts and suppress background noise, yielding a significantly more accurate and complete initial seed. This foundational work immediately reveals the limitation of single-prototype instability and its inability to capture diverse features. Building on this foundation, we then develop architecture-specific strategies to address deeper limitations of the prototype-based approach. For Convolutional Neural Networks (CNNs) (C4), the use of a single prototype proves insufficient to capture significant intra-class variation. In response, we introduce an Optimal Transport (OT)-assisted framework that effectively mines multiple, diverse prototypes, thereby yielding more comprehensive activation maps. However, while C4 solves the intra-class diversity problem, the inherent local context constraint of the CNN architecture becomes the new bottleneck, fundamentally limiting the quality of globally-aware feature extraction needed for optimal multi-prototype assignment. This limitation necessitates a shift in architectural focus from CNNs to Vision Transformers. In the ViT architecture (C5), a new challenge arises where the token gap between the discriminative class token and varied patch tokens leads to incomplete activation. To bridge this gap, we leverage a tailored application of Optimal Transport, where the algorithm is tasked with learning a comprehensive proxy to ensure complete object activation. Despite these architectural advances (C3-C5), the overall WSSS performance hit a ceiling. This is fundamentally limited by the sparse supervision of class labels, which cannot provide precise boundary information. To break this ceiling, our WSSS exploration culminates in a universal enhancement strategy (C6) that transcends architecture-specific designs by leveraging Visual Foundation Models (VFMs). We resolve the conflict between the discriminative nature of initial CAMs and the VFM's need for holistic prompts. By modeling the CAM foreground as a graph and employing spectral analysis, our method intelligently selects a diverse set of prompt points that represent the overall structure of the foreground object. This guides the VFM to generate superior, boundary-aware supervision that can universally enhance any WSSS pipeline. Subsequently, the thesis extends the ""sparse-to-dense'' paradigm to the dynamic domain of video, addressing Weakly Supervised Video Salient Object Segmentation (WSVSOS) (C7) from sparse scribble annotations. In this specific context, the challenge evolves into spatio-temporal densification, which requires both full-object coverage within each frame and temporal consistency across the video sequences. To this end, we introduce the core CFMR framework, which utilizes Spatio-Temporal co-regulation. This framework is subsequently enhanced (CFMR+) by integrating the VFM guidance strategy from C6, which provides high-quality spatial priors essential for ensuring both high spatial detail and inter-frame consistency. By enforcing both intra-frame and cross-frame consistency between these two streams, our method effectively propagates the sparse initial signal to generate dense and temporally coherent saliency masks. In conclusion, this thesis presents a comprehensive and cohesive investigation into label-efficient segmentation tasks, offering a suite of innovative and effective strategies for the ""sparse-to-dense'' challenge. Our work establishes a progressive roadmap that systematically overcomes architectural and semantic limitations, culminating in highly robust and generalized densification pipelines. Our extensive experimental results on standard benchmarks validate the state-of-the-art performance of these methods, providing robust solutions to a long-standing problem in the computer vision field."
OpenAlex,deep learning,Unsupervised Deep-learning Methods for Low-dose Computed Tomography Reconstruction,Ran An,10.17638/03194237,2027-01-01,University of Liverpool,"Computed tomography (CT) has become an indispensable imaging technique in medical diagnostics and industrial applications, owing to its non-invasive nature and high resolution in visualizing object internal structures. While X-ray CT (X-ray computed tomography) significantly enhances lesion detection capabilities, excessive exposure to X-ray radiation raises substantial health concerns, including elevated cancer risks and potential genetic damage. Although low-dose CT (LDCT) protocols reduce radiation safety concerns, they inevitably introduce severe noise and artifacts, which might compromise diagnostic accuracy. Recent advances in supervised deep learning approaches have demonstrated remarkable success in LDCT reconstruction. However, the reliance on paired training data severely limits their deployment in practical CT applications. This fundamental constraint highlights the critical importance of developing unsupervised reconstruction methods. Although existing unsupervised LDCT methods have made notable progress, they still face challenges requiring systematic solutions. This thesis makes three contributions to advance the field of unsupervised LDCT reconstruction: 1. Current dual-domain self-supervised LDCT denoising methods typically neglect the heterogeneity of the non-stationary Gaussian noise levels in low-dose sinograms and usually treat them as common images without appropriately controlling the denoising strength. The denoisers employed by them, which are based on classic convolutional neural networks (CNN), will lead to blurring artifacts in the reconstructed images if directly used for sinogram denoising. In addition, the denoising strength in the sinogram and image domains must be well-balanced to avoid introducing over-blurring or secondary artifacts in the reconstructed images, but existing approaches do not focus on this crucial point. To address these limitations, this thesis proposes a novel end-to-end dual-domain self-supervised framework for LDCT denoising. It employs Dropblock layers to adaptively localize the effect of convolution for sinogram denoising and sets a weighted average between the denoised sinograms and their noisy counterparts to better control the denoising strength, thus effectively reducing the blurring artifacts and leading to a well-balanced dual-domain denoising. Numerical experiments demonstrate the effectiveness and superior performance of the proposed method. 2. Existing normalizing flows (NFs)-based unsupervised LDCT reconstruction methods face challenges in both image quality and computational efficiency. On one hand, they typically utilize a two-way transformation strategy between noisy images and latent variables, which could easily lead to detail loss and secondary artifacts in the reconstructed images. On the other hand, training NFs on high-resolution CT images is computationally intensive. Although conditional normalizing flows (CNFs) can mitigate computational costs by learning conditional probabilities, existing approaches rely on labeled data for conditionalization, leaving unsupervised CNFs-based LDCT reconstruction a challenge. To tackle these issues, this thesis proposes a novel unsupervised LDCT iterative reconstruction algorithm based on CNFs. The proposed method employs a strict one-way transformation strategy during the alternating optimization in the dual spaces to prevent detail loss and secondary artifacts, and proposes a novel unsupervised conditionalization strategy for CNFs, thus achieving efficient training and inference on high-resolution images. The proposed method illustrates high-quality and relatively fast unsupervised reconstruction. Experiments across two datasets demonstrate the superior performance of the proposed method by rivaling several state-of-the-art methods. 3. Current diffusion model-based LDCT reconstruction methods solely employ the prior distributions learned from normal-dose CT data but neglect the valuable priors in low-dose data, which contain information about the characteristics of low-dose noise and artifacts. In addition, their reconstruction speed suffers from multiple sampling steps, presenting low efficiency. Breaking new ground in prior utilization, this thesis proposes a novel unsupervised LDCT iterative reconstruction algorithm based on dual denoising diffusion probabilistic models (DDPM), which leverages both normal-dose and low-dose priors. Specifically, the proposed method employs two DDPMs to learn the prior distributions from normal-dose and low-dose images, respectively, and incorporates them into a joint iterative reconstruction framework. To accelerate the reconstruction, partial diffusion sampling and single-pass deterministic reconstruction strategy are utilized in the proposed method, as well as the spaced OS-SART approaches. Experiments at different dose levels demonstrate the outstanding performance and fast speed of the proposed reconstruction algorithm. Through these innovations and contributions, this thesis addresses some significant challenges in current deep-learning-based unsupervised LDCT reconstruction methods, and proposes three novel unsupervised reconstruction algorithms. The proposed methods effectively improve the performance and efficiency of LDCT reconstruction under different unsupervised learning conditions, and provide some new perspectives and inspirations for future research."
OpenAlex,deep learning,An Interpretable State-Conditioned Multi-Criteria Decision-Making Layer for Reward Shaping in Deep Reinforcement Learning: Dynamic TOPSIS Weighting Applied to Disaster Response,Ahmed İhsan Şimşek,10.17632/smbzhvhs3k.1,2027-01-01,Mendeley Data,
