source,keyword,title,authors,doi,publication_date,journal,abstract
PubMed,aortic stenosis,VALVE DISEASES IN CARDIAC AMYLOIDOSIS: WHAT WE HAVE TO KNOW.,Daniela Di Lisi; Francesca Di Salvo; Francesca Castro; Silvia Bruno; Francesco Bongiorno; Francesca Macaione; Cristina Madaudo; Giovanni Castelli; Oreste Fabio Triolo; Giuseppe Puccia; Francesco Stabile; Alfredo Ruggero Galassi; Giuseppina Novo,10.1016/j.cpcardiol.2026.103455,2026-09-11,Current problems in cardiology,"Cardiac amyloidosis (CA) is an infiltrative cardiomyopathy caused by extracellular deposition of amyloid fibrils, most commonly derived from immunoglobulin light chains (AL) or transthyretin (ATTR). While myocardial involvement has been extensively characterized, valvular disease in CA has received comparatively less attention, despite its frequent occurrence and significant clinical impact. Aortic stenosis (AS) represents the most prevalent valvular manifestation, particularly in wild-type ATTR amyloidosis, where shared demographic and pathophysiological factors contribute to a frequent overlap. Concomitant CA and AS create a synergistic interaction, leading to disproportionate ventricular dysfunction, a high prevalence of the low-flow low-gradient phenotype and increased perioperative risk. Echocardiographic strain analysis, dedicated scoring systems and advanced imaging such as cardiac magnetic resonance and computed tomography allow earlier recognition of this association and aid in patient stratification. Mitral and tricuspid regurgitation, usually functional and related to atrial enlargement, annular dilatation and restrictive physiology, are also common in CA and carry important prognostic implications. Severe regurgitation is associated with heart failure progression, systemic congestion and increased mortality. Although surgical approaches are rarely feasible, transcatheter interventions (TAVR, TEER and emerging tricuspid devices) offer promising therapeutic alternatives in selected patients. Management of valvular disease in CA must therefore integrate interventional options with disease-modifying therapies targeting amyloid deposition, such as TTR stabilizers and silencers, to optimize outcomes. Thus, considering the valves involvement in patients with CA, the aim of this review was to illustrate the main valvular alterations in CA, their prognostic role and their treatment."
PubMed,aortic stenosis,PCSK9 Inhibitors and Risk of Aortic Stenosis in Atherosclerotic Cardiovascular Disease.,Jheng-Yan Wu; Keng-Wei Lee; Sheng-Chi Huang; Hsuan-Yuan Chang; Yu-Min Lin,10.1016/j.jacadv.2026.103233,2026-09-11,JACC. Advances,"Atherosclerotic cardiovascular disease (ASCVD) and aortic stenosis (AS) share lipid-related mechanisms. Although statins have not slowed established AS progression in randomized trials, whether proprotein convertase subtilisin/kexin type 9 inhibitors (PCSK9is) are associated with lower incident AS risk remains uncertain.
The objective of the study was to assess the association between PCSK9is use and incident AS in statin-treated patients with ASCVD.
Using TriNetX, we conducted a retrospective new-user cohort study of adults aged ≥60 years with ASCVD receiving statins from January 1, 2015, to August 31, 2025. PCSK9is were compared with statin-only users after 1:1 propensity score matching. The primary outcome was new-onset AS within 5 years; secondary outcomes included all-cause mortality, heart failure exacerbation (HFE), and aortic valve replacement.
After 1:1 matching, 22,924 patients remained in each group. PCSK9is use was associated with a lower risk of AS (HR: 0.87; 95% CI: 0.78-0.97; P = 0.012), all-cause mortality, and HFE. Aortic valve replacement reduction was not significant. Subgroup analyses showed statistically significant interaction was observed only for chronic kidney disease and heart failure.
In statin-treated patients with ASCVD, PCSK9i use was associated with a modestly lower 5-year incidence of new-onset AS. Large mortality and HFE associations may reflect residual confounding and treatment-selection bias. These findings are hypothesis-generating."
PubMed,aortic stenosis,Cardiac MRI radiomics and texture analysis for differentiating the causes of left ventricular hypertrophy: a systematic review.,Isaac Eli Martínez Safar; Juan Pablo De La Ossa Díaz; Daniel A Martínez D; Catalina Rendón-Garavito; Franklin Santiago-Villegas; María P Díaz F; Maria Isabella Heredia Barrios; Ricardo Villamarín-Velásquez,10.1016/j.ejrad.2026.113219,2026-09-06,European journal of radiology,"Because the causes of left ventricular hypertrophy (LVH) share a thickened-wall phenotype yet demand divergent management, from transthyretin stabilization in cardiac amyloidosis (CA) to sudden-death prevention in hypertrophic cardiomyopathy (HCM), identifying the cause is clinically decisive. Cardiac MRI radiomics and texture analysis are proposed for this differential. We asked whether this evidence supports clinically credible differentiation and whether each accuracy could be verified.
Following PRISMA-DTA, the etiological contrast was the unit of analysis. Two reviewers appraised risk of bias with QUADAS-2 and QUADAS-AI, radiomic quality with METRICS, and reporting completeness, then rated certainty with GRADE. Evidence was synthesized without meta-analysis.
Eleven studies (2019 to 2025; 91 to 621 participants, mostly retrospective, single-center) were included. By etiological contrast (studies overlapped): six HCM versus hypertensive heart disease (HHD), four CA versus HCM, one each for sarcomeric genotypes and aortic stenosis, two multiclass. A validation 2 × 2 table was reconstructable in 4 of 11 studies, only 3 from a held-out or cross-validated set; for CA versus HCM, none of 4 reported per-class counts. No study reported external geographic validation, overfitting or its high risk was evident in 8 of 11, and no contrast supported valid pooling. Certainty was very low throughout.
The evidence does not yet support clinically credible differentiation of LVH causes: every apparently high accuracy rests on internally validated, high-risk-of-bias studies of very low certainty; radiomics remains adjunctive and hypothesis-generating. Progress requires external validation, verifiable reporting, and conventional comparators; we distill existing standards into a minimum reporting set."
PubMed,aortic stenosis,Complex cardiac and porcelain aorta surgery in patients with untreated familial hypercholesterolaemia: a case report.,Rahma Kallel; Hela Ben Jemaa; Faten Dhouib; Hela Fendri; Amal Samet; Imed Frikha; Hichem Denguir,10.5830/CVJA-2026-036,2026-09-11,Cardiovascular journal of Africa,"Familial hypercholesterolaemia (FH) is a genetic disorder characterised by elevated levels of circulating low-density lipoprotein cholesterol. Serious presentations are challenging to treat. We report a case of complex cardiovascular outcomes in a 28-year-old man with diabetes mellitus and untreated FH. The diagnostic workup was compatible with a homozygous phenotype. The patient presented with a non-ST-elevation myocardial infarction, which revealed severe premature three-vessel coronary artery disease with significant proximal blockages, including severe ostial left main stenosis, as well as severe valvular and supravalvular aortic stenosis. Aortic computed tomography angiography (CTA) confirmed the presence of a porcelain aorta and guided the surgical repair. Despite the porcelain aorta, the patient underwent conventional cardiac and aortic surgery with an uneventful post-operative course. This case highlights a rare case of successful cardiac and aortic surgery in the context of a porcelain aorta, performed safely by experienced surgeons using current perfusion and operative techniques guided by CTA imaging. Ongoing efforts are required to improve early detection and prompt management of FH."
PubMed,aortic stenosis,Quantitative coronary artery and aortic valve calcification by virtual non-contrast Images from dual-energy delayed CT scans in patients with severe aortic stenosis.,Hidesato Fujito; Kaveh Rezaei Bookani; Bashaer Gheyath; Sunam Lee; Sung Woo Cho; Balaji Tamarappoo; Alan C Kwan; Raj Makkar; Damini Dey; Piotr Slomka; Daniel S Berman; John Friedman; Donghee Han,10.1007/s10554-026-03822-6,2026-09-11,The international journal of cardiovascular imaging,"With the growing use of delayed dual-energy computed tomography (DECT) imaging for extracellular volume assessment, this study aimed to assess the accuracy of coronary artery calcium (CAC) and aortic valve calcification (AVC) quantification in virtual non-contrast (VNC) images derived from delayed DECT images. Eighty-eight patients undergoing pre-transcatheter aortic valve replacement (TAVR) cardiac CTA with DECT were retrospectively enrolled. We compared CAC score (CACS), CAC volume, AVC score (AVCS), and AVC volume between true non-contrast (TNC) and VNC images. VNC images were created by subtracting iodine from delayed CT angiography using commercial post-processing software. Concordance for the likelihood of severe aortic stenosis (AS) between TNC and VNC was assessed using guideline-based AVCS thresholds: men > 3,000 AU, women > 1,600 AU (highly likely); men > 2,000 AU, women > 1,200 AU (likely). CACS was lower in VNC than TNC (363.0 [13.7-1,154.0] AU vs. 470.1 [46.8-1,569.9] AU, p < 0.001), but the correlation was excellent (r = 0.966). No significant difference between VNC and TNC was observed in AVCS (959.5 [321.2-2,475.0] AU vs. 1,079.6 [492.2-2,329.4] AU, p = 0.521), with strong correlation (r = 0.966). Application of a correction factor (1.1-fold) improved agreement between VNC- and TNC-derived CACS (weighted κ = 0.839 to 0.869). Diagnostic concordance for severe AS between VNC and TNC was 92.1% (weighted kappa = 0.785) at the ""highly likely"" threshold and 97.7% (weighted kappa = 0.952) at the ""likely"" threshold. Delayed VNC images from DECT demonstrate strong agreement with TNC images for CACS and AVCS, suggesting that delayed VNC could potentially reduce the need for TNC acquisition in pre-TAVR assessment."
PubMed,aortic stenosis,Emergency Transcatheter Aortic Valve Replacement as a Bridge to Surgery for Active Aortic Valve Endocarditis.,Thomas Varghese Attumalil; Khin Lan; Seth Vijayan; Pyotr Telyuk; Douglas Muir; W Andrew Owens; Luke J Rogers; Matthew G D Bates; Paul David Williams,10.1016/j.jaccas.2026.110231,2026-09-10,JACC. Case reports,"Infective endocarditis with cardiogenic shock carries high mortality, and many patients are deemed inoperable.
A 73-year-old man with known bicuspid aortic stenosis presented with Gemella haemolysans aortic valve endocarditis with a large vegetation, aortic root pseudoaneurysm, severe left ventricular impairment, and severe aortic regurgitation leading to cardiogenic shock. He was considered unfit for cardiac surgery. Emergency transfemoral transcatheter aortic valve replacement (TAVR) was performed with rapid hemodynamic recovery. Serial computed tomography scans revealed enlarging root pseudoaneurysms prompting surgical root repair and valve replacement 3 weeks post-TAVR. He was discharged home following complete recovery.
This case highlights the feasibility of emergency TAVR as a temporising measure in prohibitive-surgical-risk aortic valve endocarditis, despite the presence of large vegetations and root aneurysm.
To the best of our knowledge, this is the first reported case of emergency TAVR performed as a bridge to surgical aortic valve replacement for active aortic valve endocarditis with multiorgan failure."
PubMed,aortic stenosis,Familial Hypocalciuric Hypercalcemia and Early Severe Aortic Stenosis in A Patient with two Different Heart Failure Episodes.,Ana Margarida Fonseca; Mariana Lobo Oliveira; Ana Cordeiro Gomes; Luis Nogueira-Silva; Joana Pereira; Jorge Almeida; Patrícia Lourenço,10.12890/2026_006953,2026,European journal of case reports in internal medicine,"Familial hypocalciuric hypercalcemia (FHH) is a rare hereditary cause of mild hypercalcemia that usually follows a benign clinical course. Calcific aortic stenosis (AS) in a trileaflet aortic valve is uncommon before 65 years of age. Emerging evidence suggests that disturbances in calcium metabolism may contribute to aortic valve calcification.
A 58-year-old woman presented in 2012 with acute heart failure (HF) and left ventricular ejection fraction (LVEF) of 32%. Coronary angiography was normal, and endomyocardial biopsy was not suggestive of myocarditis. She achieved complete recovery with guideline-directed medical therapy, consistent with resolved idiopathic cardiomyopathy. Echocardiography at that time showed only mild aortic valve thickening. She had chronic mild hypercalcemia consistent with FHH, supported by family history, normal parathyroid hormone levels, and fractional excretion of calcium <1%. Genetic testing was negative. During the following decade, progressive aortic valve calcification was documented. In 2023, echocardiography revealed severe AS with a functionally bicuspid valve (peak/mean gradients 105/69 mmHg; valve area 0.5 cm2) and LVEF of 41%, presenting with a second episode of acute HF. She underwent surgical aortic valve replacement with full symptomatic recovery.
This case suggests a possible association between FHH and accelerated valvular calcification leading to premature severe AS. It is also notable for two separate HF episodes caused by different aetiologies: reversible cardiomyopathy initially, followed a decade later by severe AS. Although FHH is generally considered benign, chronic hypercalcemia may justify closer long-term cardiovascular surveillance.
Familial hypocalciuric hypercalcemia may be associated with accelerated valvular calcification and premature severe aortic stenosis.Serial imaging over 10 years documented progression from mild valve thickening to severe calcific aortic stenosis.The case describes two distinct episodes of heart failure caused by different underlying mechanisms."
PubMed,aortic stenosis,Mechanical complications of transcatheter aortic valve replacement: a review article.,Rudaina Ismail Osman Ahmed; Mazin Salah; Hasan Abua'Isha,10.1097/MS9.0000000000004935,2026-09,Annals of medicine and surgery (2012),"Aortic stenosis (AS) represents a prevalent valvular heart disease, particularly affecting the elderly population, with substantial implications for morbidity and mortality. This review examines the epidemiology, pathophysiology, management strategies, complications, and future implications of AS and its treatment modalities, focusing primarily on transcatheter aortic valve replacement (TAVR). The prevalence of AS is rising as the population ages, with notable differences observed across various demographic groups and regions. Additionally, AS can also occur in younger adults, typically due to a bicuspid aortic valve, the most common congenital heart defect, which further contributes to the condition's growing clinical significance. Surgical aortic valve replacement (SAVR) has historically been the standard treatment for severe AS, but TAVR methods have emerged as a less invasive alternative, particularly for high-risk surgical candidates. SAVR has historically been the standard treatment for severe AS, but TAVR has undergone rapid evolution and widespread acceptance, with over 200 000 procedures performed globally. Various delivery routes for TAVR exist, each with its advantages and limitations, including transfemoral, subclavian, direct aortic, transapical, and transcarotid approaches. Complications associated with TAVR include vascular complications, stroke, conduction disturbances, coronary artery obstruction, acute kidney injury, infections, and others. Strategies for complication prevention and management are actively researched and implemented. The review also discusses future implications of TAVR, highlighting advancements in device technology, procedural techniques, patient selection criteria, and the expanding patient population eligible for TAVR. Despite challenges and complications, TAVR has revolutionized the treatment landscape for AS and offers hope for patients previously deemed unsuitable for surgery."
PubMed,aortic stenosis,Impact of Initial Valve Type on Reintervention for TAVR Failure: From the EXPLANTORREDO-TAVR International Registry.,Syed Zaid; Tsuyoshi Kaneko; Ole De Backer; Sachin S Goel; Paolo Denti; Thomas Modine; Tamim N Nazif; Martin B Leon; Michael J Mack; Vinayak N Bapat; Gilbert H L Tang; EXPLANTORREDO-TAVR Registry Investigators,10.1161/CIRCINTERVENTIONS.126.016705,2026-09-11,Circulation. Cardiovascular interventions,"As transcatheter aortic valve replacement (TAVR) expands to younger patients, there is limited data on the impact of TAV type on outcomes of TAVR-explant and redo-TAVR for TAVR failure. We sought to compare outcomes of reintervention for failed balloon-expandable valves (BEV) versus self-expanding valves (SEV).
From May 2009 to February 2022, 553 patients from 29 centers in the international EXPLANTORREDO-TAVR registry underwent redo-TAVR or TAVR-explant for TAVR failure during a separate admission from index TAVR. Mechanically expanding valves and explantation for endocarditis were excluded. 158 (41.4%) failed-BEV were compared with 224 (58.6%) failed-SEV, and outcomes were reported at 30 days and 1 year.
Mean age at reintervention was 75.5±9.3 years, and 40.6% were female. Failed-BEV had higher proportion of structural valve deterioration (73.4% versus 46.1% in failed-SEV; P<0.001) and prosthesis-patient mismatch (12.3% versus 5.5%, P=0.022) and fewer paravalvular leak (18.2% versus 41.1%; P<0.001) paralleling a longer time-to-reintervention (41.8 versus 19.7 months; P<0.001). Reintervention strategy was nearly identical between groups (redo TAVR 54.4% failed-BEV versus 53.6% failed-SEV; TAVR-explant 45.6% versus 46.4%; P=0.92), with cross-platform redo-TAVR favored in both groups (58.1% of failed-BEV received SEV; 59.2% of failed-SEV received BEV; P=0.016). Compared with failed-SEV, reintervention for failed-BEV had similar mortality at 30 days (8.7% versus 8.0%; P=0.85) and 1 year (24.3% versus 21.5%; P=0.65), with no differences in risk-adjusted 3-year cumulative mortality when stratified by reintervention type (redo TAVR: adjusted hazard ratio, 1.15 [0.61-2.20]; ref: failed-BEV); TAVR-explant: adjusted hazard ratio, 0.84 [0.46-1.54]).
Failed-BEV and failed-SEV showed distinct failure mechanisms and timing of reintervention, but initial valve type did not impact reintervention strategy or survival after redo-TAVR or TAVR-explant."
PubMed,aortic stenosis,"Mitral Regurgitation and Severe Aortic Stenosis: Clinical Characteristics, Prognostic Impact, and Response to TAVR: Insights From Egnite Data.",Benjamin E Peterson; Philippe Généreaux; Pinak Shah; Tsuyoshi Kaneko; Sammy Elmariah; Michael Dobbles; Rahul Sharma; Sreekanth Vemulapali; Santiago A Garcia; Brian K Whisenant; Matthew Summers; Deepak L Bhatt,10.1161/CIRCINTERVENTIONS.126.016578,2026-09-11,Circulation. Cardiovascular interventions,"Aortic stenosis (AS) and mitral regurgitation (MR) frequently co-occur, complicating diagnosis and treatment. We examined current US treatment trends and patient outcomes among patients with severe AS and at least moderate MR.
We analyzed data from 2 992 362 patients (aged ≥18 years) undergoing 5 245 904 echocardiograms at 43 US institutions (Egnite Database; Egnite, Aliso Viejo, CA, with permissions) to identify a cohort of patients with severe AS and moderate or greater MR. The primary end point was 2-year all-cause mortality, assessed via Kaplan-Meier analysis. For patients undergoing transcatheter aortic valve replacement (TAVR) alone, MR severity changes from baseline to 45 days post-TAVR were visualized using Sankey diagrams.
The cohort included 36 402 patients (mean age, 78.2 years; 54.6% male), of whom 52.0% were untreated, 36.5% underwent TAVR alone, and 11.5% underwent surgery or other transcatheter interventions. Two-year mortality for untreated patients was 36.8% (95% CI, 35.6%-38.0%) for AS with less than moderate MR, 57.3% (95% CI, 54.0%-60.6%) for AS with moderate MR, and 65.5% (95% CI, 60.9%-70.1%) for AS with moderate-to-severe or severe MR (log-rank P<0.001). Undertreatment was more frequent in patients with AS and significant MR (64.5% versus 49.9%, P<0.001). Among patients undergoing TAVR alone with follow-up MR data, 77.5% demonstrated improvement in MR.
Patients with concurrent MR and AS exhibit substantially higher mortality yet have high rates of undertreatment throughout the duration of follow-up. TAVR alone significantly improves MR in most patients."
PubMed,aortic stenosis,Vessel Wall MRI in Pediatric Arterial Ischemic Stroke: Diagnostic Utility and Prognostic Value.,Paul Cazier; Manoëlle Kossorotoff; Olivier Naggara; Kylian Gonnet; Volodia Dangouloff-Ros; Nathalie Boddaert; Charles-Joris Roux,10.1161/STROKEAHA.126.056262,2026-09-11,Stroke,"Vessel wall magnetic resonance imaging (VW-MRI) is a promising tool for evaluating intracranial arteriopathies in pediatric non-neonatal arterial ischemic stroke, but its diagnostic and prognostic roles remain underexplored. This study assesses the utility of VW-MRI in identifying arteriopathy subtypes and predicting clinical and radiological outcomes in children.
We conducted an ancillary retrospective study using the national KidClot cohort and the stroke database at Necker-Enfants Malades Hospital (Paris). Children with arterial ischemic stroke who underwent VW-MRI within 3 months of onset and follow-up MRI at least 18 months later were included. Stroke causes were assessed according to the Childhood Arterial Ischemic Stroke Standardized Classification and Diagnostic Evaluation, and intracranial arterial vessel wall enhancement (VWE) was evaluated. Analyses focused on the focal cerebral arteriopathy (FCA) subgroup, comparing VWE-positive and VWE-negative patients and assessing correlations with clinical factors, imaging metrics, and outcomes. Categorical variables were compared using the χ2/Fisher exact test, qualitative/ordinal variables using the Mann-Whitney U test, and correlations were assessed using the Spearman rank correlation coefficient (ρ).
From 193 children, 67 were included (median age, 4.1 years, interquartile range, 2.0-9.8; 61.1% male). Causes were FCA (42%, 28/67), bilateral cerebral arteriopathy (5%, 3/67), aortic/cervical arteriopathy (12%, 8/67), cardioembolic (7%, 5/67), other (22%, 15/67), and multifactorial (12%, 8/67). In FCA, 75% (21/28) showed concentric VWE, correlating with stenosis severity (ρ=0.31; P=0.001). VWE-positive patients with FCA had a higher initial focal cerebral arteriopathy severity score (median 5 versus 3; P=0.046) than VWE-negative patients, but no statistically significant differences were found in other evaluated factors, including initial Pediatric National Institutes of Health Stroke Scale (median 8.5 versus 8; P=0.5) and 12-month Pediatric Stroke Outcome Measure (median 0.5 versus 1; P=0.8).
VW-MRI detects inflammatory arterial changes in pediatric FCA. However, its prognostic value is limited, suggesting enhancement reflects acute inflammation rather than long-term trajectory."
PubMed,aortic stenosis,Early Enhancement of Mitral Annular e' Following Transcatheter Aortic Valve Implantation: The Role of Early Diastolic Filling.,Takahide Ito; Kanako Akamatsu; Shimpei Fujioka; Kensuke Kinoshita; Yohei Yamauchi; Daisuke Shishikura; Yumiko Kanzaki; Hideki Ozawa; Masahiro Daimon; Takahiro Katsumata; Hideaki Morita,10.1111/echo.70619,2026-09,"Echocardiography (Mount Kisco, N.Y.)","Early improvements in left ventricular (LV) diastolic function have been documented following transcatheter aortic valve implantation (TAVI), but it remains unclear whether the increase in early diastolic mitral annular velocity (e') reflects intrinsic improvement in LV relaxation or altered hemodynamic conditions. This study investigated early changes in e' after TAVI, with a particular focus on the hemodynamic determinants of the increase in e'.
A retrospective analysis was conducted in 129 consecutive patients with severe aortic stenosis who underwent successful TAVI and echocardiographic evaluation before and within one week after the procedure. Clinical and echocardiographic parameters were compared before and after TAVI, and factors associated with changes in e' were evaluated.
TAVI significantly increased septal, lateral, and mean e', transmitral early diastolic (E) velocity, and LV ejection fraction (LVEF) while reducing the transvalvular pressure gradient. In multivariate linear regression analysis, with changes in LVEF, E velocity, mean transvalvular pressure gradient, stroke volume, baseline mean e', and atrial fibrillation entered as covariates, baseline mean e' (β = -0.590, p < 0.001), atrial fibrillation (β = 0.523, p = 0.006), and changes in E velocity (β = 0.019, p = 0.018) were independently associated with changes in mean e'.
e' increased rapidly after TAVI. Changes in E velocity were independently associated with changes in mean e', even after adjustment for changes in stroke volume, suggesting that early changes in e' reflect not only intrinsic improvement in LV relaxation but also load-related mechanisms during early diastolic filling."
PubMed,aortic stenosis,[Redo Surgical Aortic Valve Replacement for Dysfunctional Transcatheter Aortic Valve Implanted for Degenerated Surgical Bioprosthesis].,Hiroyuki Morishita; Masahiko Ezure; Yutaka Hasegawa; Yasuyuki Yamada; Joji Hoshino; Shuichi Okada; Yoshifumi Itoda; Kazuki Tamura; Takashi Soda,,2026-04,Kyobu geka. The Japanese journal of thoracic surgery,"An 81-year-old man underwent surgical aortic valve replacement (SAVR) for stenotic bicuspid valve with a 21-mm CEP bioprosthesis 17 years ago. Four years ago, he underwent valve-in-valve (ViV)transcatheter aortic valve replacement (TAVR) using a self-expandable Evolut R 23-mm valve due to structural valve deterioration (SVD) and redo SAVR was indicated because of repeat SVD and heart failure symptoms. Transcatheter valve and prior surgical valve adhered to the anterior mitral leaflet. Removal of the valve caused perforation, which required repair. Aortic valve replacement was performed using an Epic Plus 21-mm valve. SAVR after TAVR is more invasive and has higher mortality than ViV, but in younger or low-risk patients, treatment should be planned with long-term prognosis in mind."
PubMed,aortic stenosis,[Aortic Valve Replacement Associated With Essential Thrombocythemia:Report of a Case].,Makoto Kusakizako; Taku Nakagawa; Koki Yokawa; Tomonori Higuma; Yosuke Tanaka; Kazunori Yoshida; Yoshihiro Oshima; Hidefumi Obo; Hidetaka Wakiyama,,2026-06,Kyobu geka. The Japanese journal of thoracic surgery,"Essential thrombocythemia (ET) is a rare chronic myeloproliferative disorder characterized by elevated platelet counts and increased risk of thrombosis and hemorrhage. We report the case of a 75-year-old woman with ET who underwent aortic valve replacement for severe aortic stenosis using a 21 mm Edwards INSPIRIS bioprosthesis. Her postoperative course was uneventful, without thrombotic or hemorrhagic complications. She was managed with aspirin and warfarin for antithrombotic therapy, and hydroxyurea was used to control the platelet count. Perioperative management in ET patients undergoing cardiovascular surgery is complex due to the dual risk of bleeding and thrombosis. However, standardized guidelines remain limited. This case demonstrates that with careful planning and multidisciplinary management, cardiac surgery can be performed safely in ET patients, even in elderly individuals."
PubMed,aortic stenosis,[Transcatheter Aortic Valve Implantation in a Patient With Dextrocardia and Situs Inversus Totalis].,Masahiro Kawamura; Takaaki Nagano; Shotaro Higa; Kojiro Furukawa,,2026-06,Kyobu geka. The Japanese journal of thoracic surgery,"The patient is a man in his 60s with situs inversus totalis. He underwent percutaneous coronary intervention for an old myocardial infarction in his 40s and coronary artery bypass grafting( CABG) in his 60s. Through preoperative examination of CABG, moderate aortic stenosis( AS) was disclosed, and he was under outpatient follow-up. He was referred to our department because AS became severe. Since operative mortality and morbidity were high, we chose transcatheter aortic valve implantation (TAVI) as the treatment option. Fluoroscopic images were mirrored, and the delivery system was rotated 180 degrees at the time of insertion because he had situs inversus totalis. TAVI was successful, and he was discharged home without complications. In peculiar cases such as anatomical anomalies, it is crucial to perform TAVI safely. In the case of situ inversus totalis, mirroring fluoroscopic images and device inversion were beneficial."
PubMed,aortic stenosis,[Transcatheter Aortic Valve Implantation Using a Balloon-expandable Valve in Small Size Surgical Aortic Valve for Structural Valve Deterioration].,Shuichi Okonogi; Ayako Nagasawa; Takao Miki; Kiyomitsu Yasuhara; Satoshi Ohki; Ryo Yamaguchi,,2026-07,Kyobu geka. The Japanese journal of thoracic surgery,"We report a case of transcatheter aortic valve-in-surgical aortic valve( TAV in SAV) implantation for structural valve deterioration of a small bioprosthetic valve. An 81-year-old woman presented with heart failure 19 years after aortic valve replacement using a 19-mm bioprosthetic valve. Imaging studies revealed severe prosthetic valve stenosis. Considering high surgical risk and anatomic feature of misalignment between the axis of ascending aorta and bioprosthetic valve, balloon-expandable transcatheter heart valve implantation was successfully performed via femoral approach without complications. Postoperative echocardiography showed improved hemodynamic condition and the patient became less symptomatic. During TAV in SAV for small bioprosthetic valve, valve selection should be individualized based on anatomical and clinical characteristics."
PubMed,aortic stenosis,Outcomes of Concomitant PCI and TAVR Versus TAVR Alone in Patients with Severe Aortic Stenosis: A Retrospective Study.,Ravinder Singh Rao; Akshay Prashanth Giri; Lakshmi Durga Kumaraguruparan; Kailash Chandra; Prashant Vardhney; Narayan Sharma; Vinod Kumar Balakrishnan; Sadhanandham Shanmugasundaram; Sankaran Ramesh; Jayanty Satyanarayana Murthy; Sadagopan Thanikachalam; Nagendra Boopathy Senguttuvan,10.1016/j.ihj.2026.09.001,2026-09-10,Indian heart journal,"Severe aortic stenosis (AS) and coronary artery disease frequently coexist, yet the optimal management strategy for patients undergoing TAVR with concomitant CAD remains debated. Our study compared safety outcomes and procedural characteristics of concomitant TAVR and PCI versus TAVR alone in a two-center Indian population with severe AS.
This retrospective, multi-center, case-control study included 30 consecutive patients undergoing planned concomitant TAVR and PCI and 30 age-, sex-, and valve-type-matched TAVR-alone controls identified from the same study period. PCI was performed for angiographically confirmed proximal coronary stenosis ≥70% or as deemed appropriate according to the study protocol. The primary outcome was VARC-3 defined any bleeding or vascular complication through hospital dischargeSecondary outcomes included in-hospital and 30-day mortality, myocardial infarction, stroke, acute kidney injury, pacemaker implantation, fluoroscopy time, and contrast volume.
Thirty concomitant TAVR-PCI patients and 30 matched TAVR-alone controls were included. The primary outcome occurred in 3 patients (10.0%) versus 2 patients (6.7%; p>0.99), with a risk difference of 3.3 percentage points (95% CI, -12.7 to 19.7). No major or life-threatening bleeding events occurred. Fluoroscopy time (38.6±23.2 vs. 26.8±10.0 min; p<0.01) and contrast volume (166.7±65.5 vs. 99.6±37.7 mL; p<0.001) were higher with concomitant PCI. No in-hospital or 30-day deaths or myocardial infarctions occurred in either group.
In this small, retrospective, two-center cohort, concomitant PCI at the time of TAVR was not associated with an observed excess of bleeding or vascular complications compared with TAVR alone. These findings are hypothesis-generating and support the feasibility of a concomitant strategy in carefully selected patients at experienced, high-volume centers; they do not establish safety equivalence."
PubMed,aortic stenosis,Prevalence and Clinical Implications of Severe Aortic Stenosis in Patients with Chronic Limb Threatening Ischaemia Undergoing Endovascular Therapy.,Takahiro Tokuda; Kohei Yamaguchi; Takashi Yanagiuchi; Kenji Ogata; Tatsuro Takei; Tatsuya Nakama,10.1016/j.ejvs.2026.09.010,2026-09-10,European journal of vascular and endovascular surgery : the official journal of the European Society for Vascular Surgery,
PubMed,aortic stenosis,Association Between the Degree of Extravalvular Cardiac Damage and the Severity of Aortic Stenosis.,Augustin Coisne; Rubens Groulez; Camille Diharce; David Montaigne; Gilles Lemesle; Sandro Ninni; Samy Aghezzaf; Arnaud Sudre; Thomas Modine; André Vincentelli; Marie Jungling; Philippe Généreux; Sebastian Ludwig; Martin Leon; Juan Granada; Christophe Bauters,10.1016/j.jacadv.2026.103227,2026-09-10,JACC. Advances,"The relationship between the extent of extravalvular cardiac damage (CD) and valve disease severity remains uncertain in aortic stenosis (AS) patients.
The objective of the study was to investigate the correlation between AS severity and CD staging and its clinical impact across the spectrum of AS outpatients.
Consecutive patients with mild (peak aortic velocity = 2.5-2.9 m/s), moderate (3-3.9 m/s), and severe AS (≥4 m/s) native AS from a regionwide cohort were included by 117 cardiologists between May 2016 and December 2017 in the VALVENOR cohort. Patients were followed up for 5 years.
Among the 1,747 patients with available CD (65% of the overall cohort), 744 (42.6%) patients had mild AS, 714 (40.9%) patients moderate AS, and 289 (16.5%) severe AS. Of the 1747 patients, 524 patients (30%) demonstrated CD stage 0, 298 (17%) stage 1, 765 (44%) stage 2, 109 (6%) stage 3, and 51 (3%) stage 4. Patients in stage >0 had higher peak aortic jet velocity compared to patients in stage 0 (3.35 ± 0.69 vs 3.11 ± 0.56 m/s; P < 0.001). After adjustment, higher peak aortic jet velocity (per m/s, P < 0.001) remained independently associated with CD stage >0. Both all-cause mortality and cardiovascular mortality were higher in patients in stage >0 as compared with patients in stage 0 (HR: 1.75; 95% CI: 1.44-2.11; P < 0.001 and HR: 2.52: 95% CI: 1.79-3.55; P < 0.001, respectively).
The extent of extravalvular CD correlates with AS severity and is associated with poor clinical outcomes across all AS stages. Further research is warranted to determine whether assessing CD should be integrated in the management of patients with AS."
PubMed,aortic stenosis,Impact of Sievers morphology on fibro-calcific remodeling in severe bicuspid aortic valve stenosis: Exploratory findings from sex-stratified analyses.,Jun Shu; Jingji Xu; Xiaoli Meng; Jin Zhang; Yao Zhao; Yanwen Lu; Xugang Wang; Shuangxin Li; Zhuofan Li; Zhuojie Lv; Yu Li; Xiaoqing Ma; Yanrui Tong; Didi Wen; Minwen Zheng,10.1093/ehjci/jeag250,2026-09-10,European heart journal. Cardiovascular Imaging,"Aortic stenosis (AS) is the most frequent valvular complication of bicuspid aortic valve (BAV), characterized by progressive fibro-calcific remodeling of the valve leaflets, but whether Sievers morphology (type 0 vs. type 1) influences tissue composition and whether these differences are sex-specific remain unclear. This study aimed to compare calcific and fibrotic remodeling between Sievers type 0 and type 1 BAV in severe AS, and to explore the effect modified by sex.
This retrospective study included 244 patients with severe BAV stenosis (type 0: n=134, type 1: n=110; 43.4% women) who underwent both echocardiography and cardiac computed tomography. Calcific and fibrotic volumes were quantified and indexed to aortic annulus area to achieve density parameters. In the overall cohort, fibrotic density was significantly higher in type 0 versus type 1 (456.5 vs. 354.3 mm3/cm2, p<0.001), whereas calcific density did not differ between groups. In exploratory sex-stratified analyses, the difference in fibrotic density between type 0 and type 1 was statistically significant in women (463.9 vs. 376.5 mm3/cm2, p=0.011) but not in men. Multivariable regression confirmed these associations in women (β=-2.2, 95% CI: -4.0 - -0.4, p=0.016), while no significant associations were observed in men. However, formal interaction testing between Sievers type and sex was not significant (p=0.140).
In severe BAV stenosis, Sievers type 0 morphology is associated with higher fibrotic density than type 1, whereas calcific density is comparable, exploratory analyses suggest a potential sex-related difference that warrants further investigation in larger cohorts."
Crossref,aortic stenosis,Microscopic anatomy of the heart and aortic crest of the sea hare Aplysia depilans (Gastropoda: Euopisthobranchia),Alexandre Lobo-da-Cunha,10.1016/j.tice.2026.103817,2027-02,Tissue and Cell,
Crossref,aortic stenosis,Chebulinic acid attenuates ox-LDL-induced oxidative injury in human aortic endothelial cells in association with Nrf2/HO-1 activation,Hairong Li; Yinmei Zhu; Weisong Tang; Biquan Lin; Fangbo Lin,10.1016/j.tice.2026.103881,2027-02,Tissue and Cell,
Crossref,aortic stenosis,Impact of intra-aortic balloon pump support on cerebral blood flow velocity during venoarterial ECMO,Timothée Ayasse; David Levy; Ouriel Saura; Alain Combes; Matthieu Schmidt,10.1016/j.jcrc.2026.155710,2027-02,Journal of Critical Care,
Crossref,aortic stenosis,PLN inhibits vascular smooth muscle cell pyroptosis in abdominal aortic aneurysm via NF-κB/NLRP3 pathway,Shan Chen; Yanxi Yang; Lei Yang; Yulin Miao; Weiwei Wang; Chao Ding; Zhipeng Hu,10.1016/j.tice.2026.103827,2027-02,Tissue and Cell,
Crossref,aortic stenosis,Modeling calcific aortic valve disease with engineered human valve tissues identifies SAMHD1 as a therapeutic target,Xiangfu Meng; Qian Zhou; Zijin Zhu; Weihua Qiao; Bingchuan Geng; Zhengfeng Fan; Ruxiang Wang; Shanqing Gao; Yanyan Zhou; Pengcheng Yang; Nianguo Dong; Yan Qi; Donghui Zhang,10.1016/j.biomaterials.2026.124432,2027-01,Biomaterials,
Crossref,aortic stenosis,Serum sialic acid is independently associated with cerebrovascular atherosclerotic stenosis severity and total vascular burden: A retrospective cohort study,Qi Cai; Chunjiao Yang; Lei Luo; Yinfei Huang; Yu Xie; Xin Liang; Renwei Zhang; Yumin Liu,10.1016/j.cca.2026.121217,2027-01,Clinica Chimica Acta,
Crossref,aortic stenosis,Reduced Occludin expression in aortic endothelial cells mediates endothelial barrier dysfunction in aortic dissection,Shiqi Gao; Chenyu Zhou; Jiachen Li; Xianchao Jiang; Yuanrui Gu; Yumengi Ji; Kai Xu; Jiang Liu; Zhonghua Shen; Enzehua Xie; Juntao Qiu,10.1016/j.bbadis.2026.168417,2027-01,Biochimica et Biophysica Acta (BBA) - Molecular Basis of Disease,
Crossref,aortic stenosis,Two Cases of Lumbar Spinal Canal Stenosis with Dorsal Meningovertebral Ligaments: Potential Risk of Dural Laceration,Kyohei KIN; Ryoji TOMINAGA; Kento TAKEBAYASHI; Hiroki IWAI; Hisashi KOGA,10.2176/jns-nmc.2025-0354,2026-12-31,NMC Case Report Journal,
Crossref,aortic stenosis,Intraoperative Near-infrared Spectroscopy Findings Reflecting Cerebrovascular Autoregulation during Staged Angioplasty for Severe Carotid Artery Stenosis: A Case Report,Norihiro IWAMOTO; Shin-Ichiro OSAWA; Norio NARITA; Hiroyuki SAKATA; Hidenori ENDO,10.2176/jns-nmc.2025-0403,2026-12-31,NMC Case Report Journal,
Crossref,aortic stenosis,Staged Full-endoscopic Foraminotomy for Multilevel Lumbar Stenosis with Scoliosis: A Case Report,Takayuki KITAHARA; Yuji NAGAO; Takafumi OHSHIMA; Naoto ONO; Saori SOEDA; Makoto TAKEUCHI; Kosuke SUGIURA; Hiroaki MANABE; Masatoshi MORIMOTO; Fumitake TEZUKA; Hiroshi KAGEYAMA; Junzo FUJITANI; Koichi SAIRYO,10.2176/jns-nmc.2025-0339,2026-12-31,NMC Case Report Journal,
Crossref,aortic stenosis,Transaxillary endovascular repair of a mycotic ascending aortic pseudoaneurysm using a rifampin-soaked Dacron-based Cook Zenith Flex abdominal aortic cuff,Benjamin Limburg; Thekla Bacharach; Anand Dayama,10.1016/j.jvscit.2026.102429,2026-12,"Journal of Vascular Surgery Cases, Innovations and Techniques",
Crossref,aortic stenosis,Hybrid repair of Kommerell diverticulum associated with severe aberrant left subclavian artery stenosis and poststenotic aneurysmal degeneration: 2-year outcomes,Fanru Shen; Salim G. Habib; Natalie S. Weger,10.1016/j.jvscit.2026.102458,2026-12,"Journal of Vascular Surgery Cases, Innovations and Techniques",
Crossref,aortic stenosis,Gestational aortic dissection: Moving beyond diameter in pregnancy-specific aortic risk assessment,Jing Liu,10.1016/j.thr.2026.100016,2026-12,Thoracic Radiology,
Crossref,aortic stenosis,"Type Ib Endoleak after Endovascular Aortic Repair: Occurrence Rate, Management Strategies, and Outcomes. A Systematic Review and Meta-Analysis",Nicola Cicala; Antonino Di Leo; Claudio Bianchini Massoni; Davide Maria Pressanto; Beatrice Daldoss; Alexandra Catasta; Antonio Freyrie; Paolo Perini,10.1016/j.avsg.2026.07.033,2026-12,Annals of Vascular Surgery,
Crossref,aortic stenosis,Long-Term Outcomes of Open Aneurysmorrhaphy for Sac Expansion After Endovascular Abdominal Aortic Aneurysm Repair,Hirotsugu Ozawa; Takao Ohki; Kota Shukuzawa; Daisuke Yamagishi; Takehiro Suzuki; Ryo Nishide; Makiko Omori; Soichiro Fukushima,10.1016/j.avsg.2026.07.038,2026-12,Annals of Vascular Surgery,
Crossref,aortic stenosis,The Prevalence of Thoracic Aortic Aneurysms in Patients with Abdominal Aortic Aneurysms,Holly Watson; Helena Edlin; Ferdinand Serracino-Inglott,10.1016/j.avsg.2026.07.035,2026-12,Annals of Vascular Surgery,
Crossref,aortic stenosis,Triple-Branched Stent-Grafts for Total Endovascular Repair of Aortic Arch Pathologies: A Systematic Review,Hong-Cheng Luo; Kristine J.S. Kwan; Hai-Lei Li; Zilun Li; Stephen Wing-Keung Cheng,10.1016/j.avsg.2026.08.018,2026-12,Annals of Vascular Surgery,
Crossref,aortic stenosis,Netrin-1 suppresses CCL2-driven macrophage migration: implications for modulating vascular inflammation and aortic sinus enlargement in hyperlipidaemic mice,Vasco Claro; Yanira Riffo-Vasquez; Fulye Argunhan; Albert Ferro,10.1016/j.jmccpl.2026.100868,2026-12,Journal of Molecular and Cellular Cardiology Plus,
Crossref,aortic stenosis,Feasibility of magnetic compression–mediated transection of rabbit xiphoid cartilage: A simulation study for tracheobronchial remnant–type congenital esophageal stenosis,Yinmin Sun; Dongwen Quan; Siqi Li; Shiqi Liu; Jia Yang,10.1016/j.jpedsurg.2026.163430,2026-12,Journal of Pediatric Surgery,
Crossref,aortic stenosis,Infected thoracoabdominal aortic aneurysm with vertebral osteomyelitis caused by invasive pneumococcal disease successfully managed with rifampicin-soaked in situ graft replacement,Yoshifumi Itoda; Yutaka Hasegawa; Hiroyuki Morishita; Shuichi Okada; Yasuyuki Yamada; Joji Hoshino,10.1016/j.jvscit.2026.102440,2026-12,"Journal of Vascular Surgery Cases, Innovations and Techniques",
Crossref,mitral regurgitation,AIoT-Driven Real-Time Detection of Mitral Valve Prolapse,Meng Han Chen; Guanling Lee,10.1504/ijipt.2027.10079642,2027,International Journal of Internet Protocol Technology,
Crossref,mitral regurgitation,A physics-informed neural network framework for hemodynamic reconstruction and quantitative mitral regurgitation assessment,Kalpana Chauhan; Rajeev Kumar Chauhan,10.1016/j.bspc.2026.111264,2026-12,Biomedical Signal Processing and Control,
Crossref,mitral regurgitation,New variants in ACE gene region in 10 Cavalier King Charles Spaniel dogs with mild and severe myxomatous mitral valve disease – preliminary study,Maksymilian Lewicki; Sylwia Górczyńska-Kosiorz; Piotr Frydrychowski; Justyn Gach; Zuzanna Wojtczak; Jacek Cymbryłowicz; Agnieszka Noszczyk-Nowak,10.1016/j.vas.2026.100769,2026-12,Veterinary and Animal Science,
Crossref,mitral regurgitation,Echocardiographic Indicators of Left Atrial Rupture in Dogs with Advanced Degenerative Mitral Valve Disease,Asim Abdulrahman Alshehri; Ahmed A. Ibrahim; Saad Shousha; Mohamed A. Marzok; Adel Almubarak; Mohamed W. El-Sherif; Mahmoud Hassan; Mahmoud Saber,10.21608/ejvs.2026.481910.3618,2026-12-01,Egyptian Journal of Veterinary Sciences,
Crossref,mitral regurgitation,Beyond mitral regurgitation reduction: Divergent hemodynamic and structural responses to transcatheter edge-to-edge repair in primary and secondary mitral regurgitation,Carlo Vignati; Gaia Cattadori; Fiorella Puttini; Beatrice Pezzuto; Valentina Mantegazza; Chiara Morocutti; Arianna Galotta; Elisabetta Salvioni; Irene Mattavelli; Rebecca Caputo; Jeness Campodonico; Anna Apostolo; Mauro Contini; Pietro Palermo; Massimo Mapelli; Stefania Farina; Federico De Marco; Cristina Ferrari; Antonio Luca Bartorelli; Manuela Muratori; Piergiuseppe Agostoni,10.1016/j.ijcard.2026.134678,2026-11,International Journal of Cardiology,
Crossref,mitral regurgitation,Cine-derived mitral annular relaxation velocity for detection of preclinical left ventricular diastolic dysfunction,Niall McVeigh; David Ryan; Fiona Ryan; Joseph McCambridge; Maria Ferre; Sebastian Flynn; David J. Murphy; Mark Ledwidge; Ken McDonald; Jonathan D. Dodd,10.1016/j.mri.2026.110733,2026-11,Magnetic Resonance Imaging,
Crossref,mitral regurgitation,From diagnostic dilemma to successful management: Early prosthetic mitral valve endocarditis complicated by splenic infarction caused by Klebsiella pneumoniae,Mourad Hmidouch; Soumia Boulouiz; Nabila Ismaili; Zakaria Bazid; Noha El Ouafi,10.1016/j.radcr.2026.07.025,2026-11,Radiology Case Reports,
Crossref,mitral regurgitation,Epigenetic and transcriptomic regulation of RTN4IP1 links mitochondrial metabolism to the risk of mitral valve disease,Baiyu Tian; Fei Meng; Jiangang Wang; Haibo Zhang; Tiange Luo; Jintao Fu; Kemin Liu; Wenbo Zhang; Cheng Zhao; Yuqing Jiao; Junhui Sun,10.1016/j.hrtlng.2026.102892,2026-11,Heart &amp; Lung,
Crossref,mitral regurgitation,The prognostic importance of the right ventricle for patients with mitral regurgitation undergoing surgical treatment: A speckle tracking study,Maria Concetta Pastore; Federica Marrese; Andrea Marchese; Lorenzo Tanzi; Andrea Stefanini; Antonio Capolongo; Giulia Elena Mandoli; Ilenia Pennisi; Martina Rizzo; Veronica Lorenz; Giuseppe Alba; Gianfranco Montesi; Luna Cavigli; Flavio D'Ascenzi; Marta Focardi; Serafina Valente; Ottavio Alfieri; Matteo Cameli,10.1016/j.ijcard.2026.134681,2026-11,International Journal of Cardiology,
Crossref,mitral regurgitation,Safety of multiple grasping attempts during transcatheter mitral valve repair with the PASCAL system,Florian Jürgens; Florian Schindhelm; Mohammed Abusharekh; Clara M.K. Brandts; Jürgen Kampf; Matthias Totzeck; Fadi Al-Rashid; Peter Lüdike; Tienush Rassaf; Amir A. Mahabadi,10.1016/j.ijcard.2026.134636,2026-10,International Journal of Cardiology,
Crossref,mitral regurgitation,Early Transcatheter Edge-to-Edge Repair Is Associated With Improved Mid-term Outcomes in Degenerative Mitral Regurgitation,Tetsuro Shimura; Masanori Yamamoto; Itta Kawamura; Azusa Kurita; Hitoshi Matsuo; Ai Kagase; Takahiro Tokuda; Atsushi Sugiura; Hiroshi Tsunamoto; Ryo Yamaguchi; Mike Saji; Yuki Izumi; Masahiko Asami; Yusuke Enta; Daisuke Hachinohe; Shinichi Shirai; Masaki Izumo; Shingo Mizuno; Yusuke Watanabe; Makoto Amaki; Kazuhisa Kodama; Hisao Otsuki; Toru Naganuma; Hiroki Bota; Yohei Ohno; Masahiro Yamawaki; Hiroshi Ueno; Gaku Nakazawa; Toshiaki Otsuka; Shunsuke Kubo; Kentaro Hayashida,10.1016/j.amjcard.2026.08.007,2026-10,The American Journal of Cardiology,
Crossref,mitral regurgitation,Transcatheter Aortic Valve Replacement for Native Aortic Regurgitation,Raviteja R. Guddeti; Nadia El-Hangouche; Santiago Garcia,10.1016/j.iccl.2026.06.002,2026-10,Interventional Cardiology Clinics,
Crossref,mitral regurgitation,Left atrial strain and fibrosis in primary mitral regurgitation: asynchronous markers of atrial remodelling?,Cristina Conte; Alessandro Telesca; Massimo Imazio,10.1016/j.ijcard.2026.134642,2026-10,International Journal of Cardiology,
Crossref,mitral regurgitation,"Sex Disparities in In-Hospital Outcomes After Transcatheter Edge-to-Edge Mitral Valve Repair: A National Inpatient Sample Analysis, 2016–2022",Brett David Cohen; Nicholas Roma; Luke Miller; Michael Durkin,10.1016/j.shj.2026.101098,2026-10,Structural Heart,
Crossref,mitral regurgitation,Corrigendum to “First-in-human study of the K-Clip™ transcatheter annular repair system for severe functional tricuspid regurgitation” [International Journal of Cardiology 390(2023) / IJCA 131174],Xiaochun Zhang; Qinchun Jin; Wenzhi Pan; Wei Li; Yingqiang Guo; Genshan Ma; Cuizhen Pan; Shasha Chen; Yuan Zhang; Lei Zhang; Mingfei Li; Shiqiang Hou; Yat-yin Lam; Thomas Modine; Alex Pui-Wai Lee; Juying Qian; Daxin Zhou; Junbo Ge,10.1016/j.ijcard.2026.134622,2026-10,International Journal of Cardiology,
Crossref,mitral regurgitation,"A retrospective (2020–2025), multicenter study of myxomatous mitral valve disease in Chihuahuas from Italy, Sweden, and the United States of America",I. Spalla; M.B. Bjerknaes; T. Bertuccini; G. Menciotti; A. Showers; G. Dossi; M. Borgarelli; J. Häggström; I. Ljungvall; R. Toschi Corneliani; C. Locatelli,10.1016/j.jvc.2026.06.005,2026-10,Journal of Veterinary Cardiology,
Crossref,mitral regurgitation,"Influence of age, frailty and non-cardiac comorbidities on survival in patients undergoing mitral valve edge-to-edge repair – a perspective from the German health care system",Kerstin Piayda; Nabor Keweloh; Bernhard Unsöld; Samuel Sossalla; Amin Polzin; Fabian Voss; Jafer Haschemi; Marcel Giemsa; Ursula Marschall; Beata Hennig; Michael Beil; Malte Kelm; Christian Jung,10.1016/j.ijcha.2026.101990,2026-10,IJC Heart &amp; Vasculature,
Crossref,mitral regurgitation,Association of component measurement variability and disease severity with variability of calculated mitral regurgitant fraction in dogs with myxomatous mitral valve disease,G. McAulay; D. Singleton; M. Rishniw,10.1016/j.jvc.2026.06.004,2026-10,Journal of Veterinary Cardiology,
Crossref,mitral regurgitation,A physiology-constrained framework for non-invasive left atrial pressure assessment and post-procedural estimation in mitral stenosis,Qimin Zhang; Wenwen Liang; Shengzhang Wang; Minmin Sun,10.1016/j.bspc.2026.110809,2026-10,Biomedical Signal Processing and Control,
Crossref,mitral regurgitation,"Transcatheter Mitral Valve Replacement in Valve-in-Valve, Valve-in-ring, and Valve-in-Mitral Annular Calcification: A Case-based Review",Antonella Millin; Ioannis Skalidis; Lorenzo Fargione; Neila Sayah; Mauro Boiago; Thierry Lefèvre; Mariama Akodad,10.1016/j.amjcard.2026.07.018,2026-10,The American Journal of Cardiology,
Crossref,valvular heart disease,Giant Cells in Health and Disease-A Review,Sonal Gupta,10.21276/ijchmr.2016.2.2.10,2106-06-20,International Journal Of Community Health And Medical Research,
Crossref,valvular heart disease,Chronic Disease Prevention and Management: Implications for Health Human Resources in 2020,Margo Orchard; Esther Green; Terrence Sullivan; Anna Greenberg; Verna Mai,10.12927/hcq.2013.19496,2088-01-15,Healthcare Quarterly,
Crossref,valvular heart disease,Contemporary Disease Management in Quebec,Amédé Gogovor; Michelle Savoie; Yola Moride; Marilyn Krelenbaum; Terrence Montague,10.12927/hcq.2013.19495,2088-01-15,Healthcare Quarterly,
Crossref,valvular heart disease,Woman Receives Genetically Modified Pig Kidney Transplant after Heart Pump Surgery,Tanya L,10.1038/scientificamerican072077-4hozib8kpx2m6wjvhqi1zz,2077-07,Scientific American,
Crossref,valvular heart disease,What a Study on Ultraprocessed Fake Meat and Heart Disease Really Found,Lori Y,10.1038/scientificamerican072077-2xmzfca9smsvxelw1jobgf,2077-07,Scientific American,
Crossref,valvular heart disease,Simultaneous Estimation and Variable Selection for Linear Transformation Models in the Presence of Functional and Missing Covariates with the Application to Alzheimer’s Disease,Yichen Lou; Mingyue Du; Jianguo Sun,10.5705/ss.202026.0046,2029,Statistica Sinica,
Crossref,valvular heart disease,Water Lily or Camelotte Sign in Pulmonary Hydatid Cyst – An Orphan Disease,Sudheer Tale; Soibampahel M; Mrudula K; Ritisha B; Subodh K; Girish S,10.23880/cclsj-16000132,2028-11-11,Cell &amp; Cellular Life Sciences Journal,"A 20 – year – old male without any previous comorbidity presented to pulmonary medicine outpatient department with complaints of dull aching chest pain on right side, dry cough and shortness of breath for the pastone year. He was non vegetarian and had no addictions. On general physical examination his vitals were stableand respiratory system examination revealed decreased breath sounds in the right hemithorax. All his routineblood investigations were normal. Chest radiograph revealed homogenous opacity in the right middle andlower zones. Contrast enhanced computed tomography of thorax and abdomen showed a well defined encapsulatedcystic lesion of size 12x10x14cm with internal floating membranes (water lily sign or Camelotte sign) with masseffect on adjacent lung parenchyma causing atelectasis and compression of adjacent vessels (Figure 1). Hydatid serology (IgG) was positive. Patient was treated symptomatically and referred for surgical intervention."
Crossref,valvular heart disease,Innovative deep learning computational approach for wheat disease detection employing faster region-based convolutional neural network,Shikai Zhou,10.1504/ijaac.2028.10080905,2028,International Journal of Automation and Control,
Crossref,valvular heart disease,Comparison of convolutional neural network (CNN) methods using AlexNet and VGG16 architectures for disease detection in apples,Anang Pramono; Zuhriah Virlani Putri,10.1504/ijaac.2028.10078919,2028,International Journal of Automation and Control,
Crossref,valvular heart disease,Galectin-1 Correlates with Inflammatory Cytokines and T-Cell Subsets in Children with Type 1 Diabetes and/or Celiac Disease: Evidence from an Iraqi Pediatric Cohort,Mohammad K. Murshid; Oras M. Shaheed,10.21608/ejmm.2026.502293.2588,2027-10-01,Egyptian Journal of Medical Microbiology,
Crossref,valvular heart disease,Diagnostic value for miRNA-21-5p and miRNA-27b-3p in Diabetic Retinopathy Disease Development,Malak B. Alshaheen; Ibrahim A. Altamem,10.21608/ejmm.2026.506159.2625,2027-10-01,Egyptian Journal of Medical Microbiology,
Crossref,valvular heart disease,"EFFECT OF FERTILIZER FACTORY WASTES ON SEED GERMINATION, PLANT GROWTH AND ROOT-KNOT DISEASE DEVELOPMENT IN TOMATO (Lycopersicon lycopersicum L.) PLANTS",Gopal Dixit,10.33865/wjb.002.02.0086,2027-08-31,World Journal of Biology and Biotechnology,"In the present research paper studies have been made on fertilizer factory wastes on percent seed germination, root and shoot length of plants and development of root-knot galls by Meloidogyne incognita in five cultivars of tomato. Though all the cultivars showed almost similar impact of fertilizer wastes on seed germination, plant growth and resistance for root-knot disease with little variation. Percent germination of seeds and plant growth was found decreased while the root-knot index was increased along with the increase in concentration of fertilizer wastes."
Crossref,valvular heart disease,RELATION OF HEART WEIGHT WITH AGE AND WEIGHT OF CADAVER,Jolly Agarwal; Virendra Kumar,10.21761/jms.v2i01.10838,2027-07-25,SRMS JOURNAL OF MEDICAL SCIENCE,"Introduction: Height, weight, and age of person has significant impact on the normal size of&#x0D; heart. These parameters need to be considered when cut-off values indicating the need for&#x0D; treatment or even surgery are established. The aim of present work is to study the relation of&#x0D; weight of the heart with age and weight of cadaver.&#x0D; Material and Methods: The study was performed in the Department of Anatomy, Shri Ram&#x0D; Murti Smarak Institute of Medical Sciences, Bareilly on 30 hearts from embalmed cadavers.&#x0D; The hearts were procured from the cadavers available in our department. The heart was&#x0D; thoroughly cleaned and measurements were taken.&#x0D; Results: The mean heart weight was 223.37 ± 57.78 g. Significant relationship between age of&#x0D; the cadaver and weight of the heart (p=0.0004), weight of cadaver and weight of heart&#x0D; (p=0.0001) was observed.&#x0D; Conclusion: The above study provides valuable data of the heart in our geographical location,&#x0D; which may be useful for cardiac surgeons and physicians."
Crossref,valvular heart disease,TNFAIP3 Downregulation Predicts Disease Activity and Recovers with Treatment Escalation in Rheumatoid Arthritis: A Cross-Sectional Analysis of NF-κB Dysregulation,Ali Qasim; Rafid Abdulkarrem,10.21608/ejmm.2026.497612.2518,2027-07-01,Egyptian Journal of Medical Microbiology,
Crossref,valvular heart disease,"Correlation of IL-1β, IL-17A, and CXCL13 Biomarkers with P2RX7 Genetic Polymorphism and Clinical Disease Activity of Iraqi Patients with Rheumatoid Arthritis",Zahraa Thamir; Mohammed Nader,10.21608/ejmm.2026.497902.2527,2027-07-01,Egyptian Journal of Medical Microbiology,
Crossref,valvular heart disease,Altered Gut Microbiota and Its Relationship with Circulating Plasma Cytokines in Parkinson's Disease Patients from Upper Egypt: A Cross-Sectional Case-Control Investigation,Roba R. Riad; Eman M. Khedr; Enas A. Daef; Mona A. Hassan; Maggie A. Ibrahim; Gellan K. Ahmed,10.21608/ejmm.2026.510190.2652,2027-07-01,Egyptian Journal of Medical Microbiology,
Crossref,valvular heart disease,Elevated TLR-9 Gene Expression Correlates with IL-41 and TNF-α Levels and Renal Dysfunction in Iraqi Patients with Chronic Kidney Disease,Fatima A. Habba; Basima Q. ALSaadi,10.21608/ejmm.2026.497345.2513,2027-07-01,Egyptian Journal of Medical Microbiology,
Crossref,valvular heart disease,Serum Interleukin-15 and Tumor Necrosis Factor-Alpha as Diagnostic and Disease Activity Biomarkers in Vitiligo,Ali S. Aziz; Raad A. Alasady,10.21608/ejmm.2026.494791.2477,2027-07-01,Egyptian Journal of Medical Microbiology,
Crossref,valvular heart disease,Immunological Significance of CPAs and IL-13 in Predicting Interstitial Lung Disease Among Patients with Rheumatoid Arthritis,Asmaa K. Yassin; Firas F. Raja,10.21608/ejmm.2026.504884.2613,2027-07-01,Egyptian Journal of Medical Microbiology,
Crossref,valvular heart disease,"Evaluation of CXCL10, TGF-β1, IL-8, and Liver Enzymes as Predictive Biomarkers for Disease Severity in Iraqi HBV Patients",Duha B. Ibrahim; Osama N. Nijris; Mohammed K. O. Al-Samarrai,10.21608/ejmm.2026.503447.2599,2027-07-01,Egyptian Journal of Medical Microbiology,
OpenAlex,aortic stenosis,Relationship between baseline patient-reported health status and patient-centered outcomes after Transcatheter Aortic Valve Replacement.,Daijiro Tomii; Jonas Lanz; Dik Heg; Holger Thiele; Won-Keun Kim; Michael Joner; Helge Möllmann; Lenard Conradi; Christian Thilo; Stefan Toggweiler; Bernard Prendergast; Stephan Windecker; Thomas Pilgrim,10.48620/98197,2026-10-01,Open Access CRIS of the University of Bern,"Background Aortic stenosis (AS) impairs health-related quality of life but the prognostic impact of patient-reported health status prior to transcatheter aortic valve replacement (TAVR) is not fully established.Objectives To investigate the association of patient-reported health status at baseline with clinical outcomes and health status after transfemoral TAVR in patients with symptomatic severe AS.Methods In the investigator-initiated, multicenter SCOPE I randomized trial, patients underwent TAVR who provided baseline Kansas City Cardiomyopathy Questionnaire (KCCQ) assessment were included in this post-hoc analysis. An integrated patient-centered outcome was defined as being alive with good health status (KCCQ overall summary score [KCCQ-OS] ≥75 without a decline of >10 points from baseline).Results Of 739 patients enrolled in SCOPE I, 692 were included in the present analysis. Median baseline KCCQ-OS was 54.9 [39.6-71.9] distributed as follows: KCCQ-OS <25 - 74 (10.7%), 25-49 - 222 (32.1%), 50-74 - 271 (39.2%), ≥75 - 125 (18.1%). At 3 years after TAVR, higher baseline KCCQ-OS was associated with a greater likelihood of being alive with good health status (KCCQ-OS 50-75 vs. 0-25: adjusted odds ratio 2.25, 95% CI 1.12-4.54; 75-100 vs. 0-25: adjusted odds ratio 5.15, 95% CI 2.33-11.3). Restricted cubic spline modelling demonstrated an approximately linear relationship between baseline KCCQ-OS and all-cause mortality, and alive with good health status.Conclusions In this post-hoc analysis of SCOPE I, better baseline patient-reported health status was associated with a higher probability of being alive with good health status up to 3 years after TAVR.Clinical Trial Registration https://www.Clinicaltrials gov. NCT03011346."
OpenAlex,aortic stenosis,"Three-Year Outcomes of Drug-Eluting Stents, Drug-Coated Balloons, and Non-Drug-Eluting Devices in Native Femoropopliteal Artery Disease: An Analysis of the K-VIS ELLA Registry",Jaeoh Lee; In Tae Jin; Chul‐Min Ahn; Jae‐Hwan Lee; Pil‐Ki Min; Ji‐Yong Jang; Chang‐Hwan Yoon; Seung‐Whan Lee; Young Jin Youn; Cheol Woong Yu; Byung‐Hee Hwang; Ae‐Young Her; Jung‐Kyu Han; Sang-Min Kim; Woong Chol Kang; Wonmook Hwang; Eui Im; Y. Seo; Ju Han Kim; Tae‐Hoon Kim; Han‐Young Jin; Woo‐Young Chung; Byung Sik Kim; Chang-Bae Sohn; Seung‐Hyuk Choi; Donghoon Choi; Young‐Guk Ko; On behalf of the K-VIS ELLA investigators,10.54912/jci.2026.0031,2026-09-10,Journal of Cardiovascular Intervention,"Background: Although drug-eluting devices have demonstrated improved efficacy in femoropopliteal artery (FPA) disease, evidence on their long-term clinical outcomes in realworld practice remains limited.Methods: Using data from the multicenter Korean Vascular Intervention Society Endovascular Therapy in Lower Limb Artery Disease registry, 4,193 symptomatic native FPA limbs were analyzed.Treatments included non-drug-eluting devices, comprising plain old balloon angioplasty (n = 1,194) and bare-metal stents (n = 1,510), and drug-eluting devices, comprising drug-eluting stents (DES; n = 347) and drug-coated balloons (DCB; n = 1,142).The primary endpoint was clinically driven target lesion revascularization (CD-TLR) at 3 years.Inverse probability of treatment weighting was used to balance baseline characteristics.Results: After weighting, baseline characteristics were well balanced across groups.The mean patient age was 69.7 years, the mean lesion length was approximately 170.4 mm, and 59% of lesions were classified as Trans-Atlantic Inter-Society Consensus II C/D.At 3 years, DES and DCB were associated with significantly lower cumulative incidences of CD-TLR than non-drug-eluting devices (DES, 22.4% vs. 26.5%;adjusted hazard ratio [HR], 0.62; 95% confidence interval [CI], 0.42-0.91;P = 0.014; DCB, 20.5% vs. 26.5%;adjusted HR, 0.54; 95% CI, 0.40-0.73;P < 0.001).The CD-TLR rate did not differ significantly between DES and DCB.Rates of major amputation and all-cause mortality were similar across groups.Conclusions: In patients with symptomatic native FPA disease, endovascular treatment with DES or DCB was associated with a lower 3-year risk of CD-TLR than treatment with nondrug-eluting devices, without an increased risk of mortality."
OpenAlex,aortic stenosis,A pathobiologic classification of aortic stenosis: Moving beyond the degenerative–bicuspid–rheumatic paradigm,Sunil K. Ohri,10.1177/02184923261487490,2026-09-10,Asian Cardiovascular and Thoracic Annals,"BackgroundAortic stenosis is traditionally categorised as degenerative calcific, congenital bicuspid, or rheumatic. Contemporary molecular biology, multimodality imaging, and transcatheter valve therapy demonstrate that aortic stenosis represents a spectrum of mechanistically distinct diseases converging upon a shared haemodynamic endpoint. A four-category pathobiologic classification is proposed linking disease mechanism to operative strategy and procedural risk stratification.MethodsA narrative mechanistic review was performed using contemporary international guidelines, foundational biological studies, and key clinical series. Pathophysiology, characteristic imaging phenotype, and procedural implications were integrated into a clinically applicable framework for use by multidisciplinary heart valve teams.ResultsAortic stenosis arises via common downstream pathways - valve interstitial cell activation, inflammation, extracellular matrix remodelling, and mineralisation - through mechanistically distinct initiating processes. Four phenotypes are identified: (a) congenital structural-biomechanical disease; (b) fibro-calcific inflammatory-osteogenic disease; (c) autoimmune/inflammatory valvulitis; and (d) metabolic/mineralisation-associated disease. Each demonstrates characteristic anatomical morphology, rate of haemodynamic progression, and differential suitability for transcatheter or surgical intervention.ConclusionsAortic stenosis is a final common phenotype of multiple distinct biological processes. A pathobiologic classification improves procedural planning, risk stratification, and therapeutic selection in the era of transcatheter valve therapy, and supports precision-based individualised patient management."
OpenAlex,aortic stenosis,Long-term outcomes after balloon- or self-expandable transcatheter aortic valve replacement in small aortic annuli,Toshinobu Ryuzaki; Kentaro Hayashida; Kei Kamata; Ryo Arita; T. Moriizumi; Juri Iwata; Taku Hiramatsu; Akito Matsumura; Keitaro Shinada; Kohsuke Shirakawa; Hikaru Tsuruta; Masataka Yamazaki; Takashige Yamada; Hideyuki Shimizu; Masaki Ieda,10.1007/s12928-026-01347-2,2026-09-10,Cardiovascular Intervention and Therapeutics,
OpenAlex,aortic stenosis,Multi-class valvular heart disease classification and severity detection with enhanced accuracy using convolutional neural network,Sukant Behera; Iti Saha Misra; Khawer Naveed Siddiqui,10.37349/ec.2026.1012121,2026-09-10,Exploration of Cardiology,"Aim: Valvular heart disease (VHD) is an important factor in cardiovascular mortality. While early diagnosis is essential, existing methods often lack accuracy, leading to misdiagnosis. This study explores the use of deep learning (DL) for multi-class classification of VHD using phonocardiograph (PCG) signals. Methods: The dataset includes normal PCG heart signals and nine VHD classes such as severe and mild aortic stenosis, mild and moderate mitral stenosis, mild, moderate, and severe mitral regurgitation, and moderate and severe tricuspid regurgitation. A novel convolutional neural network (CNN) is developed to classify these ten classes, demonstrating high accuracy even in noisy data acquisition. Unlike traditional machine learning, which relies on handcrafted features such as spectral, wavelet, and mel-frequency cepstral coefficients, the CNN model automatically learns patterns from raw signals, thereby reducing the need for manual feature engineering. The model is further validated using real-time PCG data from heart clinics diagnosed by heart specialists. Results: It achieves excellent performance with 99.81% accuracy, 99.84% precision, 99.82% recall, 99.85% F1-score, and an area under the curve of the receiver operating characteristic of 1.0. Conclusions: This DL model eliminates segmentation and manual pre-processing, enabling early, accurate VHD detection while outperforming existing methods and supporting clinical decisions and patient care."
OpenAlex,aortic stenosis,A punch-assisted unroofing technique for anomalous aortic origin of coronary arteries,Kiyotoshi Oishi; Takuya Kawabata; Junya Nabeshima; Eiki Nagaoka; Tatsuki Fujiwara; Tomoyuki Fujita,10.1007/s11748-026-02395-4,2026-09-10,General Thoracic and Cardiovascular Surgery,
OpenAlex,aortic stenosis,Evolution of Aortic Valve Replacement Across Two Eras: Institutional Changes in Transcatheter and Surgical Practice and Outcomes,Jack T. Nickles; Marco Tagliafierro; Ezra Moos; Kenji Kaproth; Sarab Anand; Shirley Ge; Ali Fatehi Hassanabad; Luigi Pirelli,10.3390/medsci14050558,2026-09-10,Medical Sciences,"Objectives: Conventionally, the gold standard for aortic valve disease has been surgical aortic valve replacement (SAVR). Advances in transcatheter aortic valve replacement (TAVR) have since produced marked improvements in both outcomes and procedural volume. We sought to characterize this evolution by comparing the earliest and most recent 100 procedures of each modality at a single high-volume institution. Methods: We retrospectively compared four cohorts of 100 consecutive isolated procedures: 100 TAVRs from 2012 (the earliest period of complete and verifiable registry capture) and 100 first-time SAVRs from a contemporaneous period (2011), each versus the 100 most recent procedures of the same modality (TAVR 2024; SAVR 2024–2025). The SAVR cohorts were limited to first-time, isolated replacement; the TAVR cohorts to native-valve procedures. The primary endpoint was the 30-day composite of death or stroke. Secondary endpoints included new permanent pacemaker implantation, paravalvular leak, vascular access route, anesthetic technique, and length of stay. Results: For TAVR, the 30-day composite of death or stroke fell from 10% to 1% (p = 0.010), with fewer in-hospital deaths (6% to 0%; p = 0.029) and less new dialysis (4% to 0%; p = 0.059). A paravalvular leak of at least mild severity fell from 27% to 3% (p < 0.001), with none as moderate or greater in either era. New pacemaker implantation decreased from 15% to 6% (p = 0.056). Within the same comparison, general anesthesia decreased from 100% to 23%, non-transfemoral access from 29% to 2%, median ICU stay from 43 to 0 h, and hospital stay from 6 to 1 day (all p < 0.001). SAVR outcomes remained similar (composite 2% to 0%, p = 0.497; pacemaker 1% to 0%; and paravalvular leak 0% to 4%), while prolonged ventilation (11% to 1%; p = 0.007) and hospital stay (8 to 5 days; p < 0.001) improved. The SAVR population became younger (74 to 64 years; p < 0.001), and isolated first-time surgery was markedly less frequent, requiring 18.9 versus 5.7 months to accrue 100 consecutive cases. Conclusions: In this two-era institutional comparison, recent-era TAVR outcomes were markedly better, while SAVR outcomes remained excellent in both eras within a recent population that was younger and in whom eligible isolated first-time surgery was less frequent. Because the eras differed substantially in patient risk profile, these unadjusted within-modality comparisons describe a real-world redistribution of aortic stenosis care between two increasingly complementary treatments rather than isolating the effect of any single procedural or technological factor."
OpenAlex,aortic stenosis,Reversing the pipeline: a ‘human-first’ multi-omics approach to cardiovascular discovery,Elchanan Parnasa; Yair Rokach; Suzan Abedat; Offer Amir; Iddo Z. Ben‐Dov; Rabea Asleh,10.1038/s12276-026-01835-8,2026-09-09,Experimental & Molecular Medicine,"Despite significant biomedical advances, cardiovascular disease remains a leading cause of global mortality. The traditional 'bench-to-bedside' research pipeline, which heavily relies on animal models to guide clinical translation, is often hampered by species-specific physiological differences, leading to high rates of clinical trial failures. In this Review, we advocate for a paradigm shift toward a 'human-first' discovery approach. We explore how integrating human cardiac tissue resources obtained from biopsies, surgical explants and autopsies with high-resolution multi-omics technologies (including transcriptomics, proteomics and metabolomics) is transforming our understanding of complex heart diseases. We highlight recent breakthroughs in heart failure, ischemic heart disease, arrhythmias, myocarditis and valvular stenosis achieved through direct profiling of human samples. Finally, we propose a 'bedside-to-bench-and-back' strategy, in which therapeutic targets are identified in human tissues and then validated in animal models to accelerate the development of precise, clinically relevant cardiovascular treatments."
OpenAlex,aortic stenosis,A Case Report of Upper Gastrointestinal Outflow Tract Obstruction Initially Manifested as Recurrent Hypokalemic Periodic Paralysis,Cui Congming; Yongmei He,10.21203/rs.3.rs-10464954/v1,2026-09-09,Research Square,
OpenAlex,aortic stenosis,Undetected Gastric Angiodysplastic Lesion Causing Obscure Gastrointestinal Bleeding,Donghyoun Lee; Heung Up Kim; Hyun Joo Song,10.7704/kjhugr.2026.0011,2026-09-09,The Korean Journal of Helicobacter and Upper Gastrointestinal Research,"Obscure gastrointestinal bleeding (OGIB) has traditionally been defined to as bleeding originating from the small intestine that is beyond the reach of esophagogastroduodenoscopy and colonoscopy. However, gastric lesions associated with chronic intermittent bleeding may be undetected if there is no overt bleeding during initial endoscopic examination, resulting in a diagnosis of OGIB and repeated complex follow-up investigations. Vascular lesions, including angiodysplasia, Dieulafoy’s lesion, and small vascular ectasias, are major causes of chronic intermittent gastrointestinal bleeding. Hematemesis is an important clue for identifying the upper gastrointestinal tract as the source of anemia. Even when these vascular lesions are small and undetected, or not recognized as foci of bleeding during the initial endoscopy, confirmation of interval changes in size and morphology on follow-up endoscopy may provide an opportunity for definitive treatment of the lesion. Herein, we report a case of a patient with chronic anemia accompanied by recurrent syncope in whom no bleeding focus was identified on the initial endoscopic examination. After the patient had overt hematemesis, upper gastrointestinal bleeding was strongly suspected. Follow-up end oscopy revealed an angiodysplastic lesion with interval changes in size and morphology, which was recognized as the source of bleeding, and it was successfully treated endoscopically."
OpenAlex,aortic stenosis,Detailed Target Prioritization for Moura Ferreira et al. Advancing drug development for valvular heart disease by prioritising findings from human genetic association studies. EBioMedicine. 2026,Sara Ferreira; Rui Providencia; Amand F. Schmidt,10.6084/m9.figshare.33477028.v1,2026-09-09,Figshare,"Detailed Target Prioritization for all Phenotypes: I. Aortic Stenosis, II. Aortic Valve Traits, III. Aortic Stenois-Prioritization Table, IV. Mitral Valve Prolapse, V. Mitral Valve Prolapse-Prioritization Table, VI. Valvular Heart Disease, VII. Tricuspid Regurgitation, VIII. Mitral Stenosis, and IX. Rhematic Heart Disease."
OpenAlex,aortic stenosis,A dual view interactive framework with linked 2D and 3D visualisation enhances cerebral artery exploration in mixed reality,Cong Liu; Hanwu He; Yang Hong; Jianqing Mo,10.1007/s10791-026-10482-6,2026-09-09,Discover Computing,"Understanding the topology of cerebral arteries is crucial for neuro-interventional planning and medical education. Conventional 2D displays often suffer from projection ambiguity and severe occlusion. This study introduces a mixed reality system that integrates 3D vessel representation with a topology-aware 2D abstract layout, enabling segment-level path exploration and annotation. We propose two structured interaction techniques: Segment-Based Interaction (SBI) for direct 3D manipulation and Topology-Guided Selection (TGS) for indirect 2D selection with synchronized 3D feedback. A controlled user study demonstrates that the 2D + 3D configuration improves efficiency and reduces head movement in complex path-marking tasks, suggesting the potential of topology-guided 2D assistance for MR-based vascular exploration and training-oriented scenarios."
OpenAlex,aortic stenosis,Sustained Cerebrovascular Benefit of Carotid Endarterectomy Versus Transfemoral Carotid Artery Stenting: A Real-world Analysis,Fady Tawfik; Eric Yalley; Michael Boulis; Desmonae Perry; Jesse Maynard; Justyna Sienkaniec; Vincent Roberts; Anil Hingorani,10.1016/j.jvs.2026.06.054,2026-09-09,Journal of Vascular Surgery,
OpenAlex,aortic stenosis,Operationalizing the Implemented Twaddle Triad: An Empirical Application Across Four Vascular Diseases,Davide Costa; Nicola Ielapi; Raffaele Serra,10.21203/rs.3.rs-10927404/v1,2026-09-09,Research Square,
OpenAlex,aortic stenosis,"Clinical Profile, Echocardiographic Findings, and Management of Rheumatic Heart Disease in Children: A Hospital-Based Longitudinal Study in Ethiopia",Zemene Tigabu Kebede; Yohanes Hailu Matebe; Hailu Tazebew Amare; Ashenafi Tazebew Amare; Wubet Birhan; Tadesse Awoke Ayele; Kassahun Alemu; Abdulkadir Shehibo Buser; Alemayehu Teklu Toni; Yohannes Hailu Matebe,10.21203/rs.3.rs-10478101/v1,2026-09-09,Research Square,
OpenAlex,aortic stenosis,Real-World Experience With Esprit Bioresorbable Vascular Scaffolding Within Infrageniculate Vessels to Treat Chronic Limb-threatening Ischemia,Michael Youngjin Lee; Mouhammad Halabi; Andreas Mozny; Alexander Shepard; Loay Kabbani; Hamzah Saleem; Mitchell Weaver; Ali Rteil; Hani Ghandour; Andi Peshkepija; Timothy Nypaver; Tamer Boules; Kevin Onofrey,10.1016/j.jvs.2026.06.136,2026-09-09,Journal of Vascular Surgery,
OpenAlex,aortic stenosis,Femoral-only Thoracic Branch Endoprosthesis Deployment Reduces Operative Time Without Compromising Outcomes,Charles Renner; Nikhil Pallem; William Rothstein; Sam Tyagi,10.1016/j.jvs.2026.06.025,2026-09-09,Journal of Vascular Surgery,
OpenAlex,aortic stenosis,Real World Evidence Favors Carotid Endarterectomy Over Stenting for Asymptomatic Carotid Stenosis,Gabriel Jabbour; Shreef Said; Edouard Aboian; Isibor Arhuidese; Britt Tonnessen; Jonathan Cardella; Raul Guzman; Cassius Ochoa Chaar,10.1016/j.jvs.2026.06.024,2026-09-09,Journal of Vascular Surgery,
OpenAlex,mitral regurgitation,CẬP NHẬT CHẨN ĐOÁN VÀ ĐIỀU TRỊ BỆNH CƠ TIM PHÌ ĐẠI CÓ TẮC NGHẼN ĐƯỜNG RA THẤT TRÁI: VAI TRÒ CỦA ĐỐT CỒN VÁCH LIÊN THẤT QUA DA – NHÂN MỘT TRƯỜNG HỢP LÂM SÀNG,Hùng Phạm Mạnh; Niên Dương Hồng; Bảng Đỗ Kim; Đạt Bùi Thành; Mạnh Lê; Điệp Hoàng Phi; Nghĩa Phan Đình; Đạt Lê Văn,10.52163/yhc.v67icd13.6392,2026-09-10,Tạp chí Y học Cộng đồng,"Objective: To report a case of severe obstructive hypertrophic cardiomyopathy (HOCM) managed with percutaneous alcohol septal ablation (ASA) and to review current diagnostic and therapeutic updates. Methods: A single case report (CARE guideline) combined with a narrative literature review of current guidelines and trials through July 2026. Results: A 76-year-old woman with severe HOCM and an invasively measured resting peak-to-peak left ventricular outflow tract gradient of 170 mmHg and severe SAM-related mitral regurgitation underwent ASA (4 mL absolute alcohol into the first septal branch), reducing the gradient to 31 mmHg immediately, with no high-grade atrioventricular block and discharge on day 5. Conclusion: In an elderly patient at high surgical risk with favorable septal anatomy, ASA is a feasible and hemodynamically effective septal-reduction option at experienced centers, requiring close surveillance for conduction complications and long-term outcomes."
OpenAlex,mitral regurgitation,Mechanisms of Mitral Valve Repair Failure in a Redo Cohort: Association with Patient Characteristics and Initial Repair Features,Elisa Mikus; Diego Sangiorgi; Mariafrancesca Fiorentino; Niki Bernardoni; Roberto Nerla; Simone Calvi; Elena Tenti; Fausto Castriota; Carlo Savini,10.3390/diseases14090331,2026-09-10,Diseases,"Objective: Mitral valve repair failure encompasses heterogeneous anatomical patterns requiring redo surgery, yet the factors determining why repaired valves fail through different mechanisms remain poorly understood. We investigated the association of patient characteristics and index repair features with the anatomical mechanisms of failure among patients requiring redo surgery after degenerative mitral valve repair. Methods: We retrospectively reviewed all consecutive patients undergoing redo mitral valve surgery after previous degenerative mitral valve repair between January 2010 and June 2026. To minimize misclassification bias, only patients with complete operative documentation of the index repair and detailed intraoperative information regarding the mechanism of repair failure were included. Operative reports were reviewed to identify the reconstructive techniques used during the initial repair and the anatomical mechanism of failure at reoperation. To account for mutually exclusive clinical outcomes (prolapse recurrence and mitral stenosis), a competing-risks framework was employed. Results: A total of 121 patients constituted the study cohort. Recurrent leaflet prolapse was the most frequent mechanism of repair failure (71.6%) among patients with mitral regurgitation; mitral stenosis was present in 27.3% overall. Leaflet preservation versus resection, implantation of expanded polytetrafluoroethylene (ePTFE) neochordae, edge-to-edge repair, and annuloplasty ring size were not significantly associated with the anatomical mechanism of repair failure. In multivariable analysis, older age at the index operation was independently associated with recurrent prolapse, whereas younger age and female sex independently predicted the development of mitral stenosis. Within this redo cohort, no statistically significant association was observed between the recorded index repair features and the predominant anatomical mechanisms of failure after adjustment for patient characteristics. Conclusions: Among patients requiring redo surgery after degenerative mitral valve repair, the anatomical mechanisms of failure were associated with selected patient characteristics, whereas no significant association was observed with the recorded index repair features. These findings should be interpreted within the context of a selected redo population and do not support conclusions regarding the comparative durability of different repair strategies."
OpenAlex,mitral regurgitation,Probable Fulminant Myocarditis Presenting as Community-Acquired Pneumonia in a Previously Healthy 18-Month-Old Boy with Qualitative Blood HHV-6 Detection: A Case Report and Discussion of Diagnostic Pitfalls in a Resource-Limited Setting,Amro Alhyari; Yousef H. Al Tarawneh; Bayan Maqableh,10.64551/001c.169017,2026-09-10,Inquisiva Open,"Background Pediatric fulminant myocarditis is uncommon and may initially be mistaken for respiratory tract infection, delaying cardiac evaluation. Human herpesvirus 6 (HHV-6) has been reported in immunocompetent children younger than three years with myocarditis, but causal attribution from blood testing alone is uncertain. Case summary An 18-month-old previously healthy Jordanian boy presented with two days of cough and fever and was admitted as community-acquired pneumonia. No electrocardiogram was obtained at admission. He received bronchodilator nebulizers and two normal saline boluses totaling 35 mL/kg. About five and a half hours after ward arrival, he developed severe respiratory distress and hypotension. A later formal chest radiograph report described cardiomegaly. Echocardiography showed a left ventricular ejection fraction of 17%, severe mitral and tricuspid regurgitation, and an estimated pulmonary artery systolic pressure of 32 mmHg. These findings, together with markedly elevated B-type natriuretic peptide, elevated troponin I and creatine kinase-MB, electrocardiographic ST-T abnormalities, and cardiogenic shock, supported a clinical diagnosis of probable fulminant myocarditis. A broad multiplex whole-blood polymerase chain reaction (PCR) panel was negative for the tested viruses except HHV-6, which was detected qualitatively. Despite intravenous immunoglobulin, methylprednisolone, mechanical ventilation, dobutamine, and epinephrine, he progressed to refractory cardiogenic shock and asystole. Extracorporeal membrane oxygenation was unavailable, no referral protocol existed, and the family declined autopsy. Conclusion This case highlights the risk of initially labeling probable pediatric fulminant myocarditis as pneumonia, the interpretive limits of qualitative blood HHV-6 PCR, and the consequences of limited access to mechanical circulatory support. The qualitative whole-blood HHV-6 result does not establish causality and should be interpreted as a hypothesis-generating associated finding because viral load, HHV-6 subtype, chromosomal integration status, and myocardial tissue testing were unavailable. Cardiac evaluation should be considered when a child treated for severe pneumonia has cardiomegaly, tachycardia disproportionate to fever, poor perfusion, hepatomegaly, or an inadequate response to respiratory treatment."
OpenAlex,mitral regurgitation,Suspected papillary fibroelastoma in a child: multimodality imaging and conservative management: a case report,Ehsan Aghaei Moghadam; Mina Asgari Mehrabadi,10.21203/rs.3.rs-10792065/v1,2026-09-09,Research Square,
OpenAlex,mitral regurgitation,Imaging multimodality for risk stratification in adult patients with hypertrophic cardiomyopathy,Amalia Peix; Aylen Perez; L.O. Cabrera; Ana M. Jerez; Leonel Torres; Giselle Monzon; Hilda Roblejo,10.24875/rccare.m26000233,2026-09-09,Revista Colombiana de Cardiología (English Edition),"Cardiovascular diseases are the leading cause of death worldwide.Hypertrophic cardiomyopathy (HCM) is the most common inherited heart disease, but only 10-20% of cases are clinically identified.Arrhythmias and sudden cardiac death, in addition to congestive heart failure, are the main causes of death in HCM.Multimodal imaging is essential for diagnosis and risk stratification.Echocardiography is the first-line imaging technique due to its availability and versatility.Late gadolinium enhancement in cardiac magnetic resonance imaging identifies myocardial damage and fibrosis, constituting a risk marker.Gated SPECT evaluates myocardial perfusion and intraventricular dyssynchrony, representing a risk marker for ischemia due to microvascular dysfunction or coronary artery disease, as well as for the demonstration of myocardial fibrosis.This article presents the contribution of different imaging techniques to risk stratification in adult patients with HCM."
OpenAlex,mitral regurgitation,Content,,10.1253/circrep.cr-8-content9,2026-09-09,Circulation Reports,
OpenAlex,mitral regurgitation,"Right Ventricular Dysfunction, Annular Dilation, and Mitral Regurgitation Severity Predict Outcomes and Interventional Benefit in Atrial Functional Mitral Regurgitation",Chung‐Lieh Hung; Wei‐Jyun Wang; Yu‐Wun Yen; J. Q. Yu; Meng‐Han Tsai; Maurice Enriquez‐Sarano; Chi‐Yuan Yao; Li‐Tan Yang,10.1161/jaha.126.050384,2026-09-09,Journal of the American Heart Association,
OpenAlex,mitral regurgitation,"Фторхинолоны и риск развития аневризмы, расслоения аорты: обзор литературы",Е.Л. Трисветова; А.В. Полянская; К.М. Каминский; М.И. Гусева; Т.В. Асташонок,10.34883/pi.2026.18.4.008,2026-09-09,Кардиология в Беларуси,"Применение химиотерапевтических препаратов сопряжено с нежелательными реакциями, проявляющимися во время лечения или через небольшой промежуток после окончания приема лекарственного средства. Фторхинолоны известны как антибиотики, влияющие на флору, устойчивую ко многим другим антибактериальным препаратам. Помимо положительного воздействия фторхинолонов при тяжелых респираторных заболеваниях, инфекциях кожи и мягких тканей, воспалительных заболеваниях органов малого таза, на протяжении десятилетий использования препаратов регистрируют нежелательные реакции, обусловленные влиянием на соединительную ткань организма человека. Поскольку соединительная ткань присутствует во многих органах человека и ее свойства и функция зависят от типа внеклеточного матрикса, нарушения структуры которого обнаруживаются под воздействием фторхинолонов, нежелательные реакции наблюдают в ряде органов. Серьезные осложнения при применении фторхинолонов отмечают в сердечно-сосудистой и опорно-двигательной системах, органе зрения. Наиболее тяжелые осложнения у людей, принимающих фторхинолоны, в виде расслоения, разрыва аорты, появления или прогрессирования недостаточности клапанов сердца, жизнеугрожающих аритмий развиваются при наличии факторов риска. В связи с возможным развитием нежелательных реакций необходимо учитывать факторы риска и применять фторхинолоны в случаях, когда польза превышает риск появления осложнений лечения. Chemotherapeutic agents are associated with adverse reactions that occur during treatment or shortly after discontinuing the medication. Fluoroquinolones are known as antibiotics effective against bacteria resistant to many other antibacterial agents. In addition to beneficial effects of fluoroquinolones in severe respiratory diseases, skin and soft tissue infections, and pelvic inflammatory diseases, adverse events resulting from their impact on connective tissue have been reported over decades of use. Since connective tissue is present in many human organs, and its properties and function depend on the type of extracellular matrix whose structure is disrupted by fluoroquinolones, adverse events are observed in several organs. Serious complications with fluoroquinolones have been reported in the cardiovascular, musculoskeletal, and ocular systems. The most severe complications in individuals taking fluoroquinolones, such as aortic dissection and aortic rupture, onset or progression of heart valve insufficiency, and life-threatening arrhythmias, occur in the presence of risk factors. Given possible adverse reactions, risk factors are to be considered, and fluoroquinolones should be used only when the benefits outweigh the risk of treatment-related complications."
OpenAlex,mitral regurgitation,"Phenotypes, periprocedural hemodynamic changes, and impact of pulmonary hypertension in patients undergoing mitral transcatheter edge-to-edge repair",Marlon V. Gatuz; Taishi Okuno; Tetsu Tanaka; Takahiko Kai; Yoshikuni Kobayashi; Ami Saito; Tatsuro Shoji; Ryutaro Oda; Daisuke Miyahara; Yukio Sato; Shingo Kuwata; Yasuhiro Tanabe; Masaki Izumo; Yoshihiro J. Akashi,10.1007/s12928-026-01346-3,2026-09-09,Cardiovascular Intervention and Therapeutics,
OpenAlex,mitral regurgitation,Construction of a predictive model for the efficacy of enhanced external counterpulsation therapy in patients with heart failure with preserved ejection fraction based on automated machine learning and echocardiography,Xuan Zhang; Fuqiang Zeng; Jing Liu; Min Zeng; Li Zhou; Xin Wang,10.3389/fcvm.2026.1876579,2026-09-09,Frontiers in Cardiovascular Medicine,"Objective This study aimed to integrate baseline clinical characteristics and multi-dimensional echocardiographic parameters of patients with heart failure with preserved ejection fraction (HFpEF), construct and validate an individualized predictive model for the efficacy of enhanced external counterpulsation (EECP) therapy in HFpEF patients based on an automated machine learning (AutoML) framework, and develop a corresponding clinical decision support system. Methods A retrospective cohort study design was adopted, consecutively enrolling 550 HFpEF patients who received complete EECP treatment at the cardiovascular center of two tertiary grade-A hospital between January 2018 and December 2023. An AutoML predictive framework driven by an improved Newton's downhill optimizer (INDO) was constructed, automatically performing joint optimization of feature subset selection, model algorithm selection, and hyperparameter configuration under a rigorous double-layered nested cross-validation strategy. Five benchmark models, including logistic regression, support vector machine, adaptive boosting, extreme gradient boosting, and light gradient boosting machine, were simultaneously established for performance comparison. Multi-dimensional evaluation was conducted using the area under the receiver operating characteristic curve (ROC-AUC), area under the precision-recall curve (PR-AUC), accuracy, sensitivity, specificity, F1 score, Brier score, and decision curve analysis. The robustness of features was verified through LASSO regression, and the SHAP framework was employed for model interpretability analysis. Results Among the 550 HFpEF patients, significant differences were observed between the treatment-effective group and the treatment-ineffective group in terms of age, body mass index, left ventricular ejection fraction, left atrial volume index, and E/e' ratio. The AutoML model optimized based on INDO achieved a ROC-AUC of 0.9254, a PR-AUC of 0.8425, an F1 score of 0.8285, and a Brier score of 0.1206 on the independent test set, with all metrics outperforming the five benchmark models. Decision curve analysis demonstrated that the model yielded a positive net clinical benefit within a threshold probability range of 16% to 96%. SHAP interpretability analysis revealed the 6-minute walk distance (6MWD), left ventricular ejection fraction (LVEF), age (Age), left atrial volume index (LAVI), E/e' ratio, and body mass index (BMI) as key predictors influencing the efficacy of EECP therapy. Conclusion The predictive model constructed by integrating echocardiographic parameters and clinical features based on the AutoML framework driven by the INDO optimization algorithm can relatively accurately predict the individualized efficacy of EECP therapy in HFpEF patients, providing a interpretable, and clinically actionable intelligent assessment tool for indication screening and individualized decision-making regarding EECP therapy in HFpEF patients."
OpenAlex,mitral regurgitation,Electrocardiographic and Clinical Determinants of Appropriate Implantable Cardioverter Defibrillator Therapy in Secondary Prevention for Ischemic and Non-Ischemic Cardiomyopathy,H.A.Z. Nassir; H.A. Swaid; A.Q. Ibrahim,10.34883/pi.2026.18.4.004,2026-09-09,Кардиология в Беларуси,"Introduction. Implantable cardioverter-defibrillators (ICDs) have been shown to reduce mortality in patients with both ischemic and non-ischemic cardiomyopathy (NICMP) by effectively terminating life-threatening ventricular arrhythmias. However, the distribution of ventricular arrhythmias varies across patient subgroups depending on the indication for implantation and the underlying etiology. Purpose. To evaluate clinical and electrocardiographic predictors of appropriate ICD therapies in secondary prevention patients with ischemic and non-ischemic cardiomyopathy. Materials and methods. A retrospective cohort study was conducted involving 58 patients who underwent ICD implantation for secondary prevention, including 37 with ischemic cardiomyopathy (ICMP) and 21 with NICMP. Baseline and follow-up assessments included transthoracic echocardiography, electrocardiography (ECG), lipid profile, and measurements of blood urea and serum creatinine. Results. The mean age of patients with NICMP was 55±9 years. Multivariate analysis identified fragmented QRS complex (fQRS), reduced LVEF (≤35%), and a wide QRS complex as independent predictors of appropriate ICD therapy. Conclusion. In patients with heart failure receiving ICDs for secondary prevention, the presence of fQRS, low LVEF, and wide QRS duration were independent predictors of appropriate ICD interventions. These parameters may serve as valuable tools for risk stratification, helping to identify patients who are most likely to benefit from ICD implantation and optimize healthcare resource utilization. Введение. Имплантируемые кардиовертеры-дефибрилляторы (ИКД) способствуют снижению смертности среди пациентов с ишемической и неишемической кардиомио-патией ((Н)ИКМП), эффективно купируя опасные для жизни желудочковые аритмии. Вместе с тем распределение желудочковых аритмий варьируется в разных подгруппах пациентов в зависимости от показаний к имплантации и этиологии заболевания. Цель. Оценить клинические и электрокардиографические предикторы целесо-образности проведения ИКД-терапии в целях вторичной профилактики ишемической и неишемической кардиомиопатии. Материалы и методы. В ретроспективное когортное исследование были включены 58 пациентов, которым были имплантированы ИКД в целях вторичной профилактики кардиомиопатии, в том числе 37 с ИКМП и 21 с НИКМП. Исходные исследования и исследования в процессе динамического наблюдения включали трансторакальную эхокардиографию, электрокардиографию, определение липидного профиля и измерение мочевины крови и сывороточного креатинина. Результаты. Средний возраст пациентов с НИКМП составил 55±9 лет. С помощью мультивариантного анализа было установлено, что независимыми предикторами адекватности ИКД-терапии могут выступать фрагментированный комплекс QRS, снижение фракции выброса левого желудочка (≤35%) и широкий комплекс QRS. Заключение. У пациентов с сердечной недостаточностью, получающих ИКД-терапию в целях вторичной профилактики кардиомиопатии, фрагментированный комплекс QRS, снижение фракции выброса левого желудочка и широкий комплекс QRS являются независимыми предикторами целесообразности проводимой ИКД-терапии. Эти параметры могут служить ценными инструментами стратификации риска, помогая выявлять пациентов, которые с наибольшей вероятностью получат пользу от имплантации ИКД, и тем самым позволяя оптимизировать использование ресурсов системы здравоохранения."
OpenAlex,mitral regurgitation,"Presumed left atrial myxoma presenting with seizures, massive stroke, and systemic embolization in an adolescent: a case report",Ali Akbari; Maziyar Amiri; Radin Saed; Arvin Mirshahi; Sayeh Shaban; Forod Salehi,10.1186/s12245-026-01369-w,2026-09-09,International Journal of Emergency Medicine,"BACKGROUND: Cardiac myxoma (CM) is the most common primary cardiac tumor and, despite its benign histology, may lead to severe and life-threatening complications, primarily due to systemic embolization and intracardiac obstruction. Neurological events, particularly ischemic stroke, can be the initial manifestation and may obscure the underlying cardiac origin, especially in pediatric patients. CASE PRESENTATION: We report the case of a 14-year-old Persian male who presented with progressive dyspnea on exertion followed by syncope, recurrent generalized tonic-clonic seizures, and rapid neurological deterioration. Initial evaluation at a local center was unrevealing on chest radiography. Following the onset of recurrent generalized tonic-clonic seizures, the patient was initially treated as having a primary seizure disorder before the underlying ischemic stroke and cardiac source of embolism were recognized. He was subsequently admitted to a tertiary pediatric intensive care unit in a critically ill state requiring ventilatory support. Brain computed tomography demonstrated a large right hemispheric infarction with cerebral edema and midline shift. Laboratory findings revealed elevated inflammatory and myocardial injury markers. Electrocardiography showed nonspecific ST-segment changes that were insufficient to establish a diagnosis of acute myocardial infarction. Transthoracic echocardiography identified a large, highly mobile left atrial mass measuring 22 × 55 mm, arising from the interatrial septum and highly suggestive of a left atrial myxoma. The mass intermittently prolapsed into the mitral valve, causing partial obstruction. Severe mitral and tricuspid regurgitation were also present. Doppler ultrasonography confirmed femoral and popliteal arterial thrombosis, indicating systemic embolization. Despite anticoagulation and intensive supportive care, the patient experienced sudden cardiac arrest and died before surgical excision and histopathological confirmation of the mass could be obtained. CONCLUSION: A cardiac source of embolism, including a left atrial mass highly suggestive of myxoma, should be considered in pediatric patients presenting with acute neurological deficits, particularly when accompanied by systemic embolic phenomena or unexplained cardiopulmonary symptoms. Early echocardiographic evaluation is critical for timely recognition and appropriate clinical decision-making. In the absence of surgical excision and histopathological confirmation, the diagnosis should remain presumptive. Delayed recognition may result in catastrophic neurological and systemic complications and may preclude definitive diagnosis and surgical management."
OpenAlex,mitral regurgitation,Detailed Target Prioritization for Moura Ferreira et al. Advancing drug development for valvular heart disease by prioritising findings from human genetic association studies. EBioMedicine. 2026,Sara Ferreira; Rui Providencia; Amand F. Schmidt,10.6084/m9.figshare.33477028,2026-09-09,Figshare,"Detailed Target Prioritization for all Phenotypes: I. Aortic Stenosis, II. Aortic Valve Traits, III. Aortic Stenois-Prioritization Table, IV. Mitral Valve Prolapse, V. Mitral Valve Prolapse-Prioritization Table, VI. Valvular Heart Disease, VII. Tricuspid Regurgitation, VIII. Mitral Stenosis, and IX. Rhematic Heart Disease."
OpenAlex,mitral regurgitation,When Symptomatic Hypercalcaemia and Lymphadenopathy Mimic Malignancy: An Atypical Case of Elderly-Onset Sarcoidosis,Raneem E AlKhawaja; Ali Malik Alahmed; Ali H AlAali; Aalaa Mubarak,10.7759/cureus.116013,2026-09-09,Cureus,"Sarcoidosis is a multisystem granulomatous disorder most commonly affecting the lung parenchyma and lymph nodes.However, virtually any organ system may be involved, resulting in a broad spectrum of clinical manifestations.Despite being predominantly a disease of younger adults, sarcoidosis has been infrequently reported in individuals older than 65 years, resulting in a limited body of literature on elderly-onset disease.We describe the case of an 83-year-old woman who presented with severe symptomatic hypercalcaemia accompanied by fatigue and unintentional weight loss, raising suspicion for an underlying malignancy.Initial laboratory investigations revealed an elevated serum calcium level of 3.72 mmol/L and a suppressed parathyroid hormone (PTH) level of 0.76 pmol/L, consistent with PTH-independent hypercalcaemia, which prompted an extensive diagnostic evaluation for malignancy.Ultimately, lymph node biopsy demonstrated non-caseating granulomas, consistent with a diagnosis of sarcoidosis.This case underscores the importance of recognising elderly-onset sarcoidosis as a potential mimic of malignancy and maintaining a high index of suspicion to avoid diagnostic delay."
OpenAlex,mitral regurgitation,Genetic Testing Unveils a Novel Thrombospondin‐1 Domain Containing Protein 1 Gene Variant as the Cause of Chronic Edema in a 79‐Year‐Old Woman,E Del Amo; Takafumi Toyohara; Naoya Saijo; Satoko Sato; Jun Takayama; Yoshiko Suto; Yuji Noguchi; S. Kinomura; Yusuke Ishizuka; Shun Watanabe; Kôichi Kikuchi; Rui Makino; Mai Yoshida; Yuji Oe; Tasuku Nagasawa; Koji Okamoto; Takehiro Suzuki; Mariko Miyazaki; Shinya Kawaguchi; Takashi Suzuki; Takaaki Abe; Shigeo Kure; Atsuo Kikuchi; Tetsuhiro Tanaka,10.1111/cge.70247,2026-09-09,Clinical Genetics,"Edema requires management tailored to its underlying etiology; however, in some cases the cause remains elusive. We describe a 79-year-old woman with lifelong unexplained peripheral edema. Comprehensive evaluation excluded common etiologies such as heart failure, renal dysfunction, and venous thrombosis. Whole-genome sequencing identified a novel homozygous splice-site variant (NM_018676.4:c.58+2T>G) in the thrombospondin-1 domain-containing protein 1 (THSD1) gene, which has previously been associated with non-immune hydrops fetalis (NIHF). This report describes, to our knowledge, the first elderly patient with chronic peripheral edema harboring a likely pathogenic THSD1 variant, suggesting that THSD1-related disease may, in rare instances, persist beyond the perinatal period and present into late adulthood. Although causality cannot be established definitively from a single case, the findings highlight the potential utility of genetic testing in adults with chronic unexplained edema."
OpenAlex,mitral regurgitation,Preload Stress With Leg Positive Pressure During TEE Unmasks Latent Severe Secondary Mitral Regurgitation,Ryota Kosaki; Yasuhide Mochizuki; Sakiko Gohbara; Yumi Yamamoto; Saaya Ichikawa-Ogura; Hiroto Fukuoka; Toshiro Shinke,10.1161/circimaging.126.020150,2026-09-09,Circulation Cardiovascular Imaging,
OpenAlex,mitral regurgitation,"Coronary microvascular dysfunction in HFpEF: pathophysiologic mechanisms, diagnosis, treatments, and the amplifying potential of sepsis",Sharnvir Chattha; Kush Kapadia; Daniel Lynch; YI MCWHORTER,10.3389/fmed.2026.1812235,2026-09-09,Frontiers in Medicine,"Heart failure with preserved ejection fraction (HFpEF) is a heterogeneous syndrome in which coronary microvascular dysfunction (CMD) emerges as a central, prevalent pathobiologic substrate across multiple phenotypic clusters. CMD in HFpEF arises from intertwined mechanisms including systemic inflammation, impaired NO-cGMP-PKG signaling, microvascular rarefaction and fibrosis, mitochondrial dysfunction, and ventriculoarterial decoupling that together promote subendocardial ischemia, diastolic stiffness, reduced reserve, and adverse outcomes. Advances in diagnostics, both invasive and non-invasive, as well as individualized medical and surgical intervention, create avenues of opportunity to prevent CMD-mediated HFpEF at a precise level. Sepsis and septic shock can superimpose an acute second hit on this chronically injured microvasculature, precipitating acute decompensation and potentially accelerating long-term CMD-driven remodeling in vulnerable HFpEF patients. While mechanistically plausible, this association remains hypothesis-generating. Advanced hemodynamics and diagnostics with tailored vasopressor and inotropic management need to be better studied in complex states of septic shock in HFpEF patients to understand the influence of CMD in such states."
OpenAlex,deep learning,Antecedents and consequences of Green-tech FDI in emerging markets,Zhuoran Liu,10.17638/03195308,2031-01-01,University of Liverpool,"As environmental pressures intensify, attracting sustainable foreign direct investment (FDI), particularly green-tech FDI, has become a critical pathway for emerging markets to achieve environmental sustainability. However, existing research remains fragmented, offering limited insights into why green-tech FDI enters emerging markets and how it affects regional green innovation. This thesis addresses these gaps by systematically examining both the antecedents and consequences of green-tech FDI through three empirical studies using regional data from China. Study 1 and Study 2 focus on the antecedents of green-tech FDI. Study 1 examines how host-country conditions can attract green-tech FDI, highlighting the role of environmental management information disclosure (EMID) by domestic firms in reducing information gaps and strengthening green market–seeking motives. Study 2 shifts attention to the active decision-making of green-tech FDI, showing that under uncertainty, green-tech foreign investors engage in identity-based bandwagon learning by imitating peers with similar green identities, thereby mitigating investment risks. Study 3 turns to the consequences of green-tech FDI. It demonstrates that, due to the technological complexity of green innovation and limited absorptive capacity in emerging markets, green-tech FDI may generate crowding-out effects rather than purely positive spillovers. Adopting a network perspective, the study further finds that universities play a key moderating role: through broad linkages and deep collaborations, they help mitigate negative spillovers and facilitate the diffusion of green technologies. Together, the three studies advance the literature on sustainable FDI by differentiating green-tech FDI from general FDI and identifying the specific mechanisms that shape its entry decisions and local innovation outcomes. Practically, the findings provide guidance for emerging-market governments and firms on how to attract and manage sustainable investment, balance growth with environmental objectives, and strengthen local innovation ecosystems."
OpenAlex,deep learning,Combating Data and Target Shifts in Visual Tasks,Zhaorui Tan,10.17638/03194353,2031-01-01,University of Liverpool,"The rapid advancement of deep learning models for visual tasks has led to significant progress in many domains. However, a key challenge remains: ensuring that models can generalize effectively to unseen samples or novel classes, especially in real-world scenarios where training data-target pairs are often limited or unavailable, and test data may exhibit shifts in both data and targets. This thesis addresses the problem of shifts across data and targets, proposing novel methods to improve model generalization and transferability in complex settings. The thesis identifies the different shift scenarios for visual tasks and presents their problem forms. The research first relaxes the static target distribution assumption in Multi-Domain Generalization (mDG) tasks, introducing the General Multi-Domain Generalization (GMDG) objective to improve generalization under varying data shifts. Specifically, Extensive experiments validate that GMDG is feasible for classification, segmentation, and regression tasks. Further considering extreme target distribution shifts where even unknown novel classes emerge, the study also explores logical regularization techniques for tasks such as Generalized Category Discovery (GCD), mDG+GCD, and Class Incremental Learning (CIL), proposing a sample-based logical regularization term (L-Reg) to enhance data-, target-, and all-shift generalization. Additionally, a partial logic framework is introduced to address challenges in CIL, enabling models to retain room for unknown classes during training. This is further extended by the Partial-Logic Regularization (PL-Reg), which improves generalization across GCD, mDG+GCD, and transferability for CIL tasks. Furthermore, the thesis proposes a novel Semantic-aware Data Augmentation (SADA) framework for cross-modality generalization in text-to-image synthesis (T2Isyn), text-image retrieval (TIR), and image-text retrieval (ITR) tasks. This framework ensures semantic preservation across text and image modalities, improving both semantic consistency and image quality in cross-modality tasks. The methods proposed in this thesis offer significant advancements in visual generalization and transfer scenarios, providing theoretical insights and practical solutions for handling data shifts, target shifts, and multi-modalities in complex scenarios. Extensive experiments validate the effectiveness of the proposed methods, demonstrating their superior performance across a range of tasks."
OpenAlex,deep learning,"Depth of Processing, learner aptitude, and the acquisition of L2 English grammatical structures",Shweta Nigam,10.48683/1926.00128861,2031-01-01,CentAUR (University of Reading),"Depth of Processing (DoP) is central to several models of instructed second language acquisition (ISLA) (Leow, 2015). While DoP has been extensively examined in vocabulary learning (e.g., Laufer & Hulstijn, 2001), its role in the acquisition of grammatical structures, particularly through oral and audio-visual modalities remains comparatively underexplored. Drawing on the Levels of Processing framework (Craik & Lockhart, 1972), this study investigated whether task-induced processing depth influences the acquisition of third conditionals and comparatives, and whether language aptitude (LLAMA B, D, F) predicts learning gains. Using a pretest–posttest design, four intact classes involving 108 Grade 8 EFL learners in India were assigned to one of the three experimental conditions differing in level and type of processing: Low DoP, High DoP Explicit, and High DoP Implicit. The treatment task required the participants to listen to an audio-visual story containing the target structures (third conditionals and comparatives) and complete analytic tasks (varying in different groups) before listening to the story for a second time. The oral performance of the participants was analysed for accuracy, and frequency of use of the target structures. A grammaticality judgement test (GJT) and an elicited imitation task (EIT) were used to assess the participants’ gains in the knowledge of the target structures. In addition, language aptitude (LLAMA B, D, F) was measured and modelled as a predictor of gain scores. Results showed a significant effect of processing condition on GJT performance with the High DoP Implicit group outperforming the High DoP Explicit group on total scores and comparatives. In contrast, ANCOVA analyses indicated no significant group differences on EIT outcomes once pretest performance was controlled, with pretest scores strongly predicting posttest performance. In oral production, processing effects were structure-specific: the Low DoP group showed greater accuracy gains for comparatives, while both High DoP groups revealed increased frequency of use of third conditionals. However, across all four measures, multiple regression analyses indicated that LLAMA B, D, and F did not significantly predict gain scores. Overall, the findings support a processing-by-structure pattern: deeper processing benefits were most evident for the more salient structure (comparatives) on an explicit, written measure, whereas complex, low-salience forms (third conditionals) showed limited accuracy change but increased frequency of use under deeper processing."
OpenAlex,deep learning,Deep learning design of programmed enhancer pairs,Salil Garg; Blake M Torres; Joanna Wypasek,10.5281/zenodo.19463376,2030-04-08,Zenodo (CERN European Organization for Nuclear Research),
OpenAlex,deep learning,Deep learning design of programmed enhancer pairs,Salil Garg; Blake M Torres; Joanna Wypasek,10.5281/zenodo.19463375,2030-04-08,Zenodo (CERN European Organization for Nuclear Research),
OpenAlex,deep learning,Deep learning design of programmed enhancer pairs,Salil Garg; Blake M Torres; Joanna Wypasek,10.5281/zenodo.19477875,2030-04-08,Zenodo (CERN European Organization for Nuclear Research),
OpenAlex,deep learning,Data Augmentation Application in Deep Learning Drug Discovery by Utilizing Relationships Between Biological and Medical Entities,Tianjun Wang,10.17638/03195452,2029-01-01,University of Liverpool,
OpenAlex,deep learning,A UAV-Based Framework for Community-Scale Residential Building Energy Modelling in China,Mengfan Jin,10.17638/03195460,2029-01-01,University of Liverpool,"With increasing emphasis on energy efficiency and carbon emission reduction in the building sector, rapid and scalable energy modelling of existing buildings is critical for retrofit projects and policy development. Conventional surveys, data collection and energy modelling processes remain labour-intensive and impractical for large-scale applications, and energy modelling often dominates project time and cost. Unmanned Aerial Vehicles (UAVs) equipped with high-resolution and infrared cameras now offer fast and safe exterior surveys, showing great potential in building energy assessments. Yet, a systematic framework for UAV integration, from image capture through processing to inputs for building energy simulation, has not been established. This research addresses these challenges by developing a structured framework for community-scale building energy modelling, which integrates UAV photogrammetry to accelerate data acquisition, reduce labour, and shorten energy modelling time for retrofit projects. The framework is designed to minimise prior data requirements while maximising automation and retaining sufficient accuracy and reliability. It also addressed systemic issues, such as the lack of data necessary to fully exploit the potential of available technologies in the context of this study. To achieve this research objective, a mixed-methodology approach, combining desk studies and fieldwork, was adopted. First, a comprehensive review of UAV-based building energy studies mapped the current applications and available tools, proposing a preliminary framework. Fieldwork then encompassed a pilot study and a detailed case study. In the pilot test, a single building was surveyed to identify an optimal toolchain for flight planning, image capture, photogrammetric reconstruction, model generation, and selection of a simulation platform. The resulting refined framework was applied to a case study of a 39-building community, and it was demonstrated that further automation was necessary. The potential for automation was then further explored. Geomatic algorithms, machine learning, and deep learning techniques were compared, and the combination that best balanced accuracy and processing time was selected for 3D model generation and window-to-wall ratio (WWR) extraction. In parallel, an archetype library of residential buildings in the Hot Summer Cold Winter (HSCW) zone in China was compiled to facilitate the assignment of thermal parameters. Finally, a reusable community-scale building energy modelling (CBEM) workflow was assembled in Grasshopper using Ladybug Tools components to process the aforementioned inputs. In conclusion, this study integrates UAV photogrammetry, GIS-based geomatic algorithms, machine learning, and graphical programming to develop an UAV-CBEM framework. The outcomes establish a foundation for scalable UAV-based building energy assessments, enhancing applicability in data-limited and large-scale settings worldwide."
OpenAlex,deep learning,Spectral Materialism: Encounters with land-time-scapes,Sam Nightingale,10.25602/gold.00040593,2029-01-01,Goldsmiths (University of London),"This transdisciplinary, practice-based PhD introduces spectral materialism through art-based research encounters with ecologically and historically stratified land-time-scapes shaped by hypersalinity and colonial terraforming. Centred in the semi-arid Mallee (southeastern Australia) and read through echoes with California’s Imperial Valley, the project examines how spectral time—the co-presence and haunting of other temporalities—manifests in the material conditions of salt, soil, water, plants, and infrastructures. It asks how learning from geological, First Nations, colonial, and ecological pasts can orient responsibilities in unsettled futures. Treating the present as a crisis of time as much as a crisis of matter, the thesis critiques linear-progressive temporalities bound to Western modernity and extractive regimes. In response, spectral materialism is developed as both a conceptual framework and a critical creative methodology. Through alchemical media experiments with salt crystals, hypersaline soils, and halophytes, photography is reconfigured as a site-responsive, process-oriented practice. Salt is engaged as a material agent and ‘time-crystal’ whose phase shifts—dissolution, saturation, precipitation, crystallisation, evaporation—form a meta-chemistry that refracts deep-marine pasts, settler-colonial irrigation infrastructures, and contemporary dust into processual renderings of time. Methodologically, the project advances attunement as a mode of sensing and responsiveness to forces that are not always immediately perceptible yet are materially active. Field notes appear as para-writing, interrupting linear narration so that heterogeneous times co-present themselves within the text. The thesis is guided by First Nations temporalities—time as relational and in place—while remaining accountable to ethical limits and protocols. The contribution is twofold: a theoretical articulation of spectral materialism as a way to think time otherwise, and a set of site-responsive methods for engaging elemental media in saline environments. Together, they generate materially grounded accounts of spectral presences and open alternative pathways for knowing, sensing, and relating within land-time-scapes marked by enduring colonial and ecological afterlives amid planetary change."
OpenAlex,deep learning,DEVELOPMENT AND COMMERCIALIZATION OF COMPUTATIONAL METHODS TO ACCELERATE DERMATOLOGICAL DISCOVERY,Jasson Makkar,10.7273/000008421,2028-02-26,Washington State University,"The skin is the largest and outermost organ that surrounds the human body and provides a physical barrier that protects the more delicate internal tissues from the harsh surrounding environment. Over the course of evolution, specialized structures have also arisen in the skin, including sweat and sebaceous glands, nails and claws, and hair follicles. The hair follicle is a multi-lineage mini-organ that is a critical component in defining mammalian species. The gain of function derived from hair and fur benefited these species for millennia due to its insulative and protective properties, mechanosensing function, and ability to serve as camouflage. Current approaches to assess these fibers are generally non-quantitative or are low throughput due to technical limitations of ‘splitting hairs’. We developed a novel deep learning-based computer vision approach for the high throughput quantification of individual hair fibers at a high resolution. Our innovative computer vision tool can distinguish and extract overlapping fibers for quantification of multivariate features including length, width, and color to generate single-hair phenomes (shPhenome) of diverse conditions across the lifespan of mice. Using our tool, we explored the effects of hormone signaling, genetic modifications, and aging on hair follicle output. These analyses revealed novel hair phenotypes as a result of endocrinological, developmental, and aging-related alterations in the fur coats of mice. This tool was then adapted to capture more nuanced hair phenotypes, such as curvature, in a variety of mouse models harboring genetic perturbations. Commercialization of the deep hair phenomics technology presented a unique opportunity to pursue research translation, transforming fundamental biological research into marketable products. Much like the traditional academic route, the path to commercialization requires consistent and continuous iteration, testing of hypotheses, and allowing data to influence and lead subsequent actions. However, as opposed to the pursuit of knowledge, translating research into market-ready solutions requires a focus on consumer needs and the identification of market opportunities. Additionally, the shift in incentive structure requires commercial ventures to prioritize intellectual property protection, alter capital and resource allocation, and seek alternative fundraising sources. The entrepreneurial foundation built through this process culminated in the filing of a provisional patent and establishment of a startup company, kerat Inc. This journey illuminated the multifaceted challenges inherent in closing the gap between academic innovation and commercially viable goods, requiring simultaneous advancement of technical capabilities, adaptation to market dynamics, and fabrication of business infrastructure. Overall, the culmination of work presented in this dissertation sheds light on the importance of quantitatively assessing hair fiber properties to capture the biological phenomena that underlie this fundamental feature of mammalian skin. These findings also highlight the capabilities of this methodology for identifying perturbations in normal growth, potentially indicative of disease or dysfunction. Lastly, this showcased the potential of this technology’s commercial use cases in both the cosmetics and diagnostics industries."
OpenAlex,deep learning,Deep q-learning aided k-means clustering protocol for optimizing network lifetime in wireless sensor networks,Flynn Dowey,10.14288/1.0451106,2028-01-01,Open Collections,"The full abstract for this thesis is available in the body of the thesis, and will be available when the embargo expires."
OpenAlex,deep learning,Deep learning image analysis of donor red blood cells to predict deformability and transfusion efficacy,Erik S. Lamoureux,10.14288/1.0451932,2028-01-01,cIRcle (University of British Columbia),"The full abstract for this thesis is available in the body of the thesis, and will be available when the embargo expires."
OpenAlex,deep learning,Cost-Grounded Reward Scaling for Deep Reinforcement Learning in Zero-Buffer Flow-Shop Maintenance - DATA,Valentina Popolo; Silvestro Vespoli,10.17632/t73ckh3f7k,2027-07-09,Mendeley Data,
OpenAlex,deep learning,Cost-Grounded Reward Scaling for Deep Reinforcement Learning in Zero-Buffer Flow-Shop Maintenance - DATA,Valentina Popolo; Silvestro Vespoli,10.17632/t73ckh3f7k.1,2027-07-09,Mendeley Data,
OpenAlex,deep learning,"LeafMicroDefect-TR: A Digital Microscope-Based Dataset of Microscopic Leaf Surface Images for Defect Detection, Region-wise Analysis, and Explainable Deep Learning",HIDIR SELCUK NOGAY,10.17632/tvxkgj69kg.1,2027-01-12,Mendeley Data,
OpenAlex,deep learning,"LeafMicroDefect-TR: A Digital Microscope-Based Dataset of Microscopic Leaf Surface Images for Defect Detection, Region-wise Analysis, and Explainable Deep Learning",HIDIR SELCUK NOGAY,10.17632/tvxkgj69kg,2027-01-12,Mendeley Data,
OpenAlex,deep learning,Contested urbanisms: The politics of heritage and housing in Jakarta’s kampungs,"Binte Masron, Irna Nurlina",10.18743/pub.00056687,2027-01-01,"BIROn (Birkbeck, University of London)","Do heritage-making projects resist or advance gentrification in Southeast Asia? Like other Global South cities, contested urbanisms chequer Jakarta’s postcolonial urban landscape. Competing ideas about urban development manifest in various ways of seeing and producing the city, as demonstrated by evictions, revitalisation projects, and informal housing. Increased evictions of urban villages (urban kampungs) between 2013 and 2018 in Jakarta saw growing grassroots heritage movements as part of a spectrum of resistance to top-down urban management by state and private sector actors who also stake their claims on what ‘heritage’ is. These tensions amongst the political projects of various actors led me to ask: how do heritage-making projects of/by urban villages affect housing conditions in Jakarta, with reference to gentrification-led displacement? Using ethnographic methods and thematic analysis, I delve into the constructions of heritage, the impact of heritage-making on housing security for residents, and the broader political impact of heritage-making from above and below in Jakarta’s Kota Tua and two of its kampungs, Luar Batang and Pekojan. I argue that the dominant heritage constructions in Kota Tua demonstrate a top-down logic that emphasises infrastructure and the built environment with strong private sector presence, which impact the kampungs in varied ways. Findings showed that top-down heritage-making demonstrates higher likelihood of driving gentrification through the commodification of space, prioritising capital and material values. Residents and their advocates employ heritage-making from below in various forms to reclaim their place in the city as they face various forms of displacement, with unanticipated consequences. The processes of heritage-making from above and below reveal the connections and disjunctures between different authorities which subaltern actors work through, producing new politics that contest or entrench existing conditions. The findings contribute to the theorising of the politics of gentrification in heritage and urban studies, and a deeper understanding of Jakarta’s Old Town."
OpenAlex,deep learning,From Sparse to Dense: Label-Efficient Weakly Supervised Segmentation for Images and Videos,J. Wang,10.17638/03195330,2027-01-01,University of Liverpool,"Obtaining high-quality annotated data has become a primary bottleneck for training deep learning models, particularly for dense prediction tasks like semantic segmentation and video salient object segmentation. The demand for meticulous, pixel-level labeling makes fully-supervised approaches prohibitively expensive and limits their scalability. This thesis directly confronts this issue by proposing and systematically investigating a label-efficient ""sparse-to-dense'' paradigm. The core objective is to develop innovative frameworks that can learn from sparse, inexpensive weak supervision—such as image-level tags or scribbles—and intelligently propagate this minimal information to generate complete, pixel-accurate dense predictions. The major part of this thesis focuses on the ""sparse-to-dense'' challenge within Weakly Supervised Semantic Segmentation (WSSS) for images, where models learn from only image-level tags. Dominant approaches rely on Class Activation Maps (CAMs) as initial object seeds. However, CAMs inherently activate only the most discriminative object regions, leading to incomplete pseudo-labels. This gives rise to the central problem of activation densification: the critical process of expanding these sparse activations to cover the full extent of an object. Our research addresses this challenge through a progressive, multi-faceted strategy. Our exploration begins with a foundational framework (C3) designed to rectify the intrinsic flaws of initial CAMs. We propose a synergistic mutual calibration method. This method leverages the discrepancies between the two maps to generate local prototypes, which are simultaneously utilized to complete missing object parts and suppress background noise, yielding a significantly more accurate and complete initial seed. This foundational work immediately reveals the limitation of single-prototype instability and its inability to capture diverse features. Building on this foundation, we then develop architecture-specific strategies to address deeper limitations of the prototype-based approach. For Convolutional Neural Networks (CNNs) (C4), the use of a single prototype proves insufficient to capture significant intra-class variation. In response, we introduce an Optimal Transport (OT)-assisted framework that effectively mines multiple, diverse prototypes, thereby yielding more comprehensive activation maps. However, while C4 solves the intra-class diversity problem, the inherent local context constraint of the CNN architecture becomes the new bottleneck, fundamentally limiting the quality of globally-aware feature extraction needed for optimal multi-prototype assignment. This limitation necessitates a shift in architectural focus from CNNs to Vision Transformers. In the ViT architecture (C5), a new challenge arises where the token gap between the discriminative class token and varied patch tokens leads to incomplete activation. To bridge this gap, we leverage a tailored application of Optimal Transport, where the algorithm is tasked with learning a comprehensive proxy to ensure complete object activation. Despite these architectural advances (C3-C5), the overall WSSS performance hit a ceiling. This is fundamentally limited by the sparse supervision of class labels, which cannot provide precise boundary information. To break this ceiling, our WSSS exploration culminates in a universal enhancement strategy (C6) that transcends architecture-specific designs by leveraging Visual Foundation Models (VFMs). We resolve the conflict between the discriminative nature of initial CAMs and the VFM's need for holistic prompts. By modeling the CAM foreground as a graph and employing spectral analysis, our method intelligently selects a diverse set of prompt points that represent the overall structure of the foreground object. This guides the VFM to generate superior, boundary-aware supervision that can universally enhance any WSSS pipeline. Subsequently, the thesis extends the ""sparse-to-dense'' paradigm to the dynamic domain of video, addressing Weakly Supervised Video Salient Object Segmentation (WSVSOS) (C7) from sparse scribble annotations. In this specific context, the challenge evolves into spatio-temporal densification, which requires both full-object coverage within each frame and temporal consistency across the video sequences. To this end, we introduce the core CFMR framework, which utilizes Spatio-Temporal co-regulation. This framework is subsequently enhanced (CFMR+) by integrating the VFM guidance strategy from C6, which provides high-quality spatial priors essential for ensuring both high spatial detail and inter-frame consistency. By enforcing both intra-frame and cross-frame consistency between these two streams, our method effectively propagates the sparse initial signal to generate dense and temporally coherent saliency masks. In conclusion, this thesis presents a comprehensive and cohesive investigation into label-efficient segmentation tasks, offering a suite of innovative and effective strategies for the ""sparse-to-dense'' challenge. Our work establishes a progressive roadmap that systematically overcomes architectural and semantic limitations, culminating in highly robust and generalized densification pipelines. Our extensive experimental results on standard benchmarks validate the state-of-the-art performance of these methods, providing robust solutions to a long-standing problem in the computer vision field."
OpenAlex,deep learning,Unsupervised Deep-learning Methods for Low-dose Computed Tomography Reconstruction,Ran An,10.17638/03194237,2027-01-01,University of Liverpool,"Computed tomography (CT) has become an indispensable imaging technique in medical diagnostics and industrial applications, owing to its non-invasive nature and high resolution in visualizing object internal structures. While X-ray CT (X-ray computed tomography) significantly enhances lesion detection capabilities, excessive exposure to X-ray radiation raises substantial health concerns, including elevated cancer risks and potential genetic damage. Although low-dose CT (LDCT) protocols reduce radiation safety concerns, they inevitably introduce severe noise and artifacts, which might compromise diagnostic accuracy. Recent advances in supervised deep learning approaches have demonstrated remarkable success in LDCT reconstruction. However, the reliance on paired training data severely limits their deployment in practical CT applications. This fundamental constraint highlights the critical importance of developing unsupervised reconstruction methods. Although existing unsupervised LDCT methods have made notable progress, they still face challenges requiring systematic solutions. This thesis makes three contributions to advance the field of unsupervised LDCT reconstruction: 1. Current dual-domain self-supervised LDCT denoising methods typically neglect the heterogeneity of the non-stationary Gaussian noise levels in low-dose sinograms and usually treat them as common images without appropriately controlling the denoising strength. The denoisers employed by them, which are based on classic convolutional neural networks (CNN), will lead to blurring artifacts in the reconstructed images if directly used for sinogram denoising. In addition, the denoising strength in the sinogram and image domains must be well-balanced to avoid introducing over-blurring or secondary artifacts in the reconstructed images, but existing approaches do not focus on this crucial point. To address these limitations, this thesis proposes a novel end-to-end dual-domain self-supervised framework for LDCT denoising. It employs Dropblock layers to adaptively localize the effect of convolution for sinogram denoising and sets a weighted average between the denoised sinograms and their noisy counterparts to better control the denoising strength, thus effectively reducing the blurring artifacts and leading to a well-balanced dual-domain denoising. Numerical experiments demonstrate the effectiveness and superior performance of the proposed method. 2. Existing normalizing flows (NFs)-based unsupervised LDCT reconstruction methods face challenges in both image quality and computational efficiency. On one hand, they typically utilize a two-way transformation strategy between noisy images and latent variables, which could easily lead to detail loss and secondary artifacts in the reconstructed images. On the other hand, training NFs on high-resolution CT images is computationally intensive. Although conditional normalizing flows (CNFs) can mitigate computational costs by learning conditional probabilities, existing approaches rely on labeled data for conditionalization, leaving unsupervised CNFs-based LDCT reconstruction a challenge. To tackle these issues, this thesis proposes a novel unsupervised LDCT iterative reconstruction algorithm based on CNFs. The proposed method employs a strict one-way transformation strategy during the alternating optimization in the dual spaces to prevent detail loss and secondary artifacts, and proposes a novel unsupervised conditionalization strategy for CNFs, thus achieving efficient training and inference on high-resolution images. The proposed method illustrates high-quality and relatively fast unsupervised reconstruction. Experiments across two datasets demonstrate the superior performance of the proposed method by rivaling several state-of-the-art methods. 3. Current diffusion model-based LDCT reconstruction methods solely employ the prior distributions learned from normal-dose CT data but neglect the valuable priors in low-dose data, which contain information about the characteristics of low-dose noise and artifacts. In addition, their reconstruction speed suffers from multiple sampling steps, presenting low efficiency. Breaking new ground in prior utilization, this thesis proposes a novel unsupervised LDCT iterative reconstruction algorithm based on dual denoising diffusion probabilistic models (DDPM), which leverages both normal-dose and low-dose priors. Specifically, the proposed method employs two DDPMs to learn the prior distributions from normal-dose and low-dose images, respectively, and incorporates them into a joint iterative reconstruction framework. To accelerate the reconstruction, partial diffusion sampling and single-pass deterministic reconstruction strategy are utilized in the proposed method, as well as the spaced OS-SART approaches. Experiments at different dose levels demonstrate the outstanding performance and fast speed of the proposed reconstruction algorithm. Through these innovations and contributions, this thesis addresses some significant challenges in current deep-learning-based unsupervised LDCT reconstruction methods, and proposes three novel unsupervised reconstruction algorithms. The proposed methods effectively improve the performance and efficiency of LDCT reconstruction under different unsupervised learning conditions, and provide some new perspectives and inspirations for future research."
OpenAlex,deep learning,An Interpretable State-Conditioned Multi-Criteria Decision-Making Layer for Reward Shaping in Deep Reinforcement Learning: Dynamic TOPSIS Weighting Applied to Disaster Response,Ahmed İhsan Şimşek,10.17632/smbzhvhs3k.1,2027-01-01,Mendeley Data,
