source,keyword,title,authors,doi,publication_date,journal,abstract
PubMed,aortic stenosis,Lipoprotein(a) and Cardiovascular Risk: Emerging Therapeutic Perspectives with Implications for Chronic Kidney Disease.,Luca Di Lullo; Paola Peverini; Antonio Bellasi; Andre Dello Strologo; Claudio Ronco; Pasquale Saporito; Aldo Franculli,10.1159/000553534,2026-07-10,Cardiorenal medicine,"Lipoprotein(a) [Lp(a)] is an LDL-like particle containing apolipoprotein B100 covalently bound to apolipoprotein(a). Elevated Lp(a) is now recognized as a genetically determined, independent, and likely causal risk factor for atherosclerotic cardiovascular disease, calcific aortic valve stenosis, and residual cardiovascular risk despite optimal LDL-cholesterol control. Current European and North American recommendations support measuring Lp(a) at least once in adulthood, particularly for cardiovascular risk refinement. Lp(a) levels are predominantly inherited and are only modestly influenced by lifestyle or conventional lipid-lowering therapies. Chronic kidney disease represents a clinically relevant setting in which Lp(a) levels may rise as renal function declines and may contribute to the excess cardiovascular burden. However, the causal role of Lp(a) in CKD-related cardiovascular disease remains incompletely defined. Novel RNA-based and small-molecule therapies, including pelacarsen, olpasiran, lepodisiran, zerlasiran, and muvalaplin, have shown marked Lp(a)-lowering effects, but definitive cardiovascular outcome data are still missing."
PubMed,aortic stenosis,Consecutive Emergency Carotid Artery Stenting and Transcatheter Aortic Valve Replacement in a Patient With Cardiogenic Shock: A Case Report.,Max Groche; Claudio Silwanis; Clemens Steinwender; Thomas Lambert,10.1002/ccd.70741,2026-07-10,Catheterization and cardiovascular interventions : official journal of the Society for Cardiac Angiography & Interventions,"Severe aortic stenosis (AS) carries a poor prognosis when symptomatic, particularly in cardiogenic shock (CS). Emergency transcatheter aortic valve replacement (TAVR) is rarely performed but may represent a rescue therapy. Coexistent carotid artery stenosis (CAS) further increases procedural risk. We report the case of an 83-year-old female patient with severe AS and beginning CS. Imaging revealed severe right internal CAS and occlusion of the left internal carotid artery. Despite the use of norepinephrine, the patient progressed to deteriorating CS with acute kidney injury and impaired mental status. Given high surgical risk, a combined strategy was performed: right carotid stenting followed by transfemoral TAVR. Post-procedure, renal replacement therapy was initiated with rapid recovery of renal function. The patient was hemodynamically stabilized and discharged 14 days after the procedure with normalized ventricular function and a well-functioning prosthesis. This case illustrates the feasibility of consecutive transfemoral TAVR and interventional revascularization of CAS as life-saving rescue therapy in severe AS complicated by CS and cerebrovascular disease (CVD). A combined interventional approach addressing both CVD and valve obstruction enabled procedural safety and favorable recovery, supporting TAVR as a viable option in selected high-risk patients."
PubMed,aortic stenosis,Skeletal Muscle Oxygenation During Exercise and Its Association With Early Improvement in Exercise Tolerance After Transcatheter Aortic Valve Implantation.,Yasutomo Tanaka; Takako Tanaka; Yudai Yano; Tsubasa Watanabe; Yudai Fujiwara; Sayaka Kuga; Hinata Esaki; Ryohei Akashi; Tomohiro Honda; Tetsufumi Motokawa; Koji Maemura; Ryo Kozu,10.1253/circrep.CR-26-0083,2026-07-10,Circulation reports,"This study aimed to: (1) assess changes in peripheral skeletal muscle oxygenation during exercise after transcatheter aortic valve implantation (TAVI) in patients with severe aortic stenosis (AS); and (2) identify characteristics of patients who exhibited improved exercise tolerance.
In this single-center prospective study, 20 patients with severe symptomatic AS underwent evaluation before and 1 week after TAVI. Exercise tolerance was assessed using the incremental shuttle walk test (ISWT), and the incremental shuttle walk distance (ISWD) was recorded. Calf muscle oxygenation during the ISWT was continuously measured using near-infrared spectroscopy (NIRS). ISWD increased significantly after TAVI (P<0.01). During the ISWT, the change in oxygenated hemoglobin (∆O2Hb) was greater after TAVI than before TAVI. Compared with non-responders, responders demonstrated lower ∆O2Hb and greater increases in deoxygenated hemoglobin (∆HHb) from rest to peak exercise before TAVI (all P<0.05).
Peripheral skeletal muscle oxygenation during exercise improved early after TAVI. Moreover, a pre-TAVI pattern characterized by reduced oxygen delivery (lower ∆O2Hb) and enhanced oxygen extraction/utilization (higher ∆HHb) during exercise was associated with greater improvement in exercise tolerance after TAVI."
PubMed,aortic stenosis,Impact of Tricuspid Regurgitation on the Prognosis of Heart Failure With Preserved Ejection Fraction: Insights From the JROADHF.,Takeshi Tohyama; Masataka Ikeda; Tatsuya Watanabe; Hidetaka Kaku; Takuya Nagata; Nobuyuki Enzan; Shouji Matsushima; Tomomi Ide; Hiroyuki Tsutsui; Kohtaro Abe; JROADHF Investigators,10.1253/circrep.CR-25-0317,2026-07-10,Circulation reports,"The clinical impact of tricuspid regurgitation (TR) on the long-term prognosis of heart failure with preserved ejection fraction (HFpEF) remains unclear.
We analyzed the data of 4,456 patients with HFpEF from the Japanese Registry of Acute Decompensated Heart Failure (JROADHF) and identified 83 patients hospitalized primarily for TR. They had a higher mortality rate than those without TR. The 1- and 4-year mortality rates in the TR group were comparable with those for patients hospitalized primarily for aortic stenosis.
Hospitalization for TR is associated with a poor prognosis in patients with HFpEF."
PubMed,aortic stenosis,Surgical vs. trans-catheter aortic valve replacement in patients With bicuspid aortic valve stenosis.,Kobi Faierstein; Tal Caller; Dassi Moshkovitz; Efrat Sharon; Roy Raphael; Ido Cohen; Noam Makmal; Efrat Mazoe Dray; Afek Ash; Elad Maor; Ehud Regev; Amit Segev; Israel M Barbash; Paul Fefer,10.3389/fcvm.2026.1871325,2026,Frontiers in cardiovascular medicine,"Aortic valve stenosis can be treated surgically or with transcatheter aortic valve implantation (TAVI). However, bicuspid aortic valve (BAV) anatomy presents unique challenges that may affect procedural outcomes. We aimed to compare outcomes between the two approaches.
a retrospective cohort of 480 patients with BAV stenosis: 75 (16%) underwent TAVI and 405 (84%) underwent SAVR. Median age was 76 (Q1-Q3: 72-82) in the TAVI group and 61 (Q1-Q3: 52-70) in the SAVR group. Patients with isolated aortic insufficiency were excluded. Primary analyses were adjusted for age, sex, and comorbidities, followed by a sensitivity analysis using 1:1 age matching. Outcomes included overall survival, stroke/TIA, pacemaker implantation, paravalvular leak, and heart failure hospitalizations.
During a mean follow-up of 9 ± 5 years, 72 patients died (28 TAVI, 44 SAVR). TAVI was associated with higher mortality (adjusted HR = 5.9, 95% CI 2.6-12.9, p < 0.001), higher rates of pacemaker implantation (19% vs. 4%; HR = 2.6, 95% CI 1.1-6.7, p < 0.001), paravalvular leak (adjusted OR = 5.8, 95% CI 2.6-12.7, p < 0.001) and heart failure hospitalizations (IRR=7.7, 95% CI 2.7-22.2, p < 0.001). Stroke rates were similar. Age-matched analyses confirmed higher mortality (adjusted HR = 3.6, 95% CI 1.5-8.6, p = 0.004), increased pacemaker implantation (adjusted HR = 3.9, 95% CI 1.04-14.5, p = 0.002), and heart failure hospitalizations (IRR=7.7, 95% CI 3.9-15.1, p < 0.001).
In BAV stenosis, SAVR was associated with better survival and fewer complications than TAVI, while stroke/TIA rates were similar. Randomized trials are needed to determine the optimal treatment approach."
PubMed,aortic stenosis,"Prevalence, causes, management strategies, and outcomes of secondary interventions during long-term follow-up after endovascular aneurysm repair: a retrospective cohort study.",Hyo Jun Kim; Hyung Sub Park; Jinsol Jung; Ji Young Lee; Myung Yup Hyun; Jonghyuk Park; Taeseung Lee,10.4174/astr.2026.111.1.1,2026-07,Annals of surgical treatment and research,"This study was conducted to evaluate the prevalence, causes, management strategies, and outcomes of secondary interventions after endovascular aneurysm repair (EVAR) in a Korean cohort.
We retrospectively reviewed 242 patients who underwent standard EVAR for infrarenal abdominal aortic aneurysm at Seoul National University Bundang Hospital between 2008 and 2023. Clinical and anatomical parameters were analyzed. Secondary intervention indications, management, and outcomes were documented. Kaplan-Meier analysis estimated freedom from intervention and survival, and Cox regression identified predictors of mortality.
During a mean follow-up of 61.4 ± 45.8 months, 54 patients (22.3%) underwent 70 secondary interventions. The most common indications were Type II endoleaks with sac growth (24.1%), graft limb occlusion/stenosis (20.4%), Type IB endoleaks (11.1%), and Type III endoleaks (9.3%). Type II endoleaks were primarily treated with transarterial embolization, but many required repeated interventions or open conversion. Type I and III endoleaks were managed with stent graft extensions, endoanchors, or revision EVAR. Freedom from secondary intervention was 73.3% at 5 years and 57.5% at 10 years. Aneurysm-related survival was high (95.3% at 10 years), but overall survival declined to 42.5%, mainly due to comorbidities like malignancy, pneumonia, and cardiovascular disease. Multivariate analysis identified age, chronic obstructive pulmonary disease, hospital stay, and aneurysm diameter as independent mortality predictors, with dyslipidemia being protective.
Secondary interventions after EVAR were required in over 20% of patients, primarily for Type II endoleaks. While aneurysm-related survival remained high, overall survival was limited by comorbidities. Lifelong imaging surveillance and management of comorbidities are essential for optimizing EVAR outcomes."
PubMed,aortic stenosis,Cardio amyloid-artificial intelligence: advanced multi-modal screening for transthyretin cardiac amyloidosis in severe aortic stenosis patients.,Nusrat Binta Nizam; Ashley N Beecy; Jacob W Groenendyk; Fengbei Liu; Nelson I Barrera; Chris Kelsey; David vanMaanan; Jeffrey Ruhl; Naomi Tesfuzigta; Ilan Richter; Mathew S Maurer; Gabriel Sayer; Deborah Estrin; Parag Goyal; Nir Uriel; Mert R Sabuncu,10.1093/ehjdh/ztag064,2026-07,European heart journal. Digital health,"Early detection is important given the availability of new disease-modifying therapies and the high prevalence of transthyretin amyloid cardiomyopathy (ATTR-CM) among patients with aortic stenosis (AS) undergoing transcatheter aortic valve replacement (TAVR). We developed a multi-modal artificial intelligence (AI) model for early detection of ATTR-CM using chest computed tomography (CT), echocardiography, and electrocardiography. This approach may provide a scalable strategy for preclinical monitoring.
This retrospective study included patients who underwent technetium-99m-pyrophosphate (PYP) scintigraphy at two academic medical centres: Columbia University Irving Medical Center and Weill Cornell Medicine. ATTR-CM status was determined using a composite reference standard incorporating PYP scan interpretation, laboratory tests, and endomyocardial biopsy results when available. The diagnostic performance of the model was measured by the area under the receiver operating characteristic curve (AUROC), sensitivity, specificity, and predictive values at various thresholds. Among 816 patients (median age 79.0 years, 61.2% male), 127 (15.6%) had confirmed ATTR-CM. Patients with ATTR-CM were older, more often male, and had characteristic echocardiographic features, including increased wall thickness and reduced ejection fraction. In the independent TAVR test cohort, the multi-modal AI model achieved an AUROC of 0.85 [95% confidence interval (CI): 0.74-0.93], significantly outperforming single-modality approaches in our data. At the optimal threshold, the model demonstrated 73.3% sensitivity, 82.9% specificity, and 96% negative predictive value.
A multi-modal AI approach using routinely acquired chest CT, echocardiography, and electrocardiography data can enable screening for ATTR-CM in TAVR patients, potentially facilitating earlier diagnosis and treatment initiation."
PubMed,aortic stenosis,Artificial intelligence-based calcium scoring using 3D transesophageal echocardiography in aortic stenosis: a pilot study.,Paula Fazendas; Rita Bairros; Luís Brito Elvas; Liliana Brochado; João Carlos Ferreira; Rita Gomes; Ana Rita Pereira; Cristina Martins; José Pereira; Cândida Lourenço; Tomás Brandão; Hélder Pereira; Ana G Almeida,10.1186/s44348-026-00080-x,2026-07-10,Journal of cardiovascular imaging,"Aortic valve calcium scoring by computed tomography (CT) is an established method for assessing aortic stenosis severity but is limited by radiation exposure and availability. Artificial intelligence (AI)-based calcium detection using transthoracic echocardiography has shown promise but depends on acoustic window quality. Transesophageal echocardiography (TEE), particularly 3D TEE, may overcome these limitations by providing improved visualization without radiation. The objective of this study is to evaluate the feasibility of AI-based quantification of aortic valve calcium using 3D TEE.
In this prospective pilot study, 23 patients (median age, 76 years; 56.5% male) with moderate or severe aortic stenosis underwent 3D TEE and CT. Multiplanar reconstruction generated 1.5-mm diastolic short-axis slices. A computer vision-based model identified calcium-related speckles. An automated TEE calcium score was derived from the sum of calcium pixels across 11 frames per patient, which was compared with the CT Agatston score.
The TEE calcium score showed a significant positive correlation with CT Agatston scores (r = 0.65, P < 0.001). Receiver operating characteristic analysis yielded an area under the curve of 0.87 (95% confidence interval, 0.69-1.00) for identifying severe calcification (cutoff, 68,813 pixels; sensitivity, 89.5%; specificity, 75.0%).
AI-based calcium quantification using 3D TEE is feasible and correlates with CT-derived scores. This radiation-free approach may provide a promising alternative for assessing aortic valve calcification."
PubMed,aortic stenosis,Tirzepatide and risk of newly diagnosed aortic stenosis in patients with obesity: a multi-institutional real-world cohort study.,Jheng-Yan Wu; Keng-Wei Lee; Sheng-Chi Huang; Hsuan-Yuan Chang; Yu-Min Lin,10.1186/s12872-026-06269-8,2026-07-09,BMC cardiovascular disorders,"Obesity is a major risk factor for the development of degenerative aortic stenosis (AS), yet no pharmacologic therapy has been proven to prevent AS onset. Tirzepatide, a dual GIP/GLP-1 receptor agonist, provides greater metabolic and anti-inflammatory benefits than conventional GLP-1 receptor agonists (GLP-1 RAs). Whether tirzepatide reduces the risk of incident AS remains unknown.
To evaluate the association between tirzepatide use and the risk of newly diagnosed AS or aortic valve replacement (AVR) compared with GLP-1 receptor agonists in adults with obesity.
This retrospective cohort study used the TriNetX global federated database. Adults ≥ 18 years with obesity who initiated tirzepatide or GLP-1 RAs between 2022 and 2025 were identified. An active-comparator, new-user design with 1:1 propensity score matching (PSM) was applied. The primary endpoint was a composite of newly diagnosed AS or AVR. Secondary outcomes included individual AS, AVR, and all-cause mortality. Cox proportional hazards models estimated hazard ratios (HRs) with 95% confidence intervals (CIs). Robustness was assessed using negative-control outcomes and E-values.
After PSM, 584,236 patients were included. During follow-up, tirzepatide users had a significantly lower risk of AS or AVR compared with GLP-1 RA users (0.2% vs. 0.6%; HR 0.90, 95% CI 0.81-0.98; P = 0.022). Tirzepatide was also associated with reduced risk of newly diagnosed AS (HR 0.90, 95% CI 0.81-0.99; P = 0.025) and lower all-cause mortality (HR 0.88, 95% CI 0.81-0.95; P = 0.001). No association was observed for the negative-control outcome of skin cancer. Subgroup findings were generally consistent, with stronger protective associations observed in women and adults ≥ 65 years. In a sensitivity analysis using a no-treatment comparator, tirzepatide was also associated with lower risks of AS/AVR, AS, AVR, and all-cause mortality; however, the mortality association was interpreted cautiously because of potential healthy-user and treatment-selection biases.
Among adults with obesity, tirzepatide use was associated with a significantly lower incidence of newly diagnosed AS or AVR compared with GLP-1 RAs during follow-up, suggesting a potential association between tirzepatide use and a lower rate of newly diagnosed AS/AVR. Because AS may remain asymptomatic for years and echocardiographic progression data were unavailable, these findings should be interpreted as hypothesis-generating. Prospective studies are needed to confirm causality and elucidate underlying mechanisms."
PubMed,aortic stenosis,Successful off-label use of vascular closure devices in fully percutaneous transaxillary aortic valve implantation.,Philipp Lauten; Sabine Bleiziffer; Lisa C Costello-Boerrigter; Björn Göbel; Christian Albert; Mahmoud Al Jassem; David Gonzalez-Lopez; Bernhard Schieffer; Harald Lapp,10.1136/openhrt-2026-004150,2026-07-09,Open heart,"The axillary artery is an alternative access- site for transcatheter aortic valve implantation (TAVI) when femoral arteries are unfavourable. Simplified transaxillary-TAVI (TAx-TAVI) is performed completely percutaneously, using vascular closure device (VCD) techniques for arteriotomy closure. Concerns exist regarding major vascular complications with this technique. This registry-study describes off-label VCD use during simplified TAx-TAVI.
Consecutive severe aortic stenosis patients unsuitable for both surgery and transfemoral access were enrolled in our heart valve registry and underwent simplified TAx-TAVI using VCDs for arteriotomy closure. At the operator's discretion, closure was performed with a collagen-based plug (MANTA) or a suture-based system (double ProGlide). The primary endpoint was axillary access-related major vascular complications in hospital and at 30 days according to Valve Academic Research Consortium (VARC-3) definitions. Secondary endpoints included axillary access-site bleeding and all-cause mortality during hospitalisation to 30 days post-TAx-TAVI.
From January 2022 to January 2024, 32 patients (mean age 77 years, 31.3% female) underwent simplified TAx-TAVI using VCDs. MANTA and ProGlide were each used in 50.0% of cases (n=16). Local anaesthesia with conscious sedation was used in 21.9% (n=7). Overall VARC-3 device success was 96.9% (31/32). VCD failure occurred in 25.0% (8/32) and was numerically more frequent with ProGlide (31.3%) than MANTA (18.8%). A covered stent was required for definitive axillary haemostasis in 12.5% (4/32). The 30-day axillary major vascular complication rate was 3.1% (1/32). No major bleeding complications occurred. All-cause 30-day mortality was 3.1% (1/32). New permanent pacemaker implantation occurred in 12.5% (4/32). At 30 days, New York Heart association (NYHA) class improved by at least one category in 68.8% (22/32).
In these simplified TAx-TAVI cases, MANTA and ProGlide VCDs performed well in terms of vascular and bleeding complications. Simplified TAx-TAVI requires advanced access-site management skills, including covered stent use. We found VCDs approved for femoral use safe with axillary access."
PubMed,aortic stenosis,Beyond the Valve: Redefining Moderate Aortic Stenosis Management.,Elena Ferrer-Sistach; Victoria Delgado,10.1016/j.echo.2026.07.002,2026-07-09,Journal of the American Society of Echocardiography : official publication of the American Society of Echocardiography,
PubMed,aortic stenosis,Sex Differences in Hypertrophic Cardiomyopathy.,Sonu Abraham; Natalie Tapaskar; Anu Saji; Radha Kanneganti; Radmila Lyubarova; Eman Rashed; Roopa Rao,10.1007/s11886-026-02387-z,2026-07-09,Current cardiology reports,"This review summarizes contemporary evidence regarding sex-based differences in hypertrophic cardiomyopathy (HCM), including disparities in presentation, disease progression, outcomes, and management.
Women with HCM are frequently diagnosed later than men and often present with more advanced symptoms, greater left ventricular outflow tract obstruction, worse diastolic dysfunction, and higher heart failure burden. Despite similar rates of ventricular arrhythmias and sudden cardiac death, women experience greater progression to advanced heart failure and poorer quality of life. Emerging evidence suggests that current sex-neutral risk assessment tools may underestimate disease severity in women. Cardiac myosin inhibitors demonstrate similar efficacy across sexes, with some studies suggesting greater symptomatic improvement in women. Persistent disparities in referral patterns, access to specialized care, and representation in clinical trials continue to affect outcomes. Sex-specific differences significantly impact the phenotype, progression, and management of HCM. Greater recognition of these differences is essential to improve individualized care and reduce disparities in outcomes for women with HCM."
PubMed,aortic stenosis,Vendor-independent Aortic Valve Calcium Scoring in Patients with Discordant Echocardiographic Criteria of Severe Aortic Stenosis.,Magdalena M Dobrolińska; Niels van der Werf; Marcel J W Greuter; Neil J Craig; Martin J Willemink; Niek H J Prakken; Jacek Kwiecinski; Evangelos Tzolos; Riemer H J A Slart; Wojciech Wojakowski; David E Newby; Marc Dweck; Tim Leiner,10.1148/ryct.250480,2026-08,Radiology. Cardiothoracic imaging,"Purpose To apply a vendor-neutral Agatston score (vnAS) for aortic valve calcification across multiple CT systems and to aortic stenosis severity classification. Materials and Methods Anthropomorphic phantoms with varying degrees of calcification were scanned using seven different CT systems and a reference electron-beam CT system to determine the vnAS. The vnAS was calculated using a regression model, whose performance was evaluated by both the coefficient of determination and analysis of variance. The vnAS was subsequently validated on a retrospective patient sample from eight international centers. Thresholds of severe aortic valve stenosis were defined as 1274 and 2065 AU for women and men, respectively. Results The Agatston scores from all CT systems were strongly correlated with that of the reference system (R2 > 0.932). On the basis of their echocardiographic findings, 183 of 831 (22.0%) patients (mean age ± SD, 77 years ± 10; 351 of 831 [42.2%] women) had discordant echocardiographic aortic valve stenosis findings. Among women with discordant results, the vnAS was higher than the traditional aortic valve calcium score (median, 1693 AU [IQR, 908-2513 AU] vs 1181 AU [IQR, 726-1964 AU], respectively; P < .001). Similar findings were observed for men (median, 2658 AU [IQR, 1894-3822 AU] vs 2056 AU [IQR, 1408-3056 AU], respectively; P < .001). Using the vnAS, 8.5% of women and 17.8% of men with discordant echocardiographic findings were reclassified into the severe aortic stenosis group. Conclusion A previously developed calibration tool, the vnAS, was validated and reclassified patients with discordant echocardiographic findings into the severe aortic stenosis group. Keywords: CT, Echocardiography, Percutaneous, Cardiac, Valves, Calcifications/Calculi, Technology Assessment, Vendor-neutral Agatston Score, Aortic Stenosis, Aortic Valve Calcification, Phantoms Supplemental material is available for this article. © RSNA, 2026 See also commentary by Jaltotage and Leipsic in this issue."
PubMed,aortic stenosis,Reclassifying Aortic Stenosis: When the Scanner Matters as Much as the Calcium.,Biyanka Jaltotage; Jonathon A Leipsic,10.1148/ryct.260193,2026-08,Radiology. Cardiothoracic imaging,
PubMed,aortic stenosis,Simultaneous Transcatheter Aortic Valve Replacement and Percutaneous Coronary Intervention Under ECMO Support.,Xiao-Lin Yu; Jing-Ya Wang; Xiang-Yu Dong; Fan Luo; Hao Fan; Zhao Wang; Yi-Ning Yang,10.1016/j.jaccas.2026.108671,2026-07-08,JACC. Case reports,"Patients with severe aortic stenosis (AS) often have concomitant coronary artery disease (CAD), but optimal timing of percutaneous coronary intervention (PCI) remains unclear, especially in those with very high risk.
A 63-year-old man with severe AS (aortic valve area 0.9 cm2), reduced left ventricular ejection fraction (40%), and triple-vessel CAD including bilateral chronic total occlusions underwent a single-session transcatheter aortic valve replacement (TAVR) plus PCI under prophylactic veno-arterial extracorporeal membrane oxygenation because of extreme risk of hemodynamic collapse. TAVR was performed first, followed by rotational atherectomy-assisted PCI.
Prophylactic veno-arterial extracorporeal membrane oxygenation provided a critical safety net, allowing valve recapture and repositioning despite heavy calcification and successful chronic total occlusion revascularization. This 1-stop strategy avoided staged procedures and cumulative cardiac stress.
For high-risk AS with complex CAD, a 1-stop TAVR-plus-PCI strategy under prophylactic ECMO support is feasible and potentially life-saving; careful imaging and advanced intraoperative techniques are essential."
PubMed,aortic stenosis,Delayed Chimney Stent Fracture After Transcatheter Aortic Valve Replacement.,Cunjun Zhu; Rongzhen Zhang; Yuanjiu Yang; Tao Su; Rutao Wang; Fei Li,10.1016/j.jaccas.2026.109134,2026-07-08,JACC. Case reports,"Chimney stenting represents an established coronary protection strategy during transcatheter aortic valve replacement (TAVR) in high-risk anatomical settings, although chimney stent fracture remains a rare complication.
A 55-year-old woman with severe aortic stenosis underwent TAVR with a self-expanding valve and left main chimney stenting due to a low-lying left coronary artery (10.2 mm). One month postprocedure, she presented with recurrent chest pain and elevated troponin. Coronary angiography revealed delayed chimney stent fracture with compromised left main flow, requiring urgent balloon dilatation and restenting. At 1-year follow-up, left ventricular function was preserved.
This case highlights delayed stent fracture as a rare but serious complication of chimney stenting following TAVR. Imaging surveillance is warranted in patients with postprocedural chest pain to avoid diagnostic oversight.
Delayed stent fracture following chimney stenting for coronary protection during TAVR may present weeks after an initially successful procedure with acute coronary syndrome-like symptoms, requiring urgent coronary angiography and reintervention. Continuous radial force from self-expanding transcatheter valve frames may contribute to chronic mechanical stress on chimney stents. Preoperative assessment of coronary ostial angulation should be considered in patients with high-risk coronary anatomy undergoing TAVR."
PubMed,aortic stenosis,Extracorporeal Membrane Oxygenation for Transcarotid Transcatheter Aortic Valve Replacement in Severe Aortic Stenosis.,Zihan Qin; Jianqiang Hu; Yan Li,10.1016/j.jaccas.2026.108767,2026-07-08,JACC. Case reports,"Patients with severe aortic stenosis and profoundly reduced left ventricular ejection fraction (LVEF) face a prohibitive risk of intraprocedural hemodynamic collapse during transcatheter aortic valve replacement (TAVR). This risk is exacerbated when complex valve anatomy prolongs the procedure, and it is compounded further when hostile iliofemoral anatomy precludes conventional transfemoral access.
We present a 71-year-old woman with severe aortic stenosis, a rigid type 0 bicuspid aortic valve, and an LVEF of 15%. Preprocedural imaging revealed narrow iliofemoral arteries prohibitive for a standard TAVR delivery system. Guided by a multidisciplinary heart team approach focusing on the ""access-valve-coronary-brain"" axis, a tailored strategy was executed. Prophylactic venoarterial extracorporeal membrane oxygenation (ECMO) was established via the femoral vessels to provide continuous circulatory support, followed by successful TAVR via the left common carotid artery. The procedure was well tolerated, and the patient demonstrated rapid reverse ventricular remodeling, with LVEF improving to 48% at discharge.
Integrating prophylactic ECMO with transcarotid access is a feasible procedural strategy to mitigate the risk of intraprocedural collapse in patients with severe left ventricular dysfunction, complex bicuspid aortic valve anatomy, and prohibitive femoral access."
PubMed,aortic stenosis,TAVR Using a Premounted Dry Valve in a Patient With Severe Aortic Stenosis and Tortuous Descending Aorta.,Siyang Fan; Fei Yuan; Xinmin Liu; Yunfeng Yan; Ziwei Xi; Jing Yao; Guangyuan Song,10.1016/j.jaccas.2026.109132,2026-07-08,JACC. Case reports,"Transcatheter aortic valve replacement (TAVR) with wet tissue valves have several limitations that compromise their durability and lifespan, and it is technically challenging in patients with a tortuous descending aorta.
We report an 81-year-old woman with severe symptomatic aortic stenosis, characterized by a functionally bicuspid aortic valve with extensive calcification, horizontal heart configuration. and tortuous descending aorta. The patient underwent successful transfemoral TAVR using a premounted dry valve system with cerebral embolic protection and a minimalist approach.
This case confirms the feasibility of long sheath-assisted TAVR using a premounted dry valve system. Given the availability of premounted dry valves in China, the use of a premounted dry valve with potentially enhanced durability was chosen to avoid the risk of reintervention in this elderly patient.
Successful TAVR using a premounted dry valve system in patients with complex anatomy requires meticulous preprocedural planning, advanced imaging analysis, and appropriate device selection."
PubMed,aortic stenosis,"Transcatheter Management of Severe Aortic Stenosis, Acute Pulmonary Embolism, and Gastrointestinal Bleeding.",Zhouming Wang; Taotao Xie; Xin Ding; Yanbin Su; Yajun Liu; Na Zhang; Zhenwen Yang,10.1016/j.jaccas.2026.108590,2026-07-08,JACC. Case reports,"The concurrent presentation of severe aortic stenosis (AS), acute pulmonary embolism (PE), and gastrointestinal bleeding creates a clinical dilemma where treating one condition may exacerbate another.
A 72-year-old woman presented with fatigue, palpitations, and melena. She was found to have severe AS, bilateral acute PE, and a bleeding duodenal ulcer. After initial stabilization with transfusion, we used a staged multidisciplinary approach: catheter-directed thrombectomy with adjunctive balloon angioplasty for residual stenosis, followed by transfemoral transcatheter aortic valve replacement.
This case illustrates the challenges of coexisting AS, gastrointestinal bleeding, and PE. Although Heyde syndrome was considered a possible unifying mechanism, absent angiodysplasia and von Willebrand factor testing preclude definitive diagnosis. A staged, physiology-driven strategy prioritized immediate threats and enabled safe definitive therapy.
In patients with competing thrombotic and bleeding pathologies, a staged, physiology-first approach prioritizing the most immediate threat enables safe sequential intervention. Percutaneous techniques minimize cumulative risk in high-risk patients."
PubMed,aortic stenosis,Middle aortic syndrome presenting with severe hypertension and multi-vessel stenosis in a young adult.,Kyriaki Lekka; Stylianos Daios; Georgios Mantas; Dimitrios Antoniadis,10.1017/S1047951126113912,2026-07-09,Cardiology in the young,"Middle aortic syndrome is a rare cause of aortic coarctation, characterised by progressive segmental or diffuse narrowing of the distal thoracic aorta and/or abdominal aorta, often involving the renal arteries and other visceral arteries. The syndrome is predominantly seen in children and young adults, typically presenting with severe hypertension, congestive heart failure, renal failure, or severe leg claudication. Diagnostic imaging by angiography of the descending and abdominal aorta is the preferred evaluative modality. Here, we report a case of a young man who was admitted to our Cardiology Department with severe hypertension and middle aortic syndrome diagnosed by renal Doppler scan and CT angiography. An adequate blood pressure control was achieved with antihypertensive treatment and surgery."
Crossref,aortic stenosis,Serum sialic acid is independently associated with cerebrovascular atherosclerotic stenosis severity and total vascular burden: A retrospective cohort study,Qi Cai; Chunjiao Yang; Lei Luo; Yinfei Huang; Yu Xie; Xin Liang; Renwei Zhang; Yumin Liu,10.1016/j.cca.2026.121217,2027-01,Clinica Chimica Acta,
Crossref,aortic stenosis,Staged Full-endoscopic Foraminotomy for Multilevel Lumbar Stenosis with Scoliosis: A Case Report,Takayuki KITAHARA; Yuji NAGAO; Takafumi OHSHIMA; Naoto ONO; Saori SOEDA; Makoto TAKEUCHI; Kosuke SUGIURA; Hiroaki MANABE; Masatoshi MORIMOTO; Fumitake TEZUKA; Hiroshi KAGEYAMA; Junzo FUJITANI; Koichi SAIRYO,10.2176/jns-nmc.2025-0339,2026-12-31,NMC Case Report Journal,
Crossref,aortic stenosis,Two Cases of Lumbar Spinal Canal Stenosis with Dorsal Meningovertebral Ligaments: Potential Risk of Dural Laceration,Kyohei KIN; Ryoji TOMINAGA; Kento TAKEBAYASHI; Hiroki IWAI; Hisashi KOGA,10.2176/jns-nmc.2025-0354,2026-12-31,NMC Case Report Journal,
Crossref,aortic stenosis,Vasodilatory study of Mitragyna speciosa (Korth.) Havil methanolic extract using rats aortic ring assay,Hui Wei Loh; Wan Yin Tew; Chong Seng Yan; Chi Yuan Low; Zurina Hassan; Qiyue Qiu; Bin Yang; Zheng Zhang; Ruiling Zhang; Nelson Jeng Yeou Chear; Mun Fei Yam,10.1016/j.jep.2026.122057,2026-12,Journal of Ethnopharmacology,
Crossref,aortic stenosis,Step-by-step En face O red oil method for aortic plaque staining and quantification in ApoE knockout mouse,Nurin Yasmin Mohd Khairudin; B. Vimala R.M.T Balasubramaniam; Suhaila Abd Muid; Nurdiyana Nasrudin; Nasibah Azme,10.1016/j.mex.2026.104020,2026-12,MethodsX,
Crossref,aortic stenosis,An antibody-conjugated polymer nanoparticle that targets inflammatory site for abdominal aortic aneurysm antioxidant stress therapy,Youjin Huang; Qi'’nan Yin; Qin Zhang; Jinping Liu; Ya Wu; Yong Liu,10.1016/j.bioadv.2026.214968,2026-11,Biomaterials Advances,
Crossref,aortic stenosis,M1 macrophage-derived exosomal miR-155-5p exacerbates aortic dissection via SMAD5-Mediated regulation of vascular smooth muscle cell phenotype,Dengwei Cao; Xinyi Li; Shaoping Zhu; Jianfeng Chen; Haoxiang Li; Jiajun Shi; Xiaoqi Xiong; Jiahui Liu; Yumou Wang; Zhe Dong; Jiangping Song; Jinping Liu,10.1016/j.bioactmat.2026.05.057,2026-11,Bioactive Materials,
Crossref,aortic stenosis,Colchicine attenuates diet-induced early aortic vascular remodeling in mice via modulation of inflammatory and cell death-associated pathways,Amira I. Shrief; Sally Abdallah Mostafa; Dina S. Elshenawy; Mamdouh Eldesoqui; Somaya Saad; Yomna F. Hassan,10.1016/j.tice.2026.103720,2026-11,Tissue and Cell,
Crossref,aortic stenosis,Comparative phenotypic analysis of primary aortic VSMCs versus TGF - β/PDGF - BB differentiated MSCs in rat,Pulkit Soni; Diksha Rani; Manish Kumar; Vaibhav Kushwaha; Anurag Thapliyal; Satyavir Yadav; Shashank Kumar Maurya; Sanjay Kumar Dey,10.1016/j.tice.2026.103714,2026-11,Tissue and Cell,
Crossref,aortic stenosis,The impact of FBN1 variant types on pregnancy-related aortic dissection in women with Marfan syndrome,Tae Yokouchi-Konishi; Chizuko Aoki-Kamiya; Mitsuhiro Tsuritani; Yasuki Ishihara; Yohei Miyashita; Yoshihiro Asano; Takeshi Yagyu; Hitoshi Matsuda; Hiroko Morisaki; Mai Temukai; Masami Sawada; Aiko Kakigano; Naoko Iwanaga; Takeshi Kanagawa; Reiko Neki; Jun Yoshimatsu,10.1016/j.ijcard.2026.134634,2026-10,International Journal of Cardiology,
Crossref,aortic stenosis,DNMT3B attenuates the development of thoracic aortic aneurysm and dissection by suppressing TFEB-mediated autophagy in vascular smooth muscle cells,Yulin Bao; Yaxin Zhu; Yuting Niu; Yilu Hu; Dingkun Lu; Ruixia Xu; Xiaohan Fan,10.1016/j.bbadis.2026.168331,2026-10,Biochimica et Biophysica Acta (BBA) - Molecular Basis of Disease,
Crossref,aortic stenosis,Impact of Aortic Diameter on Left Ventricular Diastolic Dysfunction Following Endovascular Aortic Repair in Patients with Abdominal Aortic Aneurysm,Hitoshi Nakanowatari; Masumi Iwai-Takano; Tomohiro Takano; Tsuyoshi Fujimiya; Koki Takahashi; Yoshiki Endo; Yasuhisa Fukada; Yoshihito Irie; Tetsuya Ohira,10.1016/j.avsg.2026.05.108,2026-10,Annals of Vascular Surgery,
Crossref,aortic stenosis,Interpretable machine learning for one-year mortality prediction in acute aortic dissection: a multimodal model integrating CT imaging features and electrocardiographic parameters,Jing Zhang; Wuyu Xiong; Yunping Sun; Wenqiang Li; Cuiyuan Huang; Huiling Zheng; Caiwei Tan; Ye Sang; Jiajuan Yang; Songlin Zhang; Jian Yang,10.1016/j.bspc.2026.110969,2026-10,Biomedical Signal Processing and Control,
Crossref,aortic stenosis,Early Multicenter Experience with the Nexus Duo™ Aortic Arch Stent Graft System in the Treatment of Aneurysmatic Aortic Arch Diseases,Theodosios Bisdas; Michael Erb; Nikolas Charalambous; Michelle Antonello; Vladimir Makaloski; Luis Miguel Izquierdo Lamoca; Said Abisi; Ahmed Elbasty; Semih Buz; Elisa Jankwitz; Georgios I. Karaolanis; Nada Yasser Elzefzaf; Neophytos Zambas (Nicosia); Prakash Saha; Christiane Schubert,10.1016/j.avsg.2026.05.095,2026-10,Annals of Vascular Surgery,
Crossref,aortic stenosis,Metabolic mechanism analysis of abdominal aortic aneurysm tissues by internal extractive electrospray ionization mass spectrometry with minimal sample size,Manman Qin; Leting Wang; Dan Shan; Deqing Lin; Qinglin Chen; Shuxiang Yan; Liangliang Liao; Xinyi Luo; Yifeng Zhang; Jun Yu,10.1016/j.talanta.2026.129840,2026-10,Talanta,
Crossref,aortic stenosis,Long-Term Durability of TEVAR for Blunt Traumatic Aortic Injury in Young Patients,Karthigesu Aimanan; Ammar Ahmad; Michael Arvind; Putera Mas Pian; Kumaraguru VK. Pillay; Hanif Hussein,10.1016/j.avsg.2026.05.107,2026-10,Annals of Vascular Surgery,
Crossref,aortic stenosis,Transcatheter embolization of an endoleak through a vascular plug implanted in the left common iliac artery during aortouni-iliac endovascular aortic repair: A case report,Ryuta Okuhira; Akira Ikoma; Ryosuke Mimura; Atsufumi Kamisako; Tetsuo Sonomura; Hiroshi Doi,10.1016/j.radcr.2026.06.034,2026-10,Radiology Case Reports,
Crossref,aortic stenosis,"Evaluation, treatment, and outcomes in patients with possible severe aortic stenosis",Pishoy Gouda; Derek D. Cyr; Karen Chiswell; Jeremy Mercer; Paul Hofmann; Shazeb Khan; Sreekanth Vemulapalli,10.1016/j.ahj.2026.107498,2026-10,American Heart Journal,
Crossref,aortic stenosis,Admission-Based Early Risk Stratification for In-Hospital Mortality in Ruptured Abdominal Aortic Aneurysm: A Pragmatic Clinical Model,M.a Lourdes Del Río-Solá; Marina Jimenez-Caja; Clara de la Torre-Casaseca; Eva Alvarez-Garcia; Carlos García-Padron; Cintia Flota-Ruiz,10.1016/j.avsg.2026.05.086,2026-10,Annals of Vascular Surgery,
Crossref,aortic stenosis,A physiology-constrained framework for non-invasive left atrial pressure assessment and post-procedural estimation in mitral stenosis,Qimin Zhang; Wenwen Liang; Shengzhang Wang; Minmin Sun,10.1016/j.bspc.2026.110809,2026-10,Biomedical Signal Processing and Control,
Crossref,mitral regurgitation,AIoT-Driven Real-Time Detection of Mitral Valve Prolapse,Meng Han Chen; Guanling Lee,10.1504/ijipt.2027.10079642,2027,International Journal of Internet Protocol Technology,
Crossref,mitral regurgitation,Cine-derived mitral annular relaxation velocity for detection of preclinical left ventricular diastolic dysfunction,Niall McVeigh; David Ryan; Fiona Ryan; Joseph McCambridge; Maria Ferre; Sebastian Flynn; David J. Murphy; Mark Ledwidge; Ken McDonald; Jonathan D. Dodd,10.1016/j.mri.2026.110733,2026-11,Magnetic Resonance Imaging,
Crossref,mitral regurgitation,Corrigendum to “First-in-human study of the K-Clip™ transcatheter annular repair system for severe functional tricuspid regurgitation” [International Journal of Cardiology 390(2023) / IJCA 131174],Xiaochun Zhang; Qinchun Jin; Wenzhi Pan; Wei Li; Yingqiang Guo; Genshan Ma; Cuizhen Pan; Shasha Chen; Yuan Zhang; Lei Zhang; Mingfei Li; Shiqiang Hou; Yat-yin Lam; Thomas Modine; Alex Pui-Wai Lee; Juying Qian; Daxin Zhou; Junbo Ge,10.1016/j.ijcard.2026.134622,2026-10,International Journal of Cardiology,
Crossref,mitral regurgitation,Severe tricuspid regurgitation is a congestion-driven cardiorenal disease: A longitudinal study defining a right heart failure phenotype,Layal Mansour; Prayuth Rasmeehirun; Guillaume L'Official; Benjamin Marut; Marion Lacout; Melanie Bezard; Erwan Donal,10.1016/j.ijcard.2026.134643,2026-10,International Journal of Cardiology,
Crossref,mitral regurgitation,Relationship between left atrial fibrosis and function in a selected cohort undergoing surgery for severe primary mitral regurgitation,Caterina Maffeis; Andrea Rossi; Elvin Tafciu; Stefania Rizzo; Monica De Gaspari; Vincenzo Giambruno; Venanzio Di Nicola; Giovanni B. Luciani; Cristina Basso; Flavio L. Ribichini,10.1016/j.ijcard.2026.134614,2026-10,International Journal of Cardiology,
Crossref,mitral regurgitation,Left atrial strain and fibrosis in primary mitral regurgitation: asynchronous markers of atrial remodelling?,Cristina Conte; Alessandro Telesca; Massimo Imazio,10.1016/j.ijcard.2026.134642,2026-10,International Journal of Cardiology,
Crossref,mitral regurgitation,Safety of multiple grasping attempts during transcatheter mitral valve repair with the PASCAL system,Florian Jürgens; Florian Schindhelm; Mohammed Abusharekh; Clara M.K. Brandts; Jürgen Kampf; Matthias Totzeck; Fadi Al-Rashid; Peter Lüdike; Tienush Rassaf; Amir A. Mahabadi,10.1016/j.ijcard.2026.134636,2026-10,International Journal of Cardiology,
Crossref,mitral regurgitation,"Comment on “accuracy of machine learning models for mitral regurgitation severity assessment: A systematic review and meta-analysis""",Sharyu Ikhar; Yogesh Nagargoje; Ruchita Shrivastava,10.1016/j.ijcrp.2026.200666,2026-09,International Journal of Cardiology Cardiovascular Risk and Prevention,
Crossref,mitral regurgitation,Ultrasound measurement of antral cross-sectional area to predict regurgitation during general anesthesia for cesarean section in laboring women: a prospective observational cohort study,Longyuan Shen; Qiuxia Jiang; Xiaojuan Yu; Quansheng Xiao; Shengzhao Wang; Xiongda Lin; Qichen Luo; Shaoqiang Huang,10.1016/j.accpm.2026.101773,2026-09,Anaesthesia Critical Care &amp; Pain Medicine,
Crossref,mitral regurgitation,"Direct-access, balloon-expandable mitral valve replacement under fibrillatory arrest in extensive mitral annular calcification",John Wheeler; Gilbert Tang; Dimosthenis Pandis; Ahmed El-Eshmawi,10.1016/j.xjse.2026.100130,2026-09,JTCVS Structural and Endovascular,
Crossref,mitral regurgitation,"Hammock mitral valve in a 12-day-old female: pathophysiology, management and legal issues",Antonino Giulio Giannone; Tommaso D’Anna; Giuseppe Calcaterra; Giuseppe Calì; Elisabetta Orlando; Giovanni De Lisi; Eleonora Formisano; Ginevra Malta; Emanuele Lo Rito; Ada Maria Florena; Beatrice Belmonte; Emiliano Maresi,10.1016/j.legalmed.2026.102919,2026-09,Legal Medicine,
Crossref,mitral regurgitation,Case report: Salvage transcatheter aortic valve replacement for acute aortic regurgitation due to prosthetic valve endocarditis,Denizhan Ozdemir; Uttam Singh; Adishwar Singh; Raj R. Makkar,10.1016/j.crmic.2026.100165,2026-09,Cardiovascular Revascularization Medicine: Interesting Cases,
Crossref,mitral regurgitation,Massive mitral annular calcification with valvular involvement: Multimodality and longitudinal imaging correlation,Manuela Montatore; Gabriele Fanigliulo; Federica Masino; Ruggiero Tupputi; Roberto Maresca; Francesca Calò; Eluisa Muscogiuri; Giuseppe Guglielmi,10.1016/j.radcr.2026.05.087,2026-09,Radiology Case Reports,
Crossref,mitral regurgitation,Beyond gastric volume: linking gastric ultrasound to regurgitation to refine aspiration risk assessment,Lionel Bouvet; Dan Benhamou,10.1016/j.accpm.2026.101811,2026-09,Anaesthesia Critical Care &amp; Pain Medicine,
Crossref,mitral regurgitation,Mechanical mitral prosthesis thrombosis despite normal disc mobility: A case report,Parvathy Sankar; Nicholas Mitchell; Aiden Van Loo; Mohammad Ghandhor; Mitchell Schwocho; Noora Neiroukh; Richard Bloomingdale,10.1016/j.crmic.2026.100168,2026-09,Cardiovascular Revascularization Medicine: Interesting Cases,
Crossref,mitral regurgitation,Blood-nulled late gadolinium enhancement increases sensitivity for subtle basal myocardial scar in mitral valve prolapse with annular disjunction,Amy Avakian; Muhammad Umair,10.1016/j.radcr.2026.05.076,2026-09,Radiology Case Reports,
Crossref,mitral regurgitation,Clinical and echocardiographic predictors of reintervention after percutaneous or surgical treatment of rheumatic mitral stenosis: A systematic review,S.A. Gómez-Gualdrón; J.S. Macias-Martinez; A.M. Pulido-Parra; S.A. Higuera-Leal; B.E. Vesga-Angarita,10.1016/j.cpcardiol.2026.103358,2026-09,Current Problems in Cardiology,
Crossref,mitral regurgitation,Severe aortic regurgitation following ventricular septal defect repair: A case discussion,Jacqueline Nel; Muhammed Vally,10.1016/j.visj.2026.102572,2026-09,Visual Journal of Emergency Medicine,
Crossref,mitral regurgitation,Multimodality imaging assessment of caseous mitral annular calcification in a hemodialysis patient undergoing atrial fibrillation ablation: A case report,Jingyan Niu; Wencai Huang; Jiani Zou,10.1016/j.radcr.2026.04.080,2026-08,Radiology Case Reports,
Crossref,valvular heart disease,Giant Cells in Health and Disease-A Review,Sonal Gupta,10.21276/ijchmr.2016.2.2.10,2106-06-20,International Journal Of Community Health And Medical Research,
Crossref,valvular heart disease,Contemporary Disease Management in Quebec,Amédé Gogovor; Michelle Savoie; Yola Moride; Marilyn Krelenbaum; Terrence Montague,10.12927/hcq.2013.19495,2088-01-15,Healthcare Quarterly,
Crossref,valvular heart disease,Chronic Disease Prevention and Management: Implications for Health Human Resources in 2020,Margo Orchard; Esther Green; Terrence Sullivan; Anna Greenberg; Verna Mai,10.12927/hcq.2013.19496,2088-01-15,Healthcare Quarterly,
Crossref,valvular heart disease,What a Study on Ultraprocessed Fake Meat and Heart Disease Really Found,Lori Y,10.1038/scientificamerican072077-2xmzfca9smsvxelw1jobgf,2077-07,Scientific American,
Crossref,valvular heart disease,Woman Receives Genetically Modified Pig Kidney Transplant after Heart Pump Surgery,Tanya L,10.1038/scientificamerican072077-4hozib8kpx2m6wjvhqi1zz,2077-07,Scientific American,
Crossref,valvular heart disease,Water Lily or Camelotte Sign in Pulmonary Hydatid Cyst – An Orphan Disease,Sudheer Tale; Soibampahel M; Mrudula K; Ritisha B; Subodh K; Girish S,10.23880/cclsj-16000132,2028-11-11,Cell &amp; Cellular Life Sciences Journal,"A 20 – year – old male without any previous comorbidity presented to pulmonary medicine outpatient department with complaints of dull aching chest pain on right side, dry cough and shortness of breath for the pastone year. He was non vegetarian and had no addictions. On general physical examination his vitals were stableand respiratory system examination revealed decreased breath sounds in the right hemithorax. All his routineblood investigations were normal. Chest radiograph revealed homogenous opacity in the right middle andlower zones. Contrast enhanced computed tomography of thorax and abdomen showed a well defined encapsulatedcystic lesion of size 12x10x14cm with internal floating membranes (water lily sign or Camelotte sign) with masseffect on adjacent lung parenchyma causing atelectasis and compression of adjacent vessels (Figure 1). Hydatid serology (IgG) was positive. Patient was treated symptomatically and referred for surgical intervention."
Crossref,valvular heart disease,Comparison of convolutional neural network (CNN) methods using AlexNet and VGG16 architectures for disease detection in apples,Anang Pramono; Zuhriah Virlani Putri,10.1504/ijaac.2028.10078919,2028,International Journal of Automation and Control,
Crossref,valvular heart disease,"EFFECT OF FERTILIZER FACTORY WASTES ON SEED GERMINATION, PLANT GROWTH AND ROOT-KNOT DISEASE DEVELOPMENT IN TOMATO (Lycopersicon lycopersicum L.) PLANTS",Gopal Dixit,10.33865/wjb.002.02.0086,2027-08-31,World Journal of Biology and Biotechnology,"In the present research paper studies have been made on fertilizer factory wastes on percent seed germination, root and shoot length of plants and development of root-knot galls by Meloidogyne incognita in five cultivars of tomato. Though all the cultivars showed almost similar impact of fertilizer wastes on seed germination, plant growth and resistance for root-knot disease with little variation. Percent germination of seeds and plant growth was found decreased while the root-knot index was increased along with the increase in concentration of fertilizer wastes."
Crossref,valvular heart disease,RELATION OF HEART WEIGHT WITH AGE AND WEIGHT OF CADAVER,Jolly Agarwal; Virendra Kumar,10.21761/jms.v2i01.10838,2027-07-25,SRMS JOURNAL OF MEDICAL SCIENCE,"Introduction: Height, weight, and age of person has significant impact on the normal size of&#x0D; heart. These parameters need to be considered when cut-off values indicating the need for&#x0D; treatment or even surgery are established. The aim of present work is to study the relation of&#x0D; weight of the heart with age and weight of cadaver.&#x0D; Material and Methods: The study was performed in the Department of Anatomy, Shri Ram&#x0D; Murti Smarak Institute of Medical Sciences, Bareilly on 30 hearts from embalmed cadavers.&#x0D; The hearts were procured from the cadavers available in our department. The heart was&#x0D; thoroughly cleaned and measurements were taken.&#x0D; Results: The mean heart weight was 223.37 ± 57.78 g. Significant relationship between age of&#x0D; the cadaver and weight of the heart (p=0.0004), weight of cadaver and weight of heart&#x0D; (p=0.0001) was observed.&#x0D; Conclusion: The above study provides valuable data of the heart in our geographical location,&#x0D; which may be useful for cardiac surgeons and physicians."
Crossref,valvular heart disease,"Correlation of IL-1β, IL-17A, and CXCL13 Biomarkers with P2RX7 Genetic Polymorphism and Clinical Disease Activity of Iraqi Patients with Rheumatoid Arthritis",Zahraa Thamir; Mohammed Nader,10.21608/ejmm.2026.497902.2527,2027-07-01,Egyptian Journal of Medical Microbiology,
Crossref,valvular heart disease,Serum Interleukin-15 and Tumor Necrosis Factor-Alpha as Diagnostic and Disease Activity Biomarkers in Vitiligo,Ali S. Aziz; Raad A. Alasady,10.21608/ejmm.2026.494791.2477,2027-07-01,Egyptian Journal of Medical Microbiology,
Crossref,valvular heart disease,Association of Helicobacter pylori toxins cagA and vacA with Parkinson's Disease,Enas A. Daef; Mona H. Abdel-Rahim; Eman M. Farghly; Eman M.H. Khedr; Mona S. Embarek,10.21608/ejmm.2026.483634.2350,2027-04-01,Egyptian Journal of Medical Microbiology,
Crossref,valvular heart disease,Diagnostic and Prognostic Utility of IL-17 and TNF-α in Psoriasis: Insights into Early Detection and Disease Severity,Dhamya K. Sarhan; Jenan M. Ghani; Baneen A. Abd Ulrahman; Intisar R. Sharba; Jinan M. Abd,10.21608/ejmm.2026.482466.2339,2027-04-01,Egyptian Journal of Medical Microbiology,
Crossref,valvular heart disease,Interleukin-30 Level in Patients with Psoriasis Vulgaris and its Relation to Disease Severity,Heba E.S. Hassan; Nessma A. Nosser; Nora M. Darwish; Fatma F. El Dakrory,10.21608/ejmm.2026.487292.2402,2027-04-01,Egyptian Journal of Medical Microbiology,
Crossref,valvular heart disease,Detection of Serum Levels of Interleukin-37 In Patients with Vitiligo and Its Correlation with Disease Activity,Mona G. Nada; Nancy M. Mamdouh; Mera M.G. Anan,10.21608/ejmm.2026.489043.2422,2027-04-01,Egyptian Journal of Medical Microbiology,
Crossref,valvular heart disease,The Role of Nuclear Enriched Abundant Transcript 1 (NEAT1) as a Novel Marker in Diagnosis of Systemic Lupus Erythematosus Disease in Benha University Hospital,"Amany K. Shahat; Ahmed S. Osman; El-Sayed M. Abd-Elghany; Neama L. Ismail; Noha H, Ibrahim",10.21608/ejmm.2026.484722.2369,2027-04-01,Egyptian Journal of Medical Microbiology,
Crossref,valvular heart disease,From giant components to communities: community-level insights for prioritizing interventions within large clusters of HIV-1 transmission networks,Huanchang Yan; Hao Wu; Jiahang Wang; Shunming Li; Yefei Luo; Lingxuan Lai; Jingyang Hu; Zhenming Tian; Yuanli Rao; Jing Gu; Shixing Tang; Yuantao Hao; Zhigang Han; Yu Liu,10.1016/j.idm.2026.05.010,2027-03,Infectious Disease Modelling,
Crossref,valvular heart disease,"Lactiplantibacillus plantarum as a multifunctional probiotic for inflammatory bowel disease: Mechanisms, synbiotic strategies, and delivery systems",Wenqiang Tao; Wei Liu; Xinbei Shi; Shuo Han; Yingye Shen; Wenjun Sun; Yu Sha; Gefei Wang; Yong Chen; Hanjie Ying,10.1016/j.synbio.2026.06.005,2027-02,Synthetic and Systems Biotechnology,
Crossref,valvular heart disease,A hybrid ABM-PDE framework for real-world infectious disease simulations,Kristina Kehrer; Tim O.F. Conrad,10.1016/j.apm.2026.117173,2027-02,Applied Mathematical Modelling,
Crossref,valvular heart disease,Comparison of Mexican Systemic Lupus Erythematosus Disease Activity Index pediatric lupus nephritis with Cyclophosphamid and Mycophenolate mofetil after induction period,Gartika Sapartini; Kevin Immanuel; Reni Ghrahani; Budi Setiabudiawan,10.7199/ped.oncall.2027.24,2027,Pediatric Oncall,
Crossref,deep learning,Learner profiles and the process of Learning in the Higher Educational Context,Christos Skourlas; Petros Belsis,10.15556/ijiim.02.01.003,2115-03-05,International Journal on Integrated Information Management,
Crossref,deep learning,WEB-BASED COLLABORATIVE LEARNING AND KNOWLEDGE SHARING IN INFORMAL BUSINESS NETWORKS,George Stalidis; Costis Papadimitrakopoulos; Theocharis Tsakiris,10.15556/ijiim.01.02.002,2114-12-10,International Journal on Integrated Information Management,
Crossref,deep learning,Availability and Utilization of Tools and Equipment for Teaching and Learning Garment Making Trade in the Senior Secondary Schools in Edo State,,10.20431/2349-0381.0303002,2106,"International Journal of Humanities, Social Sciences and Education",
Crossref,deep learning,Title Pending 8184,,10.3998/mjcsl.8184,2036-06-28,Michigan Journal of Community Service Learning,
Crossref,deep learning,Title Pending 8122,,10.3998/mjcsl.8122,2036-05-11,Michigan Journal of Community Service Learning,
Crossref,deep learning,Title Pending 8219,,10.3998/mjcsl.8219,2036-04-13,Michigan Journal of Community Service Learning,
Crossref,deep learning,Title Pending 8273,,10.3998/mjcsl.8273,2036-03-03,Michigan Journal of Community Service Learning,
Crossref,deep learning,Title Pending 7452,,10.3998/mjcsl.7452,2036-01-19,Michigan Journal of Community Service Learning,
Crossref,deep learning,Title Pending 6294,,10.3998/mjcsl.6294,2034-12-20,Michigan Journal of Community Service Learning,
Crossref,deep learning,Title Pending 5730,,10.3998/mjcsl.5730,2034-11-18,Michigan Journal of Community Service Learning,
Crossref,deep learning,Title Pending 3643,,10.3998/mjcsl.3643,2033-09-06,Michigan Journal of Community Service Learning,
Crossref,deep learning,Title Pending 4120,,10.3998/mjcsl.4120,2033-03-28,Michigan Journal of Community Service Learning,
Crossref,deep learning,Title Pending 2741,,10.3998/mjcsl.2741,2032-09-28,Michigan Journal of Community Service Learning,
Crossref,deep learning,Machine Learning Application for SAIs,Tiare Rivera,10.56251/watu4873,2030-10-20,International Journal of Government Auditing,
Crossref,deep learning,Integration of Biomechanics and Digital Technology: Using Kinovea for Motion Analysis and Learning for Beginner Athletes,Muhammad Nur Hudha; Riezky Maya Probosari; Annisa Nur Khasanah; Supurwoko; Salsabila Kholifahtun Nisa’; Gifran Rihla Gifarka Latief,10.58524/jcss.v4i2.890,2029-11-29,Journal of Coaching and Sports Science,"Background: The integration of biomechanics with digital motion-analysis technologies has introduced new approaches for examining movement efficiency, kinematic characteristics, and technical patterns in walking and running activities. Kinovea, as an accessible motion-analysis software, provides both visual and quantitative feedback. However, its application in supporting technique development among beginner athletes remains insufficiently explored. Aim: This study aims to describe the use of Kinovea in biomechanics training and examine its contribution to the awareness of kinematic characteristics and movement techniques among beginner athletes. Methods: A descriptive qualitative design involved 72 beginner athletes aged 18–25 years selected through purposive sampling. Data were collected over 16 weeks through interviews, field observations, and motion video recordings analyzed using Kinovea. Kinematic data focused on joint angles, stride behavior, and movement phases during walking, running, and the flight phase. Qualitative data were analyzed using content analysis with NVivo 12, while kinematic results were interpreted descriptively to identify performance patterns and areas for technical refinement. Result: Kinematic analysis showed coordinated joint-angle patterns across all phases. Walking analysis identified arm swing angles of 50.9°–58.8° and leg separation angles of 64.3°–67.2°, indicating a stable gait rhythm. The running analysis revealed knee angles of 68.8°–69.8° and elbow angles of 87.6°–89.1°, indicating efficient propulsive mechanics. The flight phase demonstrated knee angles of 81.2°–87.8° and elbow angles of 80.4°–88.3°, suggesting effective momentum use and postural stability. These measurements supported stride-efficiency assessment and technique evaluation. Qualitative findings revealed that Kinovea enabled athletes to interpret movement phases and identify technical inefficiencies through slow-motion and frame-by-frame visualization. Conclusion: Kinovea supports basic motion analysis by providing clear kinematic information and helping beginner athletes observe and refine their movement techniques. The findings also offer practical value for coaches by enabling more precise identification of inefficient patterns and guiding targeted corrections during early-stage training."
Crossref,deep learning,Sparsity Learning via Structured Functional Factor Augmentation,Hanteng Ma; Ziliang Shen; Xingdong Feng; Xin Liu,10.5705/ss.202025.0205,2029,Statistica Sinica,
Crossref,deep learning,Transfer Learning for High-dimensional Regression with Compositional Covariates: Application to Microbiome Studies,Qinqin Hu; Xiaojing Luo; Chencheng Ma; Wang Zhou,10.5705/ss.202025.0314,2029,Statistica Sinica,
Crossref,deep learning,Cyber Defense Digital Twins: A Federated Learning and Zero-Trust AI Architecture for Autonomous Threat Prediction and Response,Sivaramakrishnan Narayanan,10.32628/cseit251116279,2028-08-27,"International Journal of Scientific Research in Computer Science, Engineering and Information Technology","Modern enterprise networks operate under persistent threats that exploit cloud-native misconfigurations, identity sprawl, and API vulnerabilities at machine speed. Existing security operations center (SOC) architectures remain largely reactive, signature-dependent, and incapable of predicting multi-stage lateral movement. This paper proposes the Cognitive Cyber Defense Digital Twin (CCDT), a unified architecture integrating federated learning (FL), graph neural network (GNN)-based attack-path forecasting, adversarially hardened detection models, and autonomous Security Orchestration, Automation, and Response (SOAR) with deception engineering. The CCDT constructs a continuously synchronized digital replica of organizational assets and employs reinforcement learning-based red agents to stress-test detection models. A federated intelligence mesh enables cross-organizational privacy-preserving gradient sharing. Experimental evaluations against CICIDS-2018 and LANL datasets demonstrate 52% faster attack-path detection, 41% reduction in false positive rate, and 60% reduction in mean-time-to-respond (MTTR) compared to traditional SOC baselines. Integrated Explainable AI (XAI) modules using SHAP values enable audit-ready compliance reporting. The CCDT represents a paradigm shift from reactive monitoring to predictive, autonomous, and privacy-preserving cyber defense for hybrid cloud environments."
Crossref,deep learning,The Nexus of Leadership and Learning: Exploring Female Principals' Influence on the Teaching-Learning Process in Secondary Schools,Muhammad Niqab; Salma Tabbasum; Shakil Ahmad,10.55737/qjss.vii-i.26473,2028-02-28,Qlantic Journal of Social Sciences,"The research paper will set out to debate the role played by the leadership competencies of principals in the teaching and learning process. The research will embrace a quantitative research design that will seek to answer the question concerning the relationship that exists between leadership skills of possessed by the  principals and the ongoing teaching-learning process in the female secondary schools using a co-relational study design. A survey instrument comprising of 37 items, which measured the leadership skills possessed by the selected principals and the prevailing teaching learning process, was used in the collection of data. Questionnaires for this study were administered to 108 male and female educators who were serving in secondary schools in Tehsil Wari, upper Dir and among them 100 questionnaires were submitted and were deemed to be useful in the analysis. The data in hand were calculated using Statistical Package of the Social Sciences (SPSS) version-27 and the obtained results indicated that the collected data was normally distributed. The findings revealed that all the variables of the study had great correlations. The analysis of the data was done through linear regression to measure the effect that the leadership skills of the principals had on the teaching learning process and this indicated that leadership skills of the principals have statistically significant effect on the teaching learning process. The policies derived out of this research can be a good guide to both the policymakers and organizational leaders because they can provide a good outline on how to empower the leaders in charge of the principals and as well as exert more influence on the effective teaching and learning processes."
Crossref,deep learning,Transforming Education through Technology: The Case of COVID 19 Digital Learning in Nagaland,K Hinoca Assumi,10.71126/nijre.v2i1.16,2028-02-28,Naveen International Journal of Research in Education (NIJRE),"Through the perspective of the COVID-19 pandemic and the disruption and opportunity it engendered, this chapter follows a transformative effect of EdTech and Digital education in India particularly in Nagaland through analysis. Drawing upon national policy frameworks, conceptual literature on educational technology, and contextual evidence based on the case of Nagaland, the chapter considers the rapid migration to digital learning as an emergency strategy (in response to the ongoing institution closures) based on the stark shifts in pedagogical practice, access to education services, and preparedness. The findings show that, including the ability of national programmes such as NEP 2020, SWAYAM, DIKSHA, PM e-VIDYA, and others, to promote access to digital tools was low within periphery or hill areas (e.g., Nagaland), due to lack of infrastructural resources, digital divide, unprepared teachers and economic/social divides, and more. The pandemic exposed the deep social and infrastructure divides in connectivity, device availability, assessment and learner engagement, with implications that were especially grave in rural and tribal settings. Although it accelerated the pace of innovation and the application of blended and low-tech learning practices teachers have been experimenting with digital platforms and the post-COVID recovery process, including remedial programmes and hybrid instruction. The chapter also discusses that blended learning is the most fitting, viable and sustainable approach for reaching the technological level in the field of educational technology at Nagaland. It implies that technology-mediated education can improve equity, quality, and resilience, but only under the conditions of inclusive policy design, strong digital infrastructure, vigorous teacher capability building, and culturally appropriate digital content. Keywords: Educational technology, digital learning, COVID-19, Nagaland, online education, Challenges, blended learning"
OpenAlex,aortic stenosis,Management of Continuous Renal Replacement Therapy Following Coronary Artery Bypass Grafting in the Intensive Care Unit,"Synthana, Meta Restu; Jufan, Akhmad Yun; Wisudarti, Calcarina Fitriani Retno",10.14710/jai.v0i0.76588,2026-07-31,Jurnal Anestesiologi Indonesia (Jurnal Anestesiologi Indonesia),"Background: Acute kidney injury (AKI) after cardiac surgery is a serious complication with a high occurrence, leading to increased morbidity and mortality. Continuous renal replacement therapy (CRRT) is the preferred method for replacing kidney function in patients with hemodynamic instability, especially during the critical postoperative period in the intensive care unit (ICU).Case: A 76-year-old man with a history of ischemic heart disease and chronic heart failure underwent off-pump coronary artery bypass grafting (CABG). The patient had comorbidities including obesity, obstructive sleep apnea (OSA), chronic obstructive pulmonary disease (COPD), pneumonia, and chronic kidney disease (CKD). During intensive postoperative care, the patient experienced a progressive decrease in urine output, rising urea and creatinine levels, and significant fluid overload. CRRT with continuous venovenous hemodiafiltration (CVVHDF) mode was started on the first day of ICU admission, and clinical improvement was observed after four days of therapy.Discussion: Patients with multiple comorbidities often experience a deterioration in kidney function after surgery, requiring prompt intervention. The critical role of CRRT in stabilizing fluid and metabolic balance, while simultaneously maintaining hemodynamic stability, cannot be overstated. Careful monitoring of volume status, hemodynamics, and laboratory results is essential to determine the duration of therapy and evaluate its effectiveness.Conclusion: CRRT is an effective treatment for patients after CABG with AKI and hemodynamic instability. A team-based approach and proper monitoring are crucial for the success of therapy and patient recovery."
OpenAlex,aortic stenosis,Percutaneous Closure of Multiple Large Coronary Fistulae and Right Ventricular Outflow Tract Opening to Establish Biventricular Circulation in a Child with Pulmonary Atresia and Intact Ventricular Septum – A Case Report,Julia Danner; Peter Ewert; Katarzyna Gendera,10.1007/s00246-026-04358-1,2026-07-09,Pediatric Cardiology,"Pulmonary Atresia with Intact Ventricular Septum (PA/IVS) associated with multiple large, coronary artery fistula represents a rare and complex congenital heart defect. The presence of Right Ventricular Dependent Coronary Circulation (RVDCC) critically influences management and prognosis. We report the case of a newborn with PA/IVS, extensive coronary fistulae involving both the right and left coronary arteries. A staged, stepwise approach was undertaken to exclude RVDCC, followed by transcatheter closure of the coronary fistulae and ballon perforation of the pulmonary valve. This sequential approach facilitated gradual right ventricular decompression and the establishment of antegrade pulmonary blood flow while minimizing the risk of coronary ischemia. Definitive biventricular circulation was subsequently achieved with placement of a right ventricle-to-pulmonary artery (RV-PA) conduit, resulting in right ventricular pressures decreasing to approximately onehalfsystemic levels.This case demonstrates the feasibility and effectiveness of a staged, multidisciplinary hybrid approach in carefully selected patients with PA/IVS and complex coronary artery fistulae. It underscores the importance of comprehensive coronary assessment and individualized management in optimizing outcomes in this challenging congenital cardiac anomaly."
OpenAlex,aortic stenosis,Advances in genetics and multi-omics for ischemic stroke: from pathogenesis to clinical translation,Siyi Zhao; Lei Liu; Junxiong Wu; Le Chen; Jun Xu; Feng Huang; Bo He; Derong Wu; Yong Liang; Chenna Yan; Lin Fu; Caimei He; Guangxiong Yuan,10.3389/fgene.2026.1868950,2026-07-09,Frontiers in Genetics,"Ischemic stroke is a multifactorial, heterogeneous cerebrovascular disease characterized by high incidence, mortality, disability, and recurrence rates. Currently, computed tomography or magnetic resonance imaging represents the gold standard for diagnosis and guidance of thrombolysis or thrombectomy. However, it has limitations such as the inability to provide rapid detection, distinguish etiologies, perform risk stratification, or enable dynamic monitoring. Therefore, rapid, convenient, and highly sensitive biomarkers hold significant clinical value. In recent years, rapid advancements in genetics and multi-omics technologies have not only driven the discovery of ischemic stroke biomarkers and the elucidation of pathophysiological mechanisms but also demonstrated broad application prospects in clinical translation—covering etiological subtyping, individual risk stratification and screening of high-risk populations, drug target identification, recurrence prediction, and prognostic assessment. These advances have laid a molecular foundation for achieving precise diagnosis and personalized treatment of ischemic stroke. This review summarizes biomarkers for ischemic stroke identified through genome-wide association study and multi-omics technologies. We also discuss the implications of these findings for the biological mechanisms of ischemic stroke and their clinical applications."
OpenAlex,aortic stenosis,Topical Losartan for the Treatment of Herpetic Corneal Scars,Canan Utine; Hamit Ali; Ali Devebacak; Serhat Uzun; Uzay Temel; Muhammed Dara Tas; Seher Köksaldı; İsmet Durak; Melis Palamar,10.21203/rs.3.rs-9960650/v1,2026-07-09,Research Square,
OpenAlex,aortic stenosis,Association between neutrophil percentage-to-albumin ratio and adverse clinical outcomes after successful percutaneous coronary intervention for chronic total occlusion: a cohort study,Wen Song; Xingjie Huang; Z H Huang; Yuqing Huang; Hua Yang; B Zhang,10.3389/fimmu.2026.1882018,2026-07-09,Frontiers in Immunology,"Background Chronic total occlusion (CTO) percutaneous coronary intervention (PCI) has improved outcomes, yet residual cardiovascular risk persists. The neutrophil percentage-to-albumin ratio (NPAR), an integrated marker of inflammation and nutritional status, has not been examined in successfully revascularized CTO patients. We investigated whether NPAR is independently associated with long−term adverse outcomes in this population. Methods This single−center retrospective cohort study included 1513 consecutive patients who underwent successful CTO PCI. NPAR was calculated as (neutrophil percentage × 100)/albumin (g/dL). The primary endpoint was all−cause mortality, secondary endpoints were cardiovascular mortality and cardiovascular events (cardiovascular death, non−fatal myocardial infarction, non−fatal stroke). Multivariable Cox regression and restricted cubic splines (RCS) assessed the association between NPAR and clinical outcomes. Time-dependent Receiver operating characteristics (ROC) curves were used to evaluate the ability for NPAR to predict all-cause mortality. Results During a median follow−up of 810 days, 83 (5.5%) all−cause deaths, 53 (3.5%) cardiovascular deaths, and 73 (4.8%) cardiovascular events occurred. After multivariable adjustment, each 1−standard deviation increase in NPAR was associated with a 50% higher risk of all−cause mortality (HR 1.50, 95% CI 1.23–1.83, P&amp;lt;0.001), a 59% higher risk of cardiovascular mortality (HR 1.59, 95% CI 1.23–2.05, P&amp;lt;0.001), and a 42% higher risk of cardiovascular events (HR 1.42, 95% CI 1.13–1.79, P = 0.003). RCS analysis revealed a linear association between NPAR and all-cause mortality (P for non-linearity = 0.971), cardiovascular mortality (P for non-linearity = 0.150), and major cardiovascular events (P for non-linearity = 0.152). Time-dependent ROC analyses demonstrated that adding NPAR to a basic model comprising age, multi-vessel disease, and LVEF significantly improved discrimination for all-cause mortality at 1, 2, and 3 years (ΔAUC 0.092, 0.076, and 0.058, respectively; all P &amp;lt; 0.0001). The optimal NPAR cut-off values derived from the maximum Youden index were stable across all three time points (15.71, 16.18, and 15.37, respectively), yielding sensitivities of 71.8% to 72.6% and specificities of 73.2% to 75.7%. Conclusion In patients undergoing successful CTO PCI, elevated NPAR is independently and linearly associated with increased long-term mortality and major cardiovascular events. This simple, objective biomarker may refine post-intervention risk stratification and identify high-risk individuals warranting intensified secondary prevention."
OpenAlex,aortic stenosis,Visceral arterial disease: imaging features and pattern-based evaluation on CT angiography,de Rafael L; Z Alfonso; D W Manuel; Iduñate y Carlos Dm; Mbongo Habimana Carmen; Barrio Piqueras Miguel; Vivas Pérez Isabel,10.1007/s00261-026-05632-9,2026-07-09,Abdominal Radiology,"Abdominal visceral artery diseases comprise a heterogeneous group of conditions that may present with nonspecific symptoms. They carry a high risk of morbidity and mortality if not promptly diagnosed, making imaging essential for early detection and management. Computed tomography angiography (CTA) has emerged as the imaging modality of choice in most clinical scenarios due to its high spatial and temporal resolution, allowing detailed evaluation of the vascular lumen, arterial wall, and surrounding structures. A wide spectrum of pathologies can affect the visceral arteries, including stenotic and occlusive disease, compressive syndromes, aneurysms and pseudoaneurysms, acute mesenteric ischemia, vasculitis, segmental arterial mediolysis, and vascular malformations. A pattern-based approach to CTA interpretation, integrating imaging findings with clinical context, provides a practical framework for narrowing the differential diagnosis and distinguishing entities with overlapping appearances but markedly different therapeutic implications. Advances in CTA acquisition and post-processing techniques have further improved diagnostic accuracy and lesion characterization, reinforcing its role in the evaluation of these potentially life-threatening conditions. TAKE HOME MESSAGE: CTA provides a rapid, comprehensive, and noninvasive evaluation of visceral arterial pathology, enabling diagnosis and guiding appropriate management."
OpenAlex,aortic stenosis,Case Report: Prenatal clues and postnatal evolution: a case of williams syndrome diagnosed following progressive cardiovascular phenotypes,Yuzhou Zeng; Yu Huang; Shilin Zeng; Wanying Yang; Qi Li; J L Liu; Danping Huang; Hongying Wang,10.3389/fped.2026.1831676,2026-07-09,Frontiers in Pediatrics,"Background Williams syndrome (WS) is a rare genetic disorder often missed prenatally due to nonspecific presentations. Case presentation We describe an infant with Williams syndrome diagnosed after progressive cardiovascular changes during infancy. Prenatal ultrasonography showed fetal growth restriction, persistent left superior vena cava (PLSVC), left-right cardiac chamber disproportion (LRCCD), and suspected coarctation of the aorta (CoA). Early postnatal echocardiography revealed mild aortic isthmus hypoplasia without definite supravalvular aortic or pulmonary arterial stenosis. Serial follow-up subsequently demonstrated supravalvular aortic stenosis (SVAS) and right pulmonary artery stenosis by 7 months of age, and chromosomal microarray analysis (CMA) confirmed a 1.42 Mb deletion at 7q11.23. At 5 years and 3 months of age, the child remained clinically stable, with stable SVAS and near resolution of pulmonary arterial stenosis. A retrospective review of nine fetuses with prenatally confirmed 7q11.23 microdeletion showed that prenatal cardiovascular abnormalities were present in 6 cases, mainly involving the aortic and pulmonary arterial systems, often with extracardiac findings such as renal anomalies and fetal growth restriction (FGR). Conclusion WS may show dynamic cardiovascular evolution from nonspecific prenatal or neonatal findings to characteristic vascular lesions during infancy. Fetal cardiovascular abnormalities combined with FGR or other extracardiac anomalies should raise suspicion for WS and prompt consideration of CMA. Serial postnatal echocardiography may help clarify prenatal clues and facilitate earlier diagnosis and management."
OpenAlex,aortic stenosis,Artificial intelligence technology in aortic valve disease: a decade of scientometric and narrative review,Peng Hei; He Ren; Wenshuai Ma; Wei Fang; Y Li,10.3389/fcvm.2026.1843658,2026-07-09,Frontiers in Cardiovascular Medicine,"Background Aortic valve disease, particularly aortic stenosis, poses a growing global health burden with aging populations. Artificial intelligence technology offers promising tools for diagnosis, risk stratification, and prognosis prediction, yet the knowledge structure of this interdisciplinary field remains unsystematically characterized. Objective This study aims to conduct a scientometric analysis to delineate the research landscape, identify hotspots, and trace evolutionary trends of AI technology applications in aortic valve disease over the past decade. Methods We retrieved relevant literature published between January 2016 and January 2026 from the Web of Science Core Collection and Scopus databases. After screening, 270 eligible articles were included. CiteSpace and VOSviewer were employed to perform visualization analyses of authors, institutions, countries, journals, keywords, and co-citation networks. Results Annual publications increased steadily, with the United States leading in both output and influence. The Mayo Clinic emerged as the most prolific institution. Research hotspots focused on AI-assisted diagnosis, risk stratification, and prognosis prediction for aortic stenosis, primarily using deep learning and machine learning techniques. Keyword clustering revealed themes spanning disease diagnosis, therapeutic technologies, AI-enabled applications, and clinical outcomes. Co-citation analysis highlighted key studies on AI-enhanced electrocardiography and echocardiography for valve disease detection. Conclusions AI technology research in aortic valve disease is advancing rapidly. Based on the keyword clustering and timeline analysis, we propose a conceptual mapping of AI techniques onto clinical phases. Future efforts should prioritize developing multimodal models, facilitating clinical integration, and enhancing patient lifecycle management."
OpenAlex,aortic stenosis,Mitral and aortic regurgitation in Rheumatic heart diseases,Mohammad Ashraf Uddin Sultan; Md Iftekharul Alam; Zobayer Mahmud Khan; Farzana Akhter; Sheikh Muhammad Abu Bakar; Hasina Akhter,10.3329/uhj.v22i1.90766,2026-07-09,University Heart Journal,"Rheumatic heart disease is a systemic immune process that is sequelae to a beta-hemolytic streptococcal infection of the pharynx. It is most common in developing countries. It is responsible for 250,000 deaths in young people worldwide each year. Over 15 million people have evidence of rheumatic heart disease. The long-term damage to cardiac valves caused by ARF, which can result from a single severe episode or from multiple recurrent episodes of the illness, is known as rheumatic heart disease (RHD) and is a notable cause of morbidity and mortality in resource-poor settings around the world. Although our understanding of disease pathogenesis has advanced in recent years, this has not led to dramatic improvements in diagnostic approaches, which are still reliant on clinical features using the Jones Criteria, or treatment practices. Indeed, penicillin has been the mainstay of treatment for decades and there is no other treatment that has been proven to alter the likelihood or the severity of RHD after an episode of ARF. Recent advances — including the use of echocardiographic diagnosis in those with ARF and in screening for early detection of RHD, progress in developing group A streptococcal vaccines and an increased focus on the lived experience of those with RHD and the need to improve quality of life — give cause for optimism that progress will be made in coming years against this neglected disease that affects populations around the world, but is a particular issue for those living in poverty.The acute illness can be severe, with disabling pain from arthritis, breathlessness and oedema from heart failure, high fevers and choreiform movements that impair activities of daily living. ARF is usually best managed in hospital, often for a 2–3 week period, by which time the diagnosis is confirmed and the symptoms are treated. Although most of the clinical features of ARF will resolve during this short hospital stay, the cardiac valvular damage might persist. This chronic valvular damage is known as rheumatic heart disease (RHD) and is the major cause of morbidity and mortality from ARF. ARF can recur as a result of subsequent GAS infections and each recurrence can worsen RHD. Thus, the priority in disease management is to prevent ARF recurrences using long-term penicillin treatment, which is known as secondary prophylaxis. The persistent damage to heart valves resulting in mitral and/or aortic regurgitation, or in long-standing cases stenosis, that remains as a result of acute rheumatic fever with rheumatic carditis. Complications of rheumatic heart disease include heart failure, embolic stroke, endocarditis and atrial fibrillation. University Heart Journal 2026; 22(1): 44-47"
OpenAlex,aortic stenosis,Mixed Candida and Brucella Aortic Valve Endocarditis With Aortic Root Abscess Requiring a Bentall Procedure: A Case Report,Aoumar G Chamma; W.I. Saliba; Linda Chamma,10.7759/cureus.112311,2026-07-09,Cureus,"Mixed-pathogen infective endocarditis is uncommon and may be difficult to recognize when the clinical course is prolonged and nonspecific. We report a case of mixed Candida albicans and Brucella melitensis native aortic valve endocarditis in a 37-year-old previously healthy man who presented with five months of intermittent fever, chills, anorexia, fatigue, 7 kg weight loss, progressive dyspnea, and intermittent chest pain. Physical examination revealed fever, sinus tachycardia, wide pulse pressure, elevated jugular venous pressure, bibasilar crackles, and a loud early diastolic murmur. Laboratory testing was notable for leukocytosis, anemia, mild thrombocytosis, and elevated inflammatory markers. A transthoracic echocardiogram demonstrated severe aortic regurgitation with a large 19 mm aortic valve vegetation causing holodiastolic flow reversal in the descending thoracic aorta. A transesophageal echocardiogram revealed two large mobile vegetations causing severe leaflet malcoaptation with possible periannular extension. A cardiac CT scan revealed thickening of the aortic root consistent with abscess formation. Blood cultures were positive for Candida albicans and Brucella melitensis. Brucella serology was positive, with an agglutination titer of 1:640. The patient developed pulmonary edema requiring an urgent Bentall procedure with a mechanical composite graft. Valve tissue cultures were positive for Candida albicans, and histopathology from the resected valve was consistent with acute-phase infective endocarditis with features of necrosis, fibrin, and debris. The patient was placed on postoperative antifungal treatment with caspofungin followed by fluconazole suppression, and on Brucella-directed treatment with doxycycline, rifampin, and levofloxacin for a planned six-month course of therapy. A postoperative whole-body PET/CT scan using fluorine-18 fluorodeoxyglucose (18F-FDG) did not demonstrate any residual cardiac infection or extracardiac infectious foci. The patient was doing well clinically at the three-month follow-up, with no signs or symptoms of heart failure and no evidence of relapse or recurrence of fever. This is a rare case of destructive native aortic valve endocarditis with mixed fungal and zoonotic bacterial etiologies that required urgent surgical source control and prolonged combined antimicrobial therapy."
OpenAlex,aortic stenosis,Systemic immune-inflammation Index is an independent risk factor for Major adverse cardiovascular events in patients with coronary artery ectasia,Deguang Wang; Jingxian Xing; Zhaoqing Xie; Yunlong Zhang; Y Wu; Tao Geng,10.3389/fcvm.2026.1839237,2026-07-09,Frontiers in Cardiovascular Medicine,"Background Reliable biomarkers for long-term risk stratification in coronary artery ectasia (CAE) remain limited. The systemic immune-inflammation index (SII), derived from routine hematological parameters, reflects the balance between inflammation and immune status and has demonstrated prognostic value in various cardiovascular conditions. Objective This study aimed to evaluate whether SII independently predicts major adverse cardiovascular events (MACE) in patients with angiographically confirmed CAE. Methods In this retrospective cohort study at Cangzhou Central Hospital, 200 consecutive patients with CAE were enrolled and followed for a median duration of 30 months. SII was calculated as platelet count×neutrophil count divided by lymphocyte count. The primary endpoint was MACE, defined as a composite of cardiovascular death, nonfatal myocardial infarction, ischemic stroke, and target vessel revascularization. Receiver operating characteristic (ROC) curve analysis was performed to determine the optimal SII cut-off value. Kaplan–Meier survival analysis and Cox proportional hazards regression models were used to assess the association between SII and outcomes. Incremental predictive value was evaluated by comparing model discrimination and reclassification indices. Results During follow-up, 18% of patients experienced MACE. Baseline SII levels were significantly higher in patients who developed adverse events. ROC analysis demonstrated good discriminatory ability of SII for predicting MACE (AUC 0.81), with an optimal cut-off value of 645. Kaplan–Meier analysis showed significantly lower event-free survival in patients with high SII levels. In multivariate Cox regression analysis, SII remained independently associated with MACE both as a continuous variable (adjusted HR 1.72 per SD increase) and as a categorical variable (adjusted HR 2.48 for high vs. low SII). Addition of SII to a baseline clinical model significantly improved discrimination (C-statistic increase from 0.72 to 0.83) and enhanced risk reclassification. Conclusion Elevated systemic immune-inflammation index is an independent predictor of major adverse cardiovascular events in patients with coronary artery ectasia. Incorporation of SII into clinical risk assessment models significantly improves prognostic accuracy, suggesting that this readily available biomarker may serve as a valuable tool for risk stratification in this high-risk population."
OpenAlex,aortic stenosis,Case Report: Whole-body electrical muscle stimulation as an adjunctive tool in cardiac rehabilitation of a patient with heart failure and reduced ejection fraction,Damian Sendrowski; Agata Polańska-Szczap; Beata Hus; Anastasiia Vlaieva; Szymon Markowski; Abraham Carle-Calo; Dariusz Kozłowski,10.3389/fcvm.2026.1863805,2026-07-08,Frontiers in Cardiovascular Medicine,"Background Whole-body electrical muscle stimulation (WB-EMS) is an emerging modality that simultaneously activates multiple large muscle groups via a wearable electrode suit. Although localized neuromuscular electrical stimulation (NMES) has demonstrated efficacy as an adjunctive strategy in cardiac rehabilitation (CR), WB-EMS has not previously been investigated in patients with heart failure and reduced ejection fraction (HFrEF) undergoing CR. Case description A 73-year-old male with recurrent non-ST-elevation myocardial infarction (NSTEMI), chronic heart failure (LVEF 20%–25%), and New York Heart Association class III was admitted for a 24-day inpatient CR programme. Standard CR (cycle ergometry, treadmill, resistance exercises, respiratory physiotherapy, and education, five days/week) was augmented with WB-EMS (Wiems Revolution Pro; 85 Hz bipolar, 350 μs, 4 s on/4 s off, 20 min sessions) three times per week (ten sessions). Safety was monitored with serial creatine kinase (CK), high-sensitivity troponin I (hs-TnI), N-terminal pro-brain natriuretic peptide (NT-proBNP), C-reactive protein (CRP), and venous blood gas with lactate, measured before and 2–3 h after each session. Outcomes A modest, age-appropriate improvement in functional capacity was accompanied by substantial reverse left-ventricular remodelling: LVEF improved from 27% to 54% (Simpson biplane); peak workload from 66 to 97 W (+47%); six-minute walk test distance from 390 to 590 m (+51%); peak oxygen uptake from 17.42 to 19.02 mL/min/kg (+9.2%); and EQ-5D-5L visual analogue scale from 60 to 90/100. Pre-exercise NT-proBNP fluctuated across the ten sessions (range 318.3–1,019.3 pg/mL); the final-day rise to 1,019.3 pg/mL likely reflected greater training effort on the last exercise day, supported by the concurrently highest post-session venous lactate of the programme (4.4 mmol/L; Δ + 2.9 mmol/L). One-month International Physical Activity Questionnaire data demonstrated sustained increases in daily physical activity. CK, hs-TnI, CRP, and venous lactate remained within acceptable safety limits, with no clinical adverse events attributable to WB-EMS. Discussion To our knowledge, this is the first report of WB-EMS combined with standard CR in an HFrEF patient. Comprehensive serial biomarker monitoring confirmed a favorable safety profile. Improvements across functional, echocardiographic, and quality-of-life domains are promising but require confirmation in randomized trials, as multiple concurrent therapeutic interventions preclude causal attribution to WB-EMS alone."
OpenAlex,aortic stenosis,PHACE syndrome with severe aortic arch tortuosity: a case report,Yasuyuki Masuda; Kayo Ogino; Tomohiro Hayashi; Kenji Waki,10.1093/ehjcr/ytag486,2026-07-08,European Heart Journal - Case Reports,"Abstract Background PHACE syndrome is a neurocutaneous syndrome characterized by posterior fossa malformations, haemangiomas (primarily on the face, scalp, and neck), arterial anomalies, cardiac abnormalities/coarctation of the aorta, and eye abnormalities. Cardiac abnormalities associated with PHACE syndrome typically present with coarctation of the aorta. Cases presenting with severe aortic arch tortuosity are rare. Case Summary The patient was delivered by caesarean section at 37 weeks and 0 days of gestation with a weight of 2,546 g. She was diagnosed with a right aortic arch, aberrant left subclavian artery and left ductus arteriosus during the foetal period and was admitted to the neonatal intensive care unit for further evaluation. Echocardiography raised suspicion of aortic arch hypoplasia. A contrast-enhanced computed tomography showed severe aortic arch tortuosity. Cardiac catheterisation performed at 3 months of age showed extremely elevated left ventricular pressure. An extra-anatomical bypass was performed at 4 months of age. A diagnosis of PHACE syndrome was made based on the combination of specific aortic arch anomalies, cerebral carotid artery anomalies, and haemangioma in the deep neck space. Discussion In this case, severe aortic arch tortuosity detected immediately after birth resulted in stenosis. If this distinctive aortic morphology is present, PHACE syndrome should be considered in the differential diagnosis."
OpenAlex,aortic stenosis,Early and Mid-Term Results of Mitral Valve Replacement for Rheumatic Mitral Valve Disease in a Tier-2 Indian City,Vedanth Gopalan; Harshagopal Deshpande; Kailash Bagale,10.25258/ijddt.16.63s.7,2026-07-08,International Journal of Drug Delivery Technology,"Background: Rheumatic heart disease is very much endemic in India. Mitral valve is the most commonly affected valve in rheumatic heart disease. Mitral valve replacement with mechanical valve is the commonest surgical procedure performed in rheumatic heart disease (RHD). However, there are no studies reporting the early and mid-term outcomes of mitral valve replacement in rheumatic heart disease from tier 2 cities of India. Objective: The primary objective was to assess the early and mid-term clinical results of mitral valve replacements. To achieve this, mortality was established as the primary endpoint, while secondary outcomes included the complications after the surgery such as postoperative stroke, major bleeding events, acute kidney injury. Materials and Methods: This retrospective clinical investigation was conducted at the Department of Cardiothoracic Surgery, Sri Jayadeva Institute of Cardiovascular Science and Research, Kalaburagi, a tertiary cardiac centre situated in a Tier-2 Indian city. The study population comprised 300 patients, ranging in age from 18 to 78 years, all of whom underwent mitral valve replacement (MVR) for rheumatic mitral valve disease between January 2017 and December 2025. Results: The mean age of the study population was 43.3 ± 11.28 years (range: 18–78 years). Out of 300 patients operated, 241 patients (80.3%) were alive and 49 patients (16.33%) were dead, and 10 patients (3.33%) were lost to follow-up. The operative mortality was 21 (7%) and the follow-up mortality was 28 (9.33%). The reasons for follow-up mortality were cardiac complications in 8 (28.57%) patients, valve-related complications in 10 (35.7%) patients, sudden unexplained death in 8 (28.57%) patients, and non-valve/ non-cardiac death in 2 patients (7.14%). The one-year survival was 93.0%, five-year survival was 80.3%.During followup, valve-related events occurred in 155(51.6%) patients. Conclusions: Surgical MVR in patients is safe and can be performed with good early and mid-term outcomes, irrespective of the patient cohort's age and surgical risk profile. The life expectancy of patients following surgical MV replacement is slightly lower compared to the same-age general population. But long term outcomes are still awaited."
OpenAlex,aortic stenosis,Prognostic value of preoperative CT-derived fractional flow reserve after transcatheter or surgical aortic valve replacement in patients with severe aortic stenosis,Xirui Duan; Xudong Jin; Shiying Tang; Shuaiyan Zuo; Wan Shen; Lei Yang; Ting Yang; Xiaolan Du; Feifei Zhou; Xinyan Zhou; Rong Qian; Na Tan; Guifang Sun; Chengde Liao,10.1186/s12880-026-02561-3,2026-07-08,BMC Medical Imaging,"BACKGROUND: Patients with aortic stenosis (AS) often have concomitant coronary artery disease (CAD), and coronary CTA (CCTA) is performed for anatomical evaluation to inform coronary revascularization decision-making prior to aortic valve replacement (AVR). However, the role of coronary hemodynamic assessment in pre-AVR is not well established. We aim to evaluate the prognostic value of preoperative CT angiography-derived fractional flow reserve (CT-FFR) in patients with severe AS undergoing transcatheter (TAVR) or surgical aortic valve replacement (SAVR). METHODS: This consecutive retrospective observational cohort (July 2023-January 2025) included patients with severe AS referred to TAVR or SAVR. CT-FFR was obtained fully-automatic using an on-site machine learning algorithm, and a low value was defined as CT-FFR ≤ 0.80. The composite endpoint was a patient-oriented composite of all-cause mortality and major adverse cardiac events (MACE) (nonfatal myocardial infarction, unstable angina, cardiac death, cardiovascular-driven admission or heart failure admission). RESULTS: Among 329 patients (mean age 61.4 ± 13.1 years), composite endpoint occurred in 14.3% and all-cause mortality in 4.0% over a median follow-up of 17 months. After adjustment, CT-FFR ≤ 0.80 remained independently associated with the composite endpoint (HR 3.83; 95% CI 2.04-7.20; P < 0.001) and with MACE (HR 4.84; 95% CI 2.40-9.78; P < 0.001), but was not independently associated with all-cause mortality (P = 0.071). Adding CT-FFR to clinical models substantially improved risk discrimination for MACE (C-index 0.74) and significantly improved reclassification (NRI 0.346; P < 0.001), whereas adding anatomical CCTA alone provided minimal incremental value. CONCLUSION: In patients with severe AS undergoing TAVR or SAVR, preoperative CT-FFR was associated with an increased risk of post-AVR adverse cardiac events. The prognostic value of CT-FFR was consistent across both TAVR and SAVR populations and may improve individual-level risk reclassification."
OpenAlex,mitral regurgitation,[A novel TPM1 variant causing Dilated cardiomyopathy in a child: A case report and literature review].,S Y Sun; Yongzheng Lou; 黄立新; Min Xie; Haibo Li,10.3760/cma.j.cn511374-20250929-00581,2026-08-10,PubMed,"OBJECTIVE: To explore the clinical manifestations and characteristics of TPM1 gene variants causing Dilated cardiomyopathy (DCM) in children. METHODS: This study focused on a pediatric patient diagnosed with DCM associated with a TPM1 gene variant, who presented at the Pediatric Cardiology Department of Women and Children's Hospital of Ningbo University on October 1, 2024. A retrospective analysis of the clinical data was conducted. Peripheral blood samples were collected from the patient and both parents. Following extraction of genomic DNA, whole exome sequencing was carried out. Candidate variant was validated by Sanger sequencing in the family trio. Structural prediction and analysis of the mutant TPM1 protein were carried out using AlphaFold and PyMOL. In addition, a systematic literature review was conducted to summarize the clinical manifestations and genetic characteristics of DCM cases linked to TPM1 variants. This study was approved by the Medical Ethics Committee of the hospital (Ethics No.: EC2024-143). RESULTS: The patient, a 2-year-old girl, presented with delayed motor development. Colored Doppler ultrasound revealed left ventricular enlargement with slight endocardial thickening, mild-to-moderate mitral regurgitation, and reduced left ventricular systolic function. Whole exome sequencing revealed that she has harbored a heterozygous c.82_84del (p.Asp28del) variant of the TPM1 gene, which was detected in neither parent, suggesting a de novo origin or parental germline mosaicism. The three-dimensional structure of the TPM1 protein predicted by AlphaFold was analyzed in PyMOL, demonstrating that the variant may result in deletion of aspartic acid at position 28 (Asp28) and replacement with lysine (Lys28), forming new hydrogen bond interactions with residues Glu24, Ala31, and Glu32. A literature review has identified 10 English and 1 Chinese publication, collectively reporting 30 patients (including the present case) and 12 distinct TPM1 variants. Except for the deletion variant in this study, all others were missense variants, with the most common one being c.250G>A (p.Asp84Asn). Clinically, affected infants typically manifested as delayed motor/growth development, feeding difficulties, and dyspnea, while adult patients commonly presented with exertional dyspnea, palpitations, and dizziness as initial symptoms. CONCLUSION: This study has identified a de novo TPM1 variant c.82_84del (p.Asp28del) as a novel cause of pediatric DCM. Early genetic testing is crucial for the diagnosis, clinical management, and genetic counseling. Above finding has also enriched the mutational spectrum of TPM1-associated cardiomyopathy."
OpenAlex,mitral regurgitation,Prevalence and prognostic implications of chronic kidney disease in patients with atrial functional mitral regurgitation,Yusuke Morita; Takahiro Sakamoto; Taiji Okada; Tomohiro Kaneko; M Amano; Yukio Sato; Yohei Ohno; Masaru Obokata; Kimi Sato; Tomoko Machino-Ohtsuka; Yukio Abe; Kazuaki Tanabe; Nobuyuki Kagiyama,10.1016/j.ijcha.2026.101969,2026-07-09,IJC Heart & Vasculature,"Background Atrial functional mitral regurgitation (AFMR) is increasingly recognized as a distinct mitral regurgitation subtype; the prognostic impact of coexisting chronic kidney disease (CKD) remains unclear. Methods Data from 989 patients enrolled in the multicenter REVEAL-AFMR registry were analyzed. Coexisting CKD was defined as reduced estimated glomerular filtration rate (eGFR) < 60 mL/min/1.73 m 2 . Patients were further classified by CKD severity as stage 1 + 2 (eGFR ≥60), stage 3a (eGFR ≥45 and < 60), stage 3b (eGFR ≥30 and < 45), and stage 4 + 5 (eGFR <30). The primary endpoint was a composite of cardiovascular death and heart failure hospitalization. Kaplan-Meier and multivariable Cox regression analyses were performed to assess the primary endpoint. Results Coexisting CKD was present in 429 of 989 patients (43.4%). Lower eGFR was associated with more advanced mitral regurgitation (MR), higher BNP levels, and more severe heart failure symptoms. Over a median follow-up of 1002 days, 181 patients (18.3%) experienced the primary endpoint. The cumulative incidence of the primary endpoint increased stepwise across CKD stages (log-rank P < 0.001). In multivariable analysis, CKD stage remained independently associated with adverse outcomes (HR 1.26; 95% CI 1.09–1.46; P = 0.002). This association was consistent across MR severity strata, with no significant interaction between MR severity and CKD stage. Conclusion Among conservatively managed patients with AFMR, CKD is common in AFMR, and CKD stage is independently associated with worse outcomes in a graded manner, irrespective of MR severity. Renal function assessment may improve AFMR risk stratification."
OpenAlex,mitral regurgitation,Valve Strands in Patients With Infective Endocarditis,Efthymia Giannitsioti,10.1093/cid/ciag377,2026-07-09,Clinical Infectious Diseases,"Infective endocarditis (IE) is a life-threatening disease even in the era of modern cardiac surgery and advanced antimicrobial therapy [1]. Echocardiography remains the first-line imaging modality for the diagnosis of IE [2]. Cardiac lesions compatible with vegetations, perivalvular abscesses, valvular or leaflet perforation or aneurysm, pseudoaneurysm, intracardiac fistula, significant new valvular regurgitation, or new prosthetic valve dehiscence are established as major diagnostic criteria for IE [3–5]. Transesophageal echocardiography (TEE) is highly recommended in cases of suspected IE with negative transthoracic echocardiography (TTE), in suspected prosthetic valve endocarditis (PVE), or in ΙΕ in cardiac implantable electronic devices (CIEDs) [3–5]. However, abnormal structures detected by TTE or TEE, including valve strands, might be misdiagnosed as IE-related vegetations, leading to prolonged hospitalization and unnecessary antimicrobial treatment [6, 7]. Valve strands, or Lambl's excrescences, are thin, filamentous, linear, and mobile structures with independent motion identified, mainly by TEE. They are more frequently observed in elderly patients with valves' degeneration and in prosthetic valves, especially during the first postoperative months, and they carry an increased risk of embolism, although they may also remain asymptomatic [6]. Evaluation of their clinical significance is challenging, especially in patients with suspected IE, because they can mimic vegetations despite having some different echocardiographic features [2, 6]. To investigate the clinical relevance of valve strands in patients with IE, Tzimas et al conducted a retrospective study involving 305 patients with bacteremia, with or without IE, and valve strands on echocardiography. Importantly, 2 senior expert cardiologists reviewed and assessed all echocardiographic studies in patients with suspected IE [8]. Reclassification of 27% of valve strands as vegetations by TEE upgraded cases of bacteremia to IE and underscored the complexity of echocardiography-based diagnosis, as well as the need for double-checking by experts in the field within a broader microbiological and clinical context of the disease [8]. Both the performance and interpretation of echocardiographic data require meticulous attention to detail, as well as expertise in cardiac imaging [2, 7]. For this purpose, strict prerequisites for echocardiography laboratory accreditation and guidelines for advanced cardiovascular imaging training have been introduced [9, 10]. Despite its retrospective nature, this study is the first to evaluate the clinical burden of well-defined valve strands in patients with bacteremia with and without IE. The clinical features of the study population (advanced age, high frequency of Staphylococcus aureus bacteremia, and a 27% mortality rate) corroborated the typical pattern of IE observed in Western countries. However, mortality and bacteremia relapse rates were comparable between the IE and non-IE groups of the study. In the subcohort of patients with IE and valve strands as the sole echocardiographic finding, without any other typical IE lesions (n = 38/101; Supplementary Table 1), rates of embolic events, mortality, and bacteremia relapse were similar to those observed in the non-IE group. Although not mentioned in the discussion, these results suggested that valve strands did not constitute, per se, an additional risk of embolism in patients with IE. Patients with valve strands but without typical echocardiographic findings of IE were classified as having IE based on other indicative features beyond echocardiography (ie, persistent bacteremia). The diagnosis of IE was established by a multidisciplinary team of experts in the field, who determined that the majority of patients with bacteremia and valve strands detected on echocardiography should not be classified as having IE. Therefore, prolonged hospitalization and intravenous treatment for IE based solely on the detection of valve strands were avoided. Moreover, a rapid switch from intravenous to oral antimicrobial therapy in patients with non-S. aureus bacteremia was feasible and safe. The low rates of bacteremia recurrence and/or IE in the study reflect the importance of early multidisciplinary validation of all diagnostic investigations in conjunction with clinical data in order to establish or exclude the diagnosis of IE [8]. However, treatment decisions in cases where IE is suspected but not confirmed still remain a major challenge in clinical practice. The retrospective single-center nature of the study, the mixed data regarding native valve endocarditis (NVE), PVE, and CIED-related infections, the lack of differentiation between early and late PVE, as well as the presence of complicated S. aureus bacteremia in the non-IE group requiring prolonged treatment, could have biased the study results, which therefore cannot be readily extrapolated. Moreover, the study design did not allow a comparison between patients with bacteremia/IE with and without valve strands in echocardiography. Differentiating between vegetations and valve strands is challenging, not only in the context of IE but also because both entities could carry a significant risk of embolism. The experience and skills of the performing and interpreting cardiologists, as well as the pretest probability of endocarditis, strongly influence echocardiographic findings, which may either support or refute a clinical suspicion of IE [2, 6, 7]. The timing of the examination is crucial for the diagnostic yield of IE; repeating the examination after initially negative studies in cases highly suspected of IE is strongly recommended in IE guidelines [3, 4]. Despite the overall high diagnostic sensitivity and specificity of TTE and particularly TEE, echocardiographic studies cannot always differentiate between vegetations caused by IE and those resulting from noninfectious conditions. Moreover, valvular thickening or calcifications, ruptured mitral chordae tendineae, and Lambl's nodules may also be confused with vegetations. Diagnostic accuracy is further impaired in prosthetic valves because of artifacts, highly echogenic sewing rings, and support structures, especially in recently implanted valves [2, 7]. Novel echocardiographic techniques have been developed, but their detailed analysis is beyond the scope of this commentary. Challenging clinical scenarios identified by echocardiography often require further evaluation using additional diagnostic modalities to establish the diagnosis of IE. Advances in cardiac imaging techniques, including [18F] FDG PET/CT and cardiac CT, have significantly improved the diagnostic accuracy of IE, especially in the presence of prosthetic material, then these imaging modalities are currently recommended in addition to echocardiographic studies [3–5]. However, they are not as widely available in clinical settings worldwide as echocardiography. Moreover, there is no ideal diagnostic imaging tool for IE; therefore, imaging findings should always be interpreted in conjunction with clinical, laboratory, and microbiological data by the multidisciplinary endocarditis team in order to synthesize the “mosaic” of IE diagnosis in challenging cases and guide appropriate treatment [1, 7, 8]. Few well-designed prospective clinical trials on IE exist. Data on IE are provided mainly by large epidemiological studies, such as the International Collaboration on Endocarditis (ICE) merged database and the European EURO-ENDO registry [11, 12]. Even though, the ICE echo-sub study focused only in patients with definite IE highlighting the prognostic role of cardiac lesions compatible with IE in the outcome of patients. No data on unclear or equivocal echocardiographic findings that led to a downgraded classification of IE were assessed [12]. There is an unmet need for holistic prospective multicenter multinational studies on suspected IE, collecting and analyzing stratified data in all clinical, microbiological, and imaging diagnostic and therapeutic aspects in different health-care settings. However, this clinical trial is highly challenging and difficult to perform also due to various diagnostic and therapeutic modalities throughout the world. A multidisciplinary endocarditis team composed of experts from different medical and surgical specialties that evaluates and validates clinical and research data on a case-by-case basis is highly recommended [1, 3, 5, 13]. The multidisciplinary team of experts in the field has been shown to improve the diagnosis and treatment of patients with IE while also reducing mortality [14]. The implementation and organization of a multidisciplinary team approach in the management of patients with IE should adapt to peculiarities and local needs of each Institution in order to achieve rapid and accurate diagnostic procedures, optimization of antimicrobial treatment and prompt surgical interventions in patients with IE [1, 3, 5, 7, 13]. Financial support. No financial support was provided."
OpenAlex,mitral regurgitation,Parental anxiety levels before and after pediatric cardiology evaluation with echocardiography in asymptomatic children with heart murmurs: a prospective study,Hikmet Kıztanır; Beyza Elmalı,10.3389/fped.2026.1901573,2026-07-09,Frontiers in Pediatrics,"Background Cardiac murmurs are common in childhood, yet their detection often triggers significant parental anxiety. This study aimed to measure anxiety levels in parents of infants and young children under 24 months of age referred to pediatric cardiology due to heart murmurs, using the State-Trait Anxiety Inventory (STAI-S) before and after examination, and to investigate the impact of expert assessment and echocardiography (ECHO). Methods This prospective study included parents of 241 asymptomatic children (under 24 months) referred for initial cardiac evaluation due to a murmur. Parental anxiety was measured using the STAI-S before and after a comprehensive clinical evaluation, including ECHO. Participants were categorized based on ECHO findings: normal, benign physiological findings, and minor structural anomalies requiring follow-up. Results The mean pre-consultation STAI-S was 51.17 ± 6.34, which significantly decreased to 45.89 ± 7.84 following evaluation [ t (240) = 10.44, p &amp;lt; 0.001, Cohen's d = 0.67]. While anxiety levels dropped significantly across all ECHO groups ( p &amp;lt; 0.001), no statistical difference was found between groups regarding anxiety reduction ( p = 0.108). Exploratory item analysis revealed that consultation primarily reduced negative emotions rather than immediately increasing positive emotional states. Regression analysis showed that a family history of heart disease was the only significant independent predictor increasing pre-examination anxiety ( β = 2.129; p = 0.031). Conclusions Specialized pediatric cardiology consultation and echocardiographic evaluation substantially reduce parental anxiety, independent of socioeconomic characteristics or specific cardiac findings in this cohort. Clinicians should prioritize early, tailored communication for high-risk families with a family history of heart disease to effectively manage the psychological burden of a heart murmur referral."
OpenAlex,mitral regurgitation,The Expanding Therapeutic Armamentarium for Mitral Regurgitation: Surgical and Transcatheter Interventions,Argyro Kalompatsou; Dimitris Tousoulis; Charilila-Loukia Ververeli; Ioannis Kachrimanidis; Yannis Dimitroglou; Sotirios Tsalamandris; Maria Drakopoulou; Konstantinos Aznaouridis; K. P. Dimitriadis; M Koukos; Aggelos Papanikolaou; Vasilis Lozos; Konstantinos Toutouzas; Konstantinos Tsioufis; Constantina Aggeli,10.3390/biomedicines14071539,2026-07-09,Biomedicines,"Background: Mitral regurgitation (MR) is one of the most prevalent valvular heart diseases, with a rising global incidence. The 2025 European Society of Cardiology (ESC) guidelines introduced updated pathophysiological and morphological concepts for secondary MR, distinguishing ventricular and atrial mechanisms. Concurrent advances in cardiovascular imaging and therapeutic technologies have transformed the diagnostic and management landscape of MR. Methods: This review summarizes current evidence on the diagnosis and treatment of MR, with a focus on the updated ESC classification, multimodality cardiovascular imaging, minimally invasive surgical techniques, and contemporary transcatheter repair strategies. Recent literature was evaluated to highlight advances in anatomical assessment and individualized therapeutic approaches. Results: Multimodality imaging provides comprehensive evaluation of mitral valve anatomy, ventricular remodeling, and disease mechanisms, enabling accurate patient selection and procedural planning. Surgical management has evolved from conventional repair or replacement to minimally invasive approaches, including video-assisted right thoracotomy and robotic-assisted surgery, which have demonstrated favorable perioperative and clinical outcomes. In parallel, transcatheter interventions have expanded the therapeutic armamentarium for patients at high surgical risk or with complex anatomy. These include direct and indirect annuloplasty, transcatheter edge-to-edge repair, and emerging catheter-based repair technologies targeting specific structural abnormalities of the mitral valve apparatus. Conclusions: Contemporary management of MR requires an integrated understanding of disease pathophysiology, advanced imaging, and patient-specific anatomical characteristics. The combination of minimally invasive surgical techniques and rapidly evolving transcatheter interventions has broadened treatment options and supports a tailored, multidisciplinary approach to improve clinical outcomes and expand access to effective therapy for patients with severe MR."
OpenAlex,mitral regurgitation,Association Between Ergot-Derived Dopamine Agonists and Valvular Heart Disease: A Systematic Review and Meta-Analysis,Amer Hammad; Sindhura Ananthaneni; Own Khraisat; Abdullah Ahmad; H Munshi; Rama Al-Ashqar; Roma Patel; Pruthvi Goparaju; Abdel Dajani; Fayez Shamoon; Rahul Vasudev,10.1097/crd.0000000000001387,2026-07-09,Cardiology in Review,"Dopamine agonists (DAs) have been linked to valvular heart disease (VHD). Literature suggests worsening valvular regurgitation with usage of these drugs, although some reports have found no significant association. This systematic review and meta-analysis aimed to determine whether treatment with ergot-derived DAs is associated with an increased incidence of VHD or worsening of preexisting valvular regurgitation. A systematic review and meta-analysis was conducted by synthesising data from multiple observational studies and clinical trials, focusing on the effects of both ergot-derived and non-ergot DAs on the development of VHD. Inclusion criteria were patients diagnosed with Parkinson disease or hyperprolactinaemia treated with DAs. Baseline patient characteristics including sex, ethnicity, cardiovascular risk factors, dosage, and duration of treatment were evaluated. Pooled risk estimates were calculated using random-effects models. Among 47,270 patients from 33 observational studies, those on ergot-derived DAs had a higher rate of developing VHD (4.0% vs 1.1% in non-ergot DA users or controls). The pooled risk ratio of VHD was significantly elevated in patients treated with pergolide [risk ratios (RR) 2.29, 95% confidence interval (CI): 1.62–3.24], cabergoline (RR 1.68, 95% CI: 1.21–2.34), and bromocriptine (RR 1.52, 95% CI: 1.02–2.27). Compared to controls, ergot-derived DAs were associated with an increased risk for aortic (RR 2.75, 95% CI: 1.81–4.20), mitral (RR 1.70, 95% CI: 1.23–2.36), and tricuspid (RR 1.54, 95% CI: 1.08–2.20) regurgitation. Ergot-derived DAs are significantly associated with an increased risk of VHD. Close echocardiographic monitoring should be emphasised for patients receiving ergot-derived DAs, particularly those on long-term or high-dose therapy."
OpenAlex,mitral regurgitation,Mitralklappenrekonstruktion im Vergleich der Geschlechter,K. Buschmann; H Treede,10.1007/s00398-026-00786-6,2026-07-09,Zeitschrift für Herz- Thorax- und Gefäßchirurgie,"Zusammenfassung Hintergrund Die degenerative Mitralinsuffizienz (DMI) zeigt geschlechtsspezifische Unterschiede in Pathologie, Vorstellungszeitpunkt und Versorgung. Frauen werden später zur Operation überwiesen, seltener rekonstruktiv und seltener minimal invasiv versorgt als Männer. Ziel der Arbeit Bewertung der aktuellen Evidenz zu geschlechtsspezifischen Unterschieden bei der minimal invasiven Mitralklappenchirurgie (MIMVS) und Ableitung praxisrelevanter Handlungsempfehlungen. Material und Methoden Narrative Literaturübersicht der zwischen 2019 und Januar 2026 in PubMed publizierten Propensity-Score-gematchten Kohorten, multinationalen Register (MIDA) und randomisierten Daten (CTSN). Synthese zentraler Endpunkte: Rekonstruktionsrate, MIMVS-Anteil, 30-Tage-Mortalität sowie Mittel- und Langzeitüberleben. Ergebnisse Frauen sind bei Operation im Mittel 4–6 Jahre älter, häufiger in New York Heart Association (NYHA) III–IV und weisen häufiger eine Carpentier-Typ-IIIa-Pathologie sowie eine Annuluskalzifikation auf. Die Rekonstruktionsrate liegt bei Frauen konsistent niedriger (67 vs. 85 % bei Pölzl, 50 vs. 67 % bei Saha), ebenso der MIMVS-Anteil (49 vs. 65 %). Die adjustierte 30-Tage-Mortalität ist bei Frauen rund 4‑fach erhöht (Hazard Ratio, HR: 4,07). In erfahrenen Zentren mit Heart-Team-Strategie und früher Zuweisung gleichen sich die Ergebnisse jedoch an. Schlussfolgerung Die beobachteten Unterschiede sind nur teilweise biologisch bedingt; system- und operateurbezogene Faktoren tragen wesentlich bei. Eine standardisierte Behandlungsstrategie mit früher Indikationsstellung, hochauflösender Bildgebung und konsequenter Heart-Team-Diskussion in spezialisierten Mitralklappenzentren kann die geschlechtsspezifische Disparität reduzieren."
OpenAlex,mitral regurgitation,Preoperative fragmented QRS as a predictor of postoperative left ventricular systolic dysfunction after isolated mitral valve replacement,İsmail Balaban; Seda Tanyeri; Ahmet Karaduman; Zeynep Esra Güner; Barkın Kültürsay; Cemalettin Yılmaz; Mustafa Ferhat Keten; Kadir Bıyıklı,10.1186/s12872-026-06266-x,2026-07-09,BMC Cardiovascular Disorders,"BACKGROUND: Despite preserved preoperative left ventricular ejection fraction (LVEF), many patients develop postoperative left ventricular (LV) systolic dysfunction after mitral valve surgery for chronic mitral regurgitation. Fragmented QRS (fQRS) on surface electrocardiography has been proposed as a simple marker of adverse myocardial substrate. This study evaluated the prognostic value of preoperative fQRS for predicting postoperative LV systolic dysfunction after isolated mitral valve replacement and developed an exploratory perioperative risk model. METHODS: This retrospective study included 279 consecutive patients undergoing elective isolated mitral valve replacement for chronic mitral regurgitation, with or without concomitant tricuspid annuloplasty, between January 2022 and June 2025. Fragmented QRS was assessed on preoperative 12-lead electrocardiography. Postoperative LV systolic dysfunction was defined as LVEF < 50% on early postoperative echocardiography. Multivariable logistic regression analyses, including an exploratory backward stepwise approach, were performed. Model discrimination and calibration were evaluated, and a nomogram was constructed for individualized risk estimation. RESULTS: Fragmented QRS was present in 71 patients (25.4%). Postoperative LV systolic dysfunction occurred in 92 of 279 patients (33.0%) overall. Although preoperative LVEF was similar between groups, patients with fQRS had lower postoperative LVEF (p = 0.036) and a higher incidence of postoperative LV systolic dysfunction compared with those without fQRS (45.1% vs. 28.8%; p = 0.012). In the fully adjusted multivariable model, preoperative fQRS showed a directional association with postoperative LV systolic dysfunction, although this association narrowly missed conventional statistical significance (OR 1.90, 95% CI 0.99-3.64; p = 0.052). In the exploratory stepwise multivariable model developed for risk prediction, preoperative fQRS was associated with postoperative LV systolic dysfunction (OR 2.00, 95% CI 1.06-3.81; p = 0.033), together with longer aortic cross-clamp time (OR 1.015, 95% CI 1.010-1.020; p < 0.001) and chronic kidney disease (OR 3.06, 95% CI 1.11-8.56; p = 0.030). The exploratory model demonstrated acceptable discrimination (area under the ROC curve, 0.78). A nomogram was developed to facilitate individualized exploratory risk prediction. CONCLUSIONS: Preoperative fQRS showed a directional association with postoperative LV systolic dysfunction after isolated mitral valve replacement, although this association narrowly missed conventional statistical significance in the fully adjusted multivariable model (OR 1.90, 95% CI 0.99-3.64; p = 0.052). When integrated with baseline ventricular function and perioperative variables, fQRS may contribute to exploratory perioperative risk stratification in selected patients. These findings require validation in larger prospective cohorts before clinical implementation."
OpenAlex,mitral regurgitation,Clinical Spectrum of Extra-Muscular Systemic Involvement in Myotonic Dystrophy Type 1: A Single Center Retrospective Study,Begüm Yaralıoğlu; Bekir Burak Kılboz; Onur Akan,10.14744/esrj.2026.0017,2026-07-09,Eurasian Scientific Research Journal,"Objective: A considerable proportion of patients with myotonic dystrophy type 1 (DM1) initially present with extramuscular manifestations, which substantially influence quality of life and overall survival.This study aimed to investigate the frequency and clinical relevance of extramuscular systemic involvement in patients with DM1.Material and Methods: We conducted a retrospective descriptive cohort study of 38 patients with DM1 who were followed at a tertiary neuromuscular clinic over a five-year period.Demographic and clinical data, extramuscular manifestations, neurological examination findings, and electrophysiological results were extracted from the patients' medical records. Results:The cohort (45% female; mean age, 39.9 years) exhibited a high burden of systemic disease.Although the classic triad was present, significant variability was noted, and only 23.6% of the patients had cataracts.Notably, gastrointestinal manifestations (52.6%) and endocrine dysfunction were highly prevalent.Among endocrine findings, thyroid dysfunction (21%) was more frequent than diabetes mellitus (14%) or infertility (14%).Cardiac abnormalities were observed in 34% of the patients.Respiratory sleep disorders (10.5%) and dysphagia (36%) were also recorded.During the follow-up period, the mortality rate was 5.2%.Conclusion: DM1 is a complex systemic syndrome in which extramuscular features may be presenting manifestations alongside classic skeletal muscle weakness.These findings support proactive, multidisciplinary surveillance to identify clinically relevant systemic complications in this population."
OpenAlex,mitral regurgitation,A Study Correlation Between Serum Ferritin Levels and Clinical Outcomes in Heart Failure Patients,Nilashish Dey,10.25258/ijpqa.16.10.63,2026-07-09,International Journal of Pharmaceutical Quality Assurance,"Background: Heart failure (HF) ‘ remains a major global health burden, and identifying reliable biomarkers that reflect disease severity is essential for early risk stratification. Serum ferritin, an indicator of iron status and inflammation, may serve as a useful predictor of HF severity. Aim: To evaluate the association between serum ferritin levels and clinical, biochemical, and echocardiographic markers of severity in HF patients. Methodology: A hospital-based cross-sectional study was conducted among 90 HF patients at a tertiary care center. Detailed clinical evaluation, laboratory investigations including ferritin, hepcidin, and hs-CRP, and echocardiographic assessment were performed. Statistical analyses included correlation and ROC analysis. Results: The mean age of participants was 58.6 ± 10.4 years, with 62.2% males. Serum ferritin showed significant positive correlations with NYHA class (r = 0.41) and hs-CRP (r = 0.48), and negative correlations with hemoglobin (r = –0.22) and LVEF (r = –0.39). Higher ferritin levels were associated with ventricular dilatation and increased inflammatory activity. ROC analysis identified ferritin &gt;180 ng/mL as a predictor of severe HF (AUC 0.78, sensitivity 74%, specificity 72%). Conclusion: Serum ferritin is a valuable, accessible biomarker reflecting inflammation, iron dysregulation, and cardiac dysfunction, demonstrating good predictive utility for HF severity"
OpenAlex,mitral regurgitation,Bivalirudin as rescue therapy for suspected heparin resistance and recurrent intra-procedural stent thrombosis during complex percutaneous coronary intervention: a case report,Xiang Wang; Miao Dai,10.3389/fcvm.2026.1864489,2026-07-09,Frontiers in Cardiovascular Medicine,"Heparin resistance (HR) poses a significant challenge during percutaneous coronary intervention (PCI), potentially leading to catastrophic thrombotic complications. Here, we report a case of suspected refractory HR and recurrent intra-stent thrombosis during a complex PCI for a heavily calcified lesion, despite aggressive antiplatelet therapy and glycoprotein IIb/IIIa inhibition. Subtherapeutic anticoagulation persisted despite repeated unfractionated heparin boluses [cumulative dose 11,000 U; activated clotting time (ACT) 132 s]. Switching anticoagulation to the direct thrombin inhibitor bivalirudin resulted in rapid achievement of therapeutic anticoagulation (ACT 320 s within 10 min) and marked reduction in thrombus burden. This case highlights bivalirudin as an effective rescue strategy for managing HR and preventing thrombosis progression in complex PCI settings, emphasizing the need for timely recognition and alternative anticoagulation in such high-risk scenarios."
OpenAlex,mitral regurgitation,Non-ST-Segment Elevation Myocardial Infarction in a Woman in her Fifth Decade Secondary to Anomalous Left Coronary Artery from The Pulmonary Artery (ALCAPA) Treated with Surgical Correction Using The Takeuchi Technique: A Case Report,Parra Mora Héctor Alejandro; Hospital Regional Valentín Gomez Farías.; Vazquez Coronado David; Norzagaray Figueroa Luis David; Orejel Amezcua Alfredo; Lozano Ibarra Alexia Valentina; Guerrero Hernandez Dajher Alonso,10.5281/zenodo.21257785,2026-07-08,Zenodo (CERN European Organization for Nuclear Research),"Anomalous left coronary artery from the pulmonary artery (ALCAPA), also known as Bland-White-Garland syndrome, is a rare congenital coronary anomaly with an estimated incidence of 1 in 300,000 live births and represents less than 0.5% of all congenital heart diseases. The condition is characterized by the abnormal origin of the left coronary artery from the pulmonary artery, resulting in progressive myocardial ischemia after the physiological decline in pulmonary vascular resistance during infancy. The subsequent coronary steal phenomenon leads to left ventricular dysfunction, myocardial infarction, mitral regurgitation, heart failure, malignant ventricular arrhythmias, and sudden cardiac death if left untreated. Clinical manifestations vary according to the degree of collateral circulation and the patient's age, ranging from severe heart failure in infancy to exertional angina, syncope, ventricular arrhythmias, or sudden death in adults. Transthoracic echocardiography remains the first-line diagnostic modality, while coronary computed tomography angiography, cardiac magnetic resonance imaging, and invasive coronary angiography provide detailed anatomical and functional assessment for diagnosis and surgical planning. Surgical correction aimed at restoring a dual-coronary circulation is the treatment of choice in all patients regardless of age or symptoms, with direct reimplantation of the anomalous coronary artery into the aorta considered the preferred technique. Advances in imaging and surgical management have markedly improved long-term survival and ventricular recovery. Nevertheless, lifelong follow-up is recommended to monitor residual myocardial dysfunction, mitral valve disease, ventricular arrhythmias, and other late complications. Early recognition and timely surgical intervention remain the cornerstone for achieving favorable clinical outcomes."
OpenAlex,mitral regurgitation,Systematic Review of Prognostic Factors in Elderly Patients Undergoing Primary Percutaneous Coronary Intervention for ST-Elevation Myocardial Infarction,Aaruni Saxena; Akhlaque Uddin; S Jamil-Copley; Nikola Sprigg,10.21203/rs.3.rs-10146120/v1,2026-07-08,Research Square,
OpenAlex,mitral regurgitation,Non-ST-Segment Elevation Myocardial Infarction in a Woman in her Fifth Decade Secondary to Anomalous Left Coronary Artery from The Pulmonary Artery (ALCAPA) Treated with Surgical Correction Using The Takeuchi Technique: A Case Report,Parra Mora Héctor Alejandro; Hospital Regional Valentín Gomez Farías.; Vazquez Coronado David; Norzagaray Figueroa Luis David; Orejel Amezcua Alfredo; Lozano Ibarra Alexia Valentina; Guerrero Hernandez Dajher Alonso,10.5281/zenodo.21257786,2026-07-08,Zenodo (CERN European Organization for Nuclear Research),"Anomalous left coronary artery from the pulmonary artery (ALCAPA), also known as Bland-White-Garland syndrome, is a rare congenital coronary anomaly with an estimated incidence of 1 in 300,000 live births and represents less than 0.5% of all congenital heart diseases. The condition is characterized by the abnormal origin of the left coronary artery from the pulmonary artery, resulting in progressive myocardial ischemia after the physiological decline in pulmonary vascular resistance during infancy. The subsequent coronary steal phenomenon leads to left ventricular dysfunction, myocardial infarction, mitral regurgitation, heart failure, malignant ventricular arrhythmias, and sudden cardiac death if left untreated. Clinical manifestations vary according to the degree of collateral circulation and the patient's age, ranging from severe heart failure in infancy to exertional angina, syncope, ventricular arrhythmias, or sudden death in adults. Transthoracic echocardiography remains the first-line diagnostic modality, while coronary computed tomography angiography, cardiac magnetic resonance imaging, and invasive coronary angiography provide detailed anatomical and functional assessment for diagnosis and surgical planning. Surgical correction aimed at restoring a dual-coronary circulation is the treatment of choice in all patients regardless of age or symptoms, with direct reimplantation of the anomalous coronary artery into the aorta considered the preferred technique. Advances in imaging and surgical management have markedly improved long-term survival and ventricular recovery. Nevertheless, lifelong follow-up is recommended to monitor residual myocardial dysfunction, mitral valve disease, ventricular arrhythmias, and other late complications. Early recognition and timely surgical intervention remain the cornerstone for achieving favorable clinical outcomes."
OpenAlex,mitral regurgitation,Dynamic Characteristics of Myocardial Depression After Severe Bupivacaine-Induced Local Anesthetic Systemic Toxicity: A Case Report,Shujian Zhang; Bingjie Lai; Yun Hu; Fuxi Ji; Q T Yang; Yongjie Yin; Jiakun Tian; Debiao Song,10.21203/rs.3.rs-9871389/v1,2026-07-08,Research Square,
OpenAlex,mitral regurgitation,Frequency Of Mitral Regurgitation In Different Myocardial Infarction Patient Reported To RMI Peshawar,Pakistan Journal of Medical & Cardiological Review,10.5281/zenodo.21257316,2026-07-08,Zenodo (CERN European Organization for Nuclear Research),
OpenAlex,valvular heart disease,Identification of Undiagnosed Valvular Heart Disease in the Community Using Routine Healthcare Data: Systematic Review and Meta-Analysis,A Helbitz; William Ginks; Mohammad Haris; Khalid Kazi; L Burgess; Dominik Schlosshan; Daniel Blackman; Jianhua Wu; Chris P Gale; Ramesh Nadarajah,10.1093/ehjvshd/xwag056,2026-07-09,European Heart Journal - Valvular and Structural Heart Disease,"Abstract Background and Aims Valvular heart disease (VHD) conveys a high burden of morbidity and mortality and, given the increasing armamentarium of therapeutic interventions, earlier diagnosis is important. This meta-analysis aimed to evaluate the potential of tools in routine health data to identify individuals with undiagnosed VHD in community or population-based settings. Methods MEDLINE and Embase were searched from inception to October 6, 2025, for studies describing tools derived, validated or augmented to identify VHD in community populations. Potential measures (C-statistics) were pooled using Bayesian meta-analysis stratified by valve class and data modality with potential data from ≥3 cohorts, with heterogeneity assessed using 95% prediction intervals. Risk of bias was evaluated using the Prediction model Risk Of Bias Assessment Tool (PROBAST). Results Nineteen studies including 33 prediction tools were included; 18% had a high risk of bias. Imaging- and ECG-based models demonstrated excellent potential (C-statistic 0.861 [95% CI 0.827-0.889; I2 = 96%] and 0.830 [0.802-0.855; I2 = 100%]), while multivariable clinical models displayed good potential and biomarker-based models adequate potential (0.786 [0.663-0.872; I2 = 99%] and 0.699 [0.629-0.760; I2 = 0%]). Models targeting right-sided and mitral valve disease showed excellent potential (0.885 [0.837-0.920; I2 = 98%], 0.851 [0.819-0.879; I2 = 99%]). Models targeting aortic valve disease displayed good potential (0.797 [0.765-0.826; I2 = 100%]). External validation was limited, only one study assessed clinical utility, and no study prospectively validated a model. Conclusions Models using routine healthcare data to identify risk of undiagnosed VHD show potential but comprehensive external and prospective validation is required before consideration of implementation."
OpenAlex,valvular heart disease,Regulation of ferroptosis and mitochondrial homeostasis disruption in diabetic cardiomyopathy: Therapeutic potential of traditional Chinese medicine,Yi-Ting Tang; Qian Wu; Yupeng Chen; Ling Xia; Martina Hong Yang; Mao-Ying Wei; Qing Pang; Ya-Nan Yang; Jing-Bo Liu; Jun-Li Liu; Qing Ni; Yan-Bing Gong,10.4239/wjd.120448,2026-07-09,World Journal of Diabetes,"Diabetic cardiomyopathy (DCM) is a common diabetes-related complication that can progress to heart failure. Early-stage DCM is asymptomatic, requiring advanced imaging for diagnosis, and currently lacks approved targeted therapies, highlighting the urgent need for DCM-specific drugs. Emerging evidence suggests that iron homeostasis imbalance and mitochondrial dysfunction are closely interconnected and synergistically drive DCM onset and progression. This review provides a comprehensive overview of the molecular interplay between ferroptosis and mitochondrial damage in DCM and evaluates the therapeutic potential of three intervention categories: (1) Standard glucose-lowering agents; (2) Novel mechanism-targeted therapies (iron chelators, mitochondrial protectants); and (3) Multi-targeting traditional Chinese medicine (TCM) and their bioactive compounds. While Sodium-glucose co-transporter-2 inhibitors and other antidiabetic drugs provide modest protection against DCM progression, they exhibit limited efficacy, do not fully restore mitochondrial function, and are associated with adverse effects. Emerging targeted therapies such as iron chelators and mitochondrial protectants face safety concerns and lack extensive clinical validation, with their potential drug-drug interactions remaining uncertain. In contrast, selected TCM-derived bioactive compounds have shown cardioprotective potential through multi-target regulation of ferroptosis and mitochondrial homeostasis in preclinical DCM models. Additional TCM with demonstrated efficacy in ferroptosis and mitochondrial function are also reviewed. Given the multifactorial nature of DCM, combination therapies targeting ferroptosis and mitochondrial dysfunction may offer superior outcomes. Future drug development should prioritize agents - whether synthetic or natural - that precisely regulate these interrelated pathways, enabling personalized treatment strategies for DCM."
OpenAlex,valvular heart disease,Metabolic-inflammatory memory: the common pathological basis and therapeutic targets of metabolic syndrome,何曉碩; Zhanli Guo; Qiu Chen,10.1007/s11154-026-10067-0,2026-07-09,Reviews in Endocrine and Metabolic Disorders,"Metabolic syndrome (MetS) is traditionally characterized by a cluster of abnormalities, including obesity, hyperglycemia, dyslipidemia, and hypertension, with clinical management historically centered on the stabilization of these individual parameters. However, the chronic, progressive nature of MetS and the persistent challenge of fully reversing its clinical manifestations indicate that its underlying pathophysiological mechanisms extend far beyond the mere summation of individual risk factors. Recent evidence reveals that the core pathogenesis of MetS involves a complex interplay between ""metabolic memory"" and ""inflammatory memory."" Metabolic memory represents the long-term imprint sustained at the cellular level from historical metabolic disturbances, mediated via epigenetic reprograming and mitochondrial dysfunction. Concurrently, inflammatory memory reflects the immune system's ""trained immunity"" (TI) under metabolic stress, which primes immune cells to maintain a persistent state of low-grade, chronic pro-inflammation. These two pathological processes interact closely through signaling cascades-such as nuclear factor-kappa B (NF-κB), mitogen-activated protein kinase (MAPK), Janus kinase/signal transducer and activator of transcription (JAK-STAT), and Toll-like receptors (TLRs) pathways-thereby translating metabolic danger signals into chronic inflammation and the maladaptive regulation of lipid metabolism, insulin signaling, and vascular function. This cascade amplification mechanism, propagating from localized cellular memory to systemic inflammation, drives progressive end-organ damage in the heart, liver, kidneys, and vasculature, establishing the unifying pathological foundation of MetS and its associated complications. Consequently, clinical intervention strategies for MetS must transition from the superficial management of biochemical indicators toward therapies that specifically target and reverse this deeply ingrained metabolic-inflammatory memory. This review systematically constructs a comprehensive theoretical framework for metabolic-inflammatory memory in MetS and evaluates its clinical translational value, aiming to provide a mechanistic foundation for the development of targeted, curative clinical interventions."
OpenAlex,valvular heart disease,Metabolic reprogramming in chronic kidney disease-cardiovascular disease comorbidity: from molecular mechanisms to therapeutic strategies,Xiang-jing Chai; Gong Wei; Wei Chen; Dong-Yu Min; Yang Wang; Le Guan,10.3389/fphar.2026.1801502,2026-07-09,Frontiers in Pharmacology,"Chronic kidney disease (CKD) and cardiovascular disease are bidirectionally linked, with metabolic reprogramming as a central pathophysiological nexus. This review examines metabolic disturbances underlying CKD–CVD comorbidity, including energy metabolism disorders, mitochondrial dysfunction, lipid and glucose dysregulation, and mineral metabolism abnormalities. The gut microbiota–metabolic axis contributes through depletion of short-chain fatty acids, accumulation of trimethylamine N-oxide, and production of uremic toxins. These changes compromise intestinal barrier integrity and sustain systemic inflammation. Downstream consequences include oxidative stress, NLRP3 inflammasome activation, cardiac and renal fibrosis, vascular calcification, and endothelial dysfunction. We critically distinguish validated interventions from speculative strategies. SGLT2 inhibitors and GLP-1 receptor agonists have established cardiorenal protection in large randomized trials, with effects extending beyond glycemic control. By contrast, gut microbiota modulation, mitochondria-targeted therapies, and several anti-inflammatory and anti-fibrotic strategies remain at the preclinical or early-phase clinical stage, and a number of mechanistically attractive interventions have failed in confirmatory trials. We also outline areas of contradictory evidence and unresolved questions. Future directions include multi-omics integration, metabolic phenotype-based stratification, and rational drug development targeting central metabolic nodes. The review provides mechanistic insights into metabolic–immune–inflammatory crosstalk in CKD–CVD and highlights priorities for translation."
OpenAlex,valvular heart disease,A prognostic tool for pulmonary collapse: nomogram-based prediction of 28-day mortality,Xinming He; Wenchong Yu; Yuling Li; Ao Ma; Zhichao Meng; Jiehao Zhu; Minghui Tan; X P Zhao; Chen M,10.3389/fdata.2026.1728498,2026-07-09,Frontiers in Big Data,"Background Pulmonary collapse is a common and serious respiratory condition, but there is no dedicated bedside tool to estimate prognosis. This study aimed to develop a nomogram to predict 28-day mortality in patients with pulmonary collapse. Methods We extracted data for patients with pulmonary collapse from MIMIC-III, identified predictors using regression analyses, and used MIMIC-IV for temporal validation. We then built a nomogram based on the selected predictors. Model performance was evaluated using the area under the receiver operating characteristic curve (AUC), AUC comparisons using the DeLong test, reclassification (NRI and IDI), calibration (calibration curves, calibration slope, and Brier score), and decision curve analysis (DCA). Results A total of 4,088 patients with pulmonary collapse were included in the study. Logistic regression analysis identified twelve independent predictive factors associated with 28-day mortality: age (OR = 1.01, P =0.040), married status (OR =0 .63, P =0 .040), Glasgow Coma Scale score (OR = 0.94, P = 0.02), creatinine (OR = 0.82, P = 0.03), chloride ions (OR = 0.85, P = 0.03), sodium ions (OR = 1.19, P = 0.02), blood urea nitrogen (OR = 1.02, P &amp;lt; 0.001), white blood cell count (OR = 1.04, P &amp;lt; 0.001), heart rate (OR = 1.02, P = 0.02), respiratory rate (OR = 1.05, P = 0.03), temperature (OR = 0.54, P &amp;lt; 0.001), and metastatic cancer (OR = 6.66, P &amp;lt; 0.001). The nomogram showed moderate discrimination and consistently higher AUC than Age+Gender, SOFA, and SAPSII across cohorts. Conclusion This study identified factors associated with 28-day mortality in patients with pulmonary collapse and developed a nomogram for early risk stratification."
OpenAlex,valvular heart disease,Enhanced Tear Resistance and Biocompatibility of Polyurethane-Urea Elastomers for Artificial Heart Valves via Hydrogen Bonding Design,Xinlong Pang; Xun Shi; Shuo Zhu; Shouhui Huang; M Zhong; Rongjia Rao; Shenghua Liu; Yana Meng; Xianqiang Wang; W E I Feng; Fei Xu; Zhan Hu; Changwei Zhang; W H Zhao; Dan Li; Bingying Zhou; Shengshou Hu,10.1021/acsabm.6c00175,2026-07-09,ACS Applied Bio Materials,"Valvular heart disease imposes a heavy global clinical burden, and conventional mechanical and bioprosthetic valves struggle to achieve an optimal balance between long-term durability and in vivo biocompatibility. Siloxane polyurethane urea (SiPUU) serves as a commonly used polymer matrix for heart valve research owing to its intrinsic favorable cytocompatibility. Nevertheless, its insufficient tear resistance and inferior cyclic fatigue properties render it incompatible with the surgical suturing and forming procedures of prosthetic heart valves. To overcome the mechanical bottlenecks of existing polyurethane valve materials, we engineered a library of polyurethane-urea thermoplastic elastomers (Fuwai Material (J), FWJ series) by embedding abundant N–H moieties along the polymer backbone to amplify intermolecular hydrogen-bonding interactions. The top-performing variant 2NO-FWJ delivers a suite of valve-matching superior mechanical properties: a tear strength of 158.64 N/mm (55.07% higher than conventional polyurethane matrices), an elongation at break of 1686.80%, and a Young′s modulus of 15.74 MPa. Under simulated physiological circulation, the material maintains robust structural integrity beyond 200 million fatigue cycles while presenting ideal hemodynamic metrics (effective orifice area ≥1.99 cm 2 and transvalve pressure differential ≤11.6 mmHg). Distinct from prior polymer biocompatibility assessments relying on immortalized cell lines, this work pioneers biocompatibility characterization utilizing multiple types of primary human cardiac cells. In vitro biological characterizations suggest that 2NO-FWJ displays mild cellular toxicity, limited protein adhesion, moderate antidegradation ability against enzymes, and favorable hemocompatibility. Benefiting from hydrogen-bond-reinforced intermolecular networks, the developed FWJ elastomers simultaneously resolve the insufficient tear resistance and poor long-term fatigue durability of prevailing polymeric valve substrates and display immense translational potential for surgical suturable artificial heart valve fabrication."
OpenAlex,valvular heart disease,Women and Cardiovascular Disease: The Gender Gap—A Life-Course and Sex-Specific Perspective,Sandra Eifert,10.3390/jcdd13070316,2026-07-08,Journal of Cardiovascular Development and Disease,"Cardiovascular disease (CVD) remains the leading cause of death among women worldwide and accounts for a substantial proportion of global morbidity, mortality, and disability, as well as healthcare expenditure [...]"
OpenAlex,valvular heart disease,Indian probiotic market growth analysis: An update,Raju K. Chalannavar; Hosamani PA; Ravindra B. Malabadi,10.30574/gscarr.2026.28.1.0161,2026-07-08,GSC Advanced Research and Reviews,"In India, probiotic consumer products are primarily available as dairy-based items like yogurt (dahi), fermented milk, and buttermilk, but also include non-dairy options like certain fermented drinks and supplements. The market is seeing growth, especially in the dairy sector, with companies like Amul, Nestle, Mother Dairy, and Yakult-Danone actively marketing probiotic products. While no specific regulatory guidelines exist for probiotic foods in India, the Food Safety and Standards Authority of India (FSSAI) provides certification for products, including those with probiotics. An initiative was, therefore, taken by the Indian Council of Medical Research (ICMR) along with the Department of Biotechnology (DBT), Government of India, New Delhi to formulate guidelines for regulation of probiotic products in the country. These guidelines define a set of parameters required for a product/ strain to be termed as ‘probiotic’. Probiotic drugs are used for the prevention, treatment, and mitigation of human diseases and are subjected to the stringent regulations applied to other drugs, thus requiring approval before marketing and continuous pre- and post-marketing safety and quality controls. These include traveler, antibiotic-associated, and acute-infectious diarrhea, ulcerative colitis, necrotizing enterocolitis, inflammatory bowel diseases, irritable bowel syndrome, and Clostridium difficile and Helicobacter pylori infections. Indian consumers are becoming more aware of functional foods and nutritional supplements and the potential role of these products in balanced diet and in ensuring good health. Probiotics are becoming increasingly popular as functional foods because of their health benefits. However, specific probiotic supplement regulation and comprehensive market analysis are absent, hampering the understanding of consumer preferences, market trends, and potential economic impacts of this industry."
OpenAlex,valvular heart disease,Complications and Occurrence of Exacerbations in Patients with Myasthenia Gravis Treated with Oral Corticosteroids,Zhiwen Liu; Louis Jackson; Jacqueline Pesa; Alicia K. Campbell; Zia Choudhry; Nizar Souayah,10.1007/s40801-026-00565-7,2026-07-08,Drugs - Real World Outcomes,"BACKGROUND: Myasthenia gravis is a rare disease characterized by autoantibody-driven impairment of neuromuscular junction activity. Standard-of-care therapy includes oral corticosteroids (OCS), despite associated complications. This study describes OCS-related complications and exacerbations in a real-world myasthenia gravis population. METHODS: Data Mart Database) to identify patients with myasthenia gravis (International Classification of Diseases, Tenth Revision, Clinical Modification: G70.00/01). Patients were classified into non-OCS and OCS cohorts; the OCS cohort was further stratified into < 6-month, 6-month, and 12-month exposure groups (≥ 5 mg/day prednisone-equivalent; 12-month follow-up). Inverse probability treatment weighting balanced baseline characteristics. Weighted prevalence ratios of select complications (e.g., diabetes, fracture, hyperlipidemia, hypertension, infection, myocardial infarction, osteoporosis, stroke, glaucoma) and rate/risk ratios for exacerbations were calculated. RESULTS: The weighted population included 3297 patients in the non-OCS cohort and 418, 872, and 1243 patients in the < 6-month, 6-month, and 12-month OCS exposure groups, respectively. During follow-up, the < 6-month, 6-month, and 12-month OCS exposure groups had significantly higher infection risk versus non-OCS: weighted prevalence ratios (95% confidence interval) 1.6 (1.1-2.1), 1.5 (1.2-2.0), and 1.6 (1.3-2.0), respectively. Osteoporosis risk was similar in the < 6-month group but higher in the 6- and 12-month groups versus non-OCS: weighted prevalence ratios (95% confidence interval) 1.2 (0.9-1.6), 1.5 (1.2-1.8), and 1.7 (1.4-2.0), respectively. Oral corticosteroid exposure groups had more myasthenia gravis exacerbations during follow-up versus non-OCS. CONCLUSIONS: After adjusting for observable confounders, OCS exposure within the 12-month initiation period was associated with a higher burden of complications and exacerbations among patients with myasthenia gravis."
OpenAlex,valvular heart disease,Kardiovaskuläre Magnetresonanztomographie – kardiologische Routineanwendung und Alleinstellungsmerkmale,Alexander Schulz; Theresa Reiter,10.1007/s00108-026-02152-y,2026-07-08,Die Innere Medizin,
OpenAlex,valvular heart disease,Early and Mid-term Results of Aortic Valve Replacement in a Tier-2 Indian City,Vedanth Gopalan; Harshagopal Deshpande; Kailash Bagale,10.25258/ijddt.16.63s.6,2026-07-08,International Journal of Drug Delivery Technology,"In this retrospective study, we assessed the operative mortality and mid-term clinical results of 120 patients who received aortic valve replacement (AVR) at our center from January 2017 through December 2025. The primary objective was to evaluate the rates of early and late morbidity and mortality among this group. Our findings indicated a hospital mortality rate of 3.3%, representing 4 patients. During the follow-up phase, the most significant complications recorded were prosthetic valve endocarditis (6.2%), hemorrhage (6.2%), cerebrovascular accident (3.1%), and the need for reoperation (0.83%). It is important to note that no instances of structural valve failure or valvular thrombosis were observed. Our analysis led us to conclude that performing AVR with mechanical prostheses is a reliable procedure associated with minimal mortality and morbidity."
OpenAlex,deep learning,The Role of Collective Bricolage in Creating University Governance Structures: The Example of the Galileo Observatory,Ariel Méndez; Amandine Pascal,,2050-01-01,Cairn.info,"This study investigates the concept of “collective bricolage” within the framework of creating a universe science observatory in France. In the face of significant transformations in higher education and research, this article examines how university stakeholders can employ collective bricolage to adapt to institutional mandates for restructuring. Drawing on Lévi-Strauss’s notion of bricolage and the theoretical contributions of Duymedjian and Rüling (2010), this research investigates how this bricolage can be implemented in the absence of conventional or normative space to support the process, and particularly within a context characterized by conflictual relationships. The case study analyzes the collective bricolage process and its components, demonstrating that the dialectical nature of collective bricolage facilitates the creation of robust governance structures through the negotiation and recombination of resources and rationales from the diverse actors involved."
OpenAlex,deep learning,The nature and tensions of environmental management control in local authorities,Christophe Maurel; Christophe Favoreu; London Proofreaders,,2050-01-01,Cairn.info,"This exploratory research aims to characterize, on the one hand, the concept of environmental management control (EMC) through the practices that underpin it, and, on the other hand, the tensions associated with it and the implementation of these practices in public organizations. Although EMC is attracting growing interest within the public sector, it seems to be facing technical and governance difficulties. A grid for analyzing management tools and the theory of organizational paradoxes is used to address the issue of characterizing EMC practices and the associated tensions in the local public sector. Various municipalities were mobilized to explore and characterize their first experiences of implementing EMC. Our results enable us to characterize both the tools used and the tensions generated between the objectives pursued in terms of resource management, dialogue with the socio-economic environment, and behavioral orientation."
OpenAlex,deep learning,A collaborative and participatory approach to public service innovation: Health sector dynamics and outlook,Fatima Yatim; Alan Sitkin; Cadenza Academic Translations,,2050-01-01,Cairn.info,"This article explores the dynamics of collaborative and participatory innovations in public health services using Chen et al.’s (2020) typology. Based on a mixed survey of projects awarded under the national “Droits des usagers de la santé” initiative, the study finds that user participation primarily generates operational and capacity-oriented innovations frequently involving external partnerships. The analysis highlights the crucial interactions between internal and external dynamics, identifying essential conditions for successful innovations: effective mobilization of internal resources, robust institutional support, and early and active user involvement. However, the study also identifies limitations in citizen engagement, particularly in the evaluation phase of innovations. The article concludes by suggesting avenues for enhancing full co-creation processes in public services to maximize public value."
OpenAlex,deep learning,Genesis of Organizational Innovation in Healthcare,Sabrina Grandclaude; Didier Grandclaude; Thierry Nobre; Cadenza Academic Translations,,2050-01-01,Cairn.info,"Based on the analysis of 96 organizational innovation in healthcare (OIH) projects and 52 interviews conducted with project leaders initiating these innovations, this research identifies the phenomena underlying the genesis of OIHs. The results highlight the major role played by factors such as patient empathy, international inspiration, academic inspiration, technological inspiration, serendipitous encounters, and the desire for organizational transformation in driving the generation of OIHs. Furthermore, our findings emphasize the dual nature of the research and development process for these innovations, characterized as both ex nihilo and ex materia."
OpenAlex,deep learning,"Depth of Processing, learner aptitude, and the acquisition of L2 English grammatical structures",Shweta Nigam,10.48683/1926.00128861,2031-01-01,CentAUR (University of Reading),"Depth of Processing (DoP) is central to several models of instructed second language acquisition (ISLA) (Leow, 2015). While DoP has been extensively examined in vocabulary learning (e.g., Laufer &amp; Hulstijn, 2001), its role in the acquisition of grammatical structures, particularly through oral and audio-visual modalities remains comparatively underexplored. Drawing on the Levels of Processing framework (Craik &amp; Lockhart, 1972), this study investigated whether task-induced processing depth influences the acquisition of third conditionals and comparatives, and whether language aptitude (LLAMA B, D, F) predicts learning gains. Using a pretest–posttest design, four intact classes involving 108 Grade 8 EFL learners in India were assigned to one of the three experimental conditions differing in level and type of processing: Low DoP, High DoP Explicit, and High DoP Implicit. The treatment task required the participants to listen to an audio-visual story containing the target structures (third conditionals and comparatives) and complete analytic tasks (varying in different groups) before listening to the story for a second time. The oral performance of the participants was analysed for accuracy, and frequency of use of the target structures. A grammaticality judgement test (GJT) and an elicited imitation task (EIT) were used to assess the participants’ gains in the knowledge of the target structures. In addition, language aptitude (LLAMA B, D, F) was measured and modelled as a predictor of gain scores. Results showed a significant effect of processing condition on GJT performance with the High DoP Implicit group outperforming the High DoP Explicit group on total scores and comparatives. In contrast, ANCOVA analyses indicated no significant group differences on EIT outcomes once pretest performance was controlled, with pretest scores strongly predicting posttest performance. In oral production, processing effects were structure-specific: the Low DoP group showed greater accuracy gains for comparatives, while both High DoP groups revealed increased frequency of use of third conditionals. However, across all four measures, multiple regression analyses indicated that LLAMA B, D, and F did not significantly predict gain scores. Overall, the findings support a processing-by-structure pattern: deeper processing benefits were most evident for the more salient structure (comparatives) on an explicit, written measure, whereas complex, low-salience forms (third conditionals) showed limited accuracy change but increased frequency of use under deeper processing."
OpenAlex,deep learning,Combating Data and Target Shifts in Visual Tasks,Zhaorui Tan,10.17638/03194353,2031-01-01,Open MIND,"The rapid advancement of deep learning models for visual tasks has led to significant progress in many domains. However, a key challenge remains: ensuring that models can generalize effectively to unseen samples or novel classes, especially in real-world scenarios where training data-target pairs are often limited or unavailable, and test data may exhibit shifts in both data and targets. This thesis addresses the problem of shifts across data and targets, proposing novel methods to improve model generalization and transferability in complex settings. The thesis identifies the different shift scenarios for visual tasks and presents their problem forms. The research first relaxes the static target distribution assumption in Multi-Domain Generalization (mDG) tasks, introducing the General Multi-Domain Generalization (GMDG) objective to improve generalization under varying data shifts. Specifically, Extensive experiments validate that GMDG is feasible for classification, segmentation, and regression tasks. Further considering extreme target distribution shifts where even unknown novel classes emerge, the study also explores logical regularization techniques for tasks such as Generalized Category Discovery (GCD), mDG+GCD, and Class Incremental Learning (CIL), proposing a sample-based logical regularization term (L-Reg) to enhance data-, target-, and all-shift generalization. Additionally, a partial logic framework is introduced to address challenges in CIL, enabling models to retain room for unknown classes during training. This is further extended by the Partial-Logic Regularization (PL-Reg), which improves generalization across GCD, mDG+GCD, and transferability for CIL tasks. Furthermore, the thesis proposes a novel Semantic-aware Data Augmentation (SADA) framework for cross-modality generalization in text-to-image synthesis (T2Isyn), text-image retrieval (TIR), and image-text retrieval (ITR) tasks. This framework ensures semantic preservation across text and image modalities, improving both semantic consistency and image quality in cross-modality tasks. The methods proposed in this thesis offer significant advancements in visual generalization and transfer scenarios, providing theoretical insights and practical solutions for handling data shifts, target shifts, and multi-modalities in complex scenarios. Extensive experiments validate the effectiveness of the proposed methods, demonstrating their superior performance across a range of tasks."
OpenAlex,deep learning,Assessing the Role of Digital Transformation in Strengthening Customer Engagement: A Case Study of bKash,Abdullah Al Ahad; Majeda Begum,,2031-01-01,RUCforsk (Roskilde University),"In this study, the role of digital transformation in enhancing customer engagement in the mobile financial services (MFS) industry is explored through a case study of bKash in Bangladesh.The research was designed to find out the key digital transformation projects which bKash has done, understanding customer perceptions about digital service, understanding the relationship and analysis between features of digital transformation and customer engagement, and analysing the challenges and opportunities of digital transformation.The research method used was a mixed-method research design, which was a combination of quantitative survey data from 46 respondents and qualitative data from the interviews conducted with 4 participants.The quantitative data were analysed statistically using descriptive statistics, reliability analysis, correlation analysis and multiple regression analysis, and the qualitative data were analysed in themes.The study was adopted primarily based on the Technology Acceptance Model (TAM) with the aid of the Diffusion of Innovation (DOI)Theory.The results propose that digital transformation has a positive impact on customer engagement for bKash.The PU, TR and PS measures had strong direct effects on customer engagement.On the contrary, the POEU and DSQ measures had results were statistically insignificant.Qualitative data discussion specified some factors that influence users experience, and these are convenience, reliability, and trust.Though there are several advantages in using digital platforms like bKash, but there are some cautions and issues of being worried.Fraud and service cost is two key area of being worried.According to the findings of this research project, the significance of ongoing innovation, robust security measures, and customer-focused digital approaches are so crucial and in emerging markets Bangladesh, financial service providers should integrate these issues to succeed in the competition."
OpenAlex,deep learning,Antecedents and consequences of Green-tech FDI in emerging markets,Zhuoran Liu,10.17638/03195308,2031-01-01,Open MIND,"As environmental pressures intensify, attracting sustainable foreign direct investment (FDI), particularly green-tech FDI, has become a critical pathway for emerging markets to achieve environmental sustainability. However, existing research remains fragmented, offering limited insights into why green-tech FDI enters emerging markets and how it affects regional green innovation. This thesis addresses these gaps by systematically examining both the antecedents and consequences of green-tech FDI through three empirical studies using regional data from China. Study 1 and Study 2 focus on the antecedents of green-tech FDI. Study 1 examines how host-country conditions can attract green-tech FDI, highlighting the role of environmental management information disclosure (EMID) by domestic firms in reducing information gaps and strengthening green market–seeking motives. Study 2 shifts attention to the active decision-making of green-tech FDI, showing that under uncertainty, green-tech foreign investors engage in identity-based bandwagon learning by imitating peers with similar green identities, thereby mitigating investment risks. Study 3 turns to the consequences of green-tech FDI. It demonstrates that, due to the technological complexity of green innovation and limited absorptive capacity in emerging markets, green-tech FDI may generate crowding-out effects rather than purely positive spillovers. Adopting a network perspective, the study further finds that universities play a key moderating role: through broad linkages and deep collaborations, they help mitigate negative spillovers and facilitate the diffusion of green technologies. Together, the three studies advance the literature on sustainable FDI by differentiating green-tech FDI from general FDI and identifying the specific mechanisms that shape its entry decisions and local innovation outcomes. Practically, the findings provide guidance for emerging-market governments and firms on how to attract and manage sustainable investment, balance growth with environmental objectives, and strengthen local innovation ecosystems."
OpenAlex,deep learning,Deep learning design of programmed enhancer pairs,Salil Garg; Blake M Torres; Joanna Wypasek,10.5281/zenodo.19477875,2030-04-08,Zenodo (CERN European Organization for Nuclear Research),
OpenAlex,deep learning,Deep learning design of programmed enhancer pairs,Salil Garg; Blake M Torres; Joanna Wypasek,10.5281/zenodo.19463376,2030-04-08,Zenodo (CERN European Organization for Nuclear Research),
OpenAlex,deep learning,Deep learning design of programmed enhancer pairs,Salil Garg; Blake M Torres; Joanna Wypasek,10.5281/zenodo.19463375,2030-04-08,Zenodo (CERN European Organization for Nuclear Research),
OpenAlex,deep learning,A UAV-Based Framework for Community-Scale Residential Building Energy Modelling in China,Mengfan Jin,10.17638/03195460,2029-01-01,Open MIND,"With increasing emphasis on energy efficiency and carbon emission reduction in the building sector, rapid and scalable energy modelling of existing buildings is critical for retrofit projects and policy development. Conventional surveys, data collection and energy modelling processes remain labour-intensive and impractical for large-scale applications, and energy modelling often dominates project time and cost. Unmanned Aerial Vehicles (UAVs) equipped with high-resolution and infrared cameras now offer fast and safe exterior surveys, showing great potential in building energy assessments. Yet, a systematic framework for UAV integration, from image capture through processing to inputs for building energy simulation, has not been established. This research addresses these challenges by developing a structured framework for community-scale building energy modelling, which integrates UAV photogrammetry to accelerate data acquisition, reduce labour, and shorten energy modelling time for retrofit projects. The framework is designed to minimise prior data requirements while maximising automation and retaining sufficient accuracy and reliability. It also addressed systemic issues, such as the lack of data necessary to fully exploit the potential of available technologies in the context of this study. To achieve this research objective, a mixed-methodology approach, combining desk studies and fieldwork, was adopted. First, a comprehensive review of UAV-based building energy studies mapped the current applications and available tools, proposing a preliminary framework. Fieldwork then encompassed a pilot study and a detailed case study. In the pilot test, a single building was surveyed to identify an optimal toolchain for flight planning, image capture, photogrammetric reconstruction, model generation, and selection of a simulation platform. The resulting refined framework was applied to a case study of a 39-building community, and it was demonstrated that further automation was necessary. The potential for automation was then further explored. Geomatic algorithms, machine learning, and deep learning techniques were compared, and the combination that best balanced accuracy and processing time was selected for 3D model generation and window-to-wall ratio (WWR) extraction. In parallel, an archetype library of residential buildings in the Hot Summer Cold Winter (HSCW) zone in China was compiled to facilitate the assignment of thermal parameters. Finally, a reusable community-scale building energy modelling (CBEM) workflow was assembled in Grasshopper using Ladybug Tools components to process the aforementioned inputs. In conclusion, this study integrates UAV photogrammetry, GIS-based geomatic algorithms, machine learning, and graphical programming to develop an UAV-CBEM framework. The outcomes establish a foundation for scalable UAV-based building energy assessments, enhancing applicability in data-limited and large-scale settings worldwide."
OpenAlex,deep learning,Culture Audit - Save a Life Pet Rescue,Grace L Kmak; Kaley A Chriswell; Carter Roberts; Antonio Pizza; Caroline Parrott,,2029-01-01,Journal of International Crisis and Risk Communication Research,"Our project was a culture audit on the non-profit save a life pet rescue. Our goal was to analyze how the group works along with determine if there is any areas of improvement for the organization. Through this, we learned that any ability to give back can make an impact for all things. Whether it be dogs or families."
OpenAlex,deep learning,Data Augmentation Application in Deep Learning Drug Discovery by Utilizing Relationships Between Biological and Medical Entities,Tianjun Wang,10.17638/03195452,2029-01-01,Open MIND,
OpenAlex,deep learning,Spectral Materialism: Encounters with land-time-scapes,Sam Nightingale,10.25602/gold.00040593,2029-01-01,Goldsmiths (University of London),"This transdisciplinary, practice-based PhD introduces spectral materialism through art-based research encounters with ecologically and historically stratified land-time-scapes shaped by hypersalinity and colonial terraforming. Centred in the semi-arid Mallee (southeastern Australia) and read through echoes with California’s Imperial Valley, the project examines how spectral time—the co-presence and haunting of other temporalities—manifests in the material conditions of salt, soil, water, plants, and infrastructures. It asks how learning from geological, First Nations, colonial, and ecological pasts can orient responsibilities in unsettled futures. Treating the present as a crisis of time as much as a crisis of matter, the thesis critiques linear-progressive temporalities bound to Western modernity and extractive regimes. In response, spectral materialism is developed as both a conceptual framework and a critical creative methodology. Through alchemical media experiments with salt crystals, hypersaline soils, and halophytes, photography is reconfigured as a site-responsive, process-oriented practice. Salt is engaged as a material agent and ‘time-crystal’ whose phase shifts—dissolution, saturation, precipitation, crystallisation, evaporation—form a meta-chemistry that refracts deep-marine pasts, settler-colonial irrigation infrastructures, and contemporary dust into processual renderings of time. Methodologically, the project advances attunement as a mode of sensing and responsiveness to forces that are not always immediately perceptible yet are materially active. Field notes appear as para-writing, interrupting linear narration so that heterogeneous times co-present themselves within the text. The thesis is guided by First Nations temporalities—time as relational and in place—while remaining accountable to ethical limits and protocols. The contribution is twofold: a theoretical articulation of spectral materialism as a way to think time otherwise, and a set of site-responsive methods for engaging elemental media in saline environments. Together, they generate materially grounded accounts of spectral presences and open alternative pathways for knowing, sensing, and relating within land-time-scapes marked by enduring colonial and ecological afterlives amid planetary change."
OpenAlex,deep learning,Advocating the potential of AI for syndrome discovery: a scoping review,A C P Ferreira; Aleksandar Anžel; Alexander Ullrich; Georges Hattab,,2029-01-01,Open MIND,"This protocol describes a scoping review to map the landscape of artificial intelligence (AI) applications in syndrome discovery. Specifically, we aim to identify: 1. What AI techniques (e.g., natural language processing, machine learning, deep learning) have been used to detect or characterize syndromes (in the context of Syndromic Surveillance Systems); 2. which clinical data sources (e.g., EHR text, emergency departments data, primary care data) are leveraged."
OpenAlex,deep learning,Deep learning image analysis of donor red blood cells to predict deformability and transfusion efficacy,Erik S. Lamoureux,10.14288/1.0451932,2028-01-01,cIRcle (University of British Columbia),"The full abstract for this thesis is available in the body of the thesis, and will be available when the embargo expires."
OpenAlex,deep learning,Le jeu de rôle ludique : un terrain d’analyse et d’entraînement pour l’acquisition de compétences managériales,Sanne Stijve; David Robert,,2028-01-01,Cairn.info,"Unlike serious role-playing games, which attempt to simulate certain situations and interactions in the business world, tabletop role-playing games set their narrative in a fictional universe. RPG games provide an excellent opportunity to analyse the interaction and thinking patterns of participants and offers the possibility to develop new behaviours and testing them over the course of one or more game sessions, using the “decontextualised” simulation system on a benevolent testing ground, an immersive simulation environment that enables analysis and personal growth work. This activity has been the subject of workshops run by PsychoStratégie SA, which constitute a case study showing how tabletop RPGs can be used in an innovative way to develop the managerial skills of professionals through a deeper understanding of their own interactional and reflexive patterns and the development of new behaviours and tactics."
OpenAlex,deep learning,"The Enlightenment of an Entrepreneur: A Multidisciplinary Exploration of Management, Psychology and Economic Theology",Graziano Mazza,,2028-01-01,Cairn.info,"This conceptual paper explores how Economic Theology’s ideas of calling, oikonomia, and entrepreneurship can enhance entrepreneurs’ ability to navigate sustainability transitions. Integrating concepts from various disciplines, it reimagines entrepreneurship as an iterative learning process that addresses societal challenges. The paper analyses existing Religion of Work theories, providing societal, psychological, and anthropological insights. It elucidates the concept of calling in entrepreneurship, suggesting that work can have transcendent meaning and purpose. Additionally, it examines boundaryless careers and the significance of work, portraying entrepreneurship as a profession with humanitarian and spiritual dimensions. The paper outlines fundamental beliefs and frameworks for societal contribution through entrepreneurship, emphasizing the individual-in-society perspective. It advocates for entrepreneurs as moral agents aligned with community values and proposes a shift from viewing economic actions as mere resource allocation to recognizing entrepreneurial action as an expression of human agency. JEL Codes: B5"
OpenAlex,deep learning,Deep q-learning aided k-means clustering protocol for optimizing network lifetime in wireless sensor networks,Flynn Dowey,10.14288/1.0451106,2028-01-01,Open Collections,"The full abstract for this thesis is available in the body of the thesis, and will be available when the embargo expires."
