source,keyword,title,authors,doi,publication_date,journal,abstract
PubMed,aortic stenosis,Combined carotid endarterectomy and bypass for multi-level supra-aortic occlusive disease.,Suraj Pai; Suresh Pai; Anirudh Sanjay Rao; Mukund Raheja; Aditya Nair,10.1136/bcr-2025-271394,2026-07-31,BMJ case reports,"Occlusion of the subclavian artery is an important cause of upper limb ischaemia and vertebrobasilar insufficiency. When associated with carotid artery occlusion, management becomes complex and technically demanding. Surgical revascularisation remains an effective option in selected patients. We report a female in her 60s who presented with giddiness and left upper limb pain, with clinical evidence of chronic ischaemia. Doppler ultrasound revealed monophasic flow in the left axillary artery, CT angiography showed a short-segment chronic total occlusion of the left subclavian artery at its origin along with complete occlusion of the left common and internal carotid arteries. The patient underwent left common carotid endarterectomy with carotid-to-subclavian bypass via supraclavicular approach. There was restoration of pulses in the left upper limb and complete resolution of giddiness. Follow-up Doppler imaging confirmed good flow in the upper limb arteries, demonstrating the effectiveness of this combined surgical approach in complex supra-aortic occlusive disease."
PubMed,aortic stenosis,Knowledge mapping of targeted therapy for hypertrophic cardiomyopathy: A bibliometric analysis of myosin inhibitor research.,Ning Liu; Lulu Yang; Wende Tian; Xianbo Song; Haoran Fu; Heng Zhang; Jianming Wang; Zhiyang Zhu; Zhengyan Qu; Qinghua Shang,10.1097/MD.0000000000050034,2026-07-31,Medicine,"Targeted therapy using myosin inhibitors represents a groundbreaking advancement in the management of hypertrophic cardiomyopathy (HCM). This study conducts a comprehensive bibliometric analysis to map the research landscape indexed in the Web of Science Core Collection, identify key trends, and evaluate the scientific impact of myosin inhibitor studies from 2016 to 2025.
We systematically retrieved publications from the Web of Science Core Collection using predefined search terms related to myosin inhibitors and HCM. Utilizing VOSviewer software, CiteSpace, and R-Bibliometrix Package, we performed co-authorship, co-citation, and keyword co-occurrence analyses. Bibliometric indicators (e.g., publication volume, citations, h-index) were employed to assess research productivity and influence.
This bibliometric analysis encompassed 379 publications (2016-2025) on myosin inhibitors for HCM, showing exponential growth. The United States dominated research output (37% of total publications), followed by Italy (30 publications) and Germany (14 publications). Leading institutions included the University of Pennsylvania (39 publications, 1585 citations) and Bristol Myers Squibb (32 publications). Journal of the American College of Cardiology emerged as the top publishing venue (16 papers, 937 citations). Key researchers were identified: Olivotto I (most productive, 40 papers, h-index = 16), Saberi S (most cited, 1957 citations), and Sehnert AJ (highest impact, h-index = 16 with 27 papers). Three research phases were evident: mechanistic (2016-2018), clinical translation (2019-2021), and personalized therapy (2022-2025), with AI applications showing 4.2% annual growth. Citation networks showed that foundational studies (e.g., Green et al, 2016) were frequently cited by subsequent clinical research, reflecting a temporal citation pattern in which earlier mechanistic publications were frequently referenced by later clinically focused studies.
This study presents a descriptive bibliometric overview of publication patterns for myosin inhibitor research in HCM, describing the publication patterns and collaborative networks that characterize this field. While North America and Europe lead productivity, global collaboration gaps persist. Future research should prioritize real-world evidence, combination therapies, and equitable knowledge dissemination. These findings offer strategic insights for researchers, funders, and policymakers advancing targeted HCM therapies."
PubMed,aortic stenosis,Mechanical vs. sutureless aortic valve replacement: clinical outcomes and the contribution of preoperative multislice CT.,Özgür Çoban; İbrahim Özsöyler,10.5830/CVJA-2026-026,2026-07-31,Cardiovascular journal of Africa,"Heart valve disease is a significant cause of morbidity and mortality, and aortic valve replacement (AVR) is a common treatment option. Recently, sutureless biological valves have gained increasing use. This study aimed to evaluate the concordance between preoperative computed tomography-derived annulus measurements and valve sizes implanted during surgery rather than the direct clinical impact of imaging on prosthesis selection.
A total of 40 patients with aortic valve stenosis who underwent elective open-heart surgery and preoperative multislice computed tomography between February 20 and May 20, 2024, were included and were randomly allocated into two groups: sutureless biological valve (n = 20) and mechanical valve (n = 20). Data were obtained from patient records and the hospital's data system and analysed statistically.
A total of 40 patients were included in the study: 20 received sutureless, rapidly implantable biological valves, and 20 underwent mechanical AVR. The mean age of the cohort was 61.5 ± 9.1 years, with 45% females and 55% males. Compared with the sutureless group, the mechanical valve group had significantly longer cross-clamp (73.5 vs. 53.0 minutes, p < 0.001) and cardiopulmonary bypass times (102 vs. 92 minutes, p = 0.011), as well as smaller sinotubular junction diameters (30.2 vs. 32.3 mm, p = 0.025). In contrast, the sutureless group demonstrated a significantly greater optimal effective orifice area index (1.58 vs. 0.77, p < 0.001).
Preoperative computed tomography is a reliable tool for planning AVR. Sutureless biological valves provide shorter cross-clamp and bypass times and favourable haemodynamic performance, whereas mechanical valves are more often associated with smaller valve sizes and longer procedures. Early postoperative outcomes were comparable between groups."
PubMed,aortic stenosis,Development and Validation of an Extended Risk Model for Secondary Surgery Following Repair of Discrete Membranous Subaortic Stenosis in Pediatric Patients.,Jie Dong; Ziping Li; Yang Liu; Jianrui Ma; Yangxue Sun; Chuhao Du; Jun Yan; Keming Yang; Shuo Dong,10.1161/JAHA.125.049007,2026-07-31,Journal of the American Heart Association,"Long-term outcomes remain heterogeneous for patients with discrete membranous subaortic stenosis who underwent surgical repair. We aim to develop and validate an extended risk model for predicting secondary surgery following repair of discrete membranous subaortic stenosis in pediatric patients.
We retrospectively analyzed 235 children undergoing discrete membranous subaortic stenosis repair between 2008 and 2023. The primary end point was secondary surgery for significant aortic regurgitation or recurrent left ventricular outflow tract obstruction. Building on our previously published model, we evaluated additional clinical and hemodynamic predictors and assessed model performance using discrimination, calibration, and reclassification metrics. Internal validation was performed using bootstrap resampling and temporal sensitivity analyses adjusted for surgical era.
During a median follow-up of 6.0 years, 25 patients (10.6%) required secondary surgery. The original Dong model demonstrated excellent discrimination (C-index 0.93). Incorporation of age <5 years and preoperative left ventricular outflow tract gradient significantly improved predictive performance (C-index 0.95) and risk reclassification at 5 and 10 years (net reclassification improvement 0.75 and 0.64, respectively). A nomogram-derived score (cutoff 32.0 points) stratified patients into low-risk (n=170) and high-risk (n=65) groups with marked separation. Risk accumulation was most pronounced between 5 and 10 years after initial repair, and findings were robust after adjustment for surgical era.
An extended risk model integrating clinical, anatomic, and hemodynamic variables accurately predicts secondary surgery after discrete membranous subaortic stenosis repair. This approach enables individualized postoperative surveillance, particularly intensified monitoring during the 5- to 10-year high-risk window and supports timely reintervention planning."
PubMed,aortic stenosis,Structural valve deterioration of a transcatheter aortic bioprosthesis at 4 years in a young adult: a case report.,Lucy Ann McGuire; Paul Fox; Brídóg Nic Aodha Bhuí; Richard Sheahan; Brendan McAdam,10.1093/ehjcr/ytag489,2026-07,European heart journal. Case reports,"Transcatheter aortic valve implantation (TAVI) is the recommended treatment for severe aortic stenosis (AS) in patients ≥70 years old or those deemed high surgical risk. While there is growing interest in the expansion if its use to younger, lower risk patients with AS and select groups of patients with bicuspid aortic valve (BAV), its use in these individuals remains controversial due to limited durability data and the exclusion of these groups from major randomized controlled trials (RCTs).
A 28-year-old woman with a history of congenital BAV and prior balloon valvuloplasty in infancy, underwent TAVI with a 27 mm SAPIEN-3 valve overseas, aged 24. At four years post-TAVI, she presented to hospital following an episode of presyncope and dyspnoea. ECG showed left bundle branch block (LBBB). Echocardiography demonstrated a well seated TAVI but severe restenosis with a maximum velocity of 5.5 m/s and a mean pressure gradient of 79 mmHg. Normal coronaries without ostial compromise and no significant aortopathy was observed on cardiac computed tomography. The patient underwent surgery with a modified Bentall procedure and implantation of a 23 mm St. Jude mechanical valve. Histology revealed degenerative valvular changes without hypoattenuated leaflet thickening. Her post-operative period was unremarkable.
This case illustrates the potential risks of performing TAVI in a young patient with severely calcified BAV, including conduction disturbance, structural valve degeneration and avoidable intervention to a normal aorta. The paucity of long-term outcome data precludes the use of TAVI in young, low-risk BAV patients and recommended intervention for severe AS in these individuals remains SAVR."
PubMed,aortic stenosis,Transcatheter Aortic Valve Replacement for Bicuspid Versus Tricuspid Aortic Stenosis: A Systematic Review and Meta-Analysis.,Fang-Hui Zhu; Xi Peng; Yun-Qi Zhang; Nan Chen; Xiao-Han Zhao; Hui-Ping Zhang,10.31083/RCM49401,2026-07,Reviews in cardiovascular medicine,"Although the bicuspid aortic valve (BAV) is a major cause of aortic stenosis (AS), limited evidence exists regarding the safety and efficacy of transcatheter aortic valve replacement (TAVR) in BAV patients. This study aimed to compare TAVR outcomes between BAV and tricuspid aortic valve (TAV) cohorts.
We conducted a systematic search of PubMed, Web of Science, Embase, and the Cochrane Library to identify studies reporting 1-year follow-up outcomes. Pooled odds ratios (ORs) with 95% confidence intervals (CIs) were derived from a random-effects model.
The analysis included 31 studies involving 192,691 patients. Patients with BAV were younger than those with TAV (71.2 vs. 73.2 years, p < 0.01) and exhibited lower society of thoracic surgeons (STS) scores (3.5% vs. 4.3%, p < 0.05). Compared with TAV, BAV was associated with a lower likelihood of device success (OR = 0.80; 95% CI 0.65-0.98; p = 0.03) and an increased risk of moderate/severe paravalvular leak (PVL) (OR = 1.39; 95% CI 1.22-1.58; p < 0.01). No significant differences were observed in in-hospital mortality (OR = 1.10, 95% CI 0.86-1.42; p = 0.44), or major peri-procedural complications between the two cohorts. At 30 days, all-cause mortality (OR = 1.19, 95% CI 0.96-1.47, p = 0.11) and cardiovascular mortality (OR = 1.59, 95% CI 0.87-2.90; p = 0.13) were similar between BAV and TAV groups. While 1-year cardiovascular mortality showed no significant difference (OR = 0.70, 95% CI 0.42-1.16; p = 0.17), BAV patients exhibited a significant reduction in 1-year all-cause mortality (OR = 0.84, 95% CI 0.73-0.97; p = 0.01). This survival benefit was consistent in propensity-score matched cohorts (OR = 0.78, 95% CI 0.64-0.95; p = 0.01). Subgroup analysis further identified distinct survival advantages for BAV patients who were younger (OR = 0.82, 95% CI 0.71-0.95, p = 0.01), had lower STS scores (OR = 0.68, 95% CI 0.50-0.92, p = 0.01), or received balloon-expandable valves (OR = 0.76, 95% CI 0.61-0.94, p = 0.01). Notably, 1-year all-cause mortality rates were similar when stratified by aortic diameter or paravalvular leak (PVL) incidence.
This meta-analysis demonstrated that TAVR had similar safety and efficacy profiles for BAV and TAV patients. Additionally, BAV patients undergoing TAVR exhibited a reduced 1-year all-cause mortality compared to TAV patients.
CRD42025618185, https://www.crd.york.ac.uk/PROSPERO/view/CRD42025618185."
PubMed,aortic stenosis,When Time Matters in Aortic Stenosis: Can Transcatheter Aortic Valve Replacement Make a Difference in Non-Elective Cases?,Cecilia Villa Etchegoyen; Laurève Chollet; Mina Ahmed; Christine Bilauca; Juan M Farina; Milagros Pereyra; Isabel G Scalia; Mahshad Razaghi; Fatmaelzahraa E Abdelfattah; Kamal Awad; Abdelrahman Hafez; Sherif Ahmed; Chadi Ayoub; Said Alsidawi; John P Sweeney; Steven J Lester; Kwan S Lee; David Fortuin; Kristen A Sell-Dottin; Reza Arsanjani,10.31083/RCM49738,2026-07,Reviews in cardiovascular medicine,"The development of symptoms or left ventricular dysfunction in severe aortic stenosis (AS) is associated with high morbidity and mortality. While elective transcatheter aortic valve replacement (TAVR) is supported by robust randomized evidence, data on TAVR performed in non-elective settings (urgent, emergent, or salvage) remain limited and heterogeneous. In these settings, outcomes may be influenced more by baseline clinical severity than by procedural factors. This study aimed to systematically evaluate the safety and effectiveness of non-elective TAVR and to compare the associated outcomes with those of elective TAVR.
This systematic review and meta-analysis were conducted in accordance with the Preferred Reporting Items for Systematic reviews and Meta-Analyses (PRISMA) guidelines and registered with PROSPERO. The PubMed, Embase, and Scopus databases were searched for studies published after 2002 evaluating urgent, emergent, or salvage TAVR in adult patients with severe AS. Eligible studies were required to include elective TAVR as a comparator. Outcomes included mortality and major procedural complications. Prespecified era-based analyses and sensitivity analyses excluding studies at critical risk of bias were performed. Risk of bias was assessed using the ROBINS-I tool.
A total of 17 observational studies published between 2015 and 2025 were included, comprising 215,141 patients. Compared with elective patients, those undergoing non-elective TAVR had more advanced heart failure, higher NYHA class, greater comorbidity burden, and higher surgical risk scores, whereas baseline echocardiographic severity of AS was similar. Pooled outcomes for non-elective TAVR showed in-hospital, 30-day, and 1-year mortality rates of 5.1%, 12.4%, and 26.7%, respectively. Non-elective TAVR was associated with higher mortality at all time points compared with elective procedures; meanwhile, rates of stroke, vascular complications, and permanent pacemaker implantation were similar, while major bleeding and acute kidney injury were more frequent. Era-based analyses showed a stable relative mortality risk over time.
Although non-elective TAVR is associated with worse outcomes than elective procedures, these differences appear to be largely driven by baseline clinical severity rather than by the transcatheter intervention. In unstable patients with severe AS, non-elective TAVR remains the most effective definitive treatment option compared with balloon aortic valvuloplasty or conservative management.
CRD420251239620, https://www.crd.york.ac.uk/PROSPERO/view/CRD420251239620."
PubMed,aortic stenosis,Transcatheter Aortic Valve Replacement is Associated With a Lower Risk of Aortic Dissection Than Surgical Aortic Valve Replacement: A Propensity Score-Matched Analysis.,Mohamed Doma; Mangesh Kritya; Adham Ramadan; Ibrahim Kamel; Iuri Ferreira Felix; Seif Shlkamy; Shanmukh Sai Pavan Lingamsetty; Ahmed K Mahmoud; Mahmoud Ismayl; Ashwin Mahesh; Andrew M Goldsweig,10.31083/RCM50574,2026-07,Reviews in cardiovascular medicine,"Aortic valve replacement is the primary treatment for aortic valve disease and can be performed using either transcatheter (TAVR) or surgical (SAVR) approaches. The risk of aortic dissection (AD) with TAVR compared with SAVR remains unclear. We aimed to compare AD risk between TAVR and SAVR using a large, real-world cohort.
We conducted a retrospective cohort analysis using the TriNetX research network. Patients with a diagnosis of aortic stenosis, aortic insufficiency, mixed aortic valve disease (AVD), or unspecified AVDwho underwent either TAVR or SAVR were included. A 1:1 propensity score-matching (PSM) based on baseline characteristics was performed to adjust for potential confounding. Logistic regression and Cox proportional hazards models were used to estimate odds ratios (ORs) and hazard ratios (HRs), with 95% confidence intervals (CIs).
Among 95,043 patients undergoing isolated aortic valve replacement, 20,237 matched pairs were analyzed after 1:1 PSM. Baseline characteristics were well balanced, with a mean age of 73.3 ± 9.3 years in the TAVR group and 73.2 ± 8.5 years in the SAVR group; 60.8% and 60.7% were male, respectively. TAVR was associated with significantly lower odds of composite AD than SAVR at all time points (1-year OR 0.60; 95% CI 0.44-0.82; 3-year OR 0.64; 95% CI 0.48-0.83; 5-year OR 0.66; 95% CI 0.51-0.85; p < 0.01 for all). Stratified analyses demonstrated lower odds of both Stanford type A and type B AD at all time points. Kaplan-Meier analysis demonstrated a separation in composite AD-free survival between the two groups (HR 0.66; 95% CI 0.51-0.86; p = 0.002).
In this large, real-world cohort, despite a low event rate, TAVR was associated with a significantly lower likelihood of composite AD than SAVR."
PubMed,aortic stenosis,Outcomes of balloon-expandable versus self-expandable valves in TAVR for mixed aortic valve disease.,Irsa Hasan; Justin C Wang; Xander Jacquemyn; Takuya Ogami; Jianhui Zhu; Floyd Thoma; Derek Serna-Gallegos; Dustin Kliner; Amber Makani; David West; Catalin Toma; Ibrahim Sultan,10.1016/j.jjcc.2026.07.015,2026-07-30,Journal of cardiology,"The ideal valve choice for patients with mixed aortic stenosis defined as severe aortic stenosis with concomitant moderate or greater aortic regurgitation (AR) at the time of transcatheter aortic valve replacement (TAVR) remains unclear. This study aimed to compare outcomes between balloon-expandable valves (BEV) and self-expanding valves (SEV) in patients with mixed aortic valve disease undergoing TAVR.
A retrospective analysis was performed using prospectively collected institutional data from January 2012 to November 2024. Patients with trace/mild AR, or valve-in-valve procedures were excluded. After 1:1 propensity score matching, clinical and echocardiographic outcomes were compared. Endpoints were defined according to Valve Academic Research Consortium-3 criteria.
A total of 796 patients with mixed aortic valve disease underwent TAVR with either a BEV (n = 474) or SEV (n = 322). Propensity score matching was performed to create balanced cohorts (n = 286 per group) based on baseline characteristics. Clinical outcomes were similar between groups except the incidence of stroke (p < 0.001) and major vascular complications (p = 0.015) was notably higher with SEV. The SEV group exhibited a significantly lower aortic valve mean gradient at 30 days (7.92 ± 4.11 mmHg vs. 12.1 ± 4.51 mmHg, p < 0.001) and 1 year (8.53 ± 4.33 mmHg vs 12.5 ± 6.85 mmHg, p < 0.001). Despite a higher paravalvular leak rate in the SEV group at 30 days, this did not persist at 1 year (p = 0.77). There was no significant difference in estimated mortality at 1 and 5 years.
In patients with mixed aortic valve disease, TAVR with SEV resulted in superior hemodynamic performance but was associated with a higher rate of paravalvular leak, stroke, and major vascular complications in the short-term. While long-term survival was similar between groups, further investigation is warranted to optimize valve selection in these patients."
PubMed,aortic stenosis,Surgical relief of supravalvular aortic stenosis.,Vincent Le; Amine Mazine; Stephanie Perrier,10.1510/mmcts.2026.070,2026-07-30,Multimedia manual of cardiothoracic surgery : MMCTS,"A 10-month-old girl (72 cm, 8.86 kg) with an antenatal diagnosis of supravalvular aortic stenosis attributable to a maternally inherited elastin gene (7q11.23) deletion underwent elective repair of supravalvular aortic stenosis, aortic valve repair and ascending aortic enlargement."
PubMed,aortic stenosis,A Buddy When You Need One: Buddy Balloon-Assisted Bailout for Failed Valve Crossing During Transfemoral Transcatheter Aortic Valve Implantation.,Vasileios Leivaditis; Sofien Ayed; Roman Gottardi; Athanasios Papatriantafyllou; Robert Bernat; Manfred Dahm; Burghard Schumacher,10.7759/cureus.111746,2026-06,Cureus,"Failure of transcatheter heart valve advancement across a severely calcified native aortic valve is an uncommon but potentially procedure-threatening complication during transcatheter aortic valve implantation (TAVI). Various bailout techniques have been described; however, published experience with the buddy-balloon technique remains limited. A 77-year-old man with symptomatic severe calcific aortic stenosis (mean gradient 90 mmHg, valve area 0.5 cm²) was referred for transfemoral TAVI. Preprocedural imaging demonstrated extreme valvular calcification with favorable iliofemoral access. Following successful valve crossing, stiff guidewire placement, and balloon aortic valvuloplasty, advancement of a 26-mm balloon-expandable transcatheter heart valve remained impossible despite multiple conventional maneuvers, including flexion and optimization of coaxial alignment. A bailout buddy-balloon technique was therefore performed through secondary femoral arterial access. Repeat balloon inflation across the native valve temporarily modified the geometry of the heavily calcified valve complex, enabling successful passage and deployment of the prosthesis. Final angiography and echocardiography demonstrated an excellent procedural result, with only mild paravalvular regurgitation and no periprocedural complications. Severe valvular calcification remains an important cause of procedural complexity during TAVI. This case illustrates that the buddy-balloon technique may represent a feasible bailout strategy when standard methods fail to facilitate valve crossing. Familiarity with this maneuver may provide operators with an additional bailout option when confronted with challenging anatomy during transfemoral TAVI."
PubMed,aortic stenosis,Risk stratification and real-world management of pediatric AAORCA: discordance between anatomical features and clinical symptoms.,Jinjin Yu; Shushui Wang; Qinchang Chen; Ping Zhu; Wei Pan,10.3389/fcvm.2026.1876090,2026,Frontiers in cardiovascular medicine,"Anomalous aortic origin of the right coronary artery (AAORCA) is increasingly identified in children, yet risk stratification remains controversial. This study aims to identify key anatomical predictors of clinical symptoms and evaluate real-world management patterns in a large pediatric cohort.
We conducted a single-center retrospective cohort study in pediatric patients ≤18 years diagnosed with AAORCA between November 2021 and December 2025. Clinical presentation, imaging findings, management strategies, and follow-up outcomes were analyzed. Integrated anatomical features were derived using a predefined hierarchical approach incorporating surgical findings, CTA, and echocardiography. Multivariable logistic regression analysis was performed to identify factors associated with symptomatic presentation.
A total of 151 patients were included (mean age 7.40 ± 4.87 years; 60.9% male), of whom 51.7% presented with symptoms. High-risk anatomical features were frequently identified but showed incomplete concordance with clinical symptoms. In multivariable analysis, patient age was independently associated with symptom presentation. Although ostial stenosis showed a stronger unadjusted association with symptoms than other anatomical features, no anatomical variable remained independently associated with symptom status after adjustment. A real-world decision pathway revealed substantial heterogeneity in management strategies among patients with high-risk anatomical findings. No sudden cardiac death or major adverse cardiovascular events were observed during available follow-up.
Pediatric AAORCA demonstrates marked heterogeneity in clinical presentation, anatomical features, and management strategies. Clinical symptoms show incomplete concordance with high-risk anatomical features, highlighting the complexity of risk stratification in children. Among the evaluated clinical and anatomical characteristics, patient developmental age emerged as a strong independent predictor of symptoms, whereas ostial stenosis demonstrated the strongest unadjusted association with symptom status; however no anatomical variable remained independently associated with symptoms after multivariable adjustment. Real-world management strategies varied substantially and reflected individualized decision-making in the setting of limited pediatric evidence. Future studies may benefit from phenotype-oriented rather than anatomy-only risk classification frameworks."
PubMed,aortic stenosis,Early predictive value of prediction models for mortality after transcatheter aortic valve replacement: a systematic review and meta-analysis.,Ruiyan Wang; Mengyu He; Ziting Yuan; Jing Zhou; Lili Han; Xu Cheng; Yiming Chen; Feng Wang,10.3389/fcvm.2026.1757852,2026,Frontiers in cardiovascular medicine,"Transcatheter aortic valve replacement (TAVR) is increasingly used due to the rising incidence of aortic stenosis (AS). Early identification of mortality risk after TAVR is challenging. Although various prediction models have been developed, no systematic review has evaluated their effectiveness in predicting mortality risk. Therefore, this study aimed to systematically evaluate the performance of models for early prediction of mortality risk after TAVR, so as to provide evidence-based support for the future development or updating of risk assessment tools.
Databases (PubMed, Web of Science, Embase, and Cochrane Library) were systematically searched for studies on tools for predicting the risk of mortality after TAVR, up to June 2024. PROBAST was used to assess the risk of bias in the included studies. A subgroup analysis was conducted based on different time points.
This systematic review included 36 studies with 272,390 patients receiving TAVR and 6 major scoring tools encompassing 23 new machine learning models. The meta-analysis showed that the concordance index (C-index) was 0.610 (95% CI: 0.588-0.632) for European System for Cardiac Operative Risk Evaluation I (EuroSCORE I), 0.615 (95% CI: 0.588-0.643) for EuroSCORE II, 0.578 (95% CI: 0.531-0.625) for French Aortic National CoreValve and Edwards II (France II), 0.594 (95% CI: 0.554-0.633) for the OBSERVANT score, 0.648 (95% CI: 0.622-0.674) for the Society of Thoracic Surgeons (STS) risk model, 0.632 (95% CI: 0.616-0.648) for the American College of Cardiology Transcatheter Valve Therapy (ACC TVT) risk model, and 0.705 (95% CI: 0.677-0.733) for summarized machine learning models.
Determining the predictive performance of current established risk assessment tools for predicting the risk of modality after TAVR is challenging. Machine learning models seem to be more effective. Therefore, future research should include more subjects to develop more accurate models.
https://www.crd.york.ac.uk/PROSPERO/, identifier CRD42023485237."
PubMed,aortic stenosis,Case Report: A successful percutaneous revascularization of bilateral acute limb ischemia caused by an aortic saddle embolism in a patient with mitral stenosis.,Muhamad Sofan Dhani; Sulistiyati Bayu Utami; Safir Safir; Ilham Uddin,10.3389/fcvm.2026.1797744,2026,Frontiers in cardiovascular medicine,"An aortic saddle embolism (ASE) is an uncommon condition involving sudden aortoiliac occlusion where emboli lodge at the aortic bifurcation, causing bilateral lower-extremity arterial occlusion. This can lead to ischemia, potential amputation, or even death due to severe reperfusion injury and multiple organ failure. Prompt and effective restoration of arterial flow is crucial to prevent irreversible tissue infarction and to preserve limb viability. Various revascularization techniques, including endovascular and surgical thrombectomy, can be employed to manage this condition.
A 40-year-old woman presented with severe pain and numbness in both legs and a bluish tinge in both toes. An electrocardiogram showed atrial fibrillation, and transthoracic echocardiography revealed severe mitral stenosis. The patient underwent percutaneous angiography, which revealed total occlusion at the distal abdominal aorta, followed by percutaneous mechanical thrombectomy or percutaneous thromboaspiration, for which a vacuum-assisted device with conventional wall suction was used, which restored flow to the left lower extremity. Subsequently, the patient received heparin therapy, pain management, and anti-inflammatory treatment. A second percutaneous thromboaspiration with additional balloon angioplasty was performed several days later, which successfully restored flow to the right distal extremity. A duplex ultrasound evaluation after the second percutaneous procedure showed normal arterial and venous blood flow in both lower extremities. The patient experienced no significant complications and recovered fully. One year later, the patient underwent mitral valve replacement with good outcomes and no complications.
A modified wall-suction thromboaspiration may represent a feasible bailout or resource-adapted option for bilateral acute limb ischemia caused by an aortic saddle embolism when dedicated thrombectomy devices are unavailable, but the safety, blood loss risk, and reproducibility of this procedure require further evaluation."
PubMed,aortic stenosis,"Myocardial remodeling in valvular heart disease: pathophysiology, multimodality imaging and treatment implications.",Maximilian Autherith; Laurenz Hauptmann; Raghuram Palaparti; Philipp E Bartko; Christian Nitsche,10.1007/s10741-026-10660-0,2026-07-30,Heart failure reviews,"Valvular cardiomyopathy has emerged as a key concept linking valvular heart disease (VHD) with myocardial remodeling and the development of heart failure (HF). This state-of-the-art review provides a comprehensive overview of pathophysiological mechanisms, multimodality imaging, and implication for valve interventions across the spectrum of VHD. We systematically address HF in the context of aortic valve disease, including aortic stenosis and aortic regurgitation, mitral valve disease with a particular focus on mitral regurgitation, and tricuspid valve regurgitation. For each valvular lesion, we integrate evidence on pathophysiological mechanisms on myocardial (mal)adaptation leading to myocardial fibrosis and ultimately HF and death. Additionally, we highlight the role of multimodality imaging for early detection of myocardial remodeling and discuss implications for patient selection and timing of valve interventions. Beyond single-valve disease, we further explore the complex interplay of multiple and mixed valvular heart disease and review emerging data on the interaction between VHD and cardiac amyloidosis, an increasingly recognized and clinically relevant overlap. Overall, this state-of-the-art review underscores that outcomes in VHD are not solely determined by severity of valvular lesions but critically depend on the extent of associated myocardial damage. A deeper understanding of valvular cardiomyopathy may improve risk stratification, refine patient selection, and support the implementation of tailored therapeutic strategies."
PubMed,aortic stenosis,Comparative environmental life cycle assessment between transfemoral transcatheter aortic valve implantation and isolated surgical aortic valve replacement.,Herman J Friedericy; Maëlle J Lustig; Florine I de Haes; Frank van der Kley; Lauran F C M van Oers; Anne C van der Eijk; Frank Willem Jansen,10.1136/heartjnl-2026-328011,2026-07-29,Heart (British Cardiac Society),"Comparisons between transfemoral transcatheter aortic valve implantation (TF-TAVI) and surgical aortic valve replacement (SAVR) in severe aortic stenosis have demonstrated a consistent mortality benefit, lower 1 year costs and greater quality-adjusted life years in favour of TF-TAVI. However, the differences in the environmental impact of these two interventions have not yet been sufficiently investigated. The aim of the present study was to compare the intraprocedural environmental impact of these two procedures and to identify emission hotspots in order to mitigate their environmental impact.
In this prospective, observational, single-centre study, usage data were collected from 15 TF-TAVI and 15 SAVR procedures. All products, energy and water consumed during the procedures were identified and were used in a comprehensive comparative environmental life cycle assessment to quantify the intraprocedural environmental impact of these two interventions.
Material use in SAVR amounted to 17.7 kg compared with 8.7 kg in TF-TAVI, consisting of 84% and 69% plastics, respectively. Electricity use in TF-TAVI was 52% less than in SAVR; in both interventions, energy consumption was dominated by the use of electronic devices. In SAVR, water consumption was 30 times higher than in TF-TAVI (5800 vs 194 L), mainly due to the heating cooling system of the cardiopulmonary bypass in SAVR. In all 10 calculated environmental impact categories, SAVR had a greater life-cycle impact. Its carbon footprint was 181.2 kg CO2-eq, compared with 68.6 kg CO2-eq per TF-TAVI.
TF-TAVI outperformed SAVR in all environmental impact categories and had a carbon footprint of 38% that of SAVR. In TF-TAVI, 51% less material, 52% less energy and 97% less water were used. Despite these impressive results, there is still room for improvement in the environmental impact of TF-TAVI by using fewer disposable items, powering down idle imaging systems and introducing reusable/remanufactured valve delivery systems."
PubMed,aortic stenosis,The feasibility of the introduction of the Ross program in adults: early safety and quality outcomes in a single center.,Nabil Saouti; Anthonie L Duijnhouwer; Tim J Ten Cate; Arie P J van Dijk; Robin H Heijmen,10.1007/s12471-026-02062-6,2026-07-29,Netherlands heart journal : monthly journal of the Netherlands Society of Cardiology and the Netherlands Heart Foundation,"The optimal valve substitute for young and middle-aged patients with severe symptomatic aortic valve disease remains a subject of debate. In this patient group, prosthetic valves are associated with reduced survival, impaired hemodynamics, and lifelong risk of valve-related complications. The Ross procedure has re-emerged as the most optimal valve substitute following surgical refinements and improved perioperative care. The current study describes the feasibility in terms of safety and early outcomes of a newly initiated Ross program using the patient-tailored total root technique.
All patients who underwent the Ross procedure at the Radboud University Medical Center between April 2024 and December 2025 were included. Baseline characteristics, operative details, and postoperative outcomes were extracted from the electronic medical record.
A total of 32 patients were included, with a median age of 39 years; 65% were male, and 94% had a bicuspid aortic valve. The predominant pathology was pure stenosis in 63%. All procedures were elective except one. There was no operative or 30-day mortality. Complications included one conversion to a Bentall procedure for leaflet retraction and one urgent percutaneous coronary intervention, probably due to right coronary button kinking. No patient had more than mild aortic regurgitation at discharge.
The Ross procedure in young and middle-aged adults was associated with favorable short-term outcomes in this initial cohort. These results support the feasibility and safety of the Ross procedure when performed in a dedicated expert center. Ongoing follow-up will be essential to assess medium- and long-term durability."
PubMed,aortic stenosis,Health Status Outcomes 7 Years After Transcatheter or Surgical Aortic Valve Replacement in Low-Surgical Risk Patients With Aortic Stenosis.,Michael I Brener; David J Cohen; Susheel K Kodali; Rebecca T Hahn; Vinod H Thourani; Raj R Makkar; Philippe Pibarot; Xiao Yu; Bradley Lubich; Michael J Mack; Martin B Leon; Suzanne V Arnold,10.1016/j.jacc.2026.06.022,2026-07-17,Journal of the American College of Cardiology,"Transcatheter aortic valve replacement (TAVR) results in early improvements in health status outcomes relative to surgical aortic valve replacement (SAVR) in low-surgical risk patients with symptomatic severe aortic stenosis. However, long-term data comparing the detailed health status outcomes of these 2 treatments are lacking.
The purpose of this study was to compare long-term health status outcomes between TAVR and SAVR in low-risk patients and explore heterogeneity of treatment effect.
The PARTNER 3 (Placement of Aortic Transcatheter Valves) trial randomized patients with severe aortic stenosis and low surgical risk 1:1 to TAVR with a balloon-expandable valve vs SAVR. Health status was evaluated with the Kansas City Cardiomyopathy Questionnaire (KCCQ) and Short Form-36 Heath Survey at baseline and 1 month, 6 months, and annually from years 1 to 7. Between treatment group differences in health status scores over time were examined with mixed effects models for repeated measures adjusted for baseline.
The analytic cohort included 943 patients enrolled in the PARTNER 3 trial who had baseline KCCQ assessments and underwent their assigned procedure (494 TAVR, 449 SAVR; mean age: 73.5 ± 5.9 years; 69.2% men; mean Society of Thoracic Surgeons-Predicted Risk of Mortality: 1.9% ± 0.6%; mean KCCQ-overall summary [KCCQ-OS] score: 70.9 ± 20.5). TAVR and SAVR both resulted in significant improvements in KCCQ and Short Form-36 Heath Survey summary scores relative to baseline through 7-year follow-up. KCCQ-OS scores were substantially higher at 1 month after TAVR vs SAVR (mean treatment difference: +16.2 points; 95% CI: 14.3-18.1) and remained modestly higher through 2 years of follow-up (mean difference at 2 years: +1.9 points; 95% CI: 0.2-3.7), but there were no significant between-group differences in years 3-7. At 7 years, ∼60% of patients in both treatment groups had an excellent outcome (alive, KCCQ-OS ≥75; no KCCQ-OS decline ≥10 from baseline).
Patients with severe aortic stenosis at low surgical risk had substantial improvement in patient-reported health status with either TAVR or SAVR that was sustained through 7 years. Patients had earlier recovery with TAVR, but health status outcomes after 2 years were similar between treatment groups. (PARTNER 3 Trial: Safety and Effectiveness of the SAPIEN 3 Transcatheter Heart Valve in Low Risk Patients With Aortic Stenosis; NCT02675114)."
PubMed,aortic stenosis,Protamine-Exacerbated Right Ventricular Failure After TAVR in Critical Aortic Stenosis.,Jaideep Menda; Jiun-Ruey Hu; Christy Slingwine; Sabah Skaf; Meshe Chonde; Wen Cheng; Suhail Dohad; Raj R Makkar; Tarun Chakravarty,10.1016/j.jaccas.2026.109339,2026-07-20,JACC. Case reports,"Protamine is routinely administered for heparin reversal after transcatheter aortic valve replacement (TAVR), but protamine reaction is an under-recognized and potentially catastrophic complication.
A 79-year-old man with critical aortic stenosis, baseline severe right ventricular (RV) dysfunction, and 2-vessel coronary artery disease underwent TAVR. Immediately following protamine administration for heparin reversal, he developed abrupt hemodynamic collapse with acute RV pressure overload on echocardiography requiring cardiopulmonary resuscitation. Despite inhaled nitric oxide, inotropes, and intra-aortic balloon pump, he remained hypotensive. Insertion of Impella RP resulted in immediate improvement in hemodynamics, with drop in central venous pressure from 31 to 20 mm Hg and improvement in oxygenation and RV contractility.
Early initiation of RV support with Impella RP should be considered in patients with acute RV failure secondary to protamine reaction.
Patients with preexisting RV dysfunction may be susceptible to catastrophic type III protamine reaction because of limited physiologic reserve."
PubMed,aortic stenosis,Aortic Valve and Left Ventricular Outflow Tract Calcification as Predictors of Early Complications After Transcatheter Aortic Valve Implantation: A Prospective Single-Center Study.,Abubakr Muhamed Bakr; Mansour Mohamed Mostafa; Mohamed Adel Attia; Ahmad E Mostafa; Diaa Kamal; Ayman Ahmed Gad; Waseem Omar Ahmed; Sariya Khan; Muhammad Saad Reihan,10.14740/cr2247,2026-08,Cardiology research,"The prognostic implications of aortic valve and left ventricular outflow tract (LVOT) calcification following transcatheter aortic valve implantation (TAVI) are uncertain. The aim of the study was to assess the influence of aortic valve and LVOT calcification on early TAVI outcomes.
From October 2021 to May 2024, in this single-center prospective cohort study, preoperative aortic valve calcium score via the Agatston method was determined by multidetector computed tomography (MDCT), and LVOT calcification was semi-quantitatively assessed in 95 consecutive symptomatic severe aortic stenosis patients who underwent TAVI. Primary endpoints assessed within 30 days after TAVI were paravalvular leak (PVL > grade 2), permanent pacemaker implantation (PPM) for high-grade atrioventricular (AV) block, and requirement for postimplantation balloon dilatation.
The mean calcium score was 2,658 ± 1,799. Five patients (5.2%) required PPM, and 14 (14.7%) developed transient PVL > grade 2, all of which improved after dilatation. The aortic valve calcium score was associated with PVL (area under the curve (AUC) = 0.70; P < 0.01), high-grade AV block (AUC = 0.66; P = 0.02), and postimplantation dilatation (AUC = 0.64; P = 0.03). LVOT calcification predicted high-grade AV block (P = 0.027).
Quantitative LVOT and aortic valve calcification grading is a reliable predictor of early conduction and valvular dysfunction complications after TAVI and demonstrates the value of comprehensive preprocedural computed tomography (CT) imaging for procedural planning and risk stratification."
PubMed,valvular heart disease,Whole-body computed tomography's role in redefining left-sided infective endocarditis diagnosis and management.,Małgorzata Misztal-Ogonowska; Maciej Grabowski; Karina Zatorska; Anna Jasińska; Ilona Michałowska; Krzysztof Kuśmierski; Ilona Kowalik; Tomasz Hryniewiecki,10.33963/v.phj.113976,2026-07-31,Kardiologia polska,"Septic embolism, heart failure, perivalvular involvement, and uncontrolled infection are common complications of infective endocarditis (IE) and frequent indications for surgery.
We evaluated the impact of introducing whole‑body computed tomography (WB‑CT; brain, chest, abdomen) into the diagnostic work-up of patients with left‑sided IE (LS-IE) on detection of embolic and perivalvular complications and on surgical indications.
We retrospectively analyzed 366 patients admitted with LS-IE from 2015 to 2024. Patients were classified according to whether WB-CT was performed during hospitalization.
Of 366 patients, 132 (36.1%) underwent WB‑CT. Mean age was 57.9 (15.7) years, 79.8% were men, and surgery was performed in 268 patients (73.2%). Among patients who underwent WB-CT, embolic complications occurred in the spleen in 56 (42.4%), the brain in 28 (21.2%), and other sites in 23 (17.4%). The WB-CT strategy detected extracardiac embolic complications more often than the non-WB-CT protocol at each site (P <0.001). Perivalvular pseudoaneurysms were identified more frequently on CT than on echocardiography (P = 0.008). Among operated patients with WB‑CT (n = 94; 35.1%), embolism prevention was the main indication (47.9% vs. 23.0%; odds ratio [OR], 3.07; 95% confidence interval [CI], 1.80-5.26; P <0.001). By contrast, heart failure predominated in the non-WB-CT group (47.1% vs. 19.1%; OR, 0.26; 95% CI, 0.15-0.48; P <0.001).
WB-CT was associated with a higher detection of embolic and perivalvular complications in LS-IE and with a different pattern of surgical indications, with embolism prevention more frequent in the WB-CT group."
PubMed,valvular heart disease,A case series of confirmed Neisseria gonorrhoeae native mitral valve infective endocarditis: presentation and management.,Stefan Van Der Westhuizen; Johan Koen; Jan Steyn; Danielle Meintjies; Scott Lee-Jones; Jacques Janson; Anton Frans Doubell,10.1093/ehjcr/ytag531,2026-07,European heart journal. Case reports,"Infective endocarditis (IE) arising as a complication of disseminated gonococcal infection (DGI) is uncommon. The condition most frequently involves the aortic or pulmonary valves, with 12 cases affecting the native mitral valve reported in the literature to date. We describe a rare occurrence of three patients presenting with native mitral valve gonococcal endocarditis.
Three unrelated patients presented to our unit over a 15-month period with DGI. The clinical presentations varied, and although sexually active, no recent prodromal history of DGI were reported, except for one patient who had non-specific complaints of tender joints potentially in keeping with gonococcal infection. Two patients underwent a surgical mitral valve replacement due to significant valve destruction, and one underwent mitral valve repair. Laboratory testing for organism identification required a multi-modal strategy in all patients. One patient demised as a complication of over-anticoagulation.
Diagnosis and treatment of patients presenting with IE should follow the 2023 ESC Guidelines on Infective Endocarditis. A multimodal strategy should be employed in identifying the organism, especially in the case of culture-negative endocarditis. Due to the extensive tissue destruction seen with gonococcal IE the patients mostly require valve replacement. However, valve repair must be considered/aimed for in our patients given the morbidity and mortality with warfarin therapy as highlighted by this case series. Local sensitivity profiles and resistance testing should be considered when treating DGI."
PubMed,valvular heart disease,Atrial Fibrillation and Great Saphenous Vein Insufficiency: Exploration of Common Pathways in Hemodynamic Derangements and Systemic Inflammation.,Chang Wei; Ziqiang Sun,10.31083/RCM48578,2026-07,Reviews in cardiovascular medicine,"Atrial fibrillation is the most prevalent type of arrhythmia globally, the incidence of atrial fibrillation continues to rise. Concurrently, as lifestyles modernize, the prevalence of saphenous varicose veins is also increasing significantly. Although both conditions have received considerable clinical attention, previous studies have primarily focused on independent investigations within their respective fields, leaving the potential association between these conditions relatively unexplored. In recent years, retrospective clinical analyses have shown that saphenous varicose veins may constitute a novel risk factor for the onset of atrial fibrillation-a breakthrough discovery that has opened a new dimension of cross-border dialogue in investigating disease mechanisms. Therefore, this study aimed to develop an innovative framework for the pathophysiological association between atrial fibrillation and saphenous varicose veins and to elucidate the associated underlying mechanisms from a multidimensional, evidence-based medical perspective. Available evidence suggests that hemodynamic changes in the lower extremity veins can directly affect right heart preload via central venous pressure transmission, thereby inducing atrial electrophysiological remodeling. Activation of the RAAS (renin-angiotensin-aldosterone system) is involved in venous wall remodeling and in the activation of inflammatory cytokine networks that promote atrial fibrosis. Autonomic dysfunction also exhibits shared pathological features in venous insufficiency and the neural remodeling associated with atrial fibrillation. Moreover, the bidirectional alterations in blood flow shear force may not only accelerate venous valve injury but also trigger abnormal electrical activity in atrial myocytes. The pathophysiological bridging hypothesis proposed in this study not only challenges the traditional single-system research paradigm, but also provides important implications for clinical intervention strategies. Indeed, by integrating a multidisciplinary chain of evidence, this paper systematically demonstrates the potential impact of peripheral venous lesions on cardiac electrophysiological activity, thereby adding a new dimension to screening and identifying a potential therapeutic target for the prevention of atrial fibrillation. These findings both deepen understanding of the nature of the two diseases and lay a theoretical foundation for establishing an integrated cardiovascular-peripheral vascular diagnostic and treatment model."
PubMed,valvular heart disease,Heterotopic Caval Valve Implantation for Severe Tricuspid Regurgitation: A Systematic Review and Recommendations for Implantation and Futility.,Diletta Corrado; Antonio Nenna; Mohamad Jawabra; Benedetto Ferraresi; Carmelo Dominici; Giovanni Casali; Filippo Toriello; Stefano Carugo; Massimo Chello; Mario Lusini,10.31083/RCM51423,2026-07,Reviews in cardiovascular medicine,"Heterotopic transcatheter caval valve implantation (CAVI) has emerged as a palliative yet promising therapeutic strategy for treating severe tricuspid regurgitation (TR), which aims to reduce systemic venous congestion by implanting bioprosthetic valves in the venae cavae rather than in the native tricuspid annulus. However, despite encouraging procedural success, clinical improvement and survival remain highly variable.
A systematic review of published registries and case series was performed, focusing on the outcomes, procedural success, mortality, and safety of CAVI. Data were extracted from multicenter registries and observational series describing the use of transcatheter stented bioprosthesis or bioprosthesis alone.
Across published cohorts and registries, procedural success rates ranged from 90% to 100%, with 30-day mortality ranging from 5% to 25%. The TRICUS EURO study, which included 35 patients across 12 European centers, demonstrated significant improvements in New York Heart Association (NYHA) functional class and Kansas City Cardiomyopathy Questionnaire (KCCQ) scores at 6 months, with minimal device-related complications and adverse events. The ongoing TRICAV-II pivotal trial (NCT06458907) and EuroTR registry (NCT06307262) are expected to provide larger real-world datasets. Smaller case series and individual reports, typically involving ≤10 patients, confirmed feasibility and symptomatic benefits, particularly reductions in peripheral edema and ascites. However, long-term outcome data remain limited. This study highlights right ventricle (RV) dysfunction, severe pulmonary hypertension, advanced end-organ failure, and clinical frailty as major determinants of unfavorable outcomes.
Heterotopic CAVI represents a viable alternative for high-risk patients with severe TR, offering symptomatic improvement and reduced venous congestion when conventional surgery or orthotopic repair is not feasible. However, current evidence is derived primarily from non-randomized studies and limited registries. Ongoing prospective registries and pivotal trials are crucial for defining patient selection, procedural optimization, and long-term survival benefit. Early intervention and multidisciplinary patient selection appear crucial for avoiding futile procedures and identifying patients who may derive true symptomatic and prognostic benefit from CAVI."
PubMed,valvular heart disease,Sugar and artificial sweeteners and risk of cardiovascular disease.,Antonis A Manolis; Theodora A Manolis; Apostolos Vouliotis; Antonis S Manolis,10.1016/j.ejim.2026.107090,2026-07-30,European journal of internal medicine,"Humans have an innate preference for sweetness; in this regard, dietary sugar consumption patterns are established early in life. Although moderate consumption of naturally occurring sugars from whole foods contributes to metabolic and physiological functions, excessive consumption of free sugars, particularly those added during processing, such as in sugar-sweetened beverages (SSB), may largely lead to obesity and metabolic syndrome (MetS). SSB consumption has increased since 1990 and is projected to rise further by 2050, contributing considerably to the global burden of noncommunicable diseases, including cardiovascular (CV) disease (CVD). As non-sugar sweeteners (NSS) have been widely adopted as sugar substitutes to reduce caloric intake, the metabolic disturbances that they produce have also increased. Sucrose, a disaccharide composed of glucose and fructose, is one of the most widely consumed dietary sugars. Over the years, concerns have been raised regarding CV health and relevant SSB-related problems like hypertension, diabetes mellitus (DM), obesity, MetS, atherosclerotic heart disease, valvular heart disease, kidney disease, and cerebrovascular disease and attendant mortality. However, the biological effects of natural sweeteners such as steviol, monk fruit extract, tagatose, allulose, and sweet proteins (eg, brazzien, miraculin, thaumatin) are not well studied. Eating less sugar is a prudent thing to do; for people with DM and those at risk of DM, diversifying the type of the sweetener and limiting the quantity may also be a prudent strategy. All these issues are herein reviewed; results of meta-analyses of studies reporting on the CV risk of artificial sweeteners are tabulated and pictorially illustrated."
PubMed,valvular heart disease,Design of the Middle East African Registry for Women's Cardiovascular Diseases: Protocol for a Multicenter Observational Study.,Salma Charfeddine; Leila Abid; Sarra Chenik; Aiman Ghrab; Oussama Haddar; Iheb Ben Krayen; Selim Boudiche; Haithem Touati; Oumaima Ayedi; Mohamed Amine Ammar; Manel Ben Halima; Houssem Ben Ayed; Asma Brahim; Faten El Ayech; Emna Allouche; Houssem Thabet; Houaida Mahfoudhi; Taha Yassine Jabloun; Yasmine Ayadi; Alaeddine Ayadi; Ghassen Romdhani; Hassen Gargouri; Oumayma Zidi; Mohamed Ali Guedri; Rami Tlili; Bechir Trabelsi; Selim Hammami; Rim Othmen; Saoussen Antit; Syrine Saidane; Sirine Dardour; Skander Iddir; Elmahdi Kharrat; Anis Cheikhrouhou; Mohamed Derwich; Amal Mrabet; Taha Lassoued; Emna Rekik; Sahar Gmiha; Niez Laribi; Hakim Lamine; Zied Triki; Samir Ayari; Fatma Boujelbene; Essia Boughzela; Hajer Rekik; Ines Ben Ameur; Syrine Abid; Khalil Oueghlani; Abddayem Haggui; Afef Ben Halima; Wejdene Ouechtati; Emna Bennour; Rania Hammami; Mariem Jabeur; Ihsen Zairi; Mariem Drissa; Faouzi Addad; Sami Milouchi; Mohamed Sami Mourali; Hedi Ben Slima; Leila Bezdah; Elyes Neffati; Youssef Ben Ameur; Sondos Kraiem; Salem Kachboura; Ikram Kammoun; Lilia Zakhama; Hassen Ibn Hadj Amor; Khaldoun Ben Hamda; Yosra Messaoudi; Nejah Ben Hlima; Rana Dahmani; Habib Gamra; Zied Ibn Elhadj; Hichem Denguir; Chayma Ghorbel; Nizar Mechri; Samia Ernez Hajri; Alexandre Mebazaa; Fedi Ben Dhaou; Maroua Trigui; Wafa Fehri; Salem Abdesselem,10.2196/72944,2026-07-30,JMIR research protocols,"Cardiovascular disease (CVD) is a leading cause of morbidity and mortality in the Middle East and Africa (MEA), with a rising incidence particularly among women. Regional factors such as limited health care access, cultural barriers, and sex-specific risk factors exacerbate this burden. Despite this, women remain significantly underrepresented in cardiovascular research, and no large-scale, multicenter prospective trials have been conducted to provide national data. To address this gap, we established the Middle East African Registry Women Cardiovascular Disease (MEA-WCVD) to create a comprehensive database on the epidemiological profile and management of heart failure (HF), atrial fibrillation (AF), ischemic heart disease (IHD), and valvular heart disease (VHD) in women.
The primary aim of this study is to compare the management of CVDs in women and men across MEA countries in accordance with current clinical practice guidelines. The study also seeks to identify gender-based disparities in health care insurance, income, and access to cardiovascular services.
The MEA-WCVD is a prospective, multicenter, observational study enrolling consecutive patients aged ≥18 years with diagnosed HF, AF, IHD, or VHD across 25 tertiary care centers. Participants provide informed consent during a single visit, and trained investigators collect sociodemographic, clinical, and treatment data via electronic case report forms. The electronic case report form captures general characteristics (age, gender, and comorbidities) and diagnosis-specific details (imaging, guideline-based therapies, and complications). Data are stored in a centralized, contract research organization-managed database (Eshmoun-Clinical Research, Tunisia). An initial 75-day enrollment phase (May 2023-July 2023) is followed by a planned 1-year follow-up for outcome analysis. Data will be analyzed using SPSS (version 25) to compare gender disparities in management and outcomes using multivariable regression and survival analyses.
The MEA-WCVD study was funded in April 2023, and data collection began in May 2023. As of July 2023, a total of 15,366 participants have been enrolled across 25 centers. A 1-year follow-up is expected to be completed by July 2024. Data analysis is planned to commence in July 2024, with primary results anticipated for publication in March 2025. The study aims to establish the largest registry in the MEA region for HF, AF, IHD, and VHD, providing valuable insights into demographic trends, clinical management, and adherence to current guidelines.
The MEA-WCVD registry will provide essential real-world data on the management and outcomes of the most prevalent CVDs (HF, AF, IHD, and VHD) in the MEA region. By directly comparing standard care management between men and women, this study will highlight gender disparities and inform future strategies for equitable cardiovascular care. The registry is expected to contribute to the largest contemporary cohort of patients with CVD in the region, advancing knowledge in cardiovascular epidemiology and clinical practice."
PubMed,valvular heart disease,Association between Cardiac MRI-derived Global Longitudinal Strain and Clinical Outcomes in Chronic Aortic Regurgitation.,Go Hashimoto; Maurice Enriquez-Sarano; Hideki Koike; Miho Fukui; Larissa I Stanberry; Paul Sorajja; Vinayak N Bapat; John Lesser; João L Cavalcante,10.1148/ryct.250239,2026-08,Radiology. Cardiothoracic imaging,"Purpose To examine the prognostic value of cardiac MRI-assessed left ventricular (LV) global longitudinal strain (GLS) in patients with moderate to severe chronic aortic regurgitation (AR). Materials and Methods This was a multicenter retrospective study of patients with isolated chronic moderate to severe AR who underwent cardiac MRI between January 2012 and February 2020, within 90 days of the baseline echocardiographic diagnosis. LV volumes, LV ejection fraction (LVEF), and LV GLS were measured with cardiac cine MRI with feature tracking. The end point was all-cause death or heart failure-related hospitalization. Statistical analyses included multivariable Cox proportional hazards regression to assess the association of LV GLS with outcomes, adjusting for age, sex, symptoms, and log EuroSCORE II. Results The study included 175 patients (median age, 58 years [IQR, 44-69 years]; 118 male). Median LVEF and LV GLS were 57% (IQR, 49%-64%) and -14.1% (IQR, -16.1% to -11.4%), respectively. During median follow-up of 3.4 years (IQR, 1.7-5.8 years), aortic valve replacement (AVR) was performed in 64 patients (37%). Composite end point occurred in 23% of patients (n = 41: 11 deaths and 30 heart failure-related hospitalizations). Multivariable analysis revealed that LV GLS ≥ -14% was independently associated with primary outcome in patients receiving medical management (adjusted hazard ratio, 8.70 [95% CI: 2.5, 30]; P < .001), after adjustment for age, sex, symptoms, and log EuroSCORE II. After AVR, patients with LV GLS < -14% had better outcomes (P = .02). In the overall cohort, LV GLS ≥ -14% was independently associated with outcomes (adjusted hazard ratio, 2.47 [95% CI: 1.38-4.43]; P = .002) after adjusting for age, sex, time-dependent AVR, and log EuroSCORE II. Conclusion Cardiac MRI-derived LV GLS was associated with clinical end points in patients with chronic AR. Keywords: Aortic Regurgitation, Aortic Valve, Cardiac MRI, Echocardiography, Left Ventricular Global Longitudinal Strain, MR-Functional Imaging, Cardiac Supplemental material is available for this article. © RSNA, 2026."
PubMed,valvular heart disease,Global disparities in the detection and management of rheumatic heart disease in pregnancy across endemic settings.,Emili Elkins; Jack Gosden; Guido Ascione; Maximilian Reisinger; Mateusz Kachel; Pavel Overtchouk; Jennifer Haythe; Isaac George,10.3389/fsurg.2026.1838220,2026,Frontiers in surgery,"Rheumatic heart disease (RHD) remains a leading cause of cardiovascular morbidity and maternal mortality in pregnancy worldwide. Despite near-eradication in high-income countries, RHD continues to disproportionately affect young women in low- and middle-income regions, where delayed diagnosis, limited access to preventive care, and constrained availability of cardiac interventions contribute to adverse maternal and fetal outcomes.
To present contemporary evidence on the global burden, pathophysiology, detection, surgical and interventional management, of maternal and fetal outcomes of rheumatic heart disease in pregnancy, with principal emphasis on low-resource and endemic settings.
We conducted a structured narrative review of the existing literature using PubMed/MEDLINE, Embase, Scopus, and the Cochrane Library, identifying observational cohorts, multicenter registries, randomized trials, systematic reviews, international clinical guidelines, and expert reviews published between January 2005 and May 2026. Studies were included if they reported on RHD epidemiology, screening and prophylaxis strategies, cardiac or obstetric outcomes, surgical or transcatheter interventions, valve prosthesis selection, anticoagulation management, or intrapartum and postpartum care during pregnancy. Evidence was narratively synthesized and organized by thematic domains relevant to pregnancy-associated risk.
RHD accounts for the majority of acquired heart disease in pregnancy across endemic regions, with contemporary registries reporting that 30%-70% of cardiac disease complicating pregnancy is rheumatic in origin. Mitral stenosis predominates and is associated with high rates of maternal heart failure, arrhythmia, thromboembolism, and postpartum decompensation. Maternal adverse cardiac events occur in approximately 15%-40% of pregnancies, with mortality ranging from 1%-10% depending on lesion severity, rhythm status, and access to care. Fetal complications, including preterm birth, low birth weight, and pregnancy loss, are common and are exacerbated by severe stenotic disease and prosthetic valves. Screening studies demonstrate that many women with RHD are unaware of their diagnosis prior to pregnancy, while randomized evidence supports echocardiographic screening coupled with secondary antibiotic prophylaxis to reduce disease progression in early-stage RHD. Surgical and interventional management during pregnancy remains high-risk, particularly in women with mechanical heart valves, underscoring the importance of preconception optimization and multidisciplinary care.
Rheumatic heart disease in pregnancy confers substantial and preventable risk to both mother and fetus, particularly in low-resource settings where disease is often advanced at presentation. Improved strategies for early detection, primary and secondary prophylaxis, preconception counseling, and timely referral for valve intervention are essential to reducing maternal and fetal morbidity and mortality. Strengthening health systems to deliver integrated cardio-obstetric care remains central to improving outcomes for women with RHD worldwide."
PubMed,valvular heart disease,New-Onset Heart Failure in Hemodialysis Patients: Association With Access Location and Access Flow in a Nationwide Cohort From Sweden.,Emelie Laveborn; Ellinor Bergdahl; Ulrika Hahn Lundström; Bernd Stegmayr; Michael Ott,10.1016/j.xkme.2026.101427,2026-08,Kidney medicine,"There is increasing evidence that arteriovenous fistulas (AVFs) might alter cardiac function. Upper arm AVFs are associated with higher access flow, and their use is increasing. It has been hypothesized that the creation of upper arm AVFs would lead to a higher incidence of heart failure compared with forearm AVFs.
Retrospective cohort study.
All patients who received a hemodialysis access between 2013 and 2022 in Sweden. Patients with prevalent heart failure or previous hemodialysis were excluded.
Type of hemodialysis access and access flow.
New-onset heart failure.
Cox proportional hazards regression for type of access and restricted cubic splines for access flow. Comorbid conditions were included as covariates in both models.
In total, 10,170 patients were included. Of those, 6,579 patients with a total of 11,238 accesses remained after excluding patients with prevalent heart failure or prevalent hemodialysis. The risk of new-onset heart failure was comparable between forearm and upper arm AVF (P = 0.57). Access flow was highest in upper arm AVF (P < 0.001), but there was a substantial overlap. The risk of heart failure development depending on access flow was nonlinear (P < 0.001) with increased risk in patients with lowest as well as the highest flow.
Reliance on International Classification of Diseases (ICD)-10 codes is a limitation because of potential underascertainment and misclassification. The findings may not be generalizable to settings where upper arm AVF are used more liberally than in Sweden.
Upper arm AVFs were not associated with the development of heart failure. Comorbid conditions such as ischemic heart disease, heart valve disease, and diabetes as well as age were more important factors for the development of heart failure than access type. The association between access flow and new-onset heart failure is U-shaped."
PubMed,valvular heart disease,"Ingression of cardiac outflow tract wall that forms the inferior midline intercalated valve swelling was disrupted in mice with altered β-catenin, Shh, and FGF8 signaling.",Haiyue Feng; Yuke Ji; Zixuan Li; Jie Yao; Jing Cui; Lijun Zhang; Xiaodong Wang; Wenli Fan; Xianfa Yang; Naihe Jing; Zhongzhou Yang,10.1242/dev.205695,2026-07-30,"Development (Cambridge, England)","Previous studies from us and others suggest that the second heart field (SHF)-derived outflow tract (OFT) wall can undergo a cell fate transition to mesenchymal cells within the intercalated valve swelling (ICVS). However, the trajectory of this transition and its intrinsic regulation remain unknown. Here, we investigate cell fate determination in OFT development and identify specific Nkx2-5 expression in the inferior midline OFT (imOFT) wall and adjacent ICVS. scRNA-seq of E10.5 OFT revealed a transcriptional signature specific to the imICVS within the heterogeneous cell populations. We observed that cells of the imOFT wall ingress while maintaining myocyte properties, whereas the leading cells initiate a transition to a mesenchymal fate. Furthermore, these ingressing cells exhibit 'lily-bulb' collective cell migration. In addition, we found that β-catenin, Shh and FGF8 signaling are associated with imICVS formation. These results identify a novel type of cell ingression and the imICVS appears to spatially coordinate the distribution of OFT main cushion derived from neural crest. This study provides new insights into the role of the SHF in OFT septation and the pathogenesis of congenital heart diseases."
PubMed,valvular heart disease,"Retraction notice to ""Construction of cirRNA-miRNA-mRNA network and MAPK1 protein signaling pathway in patients with valvular disease affected by artificial heart valve replacement surgery"" [Int. J. Biol. Macromol. 278 (2024) 134243].",Fan Pan,10.1016/j.ijbiomac.2026.153702,2026-07-29,International journal of biological macromolecules,
PubMed,valvular heart disease,[Transcatheter closure of intracristal ventricular septal defect using eccentric occluders in 39 children].,T H Xia; Y Feng; W J Zhang; X R Lin; S Y Zhang; X Rong; R Z Wu,10.3760/cma.j.cn112140-20251226-01146,2026-08-02,Zhonghua er ke za zhi = Chinese journal of pediatrics,"Objective: To evaluate the efficacy and clinical outcomes of transcatheter closure of intracristal ventricular septal defect (VSD) using an eccentric occluder. Methods: In this case series study, 39 children with intracristal VSD who underwent attempted transcatheter closure using an eccentric occluder at the Second Affiliated Hospital of Wenzhou Medical University from January 2011 to December 2021 were included. All children were regularly followed up at 1, 3, 6, 12, 24 and 36 months after the procedure. Echocardiography, electrocardiography and treadmill exercise testing were used for postoperative follow-up evaluation. The main outcomes included occlude morphology and position, residual shunt, valvular regurgitation, cardiac function, arrhythmia and postoperative exercise capacity. Comparisons among different follow-up time points were performed using the paired t-test or repeated-measures analysis of variance, Friedman test or Wilcoxon signed-rank test. Results: Device implantation was successful in 38 of 39 children (97%). One child underwent surgical repair because the aortic valve prolapse protruded into the VSD shunt orifice, making transcatheter closure unsuitable. No severe complications occurred after the procedure. Follow-up showed that residual shunt was observed in 7 children (18%) after the procedure and disappeared within 24 months of follow-up. Valvular regurgitation occurred in 9 children (24%) and did not worsen during follow-up; in 7children, valvular regurgitation disappeared within 36 months. Arrhythmia occurred in 6 children (16%), including incomplete right bundle branch block in 2 children and premature ventricular contractions in 4 children. Five children resolved within 12 months, and the remaining 1 child resolved by 36 months of follow-up. Compared with baseline, the Z scores of left ventricular end-diastolic diameters and left atrial diameters showed a progressive decrease during the first 1 to 6 months after transcatheter closure (both P<0.05), and remained stable after 24 months. Right ventricular diameter and left ventricular ejection fraction showed no significant changes before and after the procedure (all P>0.05). A total of 20 children underwent treadmill exercise testing 1 year after the procedure, and 19 children (95%) had negative results. Conclusion: Transcatheter closure of intracristal VSD using an eccentric occluder is effective and feasible, with favorable safety and efficacy during short-and mid-term follow-up."
PubMed,valvular heart disease,Epidemiology and Mortality of Valvular Heart Disease in Brazilian Adults: Findings from the ELSA-Brasil Cohort.,Guilia Bevilacqua Schmitz; Eduardo Gatti Pianca; Maria Do Carmo Pereira Nunes; Bruce Bartholow Duncan; Murilo Foppa; Angela Barreto Santiago Santos,10.36660/abc.20260060,2026,Arquivos brasileiros de cardiologia,"Most of the current evidence on valvular heart disease (VHD) comes from high-income countries. Access to treatment and the impact of VHD on quality of life may vary substantially across nations, largely due to socioeconomic differences.
This study aimed to estimate the burden of VHD and its association with mortality in a middle-income country.
We included participants from the ELSA-Brasil cohort who underwent transthoracic echocardiography at baseline (3,267 participants; 1,539 males; mean age 60.6 ± 8.8 years) across six Brazilian states. Participants were categorized into three groups-no VHD, trace/mild VHD, and moderate/severe VHD-and their characteristics and associated factors were analyzed. P-values < 0.05 were considered statistically significant.
Among all participants, 2.4% had moderate/severe VHD (including 7 participants with prosthetic valves), and 43.6% had trace/mild VHD. The most prevalent moderate/severe VHD was mitral regurgitation, followed by aortic and tricuspid regurgitation, with 56 participants (86%) presenting isolated valvular regurgitation. Moderate/severe VHD was more common in older individuals and was associated with a higher prevalence of most cardiovascular comorbidities, but with lower obesity rates. It was also associated with greater cardiac remodeling and reduced systolic function, with phenotypic variations depending on the affected valve. Moderate/severe VHD was linked to increased 10-year mortality (HR: 3.7; 95% CI [2.17-6.31]), independent of age, sex, and hypertension.
VHD is common among community-dwelling adults in this middle-income country and increases with age. Participants with moderate/severe VHD exhibited a greater burden of comorbidities, more pronounced cardiac remodeling, worse systolic function, and substantially reduced long-term survival."
PubMed,valvular heart disease,Biocompatibility Assessment of a Hybrid Material Based on Epoxy-Treated Pericardium and Polyvinyl Alcohol Cryogel in a Rat Vascular and Subcutaneous Implantation Model.,E A Ovcharenko; T V Glushkova; E A Senokosova; K Yu Klyshnikov; T N Akentieva; A A Klyueva; A V Mironov; A E Kostyunin,10.17691/stm2026.18.3.03,2026,Sovremennye tekhnologii v meditsine,"The aim of the study was to evaluate the biocompatibility of a hybrid material based on epoxy-treated bovine pericardium and cryostructured polyvinyl alcohol (PVA) after implantation into the rat aortic wall and subcutaneous tissue.
The study evaluated hybrid material patches based on epoxy-treated bovine pericardium and cryostructured PVA; unmodified ""KemPeriplasNeo"" pericardial patches served as controls. The samples were implanted into the abdominal aortic wall and subcutaneously in male Wistar rats. The vascular implantation periods were 5 and 20 days, and the subcutaneous implantation periods were 60 and 120 days. The specimens were excised from the aorta and studied histologically using Russell-Movat staining and immunostaining for neutrophil myeloperoxidase (MPO) and the macrophage marker CD68. The calcium content in subcutaneously implanted samples was assessed by spectrophotometry and alizarin red S staining. The quantitative data were presented as the median, percentiles, minimal and maximal values (Me [25%-75%; min-max]).
After implantation into the abdominal aortic wall, the hybrid material samples showed a lower tendency toward thrombotic deposit formation on the surface compared to the pericardium. On day 5 of implantation, the thrombus thickness was 49.1 [34.7-64.6; 27.4-71.6] μm in the experimental group vs 170.3 [158.1-210.3; 124.4-217.0] μm in the controls (p<0.001). By day 20 of implantation, the macrophage density was lower in the peri-implant area of the modified samples compared to the controls: 219 [187-275; 112-362] vs 301 [244-338; 194-433] CD68+ cells per field of view (p<0.001), respectively. The neutrophil density at all experimental time points, as well as the macrophage density on day 5 of implantation did not differ significantly between the tested materials (p>0.17). No signs of calcification were detected in either group following the subcutaneous implantation over a period of 60 or 120 days. The control pericardium in the subcutaneous model showed the signs of cell-mediated degradation, whereas the hybrid samples were resistant to immune-cell infiltration and preserved their internal architecture.
The modification of epoxy-treated bovine pericardium with cryostructured PVA cryogel improved its biocompatibility and enhanced resistance to biodegradation in a rat model after aortic-wall and subcutaneous implantation. The developed material may be used to create next-generation heart valve bioprostheses with potentially improved resistance to structural valve degeneration."
Crossref,aortic stenosis,Microscopic anatomy of the heart and aortic crest of the sea hare Aplysia depilans (Gastropoda: Euopisthobranchia),Alexandre Lobo-da-Cunha,10.1016/j.tice.2026.103817,2027-02,Tissue and Cell,
Crossref,aortic stenosis,Serum sialic acid is independently associated with cerebrovascular atherosclerotic stenosis severity and total vascular burden: A retrospective cohort study,Qi Cai; Chunjiao Yang; Lei Luo; Yinfei Huang; Yu Xie; Xin Liang; Renwei Zhang; Yumin Liu,10.1016/j.cca.2026.121217,2027-01,Clinica Chimica Acta,
Crossref,aortic stenosis,Modeling calcific aortic valve disease with engineered human valve tissues identifies SAMHD1 as a therapeutic target,Xiangfu Meng; Qian Zhou; Zijin Zhu; Weihua Qiao; Bingchuan Geng; Zhengfeng Fan; Ruxiang Wang; Shanqing Gao; Yanyan Zhou; Pengcheng Yang; Nianguo Dong; Yan Qi; Donghui Zhang,10.1016/j.biomaterials.2026.124432,2027-01,Biomaterials,
Crossref,aortic stenosis,Staged Full-endoscopic Foraminotomy for Multilevel Lumbar Stenosis with Scoliosis: A Case Report,Takayuki KITAHARA; Yuji NAGAO; Takafumi OHSHIMA; Naoto ONO; Saori SOEDA; Makoto TAKEUCHI; Kosuke SUGIURA; Hiroaki MANABE; Masatoshi MORIMOTO; Fumitake TEZUKA; Hiroshi KAGEYAMA; Junzo FUJITANI; Koichi SAIRYO,10.2176/jns-nmc.2025-0339,2026-12-31,NMC Case Report Journal,
Crossref,aortic stenosis,Two Cases of Lumbar Spinal Canal Stenosis with Dorsal Meningovertebral Ligaments: Potential Risk of Dural Laceration,Kyohei KIN; Ryoji TOMINAGA; Kento TAKEBAYASHI; Hiroki IWAI; Hisashi KOGA,10.2176/jns-nmc.2025-0354,2026-12-31,NMC Case Report Journal,
Crossref,aortic stenosis,Intraoperative Near-infrared Spectroscopy Findings Reflecting Cerebrovascular Autoregulation during Staged Angioplasty for Severe Carotid Artery Stenosis: A Case Report,Norihiro IWAMOTO; Shin-Ichiro OSAWA; Norio NARITA; Hiroyuki SAKATA; Hidenori ENDO,10.2176/jns-nmc.2025-0403,2026-12-31,NMC Case Report Journal,
Crossref,aortic stenosis,Deep learning-based multimodal fusion of vibrational spectroscopy and clinical data for aortic dissection diagnosis and prognosis,Guangyao Ma; Lei Yan; Xuguang Zhou; Hui Yang; Chen Chen; Jing Tao; Hao Liu; Cheng Chen; Yining Yang,10.1016/j.saa.2026.128391,2026-12,Spectrochimica Acta Part A: Molecular and Biomolecular Spectroscopy,
Crossref,aortic stenosis,Vasodilatory study of Mitragyna speciosa (Korth.) Havil methanolic extract using rats aortic ring assay,Hui Wei Loh; Wan Yin Tew; Chong Seng Yan; Chi Yuan Low; Zurina Hassan; Qiyue Qiu; Bin Yang; Zheng Zhang; Ruiling Zhang; Nelson Jeng Yeou Chear; Mun Fei Yam,10.1016/j.jep.2026.122057,2026-12,Journal of Ethnopharmacology,
Crossref,aortic stenosis,Step-by-step En face O red oil method for aortic plaque staining and quantification in ApoE knockout mouse,Nurin Yasmin Mohd Khairudin; B. Vimala R.M.T Balasubramaniam; Suhaila Abd Muid; Nurdiyana Nasrudin; Nasibah Azme,10.1016/j.mex.2026.104020,2026-12,MethodsX,
Crossref,aortic stenosis,Left main coronary artery stenosis assessment on coronary CT angiography,Mahdi Zahedi; Pooya Eini; Mohammad Javad Alemzadeh-Ansari; Marzieh Motevalli; Amirafraz Fallah Najmabadi; Golnaz Houshmand,10.1016/j.ejro.2026.100803,2026-12,European Journal of Radiology Open,
Crossref,aortic stenosis,Physician-Modified Fenestrated Stent-Grafts Planned Using Three-Dimensional Techniques for Complex Aortic Pathology: A Systematic Review and Meta-Analysis,Patryk Skórka; Karol Miler; Marta Ziętara; Piotr Gutowski; Arkadiusz Kazimierczak; Paweł Rynio,10.1016/j.avsg.2026.06.032,2026-11,Annals of Vascular Surgery,
Crossref,aortic stenosis,Aligning Credentialing with the Complexity of Endovascular Aortic Repair,Mazin Foteh; Rafael D. Malgor,10.1016/j.avsg.2026.06.017,2026-11,Annals of Vascular Surgery,
Crossref,aortic stenosis,An antibody-conjugated polymer nanoparticle that targets inflammatory site for abdominal aortic aneurysm antioxidant stress therapy,Youjin Huang; Qi'’nan Yin; Qin Zhang; Jinping Liu; Ya Wu; Yong Liu,10.1016/j.bioadv.2026.214968,2026-11,Biomaterials Advances,
Crossref,aortic stenosis,Temporal changes in BNP levels and their prognostic impact on future cardiac events in patients undergoing transcatheter aortic valve implantation,Koji Mizutani; Akihito Tanaka; Yoshiyuki Tokuda; Hiroki Kondo; Shinichiro Takeda; Hikari Matsumoto; Masao Yamada; Tomonari Uemura; Kenji Furusawa; Masato Mutsuga; Toyoaki Murohara,10.1016/j.ijcard.2026.134705,2026-11,International Journal of Cardiology,
Crossref,aortic stenosis,RNA helicase MTR4 aggravates abdominal aortic aneurysm formation by recruiting SRSF1 to regulate TERT alternative splicing,Yajing Li; Keying Tian; Shuolin Li; Ying Wang; Qi Cao; Sihan Wang; Xinhua Zhang; Xugang Wang; Hongguang Lian; Xin Liu; Wei Wang; Lingdan Zhao; Long Zhang; Junhuai Song; Junyi Liu; Yu Zhang; Jinkun Wen; Bin Zheng,10.1016/j.bbadis.2026.168374,2026-11,Biochimica et Biophysica Acta (BBA) - Molecular Basis of Disease,
Crossref,aortic stenosis,Impact of Multidisciplinary Team Meetings on Management and Outcomes for Aortic Disease: A Scoping Review of the Literature,Sameer Bhat; Mario D'Oria; Manar Khashram,10.1016/j.avsg.2026.06.036,2026-11,Annals of Vascular Surgery,
Crossref,aortic stenosis,M1 macrophage-derived exosomal miR-155-5p exacerbates aortic dissection via SMAD5-Mediated regulation of vascular smooth muscle cell phenotype,Dengwei Cao; Xinyi Li; Shaoping Zhu; Jianfeng Chen; Haoxiang Li; Jiajun Shi; Xiaoqi Xiong; Jiahui Liu; Yumou Wang; Zhe Dong; Jiangping Song; Jinping Liu,10.1016/j.bioactmat.2026.05.057,2026-11,Bioactive Materials,
Crossref,aortic stenosis,Prognostic Value of Frailty in Aortic Surgery: A Systematic Review and Meta-Analysis Comparing Frailty Assessment Tools,Mayara Leite Coutinho; Lucas Monteiro Delgado; Inez Ohashi Torres; João Rocha-Neves; Antonio Eduardo Zerati; Mario D'Oria; Pedro Puech Leão,10.1016/j.avsg.2026.06.034,2026-11,Annals of Vascular Surgery,
Crossref,aortic stenosis,Impact of a Substantial Oversizing Strategy in Chimney Endovascular Aneurysm Repair on Aortic Neck Behavior and Clinical Outcomes Compared with Open Repair for Challenging Aortic Necks,Yuriko Takeuchi; Noriyasu Morikage; Takahiro Mizoguchi; Makoto Samura; Takasuke Harada; Hiroshi Kurazumi; Kotaro Suehiro; Kimikazu Hamano,10.1016/j.avsg.2026.06.039,2026-11,Annals of Vascular Surgery,
Crossref,aortic stenosis,Acute Kidney Injury is Associated with Increased Mortality following Thoracic Endovascular Aortic Repair,Ryan Wahidi; Livia Brennan; Santiago Elizondo-Benedetto; Fatima Mustansir; Rebecca A. Sorber; Mohamed A. Zayed; J. Westley Ohman; Zachary J. Wanken,10.1016/j.avsg.2026.06.015,2026-11,Annals of Vascular Surgery,
Crossref,mitral regurgitation,AIoT-Driven Real-Time Detection of Mitral Valve Prolapse,Meng Han Chen; Guanling Lee,10.1504/ijipt.2027.10079642,2027,International Journal of Internet Protocol Technology,
Crossref,mitral regurgitation,Cine-derived mitral annular relaxation velocity for detection of preclinical left ventricular diastolic dysfunction,Niall McVeigh; David Ryan; Fiona Ryan; Joseph McCambridge; Maria Ferre; Sebastian Flynn; David J. Murphy; Mark Ledwidge; Ken McDonald; Jonathan D. Dodd,10.1016/j.mri.2026.110733,2026-11,Magnetic Resonance Imaging,
Crossref,mitral regurgitation,Epigenetic and transcriptomic regulation of RTN4IP1 links mitochondrial metabolism to the risk of mitral valve disease,Baiyu Tian; Fei Meng; Jiangang Wang; Haibo Zhang; Tiange Luo; Jintao Fu; Kemin Liu; Wenbo Zhang; Cheng Zhao; Yuqing Jiao; Junhui Sun,10.1016/j.hrtlng.2026.102892,2026-11,Heart &amp; Lung,
Crossref,mitral regurgitation,The prognostic importance of the right ventricle for patients with mitral regurgitation undergoing surgical treatment: A speckle tracking study,Maria Concetta Pastore; Federica Marrese; Andrea Marchese; Lorenzo Tanzi; Andrea Stefanini; Antonio Capolongo; Giulia Elena Mandoli; Ilenia Pennisi; Martina Rizzo; Veronica Lorenz; Giuseppe Alba; Gianfranco Montesi; Luna Cavigli; Flavio D'Ascenzi; Marta Focardi; Serafina Valente; Ottavio Alfieri; Matteo Cameli,10.1016/j.ijcard.2026.134681,2026-11,International Journal of Cardiology,
Crossref,mitral regurgitation,Beyond mitral regurgitation reduction: Divergent hemodynamic and structural responses to transcatheter edge-to-edge repair in primary and secondary mitral regurgitation,Carlo Vignati; Gaia Cattadori; Fiorella Puttini; Beatrice Pezzuto; Valentina Mantegazza; Chiara Morocutti; Arianna Galotta; Elisabetta Salvioni; Irene Mattavelli; Rebecca Caputo; Jeness Campodonico; Anna Apostolo; Mauro Contini; Pietro Palermo; Massimo Mapelli; Stefania Farina; Federico De Marco; Cristina Ferrari; Antonio Luca Bartorelli; Manuela Muratori; Piergiuseppe Agostoni,10.1016/j.ijcard.2026.134678,2026-11,International Journal of Cardiology,
Crossref,mitral regurgitation,Corrigendum to “First-in-human study of the K-Clip™ transcatheter annular repair system for severe functional tricuspid regurgitation” [International Journal of Cardiology 390(2023) / IJCA 131174],Xiaochun Zhang; Qinchun Jin; Wenzhi Pan; Wei Li; Yingqiang Guo; Genshan Ma; Cuizhen Pan; Shasha Chen; Yuan Zhang; Lei Zhang; Mingfei Li; Shiqiang Hou; Yat-yin Lam; Thomas Modine; Alex Pui-Wai Lee; Juying Qian; Daxin Zhou; Junbo Ge,10.1016/j.ijcard.2026.134622,2026-10,International Journal of Cardiology,
Crossref,mitral regurgitation,A physiology-constrained framework for non-invasive left atrial pressure assessment and post-procedural estimation in mitral stenosis,Qimin Zhang; Wenwen Liang; Shengzhang Wang; Minmin Sun,10.1016/j.bspc.2026.110809,2026-10,Biomedical Signal Processing and Control,
Crossref,mitral regurgitation,Association of component measurement variability and disease severity with variability of calculated mitral regurgitant fraction in dogs with myxomatous mitral valve disease,G. McAulay; D. Singleton; M. Rishniw,10.1016/j.jvc.2026.06.004,2026-10,Journal of Veterinary Cardiology,
Crossref,mitral regurgitation,"A retrospective (2020–2025), multicenter study of myxomatous mitral valve disease in Chihuahuas from Italy, Sweden, and the United States of America",I. Spalla; M.B. Bjerknaes; T. Bertuccini; G. Menciotti; A. Showers; G. Dossi; M. Borgarelli; J. Häggström; I. Ljungvall; R. Toschi Corneliani; C. Locatelli,10.1016/j.jvc.2026.06.005,2026-10,Journal of Veterinary Cardiology,
Crossref,mitral regurgitation,Severe tricuspid regurgitation is a congestion-driven cardiorenal disease: A longitudinal study defining a right heart failure phenotype,Layal Mansour; Prayuth Rasmeehirun; Guillaume L'Official; Benjamin Marut; Marion Lacout; Melanie Bezard; Erwan Donal,10.1016/j.ijcard.2026.134643,2026-10,International Journal of Cardiology,
Crossref,mitral regurgitation,Relationship between left atrial fibrosis and function in a selected cohort undergoing surgery for severe primary mitral regurgitation,Caterina Maffeis; Andrea Rossi; Elvin Tafciu; Stefania Rizzo; Monica De Gaspari; Vincenzo Giambruno; Venanzio Di Nicola; Giovanni B. Luciani; Cristina Basso; Flavio L. Ribichini,10.1016/j.ijcard.2026.134614,2026-10,International Journal of Cardiology,
Crossref,mitral regurgitation,Left atrial strain and fibrosis in primary mitral regurgitation: asynchronous markers of atrial remodelling?,Cristina Conte; Alessandro Telesca; Massimo Imazio,10.1016/j.ijcard.2026.134642,2026-10,International Journal of Cardiology,
Crossref,mitral regurgitation,Safety of multiple grasping attempts during transcatheter mitral valve repair with the PASCAL system,Florian Jürgens; Florian Schindhelm; Mohammed Abusharekh; Clara M.K. Brandts; Jürgen Kampf; Matthias Totzeck; Fadi Al-Rashid; Peter Lüdike; Tienush Rassaf; Amir A. Mahabadi,10.1016/j.ijcard.2026.134636,2026-10,International Journal of Cardiology,
Crossref,mitral regurgitation,"Comment on “accuracy of machine learning models for mitral regurgitation severity assessment: A systematic review and meta-analysis""",Sharyu Ikhar; Yogesh Nagargoje; Ruchita Shrivastava,10.1016/j.ijcrp.2026.200666,2026-09,International Journal of Cardiology Cardiovascular Risk and Prevention,
Crossref,mitral regurgitation,Ultrasound measurement of antral cross-sectional area to predict regurgitation during general anesthesia for cesarean section in laboring women: a prospective observational cohort study,Longyuan Shen; Qiuxia Jiang; Xiaojuan Yu; Quansheng Xiao; Shengzhao Wang; Xiongda Lin; Qichen Luo; Shaoqiang Huang,10.1016/j.accpm.2026.101773,2026-09,Anaesthesia Critical Care &amp; Pain Medicine,
Crossref,mitral regurgitation,When Moderate Is Severe: Bivalvular Functional Regurgitation,Asad Ghafoor,10.1016/j.shj.2026.101087,2026-09,Structural Heart,
Crossref,mitral regurgitation,"Direct-access, balloon-expandable mitral valve replacement under fibrillatory arrest in extensive mitral annular calcification",John Wheeler; Gilbert Tang; Dimosthenis Pandis; Ahmed El-Eshmawi,10.1016/j.xjse.2026.100130,2026-09,JTCVS Structural and Endovascular,
Crossref,mitral regurgitation,"Hammock mitral valve in a 12-day-old female: pathophysiology, management and legal issues",Antonino Giulio Giannone; Tommaso D’Anna; Giuseppe Calcaterra; Giuseppe Calì; Elisabetta Orlando; Giovanni De Lisi; Eleonora Formisano; Ginevra Malta; Emanuele Lo Rito; Ada Maria Florena; Beatrice Belmonte; Emiliano Maresi,10.1016/j.legalmed.2026.102919,2026-09,Legal Medicine,
Crossref,mitral regurgitation,Case report: Salvage transcatheter aortic valve replacement for acute aortic regurgitation due to prosthetic valve endocarditis,Denizhan Ozdemir; Uttam Singh; Adishwar Singh; Raj R. Makkar,10.1016/j.crmic.2026.100165,2026-09,Cardiovascular Revascularization Medicine: Interesting Cases,
Crossref,mitral regurgitation,Massive mitral annular calcification with valvular involvement: Multimodality and longitudinal imaging correlation,Manuela Montatore; Gabriele Fanigliulo; Federica Masino; Ruggiero Tupputi; Roberto Maresca; Francesca Calò; Eluisa Muscogiuri; Giuseppe Guglielmi,10.1016/j.radcr.2026.05.087,2026-09,Radiology Case Reports,
OpenAlex,aortic stenosis,AorticStenOmics: Xenium spatial transcriptomics of human aortic stenosis valve slide B15XO,(:unkn) unknown,,2028-01-01,Open MIND,"This deposit contains Xenium spatial transcriptomics data from human aortic valve tissue from slide B15XO. The slide includes spatially matched regions selected to represent areas of relative high and low in vivo [⁶⁸Ga]FAPI-46 PET signal within the same patient, enabling comparison of features associated with regional FAPI uptake."
OpenAlex,aortic stenosis,"AorticStenOmics: single-nucleus, single-cell and bulk RNA sequencing of human aortic stenosis valves",(:unkn) unknown,,2027-01-01,Open MIND,"This deposit contains single-nucleus, single-cell and bulk RNA sequencing data from human aortic valves across the spectrum of aortic stenosis. The dataset includes single-nucleus RNA sequencing from 25 aortic valves and bulk RNA sequencing from 39 aortic valves spanning control, mild/moderate and severe disease, as well as single-cell RNA sequencing from 8 valves with matched in vivo [⁶⁸Ga]FAPI-46 PET-CT molecular imaging."
OpenAlex,aortic stenosis,AorticStenOmics: microscopy of human aortic valves,(:unkn) unknown,,2027-01-01,Open MIND,"This deposit contains microscopy imaging data from human aortic valves across the spectrum of aortic stenosis. The dataset includes duplex immunohistochemistry (IHC), multiplexed immunofluorescence (mIF) and haematoxylin and eosin (H&amp;E) staining."
OpenAlex,aortic stenosis,AorticStenOmics: Xenium spatial transcriptomics of human aortic stenosis valve slide BXNFB,(:unkn) unknown,,2027-01-01,Open MIND,"This deposit contains Xenium spatial transcriptomics data from human aortic valve tissue from slide BXNFB. The slide includes spatially matched regions selected to represent areas of relative high and low in vivo [⁶⁸Ga]FAPI-46 PET signal within the same patient, enabling comparison of features associated with regional FAPI uptake."
OpenAlex,aortic stenosis,Physician Report Discordance With ACC/AHA Guidelines in Severe Aortic Stenosis,C. Brick; M. Yudi; J. Yeoh; P. Calafiore; E. Paratz; M. Eskandari; J. Theuerle; A. Koshy,10.1016/j.hlc.2026.07.176,2026-07-30,Heart Lung and Circulation,
OpenAlex,aortic stenosis,Progression to Aortic Valve Replacement Following Computed Tomography Assessment in Severe Aortic Stenosis,S. Joshi; T. Gupta; K. Ko; J. Nogic,10.1016/j.hlc.2026.07.182,2026-07-30,Heart Lung and Circulation,
OpenAlex,aortic stenosis,Pericardial lipoma encasing the right coronary artery: a multimodality imaging case report,Xiaoyang Liu; Ziming Liu; Xiuyun Luo; Wei Miao,10.3389/fradi.2026.1914611,2026-07-30,Frontiers in Radiology,"Background Pericardial lipomas are rare, benign cardiac tumors. Encasement of a coronary artery by such a tumor is extremely uncommon and significantly elevates surgical risk. We report the first case in which multimodality imaging clearly demonstrates a pericardial lipoma enveloping the right coronary artery (RCA) without luminal stenosis, adding a novel anatomical observation to the literature. Case presentation A 32-year-old woman presented with a one-year history of exertional chest tightness and dyspnea that had worsened over three days. Physical examination and laboratory tests were unremarkable except for elevated thyroid-stimulating hormone (13.26 μIU/mL). Echocardiography revealed a 7.8 cm hypoechoic mass above the aortic root with a segment of the RCA coursing within it; color Doppler showed no flow disturbance. Contrast-enhanced cardiac computed tomography (CT) and cardiac magnetic resonance (CMR) confirmed a homogeneous fat-density mass (CT attenuation −85 HU, no enhancement, complete signal suppression on STIR) consistent with a pericardial lipoma. The tumor measured 5.5 cm in maximum transverse diameter and was seen to completely encase the RCA without stenosis. A diagnosis of pericardial lipoma with RCA encasement and concomitant subclinical hypothyroidism was made. After multidisciplinary discussion, levothyroxine was initiated and a staged plan including preoperative coronary angiography followed by surgical resection with RCA protection was formulated. The patient's symptoms resolved at discharge. At one- and three-month follow-ups she remained asymptomatic, but she subsequently declined all further contact and was lost to follow-up; no adverse cardiac events were recorded during the observation period. Conclusion Pericardial lipomas can encase a coronary artery while maintaining luminal patency due to the compliance of adipose tissue. When a pericardial mass is detected on echocardiography, the coronary course must be actively traced. Multimodality imaging with CT and cardiac magnetic resonance (CMR) is essential for delineating the tumor-artery relationship and guiding surgical strategy. Coexisting endocrine disorders should be corrected preoperatively. Although the loss of long-term follow-up limits our conclusions, the imaging findings themselves provide an important cautionary lesson."
OpenAlex,aortic stenosis,Haemodynamic Predictors of Disease Progression in Moderate Aortic Stenosis: Differential Prognostic Value According to Left Ventricular Function,V. Danaila; N. Kataria; S. Chen; P. Fahmy; S. Eshoo; H. Chen; A. Bhat; L. Thomas; G. Gan,10.1016/j.hlc.2026.07.137,2026-07-30,Heart Lung and Circulation,
OpenAlex,aortic stenosis,Outcomes of Patients With Severe Aortic Stenosis Declined for Intervention Following Heart Valve Team Review in the TAVI Era,M. Perry; C. Brick; S. Cecchin; C. Mahon; M. Stevens; J. Yeoh; M. Yudi; A. Koshy,10.1016/j.hlc.2026.07.463,2026-07-30,Heart Lung and Circulation,
OpenAlex,aortic stenosis,Comparing machine learning models and traditional approaches for predicting obstructive coronary artery disease: a systematic review and meta-analysis,Jingjing Guo; Chenggong Bao; Lihong Gong; Zhe Zhang,10.3389/fcvm.2026.1892900,2026-07-30,Frontiers in Cardiovascular Medicine,"Background Obstructive coronary artery disease (oCAD) is a major cause of cardiovascular morbidity and mortality, and accurate prediction is essential for guiding clinical decision-making and secondary prevention. However, the potential of machine learning (ML) models for predicting oCAD remains insufficiently explored; therefore, this study aimed to compare the performance of ML methods with traditional approaches and evaluate differences among ML algorithm classes. Methods A systematic search of EMBASE, Web of Science, Cochrane Library, Scopus, and PubMed was conducted from inception to February 9, 2026. Risk of bias was assessed using the Prediction Model Risk of Bias Assessment Tool. Random-effects meta-analysis was performed to pool AUCs of ML algorithms and compare the predictive performance of ML models with traditional approaches for oCAD. Meta-regression and subgroup analyses were used to explore heterogeneity. Results A total of 41 studies were included in the review and meta-analysis. ML models showed significantly higher predictive performance than traditional approaches in 12 studies, although with substantial heterogeneity (MD: 0.09, 95% CI: 0.05–0.13; p &amp;lt; 0.00001; I 2 = 95%). Heterogeneity in AUC was mainly associated with differences in diagnostic methods and predictors for oCAD. Among the algorithms evaluated, LR, RF, and XGBoost were the most commonly employed, suggesting their potential in clinical practice. Conclusions ML shows promising discrimination relative to traditional scores. Future studies should emphasize adequate sample-size calculation, appropriate feature-selection strategies, and standardized handling of missing data and focus on developing and validating ML models based on accessible and noninvasive data sources."
OpenAlex,aortic stenosis,Atrial Cardiomyopathy Identifies Subclinical Cardiac Decompensation and Predicts Adverse Outcomes in Aortic Stenosis,E. Wong; C. Brick; J. Sajeev; H. Lim; G. Wong; H. Sugumar; A. Teh; A.N. Koshy,10.1016/j.hlc.2026.07.265,2026-07-30,Heart Lung and Circulation,
OpenAlex,aortic stenosis,Artificial Intelligence-Guided Echocardiography by Non-Expert Operators for Community-Based Aortic Stenosis Screening in the Elderly,E. Sivaraj; K. Whitmore; L. Wright; T. Marwick,10.1016/j.hlc.2026.07.084,2026-07-30,Heart Lung and Circulation,
OpenAlex,aortic stenosis,Continuous Saline Infusion Rate Comparison for Absolute Coronary Flow Measurements Referenced to Peripheral Adenosine in Severe Aortic Stenosis—The Corflo-As Trial,H. Thakkar; J. Chan; J. O’Brien; R. Gooley; M. Leung; L. McCormick; D. Wong; D. Chew; B. Ko; A. Brown,10.1016/j.hlc.2026.07.1073,2026-07-30,Heart Lung and Circulation,
OpenAlex,aortic stenosis,Burden of Echocardiographic Measurement Variability and Resultant Misclassification of Aortic Stenosis Severity,C. Brick; P. Calafiore; M. Eskandari; S. Du Plooy; N. Pate; S. Gibson; K. Kaur; A. Yeung; J. Theuerle; J. Yeoh; M. Yudi; A. Koshy,10.1016/j.hlc.2026.07.089,2026-07-30,Heart Lung and Circulation,
OpenAlex,aortic stenosis,Elevated Filling Pressures Identifies High-Risk Phenotype in Preserved Ejection Fraction Aortic Stenosis,S. Brown; D. Biswas; J. Wu; M. Eskandari; K. O'Gallagher,10.1016/j.hlc.2026.07.1084,2026-07-30,Heart Lung and Circulation,
OpenAlex,aortic stenosis,Early Intervention Versus Watchful Waiting in Asymptomatic Severe Aortic Stenosis: A Meta-Analysis,J. Ma; K. Haji; W. Zheng; W. Wilson; A. Taylor; W. Chan,10.1016/j.hlc.2026.07.1082,2026-07-30,Heart Lung and Circulation,
OpenAlex,aortic stenosis,"Transcatheter or Surgical Aortic Valve Replacement Versus Conservative Management in Symptomatic Normal-Flow, Low-Gradient Severe Aortic Stenosis: A Systematic Review and Meta-analysis",R. Kurugalage; N. Khan; A. Bhatia; A. Mukherjee; E. Khan,10.1016/j.hlc.2026.07.1135,2026-07-30,Heart Lung and Circulation,
OpenAlex,aortic stenosis,Validating the Stages of Cardiac Damage Classification for Aortic Stenosis in a Real-World Australian Population,S. Gibson; C. Brick; M. Eskandari; M. Yudi; J. Yeoh; P. Calafiore; J. Theuerle; A. Koshy,10.1016/j.hlc.2026.07.217,2026-07-30,Heart Lung and Circulation,
OpenAlex,aortic stenosis,Undertreatment and Increased Mortality in Real World Patients With Severe Aortic Stenosis Who Would Have Been Eligible for Transcatheter Randomised Control Trials,C. Brick; A. Koshy; S. Gibson; P. Calafiore; M. Eskandari; J. Theuerle; J. Yeoh; M. Yudi,10.1016/j.hlc.2026.07.216,2026-07-30,Heart Lung and Circulation,
OpenAlex,mitral regurgitation,[A novel TPM1 variant causing Dilated cardiomyopathy in a child: A case report and literature review].,S Y Sun; Yongzheng Lou; 黄立新; Min Xie; Haibo Li,10.3760/cma.j.cn511374-20250929-00581,2026-08-10,PubMed,"OBJECTIVE: To explore the clinical manifestations and characteristics of TPM1 gene variants causing Dilated cardiomyopathy (DCM) in children. METHODS: This study focused on a pediatric patient diagnosed with DCM associated with a TPM1 gene variant, who presented at the Pediatric Cardiology Department of Women and Children's Hospital of Ningbo University on October 1, 2024. A retrospective analysis of the clinical data was conducted. Peripheral blood samples were collected from the patient and both parents. Following extraction of genomic DNA, whole exome sequencing was carried out. Candidate variant was validated by Sanger sequencing in the family trio. Structural prediction and analysis of the mutant TPM1 protein were carried out using AlphaFold and PyMOL. In addition, a systematic literature review was conducted to summarize the clinical manifestations and genetic characteristics of DCM cases linked to TPM1 variants. This study was approved by the Medical Ethics Committee of the hospital (Ethics No.: EC2024-143). RESULTS: The patient, a 2-year-old girl, presented with delayed motor development. Colored Doppler ultrasound revealed left ventricular enlargement with slight endocardial thickening, mild-to-moderate mitral regurgitation, and reduced left ventricular systolic function. Whole exome sequencing revealed that she has harbored a heterozygous c.82_84del (p.Asp28del) variant of the TPM1 gene, which was detected in neither parent, suggesting a de novo origin or parental germline mosaicism. The three-dimensional structure of the TPM1 protein predicted by AlphaFold was analyzed in PyMOL, demonstrating that the variant may result in deletion of aspartic acid at position 28 (Asp28) and replacement with lysine (Lys28), forming new hydrogen bond interactions with residues Glu24, Ala31, and Glu32. A literature review has identified 10 English and 1 Chinese publication, collectively reporting 30 patients (including the present case) and 12 distinct TPM1 variants. Except for the deletion variant in this study, all others were missense variants, with the most common one being c.250G>A (p.Asp84Asn). Clinically, affected infants typically manifested as delayed motor/growth development, feeding difficulties, and dyspnea, while adult patients commonly presented with exertional dyspnea, palpitations, and dizziness as initial symptoms. CONCLUSION: This study has identified a de novo TPM1 variant c.82_84del (p.Asp28del) as a novel cause of pediatric DCM. Early genetic testing is crucial for the diagnosis, clinical management, and genetic counseling. Above finding has also enriched the mutational spectrum of TPM1-associated cardiomyopathy."
OpenAlex,mitral regurgitation,Patient-specific human heart 3D modelling by micro-CT image processing,Saeid Javadi,10.25419/rcsi.25699674,2026-07-30,Royal College of Surgeons in Ireland,"Human heart valve disorders rank among the leading causes of death and mortality with an affected population of over 4 million in Europe. Mitral regurgitation (MR) is a serious concern that, if left untreated, could progress to heart failure. Advancements in medical imaging and computational modelling have opened new avenues for studying mitral valve (MV) biomechanics, which are altered in the presence of MR. This thesis presents a comprehensive protocol for generating a robust finite element (FE) mesh of the human heart using micro-CT imaging and advanced image processing techniques. Five human hearts from individuals aged over 61 years at the time of their death were obtained. The MVs of these hearts were separately explanted. Both the hearts, with and without the MVs, were imaged using a micro-CT imaging modality with high-resolution capabilities. The MATLAB programming language was used to denoise and enhance contrast in the micro-CT images. Heart segmentation was explored through both manual techniques and the Region Growing algorithm, which automates the segmentation process by expanding a region based on similarity in properties such as intensity. The results demonstrated that the combination of linear Imadjust filtering to enhance image quality and Prewitt edge detection function to identify boundaries in the micro-CT images significantly improved the micro-CT images. While manual segmentation demanded substantial time investment, the Region Growing technique achieved faster reconstruction with smoother surface appearances. ANSA BETA software was employed for mesh generation, yielding high-resolution meshes tailored to distinct cardiac regions. Finite element analysis (FEA) using ABAQUS confirmed the robustness and quality of the meshes, providing a solid foundation for simulating cardiac tissue behaviour. This work contributes to the advancement of cardiac biomechanics research and offers valuable insights for medical device design and pathological modelling of MV within the domain of cardiac care."
OpenAlex,mitral regurgitation,Restoring Ventricular Geometry: Left Ventricular Reconstruction in a Patient with a Giant Left Ventricular Aneurysm and End-Stage Heart Failure,Horațiu Moldovan; Dobra Irina; Mircea Robu; Safta Maria Sabina; A C Guta; Voicu Alexandra; Gabriel-Petre Gorecki; Lucian Dorobanţu; Menicanti Lorenzo; Ondin Zaharia,10.3390/jcm15155937,2026-07-30,Journal of Clinical Medicine,"Post-infarction left ventricular aneurysm is an uncommon but severe mechanical complication of transmural myocardial infarction, particularly in patients with delayed presentation or incomplete myocardial salvage. It may lead to profound distortion of left ventricular geometry, adverse remodelling, intraventricular thrombosis, mitral regurgitation, pulmonary hypertension, and advanced heart failure. We report the case of a 65-year-old male patient referred two months after a late-presenting anterior ST-segment elevation myocardial infarction caused by proximal occlusion of the left anterior descending coronary artery. At admission, the patient presented with severe decompensated heart failure, low-output status, multiorgan dysfunction, and a left ventricular ejection fraction of 12%. Transthoracic echocardiography and cardiac magnetic resonance imaging demonstrated a giant apical left ventricular aneurysm involving approximately 75% of the ventricular cavity, partial intraluminal thrombosis, extensive transmural scarring in the left anterior descending territory, and imaging features suggestive of a chronic contained free-wall rupture/pseudoaneurysmal component. Following multidisciplinary evaluation, the patient underwent surgical ventricular reconstruction using an endoventricular circular restoration technique guided by an intraventricular balloon sizer, combined with left internal thoracic artery bypass grafting to the left anterior descending artery. The early postoperative course required temporary inotropic, vasopressor, inhaled nitric oxide, and intra-aortic balloon pump support, followed by progressive haemodynamic recovery. The patient was discharged on postoperative day seven with functional improvement to NYHA class II. At six-month follow-up, he remained clinically stable without overt signs of heart failure, and echocardiography showed preserved ventricular geometry and improvement of left ventricular ejection fraction to 45%. This case highlights the potential role of carefully planned, balloon-guided surgical ventricular reconstruction in selected patients with giant post-infarction left ventricular aneurysms and end-stage heart failure when residual viable myocardium is present."
OpenAlex,mitral regurgitation,A rare case of pheochromocytoma-induced reverse Takotsubo cardiomyopathy presenting as a catecholaminergic crisis,Foteini Petrea; Ιoannis Petropoulos; Foteini Thanasoula; Polyxeni Manifava; Marina Mitropoulou; Anna Dimoula; Evangelos Repasos; Nikolaos Aggelis; Athanasios Kallis; Ektor Anninos; Kimon Stamatelopoulos; Vasiliki Vasileiou,10.1007/s42000-026-00817-9,2026-07-30,HORMONES,
OpenAlex,mitral regurgitation,Association between triglyceride glucose–body mass index and clinical outcomes after septal myectomy,Changpeng Song; Xinxin Zheng; Jingang Cui; Xiaohong Huang; Qiulan Yang; Shuiyun Wang,10.3389/fendo.2026.1855510,2026-07-30,Frontiers in Endocrinology,"Aims This study examined the association between triglyceride glucose-body mass index (TyG–BMI) and clinical outcomes in patients with hypertrophic obstructive cardiomyopathy (HOCM) undergoing septal myectomy. Methods This retrospective cohort study was conducted at Fuwai Hospital, including 1,302 patients with HOCM who underwent septal myectomy. According to the tertile distribution of TyG–BMI, the participants were classified into three groups (T1–T3). The primary endpoint consisted of heart failure hospitalization or all-cause death. Results The mean age of the participants was 49.2 ± 11.8 years, of whom 61% (791) were men. During a median follow-up of 4.3 (3.1–6.2) years, the cumulative incidences of primary endpoint and all-cause death differed significantly across the three groups on the Kaplan–Meier analysis (log-rank P &amp;lt; 0.05). Cox analysis showed that patients in group T3 exhibited the greatest incidence rates of primary endpoint (adjusted hazard ratio (HR) = 2.00, 95% confidence interval (CI) 1.16–3.44, P = 0.012) as well as the highest risk of all-cause death (adjusted HR = 3.39, 95% CI 1.34–8.58, P = 0.010) compared to those in group T1. When treated as a continuous variable, TyG–BMI remained significantly linked to an elevated risk of primary endpoint (adjusted HR = 1.007, 95% CI 1.002–1.012, P = 0.009) and increased all-cause death (adjusted HR = 1.013, 95% CI 1.006–1.021, P = 0.001). Conclusions Higher TyG–BMI was associated with an increased risk of adverse long-term outcomes after septal myectomy in patients with HOCM."
OpenAlex,mitral regurgitation,Long-Term Survival Following Transcatheter Edge-to-Edge Repair Versus Guideline-Directed Medical Therapy in Functional Mitral Regurgitation: A Pooled Time-to-Event Analysis,A. Theertham; R. Kha; A. Bhat; T. Tan,10.1016/j.hlc.2026.07.324,2026-07-30,Heart Lung and Circulation,
OpenAlex,mitral regurgitation,Patient-specific human heart 3D modelling by micro-CT image processing,Saeid Javadi,10.25419/rcsi.25699674.v1,2026-07-30,Royal College of Surgeons in Ireland,"Human heart valve disorders rank among the leading causes of death and mortality with an affected population of over 4 million in Europe. Mitral regurgitation (MR) is a serious concern that, if left untreated, could progress to heart failure. Advancements in medical imaging and computational modelling have opened new avenues for studying mitral valve (MV) biomechanics, which are altered in the presence of MR. This thesis presents a comprehensive protocol for generating a robust finite element (FE) mesh of the human heart using micro-CT imaging and advanced image processing techniques. Five human hearts from individuals aged over 61 years at the time of their death were obtained. The MVs of these hearts were separately explanted. Both the hearts, with and without the MVs, were imaged using a micro-CT imaging modality with high-resolution capabilities. The MATLAB programming language was used to denoise and enhance contrast in the micro-CT images. Heart segmentation was explored through both manual techniques and the Region Growing algorithm, which automates the segmentation process by expanding a region based on similarity in properties such as intensity. The results demonstrated that the combination of linear Imadjust filtering to enhance image quality and Prewitt edge detection function to identify boundaries in the micro-CT images significantly improved the micro-CT images. While manual segmentation demanded substantial time investment, the Region Growing technique achieved faster reconstruction with smoother surface appearances. ANSA BETA software was employed for mesh generation, yielding high-resolution meshes tailored to distinct cardiac regions. Finite element analysis (FEA) using ABAQUS confirmed the robustness and quality of the meshes, providing a solid foundation for simulating cardiac tissue behaviour. This work contributes to the advancement of cardiac biomechanics research and offers valuable insights for medical device design and pathological modelling of MV within the domain of cardiac care."
OpenAlex,mitral regurgitation,Femoro-popliteal bypass with arterial perfusion cannula coupling of the VA-ECMO system to the prosthetic anastomosis in critical limb ischemia secondary to veno-arterial extracorporeal membrane oxygenation: a case report,Rafael E. Castellar Martinez; Maria C. Urina Cabas; Andres C. Castellar Martinez; Axel Adonai Tolstano,10.3389/fcvm.2026.1868969,2026-07-30,Frontiers in Cardiovascular Medicine,"Critical limb ischemia (CLI) secondary to femoral veno-arterial extracorporeal membrane oxygenation (VA-ECMO) is a recognized and morbid complication, with an incidence reaching 25.4% when prophylactic distal perfusion catheter (DPC) placement is omitted at cannulation. We report the case of a 77-year-old male [height 170 cm, weight 62 kg, body surface area (BSA) 1.72 m 2 ] with long QT syndrome (LQTS), dilated cardiomyopathy, and a recent mitral valve replacement who developed refractory cardiogenic shock and electrical storm in the postoperative period, requiring VA-ECMO support via femoro-femoral cannulation. Progressive CLI of the right lower limb was confirmed by duplex Doppler ultrasound on day 8 of extracorporeal support, demonstrating occlusive thrombosis at the popliteal level with near-absent infrapopliteal flow. The limb was classified as Society for Vascular Surgery (SVS) Class IIb (immediately threatened). Emergency surgical intervention included Fogarty thrombectomy and femoro-popliteal bypass with a 6 mm ringed Propaten graft. The novel technical element was the direct coupling of the VA-ECMO arterial perfusion cannula to the prosthetic anastomosis via a three-way Luer-lock stopcock, providing dual-source distal perfusion without requiring an independent perfusion catheter. Immediate limb perfusion was restored and confirmed intraoperatively. The patient subsequently died from refractory cardiogenic shock attributed to irreversible cardiac failure, precluding assessment of durable functional limb outcome. This case documents an innovative surgical strategy for refractory VA-ECMO-related CLI that may serve as a technical reference when standard distal perfusion strategies are insufficient."
OpenAlex,mitral regurgitation,5-Year Outcomes for Transcatheter Repair in Patients With Mitral Regurgitation From the CLASP Study,M. Ng; A. Januszewski; A. Moonen; K. Spargias; S. Lim; R. Makkar; S. Kar; R. Kipperman; W. O'Neill; L. Marcoff; A. Keech,10.1016/j.hlc.2026.07.1089,2026-07-30,Heart Lung and Circulation,
OpenAlex,mitral regurgitation,A Meta-Analysis on Transcatheter Edge-to-Edge Repair for Functional Mitral Regurgitation (MR) in Heart Failure,K. Thaw; N. Hopkins; D. Murdoch; C. Raffel; G. Scalia; D. Walters,10.1016/j.hlc.2026.07.1052,2026-07-30,Heart Lung and Circulation,
OpenAlex,mitral regurgitation,Cardiac myxosarcoma: a case report,Antonio Cabodevila-Maldonado; Alberto Aranda‐Frausto; Celso Mendoza-González,10.24875/acme.m26000673,2026-07-29,Archivos de cardiolog�a de M�xico (English ed Internet),"Case reportA 43-year-old woman with no relevant past medical history.One month prior to her evaluation, she developed dyspnea that progressed to dyspnea at rest, orthopnea, paroxysmal nocturnal dyspnea, and bendopnea, in addition to lower-limb edema and presyncope associated with physical exertion.She received optimal medical therapy with furosemide 40 mg daily, which led to symptomatic improvement, although shortly thereafter she developed chest pain at rest, oppressive, intense, prolonged, without radiation, accompanied by diaphoresis and nausea, for which she presented to our center."
OpenAlex,mitral regurgitation,Endovascular rescue of severe left ventricular dysfunction in middle aortic syndrome diagnosed as end-stage cardiomyopathy,Justo J. Santiago-Peña; Yudisay Molina-Mora; Javier Castro-Monsalve; Felipe Rubio-Duarte; Alexandra Hurtado-Ortiz,10.24875/acme.m25000610,2026-07-29,Archivos de cardiolog�a de M�xico (English ed Internet),
OpenAlex,mitral regurgitation,Mitral Valve Posteromedial Papillary Muscle Head Rupture Presenting After Liposomal Doxorubicin Chemotherapy for Metastatic Lung Liposarcoma: A Case Report,Shivam Desai; NARAYANA R GANDHAM,10.1093/ehjcr/ytag566,2026-07-29,European Heart Journal - Case Reports,"Abstract Background Doxorubicin-induced cardiotoxicity classically manifests as dose-dependent left ventricular systolic dysfunction. Herein, we describe an unusual case of acute mitral papillary muscle rupture following cumulative anthracycline therapy, presenting despite a preserved ejection fraction. Case Summary A 78-year-old woman with metastatic liposarcoma and multiple cardiovascular risk factors developed acute dyspnea one week after completing liposomal doxorubicin (cumulative absolute dose 534 mg). She previously received 5-fraction stereotactic body radiation therapy (SBRT) to the lower lung lobes in September 2024 (9 months prior), targeting fields in close geographic proximity to the diaphragmatic and inferior heart walls. Surveillance echocardiograms from 2022 to 2025 showed a preserved left ventricular ejection fraction (LVEF 65–75%). At presentation, cardiac biomarkers showed a normal BNP and flat, minimally elevated troponins. Transesophageal echocardiography confirmed an acute rupture of the posteromedial papillary muscle head and associated chordae causing severe (4+) mitral regurgitation. Open surgical intervention was deferred due to advanced malignancy and goals of care. Her acute heart failure was optimized medically with intravenous loop diuretics, low dose lisinopril for afterload reduction, and metoprolol succinate, while home amlodipine and hydrochlorothiazide were discontinued. She stabilized and is undergoing evaluation for transcatheter edge-to-edge repair. Discussion While a direct causal link is unproven, this case highlights a rare structural complication. We present this “two-hit” model as a hypothesis-generating observation, suggesting that chemotherapy-induced structural changes might compound underlying ischemic or radiation-induced vulnerabilities. As such, advanced imaging modalities may offer value in future efforts to implement risk-adapted surveillance."
OpenAlex,mitral regurgitation,,"Valeriani, Emanuele; 
              
            

          

            
              
              Pannunzio, Arianna; 
              
            

          

            
              
              Menichelli, Danilo; 
              
            

          

            
              
              Prisco, Domenico; 
              
            

          

            
              
              Ageno, Walter; 
              
            

          

            
              
              Pastori, Daniele; 
              
            

          

            
              
              Pignatelli, Pasquale:",10.1055/s-016-64027,2026-07-29,Thrombosis and Haemostasis,"Left ventricular thrombus (LVT) represents a potential life-threatening condition burdened by a significant risk of systemic embolism.Despite the relevance of the disease, there are scanty data on antithrombotic management of LVT mostly deriving from small observational studies and few randomized controlled trials.It has been reported that anticoagulant therapy reduces the rate of thrombus formation, allows thrombus resolution in most cases, and limits the risk of embolic complications.Several issues, however, still remain unresolved and clinicians caring for these patients have to decide on the need and on the regimen of antithrombotic therapy based on their expertise and data from different clinical scenario.This position paper of the Italian Society of Hemostasis and Thrombosis (SISET) aims to provide practical advice and guidance in the form of text, tables, and figures for clinicians dealing with LVT.Relevant clinical questions related to LVT have been identified concerning the identification of patients at risk; the role of anticoagulant prophylaxis on LVT development; the type, dose, and duration of anticoagulant therapy; and the management of patients receiving concomitant antiplatelet therapy.A systematic search has been performed to identify available evidence on the topic that has been carefully and critically reviewed by the national expert authors to support the suggestions and recommendations."
OpenAlex,mitral regurgitation,Nephritis IgA Vasculitis (Henoch-Schönlein Purpura) Associated with Previous Streptococcal Infection and Acute Rheumatic Fever: A Case Report,Putu Evindya Vipascitadewi Nandanaya Bharata; I Made Setiadji; Putu Ayu Dewita Ganeswari; Luh Putu Venny Cempaka Sari,10.18051/jbiomedkes.2026.v9.162-172,2026-07-29,Jurnal Biomedika dan Kesehatan,"Henoch–Schönlein purpura (HSP), now known as IgA vasculitis (IgAV), is an immune-mediated small-vessel vasculitis that primarily affects children. Although its precise etiology remains unclear, group A streptococcal infection is a well-recognized potential immune trigger. The co-occurrence of IgAV, acute rheumatic fever (ARF), rheumatic heart disease (RHD), and Sydenham chorea is an extremely rare clinical phenotype with high educational value. We report an adolescent male presenting with the classic systemic tetrad of IgAV: generalized palpable purpura, migratory arthralgia, abdominal pain, and nephritis (hematuria and proteinuria). Laboratory testing revealed elevated anti-streptolysin O (ASLO) titers (400 IU/mL) after recent pharyngitis. Concurrently, the patient met the Jones criteria for ARF, with Sydenham chorea and echocardiographic evidence of carditis consistent with RHD. Skin biopsy confirmed leukocytoclastic vasculitis, though direct immunofluorescence (DIF) for tissue IgA deposition was unavailable. Treatment with systemic corticosteroids led to significant short-term clinical improvement. However, due to geographical constraints, the patient transferred care to his regional hospital, precluding long-term longitudinal assessment of proteinuria and glomerular filtration rate (GFR) at our tertiary center. This case highlights a challenging clinical intersection of post-streptococcal syndromes and IgAV. Although the lack of DIF and definitive bacterial cultures is a diagnostic limitation, the classical clinical presentation and histopathology strongly support the working diagnosis."
OpenAlex,mitral regurgitation,Case Report: Dynamic characteristics of myocardial depression after severe bupivacaine-induced local anesthetic systemic toxicity,Shujian Zhang; Bingjie Lai; Yang Hu; Fuxi Ji; Qi Yang; Yongjie Yin; Jiakun Tian; Debiao Song,10.3389/fcvm.2026.1896055,2026-07-29,Frontiers in Cardiovascular Medicine,"Background Bupivacaine-induced local anesthetic systemic toxicity (LAST) can lead to severe myocardial depression and circulatory collapse, and some patients may require venoarterial extracorporeal membrane oxygenation (VA-ECMO) support. However, serial and visually interpretable clinical data regarding the dynamic changes in cardiac function, the timing of the nadir, and the recovery trajectory of severe bupivacaine-induced myocardial depression remain limited. Case presentation A 32-year-old woman at term underwent combined spinal-epidural anesthesia. Shortly after intrathecal administration of 2.0 mL of 0.5% bupivacaine, she developed sacrococcygeal numbness, limb tremors, and bilateral lower-limb convulsions, followed by rapid progression to severe circulatory collapse. Bedside echocardiography revealed markedly impaired left ventricular systolic function, with a left ventricular ejection fraction (LVEF) of approximately 27%. Despite treatment with lipid emulsion and vasoactive agents, hemodynamic stability could not be maintained, and VA-ECMO support was therefore initiated. Serial bedside echocardiography showed that cardiac function reached its nadir 24 h after symptom onset, with a stroke volume of 10.4 mL and an LVEF of 13.2%. Cardiac function then remained at a low-level plateau for the following several days and showed marked recovery approximately 120 h after onset, meeting the criteria for ECMO weaning. After decannulation, cardiac function continued to improve, and the patient was successfully extubated and transferred to the obstetrics department for further management. Conclusions Severe bupivacaine-induced myocardial depression may be characterized by a delayed functional nadir followed by a reversible recovery process. VA-ECMO can provide effective circulatory support for cardiogenic shock refractory to conventional therapy. Serial bedside echocardiography may help assess the trajectory of cardiac recovery and guide the timing of ECMO weaning."
OpenAlex,mitral regurgitation,Assessing myocardial work to predict left ventricular remodeling after ST-segment elevation myocardial infarction: associations with left atrial and left ventricular strain,Gomaa Abdelrazek; Mahmoud H. Mahmoud; Gousay A. Alkhazmari; Tarneem M. Alghamdi; Khaled A. Elkhashab; Hassan M. Ebeid; Moustafa K. Saad,10.1186/s44348-026-00081-w,2026-07-29,Journal of Cardiovascular Imaging,"BACKGROUND: Left ventricular ejection fraction (LVEF) is the standard marker for systolic function, but it fails to detect subtle changes in myocardial contractility in patients after an ST-elevation myocardial infarction (STEMI). Thus, a new way to evaluate left ventricular (LV) function with high precision is needed to assess disease progression and guide therapeutic interventions. This study evaluates the prognostic significance of left atrial (LA) strain, LV strain, and myocardial work in patients who have undergone primary percutaneous coronary intervention (pPCI) post-STEMI. METHODS: The study population was 100 patients diagnosed with STEMI, all of whom received pPCI for their first STEMI event. Patients were admitted to one of two centers, the cardiology department of Fayoum University in Egypt or the cardiac center at King Fahd University Hospital in Saudi Arabia, between November 2022 and March 2024. Conventional echocardiography and 2D speckle-tracking echocardiography (2D-STE) were performed on each participant within 24 h after pPCI and then repeated at least 6 months later. Myocardial work parameters, the global work index, global constructive work (GCW), global wasted work, and global work efficiency and LA strain parameters were derived from 2D-STE and analyzed for their association with subsequent LV remodeling. RESULTS: Myocardial work parameters (e.g., global longitudinal strain) were associated with LV remodeling after STEMI treated with pPCI, with GCW showing the most significant association with LV remodeling among the myocardial work indices evaluated. Furthermore, LV remodeling was associated with significantly impaired cardiac structure and function. Patients who developed LV remodeling exhibited higher LV volumes, lower LVEFs, impaired myocardial work parameters, and longer door-to-balloon times than those without remodeling. Additionally, LA function (e.g., LA ejection fraction) was significantly compromised in the remodeling group. CONCLUSIONS: Myocardial work and strain parameters were associated with LV remodeling after STEMI treated with pPCI. GCW demonstrated the strongest association with LV remodeling in the present cohort."
OpenAlex,mitral regurgitation,Prognostic Impact of New-Onset Left Bundle Branch Block After TAVR According to Preoperative Diastolic Dysfunction Severity,Takahiro Ohmori; Koichi Maeda; Kyongsun Pak; Yusuke Hamada; Akinobu Ohtani; Yusuke Yanagino; Kazuma Handa; Takura Taguchi; Kunitaka Kumagai; Koichi Inoue; Shohei Yamada; Yusuke Misumi; Kizuku Yamashita; Ai Kawamura; Arudo Hiraoka; Daisuke Yoshioka; Kazuo Shimamura; Haruhiko Kondoh; Hidenori Yoshitaka; Shigeru Miyagawa,10.1093/ehjvshd/xwag063,2026-07-29,European Heart Journal - Valvular and Structural Heart Disease,"Abstract Background and Aims The prognostic impact of new-onset left bundle branch block (LBBB) after transcatheter aortic valve replacement (TAVR) remains unclear. We aimed to investigate whether its impact differs according to preoperative diastolic dysfunction (DD) severity. Methods Among 2006 patients who underwent TAVR between January 2016 and December 2021 at eight Japanese centers, 853 were classified as having grade 1 to 3 DD according to the American Society of Echocardiography guidelines. Patients were stratified into grade 1 DD (n = 348, 40.8%) and grade 2–3 DD cohorts (n = 505, 59.2%). The primary endpoint was 3-year all-cause death or rehospitalization for heart failure or arrhythmia. Results Follow-up completeness at 3 years was 78.8% (672/853). Median age was 84 years (interquartile range, 81–87), and 511 patients (59.9%) were female. New-onset LBBB was observed in 146 patients (17.1%) and was associated with the primary endpoint (adjusted hazard ratio [aHR], 1.54; 95% confidence interval [CI], 1.10–2.17; P = 0.012). In the grade 2–3 DD cohort, new-onset LBBB was associated with the primary endpoint (aHR, 1.99; 95% CI, 1.35–2.94; P = 0.001), whereas no association was observed in the grade 1 DD cohort (aHR, 0.87; 95% confidence interval [CI], 0.39–1.96; P = 0.74). The association differed significantly by DD grade (P for interaction = 0.028). Conclusions New-onset LBBB was associated with worse outcomes after TAVR, especially in grade 2–3 DD. DD grading may help identify patients more susceptible to adverse impact of new-onset LBBB."
OpenAlex,mitral regurgitation,Anthracycline-induced left atrioventricular dyssynchrony in children with leukemia: a cardiac magnetic resonance imaging study of functional and strain analysis,Yi Liao; Yang Jia; Zhigang Yang; Linjun Xie; Shiyu Xiong; Yilei Wang; Lei Xiangao; Yingkun Guo; Rong Xu,10.3389/fcvm.2026.1874142,2026-07-29,Frontiers in Cardiovascular Medicine,"Background The 2022 European Society of Cardiology on cardio-oncology guidelines emphasized anthracycline chemotherapy's dose-dependent cardiotoxicity, identifying reduced left ventricular (LV) strain as a sensitive biomarker for early myocardial injury. However, left atrial (LA) structural/functional changes assessed via cardiac magnetic resonance (CMR) remain underexplored. Methods This cross-sectional cohort study included 109 pediatric leukemia patients (2015–2021) and 40 age-matched controls. Leukemia patients were stratified into low-/high-dose anthracycline groups. CMR parameters (LA ejection fraction [LAEF], LV strain [LVS], LA strain [LAS], and left atrioventricular coupling index [LACI]) were analyzed. Linear regression evaluated strain-LACI relationships; Spearman's correlation assessed LAS-LVS associations. Results Leukemia patients exhibited higher LA contraction strain (Ɛa: 24% vs. 21%, p = 0.025) but lower total/passive LAEF [73 ± 8 vs. 78 ± 7; 50 [40,56] vs. 59 [53,65]] and higher LV ejection fraction (64.5 ± 5.5 vs. 62.4 ± 5.7) than that in controls. LAS-LVS correlations were stronger in controls (r = 0.32–0.52) than leukemia (r = 0–0.27). Among leukemia patients, low-dose patients had higher active LAEF (48 ± 14 vs. 39 ± 16) and weaker LAS-LVS correlations than high-dose group(r = 0–0.28 vs. r = 0–0.42), while high-dose group showed elevated LACI ( β =9.68, p = 0.018) correlating with the cumulative anthracycline dose. Conclusions Anthracyclines disrupt LA-LV coordination in pediatric leukemia, with higher doses exacerbating atrial strain impairment. These findings highlight CMR-derived strain parameters as critical for monitoring anthracycline-induced cardiac impairment."
OpenAlex,valvular heart disease,"Survival of Stroke Patients According to Hypertension Status and its Predictors at Tikur Anbesa Specialized Hospital, Addis Ababa, Ethiopia: A Retrospective Cohort Study",Selamawit Abayneh Ayen; Alemayehu Werku; Hussen Mekonnen; Fikiru Tsehay; Yared Mamushet; Obsa Abebe Bekele,10.21203/rs.3.rs-10220804/v1,2026-07-30,Research Square,
OpenAlex,valvular heart disease,Validation for Valvular Heart Disease Assessment of a Multi-Video View-Informed Vision-Language Model in Japanese Patients,H. Hayama; X. Zhu; J. Kirigaya; Y. Katayama; T. Negishi; K. Ozawa; Y. Hiroi; K. Negishi,10.1016/j.hlc.2026.07.218,2026-07-30,Heart Lung and Circulation,
OpenAlex,valvular heart disease,Prevalence and outcomes of atrial fibrillation in hospitalizations during pregnancy and puerperium,Zhenyu Zeng; Suxuan Liu; Shengyong Wu; Feifei Dong; Fei Luo; Li Quan; Chenxin Chen; Xudong Xu; Zhifu Guo; Cheng Wu,10.3389/fcvm.2026.1814450,2026-07-30,Frontiers in Cardiovascular Medicine,"Background Atrial fibrillation (AF) is a common cardiac arrhythmia, but data on the impact during delivery remains limited. Objectives The aim of the study is to examine a) the prevalence of AF during pregnancy and puerperium, b) the association between AF and adverse outcomes, and c) the association between adverse cardiovascular outcomes and CHA 2 DS 2 -VASc scores in patients with AF. Methods The National Inpatient Sample (NIS) database was used to identify pregnancy-related hospitalizations between 2008 and 2017. Adverse outcomes included: in-hospital mortality, stroke, acute heart failure, cardiogenic shock, acute kidney failure, and acute myocardial infarction. Logistic models were constructed to explore the relationship between AF and adverse outcomes. Results Of 40,996,860 pregnancy- and puerperium-related hospitalizations, 15,162 (0.037%) also had AF. The prevalence of AF increased from 2.18 (95%CI = 2.04–2.31) per 10,000 hospitalizations in 2008 to 4.87 (95%CI = 4.65–5.09) per 10,000 in 2017 ( P trend &amp;lt; 0.001). The proportion of patients with AF increased with advanced maternal age ( P trend &amp;lt; 0.001). The prevalence of AF was higher in Black individuals, those from low-income households, and those with advanced maternal age ( P trend &amp;lt; 0.001). Maternal patients with AF had significantly higher in-hospital mortality (OR = 2.02, 95%CI = 1.56–2.61, P &amp;lt; 0.001). Stroke, acute myocardial infarction, acute heart failure, and cardiogenic shock were associated with increasing CHA 2 DS 2 -VASc scores in patients with AF ( P trend &amp;lt; 0.001). Conclusions The prevalence of AF has been increasing in the pregnant and puerperium population and is associated with adverse outcomes. Higher CHA 2 DS 2 -VASc scores are associated with adverse outcomes in maternal patients with AF."
OpenAlex,valvular heart disease,Early time-weighted average PEEP and mortality in sepsis-associated myocardial injury requiring invasive mechanical ventilation: a retrospective cohort study with external validation,Hongfei Ge; Fangchao Chen; Lili Peng; Huayi Ma; Sixing Li; Juntao Hu; Zhanhong Tang,10.3389/fcimb.2026.1839805,2026-07-30,Frontiers in Cellular and Infection Microbiology,"Background Sepsis-associated myocardial injury (SAMI) defines a cardiovascularly vulnerable population in whom ventilatory strategies may affect hemodynamic stability. Accordingly, we investigated whether higher early time-weighted average (TWA) positive end-expiratory pressure (PEEP) is associated with mortality in patients with SAMI. Methods This retrospective study used Medical Information Mart for Intensive Care IV (MIMIC-IV) and an external cohort to examine adult intensive care unit (ICU) patients with SAMI who received invasive mechanical ventilation (IMV) within 24 h of ICU admission. Associations with ICU and in-hospital mortality were estimated using generalized propensity score (GPS) weighting in covariate-adjusted logistic regression models. Nonlinearity was evaluated using restricted cubic splines. Effect modification was examined in prespecified subgroups, and robustness was assessed through sensitivity analyses. Results The derivation cohort included 3,421 patients, with ICU and in-hospital mortality rates of 29% and 37%, respectively. In the primary GPS-weighted covariate-adjusted model, each 1 cmH 2 O increase in early TWA PEEP was associated with higher ICU mortality (adjusted odds ratio [OR], 1.14; 95% confidence interval [CI], 1.10–1.18) and in-hospital mortality (adjusted OR, 1.11; 95% CI, 1.07–1.15). Restricted cubic spline analyses suggested a generally increasing risk pattern without a clear threshold. Subgroup analyses showed no significant effect modification, and sensitivity analyses addressing exposure definition, timing, incomplete observation, and alternative covariate adjustment yielded consistent results. In the external validation cohort (n = 285), the association remained directionally consistent for ICU mortality (OR, 1.31; 95% CI, 1.08–1.59) and in-hospital mortality (OR, 1.29; 95% CI, 1.07–1.57). Conclusions Among patients with SAMI receiving invasive mechanical ventilation, higher early TWA PEEP was consistently associated with increased ICU and in-hospital mortality in both derivation and external validation cohorts."
OpenAlex,valvular heart disease,Spontaneous intramural jejunal hematoma presenting as small bowel obstruction in a patient with warfarin over-anticoagulation: a case report,Ki Hoon Kim,10.17479/jacs.2026.0004,2026-07-30,JOURNAL OF ACUTE CARE SURGERY,"Spontaneous intramural small bowel hematoma is a rare complication of anticoagulant therapy that can mimic acute abdomen or mechanical bowel obstruction. This report describes a 66-year-old man with valvular heart disease who was receiving long-term warfarin therapy after surgical aortic valve replacement and presented with diffuse abdominal pain. Computed tomography revealed long-segment bowel wall thickening of the distal jejunum with submucosal edema, findings consistent with an intramural hematoma. During hospitalization, the patient developed a marked hemoglobin decrease, from 13.0 to 6.0 g/dL, along with radiological progression of the hematoma and hemoperitoneum. However, he remained hemodynamically stable and was successfully managed conservatively with bowel rest, intravenous vitamin K, and transfusion of fresh frozen plasma and packed red blood cells. This case suggests that spontaneous intramural small bowel hematoma should be considered in the differential diagnosis of acute abdomen in anticoagulated patients. Even in the presence of severe anemia and hemoperitoneum, conservative management may be safe and effective in hemodynamically stable patients and may help avoid unnecessary surgical intervention."
OpenAlex,valvular heart disease,Case Report: A large right atrial hemangioma: multimodal imaging and postoperative follow-up,Tianhe Ye; Cong Liu,10.3389/fradi.2026.1821324,2026-07-30,Frontiers in Radiology,"Primary cardiac tumors are extremely rare, and hemangiomas represent only a small subset, with right atrial involvement being particularly uncommon, posing diagnostic challenges due to non-specific symptoms and overlapping imaging features. We present a 55-year-old male with an incidentally discovered right atrial mass initially suspected to be a myxoma. Multimodal imaging with transthoracic echocardiography (TTE) and cardiac magnetic resonance (CMR) was performed: TTE identified a large mobile mass causing partial tricuspid obstruction, while CMR with quantitative diffusion-weighted imaging/apparent diffusion coefficient (DWI/ADC) provided detailed tissue characterization and anatomical mapping, revealing typical features of a hemangioma. Surgical resection was performed via median sternotomy under cardiopulmonary bypass. The mass, arising from the right atrial posterior wall and interatrial septum, was completely excised, and the atrial defect was repaired with a pericardial patch. Histopathology and immunohistochemistry confirmed a benign capillary hemangioma. Postoperative echocardiography demonstrated reduced right atrial diameter, resolution of obstruction, and mild stable tricuspid regurgitation, with no major complications. Combined TTE and CMR multimodal imaging is crucial for accurate preoperative diagnosis and surgical planning of right atrial hemangiomas. Complete surgical resection achieves favorable outcomes, and long-term multimodal imaging follow-up is recommended to exclude recurrence."
OpenAlex,valvular heart disease,The spectrum of pregnancy-induced cardiac remodeling: transitioning from healthy adaptive hypertrophy to peripartum cardiomyopathy,Kelly N. Araujo; Pooja Choubey; Michelle L. Matter,10.3389/fcell.2026.1878716,2026-07-30,Frontiers in Cell and Developmental Biology,"Pregnancy imposes profound hemodynamic, metabolic, and biomechanical stresses on the heart, requiring coordinated structural and molecular adaptations to preserve cardiac function. To compensate, the cardiovascular system undergoes significant reversible adaptations, such as increased blood volume and elevated cardiac output. Such alterations induce physiological left ventricular hypertrophy that is regulated, in part, by mechanotransduction, a process by which cells convert mechanical stimuli such as stretch and pressure into biochemical pathways. Integrin-mediated complexes link cardiomyocytes with the extracellular matrix (ECM), allowing the myocardium to sense increased wall stress/stretch and activate cardioprotective signaling cascades. Together, these pathways preserve cytoskeletal integrity, sustain cardiomyocyte viability, and promote adaptive hypertrophic growth that regresses post-partum as hemodynamic load returns to pre-pregnancy levels. However, within a subset of pregnant women, this healthy adaptive response becomes dysregulated and adaptive hypertrophy transitions into maladaptive, leading to peripartum cardiomyopathy (PPCM) with heart failure (HF). PPCM has a mortality rate between 7% and 15%, establishing it as a significant cause of maternal death globally. Here, we discuss integration of mechanotransduction and cell survival pathways to support cardiac adaptation during pregnancy. Elucidating the role of gene variants and mechanotransduction in the pregnant heart may lead to improved patient outcomes in PPCM and HF."
OpenAlex,valvular heart disease,AI-Guided Digital Auscultation for Detection of Moderate-to-Severe Valvular Heart Disease,M. Moniruzzaman; H. Mahmood; N. Perez Diaz; M. Abul Hasnat; A.K.M. Monwarul Islam; S. Zaman; M. Kashem Muna; A. Hooper; Tasnim Mithila; S. Mohammed Shamsul Islam; G. Dwivedi; A. Rahman Ihdayhid,10.1016/j.hlc.2026.07.961,2026-07-30,Heart Lung and Circulation,
OpenAlex,valvular heart disease,A case series of pregnant women with heart valve disease: i muri sono nella mente,С. В. Кручинова; L.I. Sarkisyan; Е. Д. Космачева,10.17116/kardio20261904162,2026-07-30,Russian Journal of Cardiology and Cardiovascular Surgery,"Pregnancy is one of the most important stages in every woman’s life. It is accompanied by significant body changes. These changes affect cardiovascular system, especially in women with pre-existing heart diseases. Often, doctors who encounter such patients face difficult choices in how to manage these women. We will review a series of unique clinical cases of pregnant patients with valvular heart defects. We hope these data will help our colleagues in working with this category of patients."
OpenAlex,valvular heart disease,Intracardiac Migration of an Iliac Venous Stent to the Right Ventricle Causing Tricuspid Regurgitation Managed by Surgical Extraction: A Case Report,Driss Britel; Emane Mengue Phalex; Soumia Faid; Mehdi Moujahid; Zouhair Lakhal,10.7759/cureus.113651,2026-07-30,Cureus,"Venous stenting is increasingly used in the management of chronic obstructive venous disease, particularly in severe post-thrombotic syndrome, iliocaval obstruction, and extrinsic iliac vein compression. Although this technique is generally effective and safe, rare but potentially serious complications may occur, including stent migration to the right-sided cardiac chambers. We report the case of a 72-year-old man with a history of deep venous thrombosis treated by left iliac venous stenting approximately 20 years earlier. He presented with a cough and hemoptysis evolving over three months. Chest computed tomography angiography revealed a suspicious right basal pulmonary lesion, which remained under investigation, and an intracardiac foreign body corresponding to a migrated venous stent within the right-sided cardiac chambers. On admission to the intensive care unit, the patient had clinical signs of right-sided heart failure. Transthoracic echocardiography confirmed a stent straddling the right atrium and right ventricle, in contact with the septal leaflet of the tricuspid valve and causing moderate tricuspid regurgitation. Because of its entanglement with the tricuspid valve apparatus, endovascular retrieval was considered unsuitable. The patient underwent surgical extraction through median sternotomy under cardiopulmonary bypass. The postoperative course was uneventful, and the patient was discharged on postoperative day nine. At three-week follow-up, he remained asymptomatic and clinically stable. Intracardiac migration of a venous stent is rare but may lead to severe complications, including valvular injury, arrhythmia, embolization, perforation, and heart failure. This case highlights the importance of appropriate stent sizing, careful deployment, and long-term clinical and imaging surveillance after venous stenting."
OpenAlex,valvular heart disease,Describing the Experience of Using Exercise Echocardiography for Pre-Pregnancy Counselling of Women With Valvular Heart Disease,M. Martin; K. English; D. Zentner,10.1016/j.hlc.2026.07.113,2026-07-30,Heart Lung and Circulation,
OpenAlex,valvular heart disease,When Myocardial Work Meets Exercise: Redefining Functional Reserve in Hypertrophic Cardiomyopathy,Erwan Donal; Paul Calin Craciun; Adrien Al Wazzan,10.1159/000551566,2026-07-30,Cardiology,"Hypertrophic cardiomyopathy (HCM) remains a paradox of modern cardiology: a disease defined by structural excess yet functionally characterized by insufficiency. Patients may exhibit marked myocardial hypertrophy while maintaining a normal ejection fraction and minimal symptoms at rest, only to reveal profound exercise limitation and arrhythmic vulnerability under stress [1, 2]. This dissociation between structure and apparent resting function has long challenged clinicians seeking sensitive markers of disease severity and progression. In this context, the study by Lin et al. [3] introduces a timely and conceptually important approach: the integrated assessment of left-ventricular myocardial work and cardiopulmonary exercise performance.Their findings reinforce a critical shift in cardiovascular imaging – from static evaluation of myocardial deformation toward dynamic characterization of energetic efficiency and contractile reserve. By combining non-invasive pressure-strain loop (PSL)-derived myocardial work with cardiopulmonary exercise testing (CPET), the authors illuminate a fundamental pathophysiological signature of HCM: the inability of hypertrophied myocardium to augment constructive work under physiological stress, accompanied by disproportionate increases in wasted work and mechanical dispersion [3, 4].Beyond deformation: myocardial work as a functional currency: Over the past decade, global longitudinal strain has emerged as a sensitive marker of systolic dysfunction in HCM, often abnormal despite preserved ejection fraction. Yet global longitudinal strain remains load-dependent and provides limited insight into myocardial energetics. Myocardial work analysis, derived from PSLs integrating strain and blood pressure, offers a more physiologically grounded metric by approximating the mechanical energy generated during systole [5, 6].Lin et al. [3] demonstrate that patients with non-obstructive HCM exhibit markedly reduced global constructive work and work efficiency alongside increased wasted work at rest, despite normal chamber size and ejection fraction. These findings underscore that contractile impairment in HCM is not merely a reduction in deformation amplitude but a deterioration in the efficiency with which myocardial fibers convert metabolic energy into effective stroke work. This distinction is crucial. In hypertrophied myocardium, fiber disarray and interstitial fibrosis create heterogeneous activation patterns and local energy dissipation. Myocardial work, therefore, becomes a more direct reflection of disease biology than strain alone, capturing both contractile strength and synchrony [4]. In this sense, myocardial work may be viewed as the “functional currency” of the ventricle – quantifying how much useful mechanical output is produced per cardiac cycle.Stress unmasks the energetic deficit of hypertrophy: The most compelling contribution of the present study lies not in resting abnormalities but in their dynamic evolution during exercise. In healthy individuals, exercise provokes a coordinated increase in constructive work and global work index, reflecting enhanced contractility and efficient recruitment of myocardial reserve. Lin et al. show that this physiological adaptation is strikingly absent in HCM: constructive work fails to increase, while wasted work and strain dispersion rise significantly after CPET [7, 8].This pattern reveals a defining characteristic of hypertrophic myocardium – energetic rigidity. Faced with increased afterload and metabolic demand, the diseased ventricle cannot augment useful work; instead, it dissipates energy through asynchronous contraction and ineffective fiber shortening. The result is an apparent plateau in global work despite escalating oxygen demand, a mechanical correlate of the well-known exercise intolerance of HCM. Conceptually, this observation reframes HCM as a disorder of impaired contractile reserve rather than solely excessive hypertrophy. It also aligns with emerging evidence from metabolic imaging and microvascular studies demonstrating reduced energetic efficiency and limited ATP availability in hypertrophied myocardium. The inability to increase constructive work during stress thus integrates structural, metabolic, and mechanical derangements into a unified functional phenotype. A second key insight arises from the relationship between myocardial work parameters and maximal wall thickness. The authors identify peak strain dispersion, constructive work, and wasted work as independent correlates of hypertrophy severity [2, 3]. These finding positions myocardial work metrics as intermediaries between structural remodeling and clinical expression. Notably, associations between maximal wall thickness and CPET indices observed in univariable analysis disappeared after adjustment, suggesting that exercise capacity in HCM is mediated primarily through mechanical inefficiency rather than hypertrophy per se. In other words, wall thickness influences symptoms not directly but through its impact on synchrony and energetic performance. This distinction has practical implications: therapies aimed at improving myocardial efficiency or coordination may enhance functional status even without substantial regression of hypertrophy. The integrated PSL-CPET approach thus provides a mechanistic bridge linking imaging and physiology. Exercise intolerance in HCM emerges not simply from diastolic stiffness or outflow obstruction but from an inability to convert metabolic demand into effective systolic work. Such insights advance our understanding beyond descriptive correlations toward causal pathways [4].Traditional HCM assessment relies largely on static parameters – wall thickness, obstruction gradients, fibrosis burden, and resting strain. While prognostically relevant, these markers capture only snapshots of myocardial state. The present study advocates a dynamic phenotype, defined by how the ventricle responds to physiological challenge (Fig. 1).Three elements characterize this phenotype.1.Blunted augmentation of constructive work during stress2.Exaggerated increase in wasted work and mechanical dispersion3.Mismatch between metabolic demand and mechanical outputTogether, these features describe a ventricle that is structurally hypertrophied yet functionally constrained – a myocardium capable of contraction but incapable of coordinated, energy-efficient recruitment under load. Such a framework resonates with contemporary concepts of myocardial reserve across cardiomyopathies and may refine risk stratification in HCM [7, 9, 10].Importantly, this dynamic perspective parallels shifts occurring in other domains of cardiology. In heart failure with preserved ejection fraction, stress echocardiography has revealed impaired contractile reserve despite normal resting metrics. In valvular disease, exercise testing unmasks latent dysfunction. Extending this paradigm to HCM via myocardial work analysis represents a logical and innovative progression [3].Beyond pathophysiology, the combined PSL-CPET approach may carry several clinical implications:Early detection of subclinical dysfunction: the observation that myocardial work abnormalities precede changes in ejection fraction or chamber size suggests potential utility in identifying patients at risk of functional decline. Such sensitivity is particularly relevant in genotype-positive or mildly hypertrophied individuals.Objective quantification of exercise limitation: by linking myocardial work response directly to CPET performance, clinicians may better distinguish cardiac from peripheral determinants of reduced peak oxygen consumption. This could refine exercise recommendations and rehabilitation strategies.Monitoring therapeutic interventions: emerging treatments in HCM – including myosin inhibitors – aim to improve energetic efficiency and contractile balance. Myocardial work reserve during stress may provide a mechanistic endpoint to evaluate such therapies, complementing traditional imaging and symptomatic measures.Risk stratification: mechanical dispersion and wasted work have been associated with arrhythmic risk in other cardiomyopathies. Their augmentation during stress could potentially identify electrically unstable substrates in HCM, although prospective validation is required.Thus, myocardial work under stress may evolve from a descriptive imaging parameter into a functional biomarker guiding management [3].While conceptually compelling, several methodological aspects warrant discussion. The study cohort is modest and limited to non-obstructive HCM, precluding phenotype-specific analysis. Exercise protocols and post-exercise imaging timing may influence measured responses, and load-independent confirmation using invasive pressure–volume loops remains desirable. Longitudinal outcome data are also lacking, leaving prognostic implications speculative (Fig. 1).Nevertheless, these limitations do not diminish the central message: myocardial work dynamics during physiological stress reveal a fundamental defect in hypertrophic myocardium. Larger multicenter studies integrating myocardial work, metabolic imaging, and outcomes are now needed to define normative stress responses and clinical thresholds [1, 7, 9].Future investigations might explore: Differences in work reserve between obstructive and non-obstructive phenotypesInteraction between myocardial fibrosis extent and stress-induced wasted workEffects of pharmacologic therapy on myocardial work augmentationPrognostic value of post-exercise mechanical dispersionSuch work could ultimately establish myocardial work reserve as a cornerstone of HCM evaluation. The broader significance of this study lies in its conceptual reframing of ventricular performance. For decades, ejection fraction dominated assessment of systolic function, later complemented by strain imaging. Myocardial work analysis now extends this trajectory by incorporating load and energetics, offering a more physiologically complete measure of contractility.In HCM, where hypertrophy masks dysfunction, such refinement is particularly valuable. The ventricle’s failure to augment constructive work during stress – despite preserved ejection fraction – captures the essence of the disease: mechanical activity without efficient performance. This distinction parallels the clinical observation of patients who appear stable at rest yet deteriorate under exertion.By integrating myocardial mechanics with exercise physiology, Lin et al. move us closer to a unified model of HCM in which structure, metabolism, and function converge. Their work underscores that the hypertrophic ventricle is not merely thickened but energetically compromised and mechanically discordant [3].The combination of PSL-derived myocardial work and CPET offers a powerful lens through which to view HCM. It reveals a ventricle unable to translate increased demand into effective mechanical output – an energetic bottleneck at the heart of exercise intolerance.As cardiovascular imaging evolves toward dynamic and mechanistic assessment, myocardial work reserve may emerge as a defining marker of disease severity and therapeutic response in HCM. The study by Lin et al. thus represents more than a technical advance; it signals a shift from measuring how the hypertrophic heart looks to understanding how it performs. In doing so, it reminds us that true ventricular function is not the magnitude of contraction at rest, but the capacity to generate coordinated, efficient work when the organism demands it most.E.D. received a grant and fees from GE healthcare and Abbott. No conflicts of interest were declared for P.C. and A.A.W.This study was not supported by any sponsor or funder.E.D. contributed to writing. P.C. did the figure and reviewed the whole manuscript. A.A.W. reviewed everything."
OpenAlex,valvular heart disease,Fluctuating hypertension possibly leading to severe cardiomyopathy in SDHB-associated hereditary paraganglioma: from heart transplant candidacy to long-term lanreotide management: a case report,Emily Pack; George Sokos; Christopher Bianco; Brittany Carey; Adnan Haider; Alan Thomay; Xiaofei Wang; Sonikpreet Aulakh,10.3389/fcvm.2026.1861073,2026-07-30,Frontiers in Cardiovascular Medicine,"Introduction Paragangliomas are rare catecholamine-secreting neuroendocrine tumors that can cause significant cardiovascular complications, including catecholamine-induced cardiomyopathy. While surgical resection is the standard of care, some patients are not candidates for surgery or heart transplantation due to tumor biology, genetic risk, or patient preference. Case summary A 68-year-old man with longstanding hypertension, hereditary paraganglioma–pheochromocytoma syndrome (SDHB mutation), and advanced nonischemic cardiomyopathy was evaluated for heart transplantation. Imaging revealed a highly vascular retroperitoneal paraganglioma, and biochemical testing demonstrated markedly elevated chromogranin A with mildly increased plasma free normetanephrine. Biopsy confirmed paraganglioma. Due to transplant ineligibility related to malignancy risk and the patient’s decision to decline surgical resection, medical therapy with lanreotide was initiated. Following treatment, the patient demonstrated biochemical improvement with declining chromogranin A levels, stabilization of blood pressure, improvement in B-type natriuretic peptide, modest recovery of left ventricular ejection fraction, and reduced metabolic activity on serial somatostatin receptor PET/CT imaging, with stable tumor size. Functional status remained excellent without further heart failure hospitalizations. Conclusion This case highlights lanreotide as a potential non-surgical therapeutic option for paraganglioma-associated cardiomyopathy in select high-risk patients. Systemic tumor control may contribute to cardiovascular stabilization when surgical or transplant options are not feasible."
OpenAlex,valvular heart disease,Reclaiming the Cardiovascular Physical Examination in the AI Era: Why Bedside Context Still Truly Matters,Alireza Arzhangzadeh,10.5281/zenodo.21111432,2026-07-30,Zenodo (CERN European Organization for Nuclear Research),"Abstract Background: Artificial intelligence (AI)–enabled decision-support tools are increasingly embedded in cardiovascular care, improving access to guidelines, diagnostics, and risk stratification. However, growing reliance on algorithm-supported workflows may unintentionally de-emphasize bedside clinical skills, particularly the cardiovascular physical examination, at a time when patient context remains central to safe and effective decision-making. Main text: This narrative perspective reviews historical foundations and contemporary evidence supporting the diagnostic, prognostic, and outcome-related value of cardiovascular physical examination, with particular focus on heart failure and valvular heart disease. We discuss how bedside findings influence risk stratification, therapeutic decisions, and timing of intervention and examine the limitations of AI-driven tools in capturing social, environmental, and hemodynamic context. We propose an “augmented bedside” model in which AI functions as clinical decision support, while physicians retain responsibility as context-aware managers integrating physical examination, patient goals, and real-world constraints. Conclusions: In the AI era, cardiovascular care should not move away from the bedside but return to it with enhanced tools. Re-centering practice on a clinically responsible, context-aware physical examination-augmented rather than replaced by AI offers a practical pathway to improve diagnostic precision and patient outcomes."
OpenAlex,valvular heart disease,Reclaiming the Cardiovascular Physical Examination in the AI Era: Why Bedside Context Still Truly Matters,Alireza Arzhangzadeh,10.5281/zenodo.21111433,2026-07-30,Zenodo (CERN European Organization for Nuclear Research),"Abstract Background: Artificial intelligence (AI)–enabled decision-support tools are increasingly embedded in cardiovascular care, improving access to guidelines, diagnostics, and risk stratification. However, growing reliance on algorithm-supported workflows may unintentionally de-emphasize bedside clinical skills, particularly the cardiovascular physical examination, at a time when patient context remains central to safe and effective decision-making. Main text: This narrative perspective reviews historical foundations and contemporary evidence supporting the diagnostic, prognostic, and outcome-related value of cardiovascular physical examination, with particular focus on heart failure and valvular heart disease. We discuss how bedside findings influence risk stratification, therapeutic decisions, and timing of intervention and examine the limitations of AI-driven tools in capturing social, environmental, and hemodynamic context. We propose an “augmented bedside” model in which AI functions as clinical decision support, while physicians retain responsibility as context-aware managers integrating physical examination, patient goals, and real-world constraints. Conclusions: In the AI era, cardiovascular care should not move away from the bedside but return to it with enhanced tools. Re-centering practice on a clinically responsible, context-aware physical examination-augmented rather than replaced by AI offers a practical pathway to improve diagnostic precision and patient outcomes."
OpenAlex,valvular heart disease,"Thrombosis in rare bleeding disorders: a bleeding phenotype does not fully preclude thrombotic risk- frequency, clinical contexts, and management in a large Iranian cohort",Majid Naderi; Saeedeh Yaghoubi; Sina Rajaee; Ilia Mirzaei; Shadi Tabibian,10.1186/s12959-026-00901-5,2026-07-29,Thrombosis Journal,"BACKGROUND: Bleeding is the dominant clinical feature of rare bleeding disorders (RBDs), yet thrombotic events have occasionally been reported. Available evidence is limited and mostly based on case reports. Thrombotic events tend to occur in high-risk clinical contexts and may be influenced by replacement therapy and coexisting risk factors. We aimed to estimate the frequency of imaging-confirmed thrombosis and describe associated clinical contexts and potential predisposing factors in an unselected RBD cohort. METHODS: This single-center retrospective study was conducted on all patients with confirmed diagnoses of RBDs, including rare coagulation factor deficiencies, von Willebrand disease, and inherited platelet function disorders, under care at our center between January and December 2025. Data were extracted from medical and laboratory records and imaging archives. Variables included age, sex, type and severity of deficiency, comorbidities, prothrombotic triggers (e.g., pregnancy, surgery, infection, and immobility), exposure to replacement therapy, and thrombophilia profile. Thrombotic events were verified through imaging. RESULTS: Among 1,251 patients (682 FXIII, 127 FVII, 130 FV, 23 FX, 12 FII, 28 afibrinogenemia, 131 von Willebrand disease, 62 Glanzmann thrombasthenia, 26 FXI deficiency, 19 combined FV and FVIII deficiency, and 11 Bernard-Soulier syndrome), 12 (0.96%; 95% CI, 0.50-1.67%) had at least one lifetime imaging-confirmed thrombotic event. Events were exclusively venous. Events occurred mainly as deep vein thrombosis (50%) or cerebral venous thrombosis (41.7%), with other sites less common, most often in high-risk contexts such as pregnancy (4 cases), surgery, infection, or exposure to prothrombin complex concentrate (PCC). Thrombosis was more frequent in afibrinogenemia (7.1%) and FII deficiency (8.3%) than in FXIII deficiency (0.7%), although interpretation is limited by small numbers. In a sensitivity analysis excluding events associated with pregnancy, surgery, and exposure PCC, the proportion decreased to 0.48% (6/1,251; 95% CI, 0.18-1.04%). Thrombotic events were treated with therapeutic anticoagulation, most commonly initial low-molecular-weight heparin (LMWH) with transition to a Direct Oral Anticoagulant (DOAC) in selected non-pregnant adult patients; when replacement therapy was required, dosing was individualized to maintain minimum effective hemostatic levels and avoid full factor normalization. CONCLUSIONS: Thrombosis in RBDs was rare and largely associated with major transient high-risk contexts and/or treatment exposure. Prospective multicenter studies are needed to improve the evidence base for clinical decision making regarding thrombotic risks in this vulnerable population."
OpenAlex,valvular heart disease,Peripartum cardiomyopathy in preeclampsia with severe features and eclampsia: a prospective observational study from a tertiary care center,Ruby Bhatia; Dimple Shekhawat; Mahak Singaal; Vaishnavi Verma; Himanshi Pareek,10.18203/2320-1770.ijrcog20262551,2026-07-29,International Journal of Reproduction Contraception Obstetrics and Gynecology,"Background: Hypertensive disorders of pregnancy remain a major cause of maternal morbidity and mortality worldwide. Cardiovascular involvement is increasingly recognized as an important determinant of disease severity and maternal outcome. The present study evaluated the clinical presentation, echocardiographic characteristics, management strategies, and maternal outcomes of peripartum cardiomyopathy in patients with preeclampsia with severe features and eclampsia. Methods: A prospective observational study was conducted at a tertiary care center from January 2025 to December 2025. Pregnant and postpartum women with preeclampsia with severe features or eclampsia presenting with newly detected left ventricular systolic dysfunction suggestive of peripartum cardiomyopathy were included. Clinical, echocardiographic, management, and outcome data were analyzed. Results: The mean age was 27.3±5.8 years. The overall incidence of peripartum cardiomyopathy was 0.24% among total deliveries. Cardiac dysfunction occurred in 5% of patients with preeclampsia with severe features and 20% of patients with eclampsia. No mortality was observed among patients with LVEF ≥30%, whereas mortality occurred in patients with very severe systolic dysfunction (LVEF &lt;30%). A progressive increase in case detection was observed over time. Conclusions: Peripartum cardiomyopathy associated with preeclampsia with severe features and eclampsia represents a serious complication with significant prognostic implications. Very severe left ventricular systolic dysfunction (LVEF &lt;30%) is a strong predictor of maternal mortality. Early echocardiographic evaluation and multidisciplinary management are essential for improving maternal outcomes."
OpenAlex,valvular heart disease,A Big Challenge in a Tiny Heart: Right Ventricular Outflow Tract (RVOT) Stenting in a Premature Infant with Pentalogy of Fallot,Adnan Rhafif; Radityo Prakoso; Aditya Agita Sembiring,10.30701/ijc.1937,2026-07-29,Indonesian Journal of Cardiology,"Background: Pentalogy of Fallot (POF) is a cyanotic congenital heart defect characterized by five anatomical abnormalities: Ventricular Septal Defect (VSD), pulmonary stenosis, Right Ventricular Hypertrophy (RVH), an overriding aorta, and an Atrial Septal Defect (ASD). The presence of the additional ASD alongside the classic features of Tetralogy of Fallot (TOF) can further exacerbate right-to-left shunting and worsen systemic desaturation. Management of POF in premature infants is particularly challenging due to low birth weight, underdeveloped pulmonary vasculature, and increased surgical risks. In high-risk neonates, traditional surgical options such as the modified Blalock–Taussig shunt may not be feasible. Right Ventricular Outflow Tract (RVOT) stenting has emerged as a minimally invasive palliative alternative to improve oxygenation and promote pulmonary artery growth, serving as a bridge to definitive surgical repair. This case highlights the technical considerations of RVOT stenting in high-risk neonates, emphasizing its role as a bridge to definitive surgical repair. Case Illustration: An 11-day-old premature infant presented with progressive central cyanosis, desaturation episodes (&lt;70%), and shortness of breath. Physical examination revealed respiratory distress, central cyanosis, and an ejection systolic murmur. Imaging showed a boot-shaped heart and oligemia, while echocardiography confirmed POF with severe RVOT obstruction, hypoplastic pulmonary arteries, and reduced Right Ventricular (RV) function. The patient was initially managed for a hypoxic spell but later developed periodic apnea and cardiac arrest, prompting additional diagnosis of apnea of prematurity and admission to the Intensive Care Unit (ICU) for further management. Despite treatment, worsening respiratory effort necessitated intubation. After clinical stabilization and extubation, persistent hypoxia led to RVOT stenting at 32 days of age. After initial difficulty, balloon pre-dilation allowed successful stent deployment, resulting in improved oxygen saturation. Conclusion: This case demonstrates the feasibility and effectiveness of RVOT stenting as a palliative strategy in a premature infant with POF. The intervention led to immediate improvement in oxygenation and allowed time for clinical stabilization and potential pulmonary artery growth. This highlights that, in selected high-risk neonates where conventional surgical options may be unsuitable, catheter-based palliation can serve as a critical bridge to definitive surgical repair."
OpenAlex,deep learning,The Role of Collective Bricolage in Creating University Governance Structures: The Example of the Galileo Observatory,Ariel Méndez; Amandine Pascal,,2050-01-01,Cairn.info,"This study investigates the concept of “collective bricolage” within the framework of creating a universe science observatory in France. In the face of significant transformations in higher education and research, this article examines how university stakeholders can employ collective bricolage to adapt to institutional mandates for restructuring. Drawing on Lévi-Strauss’s notion of bricolage and the theoretical contributions of Duymedjian and Rüling (2010), this research investigates how this bricolage can be implemented in the absence of conventional or normative space to support the process, and particularly within a context characterized by conflictual relationships. The case study analyzes the collective bricolage process and its components, demonstrating that the dialectical nature of collective bricolage facilitates the creation of robust governance structures through the negotiation and recombination of resources and rationales from the diverse actors involved."
OpenAlex,deep learning,The nature and tensions of environmental management control in local authorities,Christophe Maurel; Christophe Favoreu; London Proofreaders,,2050-01-01,Cairn.info,"This exploratory research aims to characterize, on the one hand, the concept of environmental management control (EMC) through the practices that underpin it, and, on the other hand, the tensions associated with it and the implementation of these practices in public organizations. Although EMC is attracting growing interest within the public sector, it seems to be facing technical and governance difficulties. A grid for analyzing management tools and the theory of organizational paradoxes is used to address the issue of characterizing EMC practices and the associated tensions in the local public sector. Various municipalities were mobilized to explore and characterize their first experiences of implementing EMC. Our results enable us to characterize both the tools used and the tensions generated between the objectives pursued in terms of resource management, dialogue with the socio-economic environment, and behavioral orientation."
OpenAlex,deep learning,A collaborative and participatory approach to public service innovation: Health sector dynamics and outlook,Fatima Yatim; Alan Sitkin; Cadenza Academic Translations,,2050-01-01,Cairn.info,"This article explores the dynamics of collaborative and participatory innovations in public health services using Chen et al.’s (2020) typology. Based on a mixed survey of projects awarded under the national “Droits des usagers de la santé” initiative, the study finds that user participation primarily generates operational and capacity-oriented innovations frequently involving external partnerships. The analysis highlights the crucial interactions between internal and external dynamics, identifying essential conditions for successful innovations: effective mobilization of internal resources, robust institutional support, and early and active user involvement. However, the study also identifies limitations in citizen engagement, particularly in the evaluation phase of innovations. The article concludes by suggesting avenues for enhancing full co-creation processes in public services to maximize public value."
OpenAlex,deep learning,Genesis of Organizational Innovation in Healthcare,Sabrina Grandclaude; Didier Grandclaude; Thierry Nobre; Cadenza Academic Translations,,2050-01-01,Cairn.info,"Based on the analysis of 96 organizational innovation in healthcare (OIH) projects and 52 interviews conducted with project leaders initiating these innovations, this research identifies the phenomena underlying the genesis of OIHs. The results highlight the major role played by factors such as patient empathy, international inspiration, academic inspiration, technological inspiration, serendipitous encounters, and the desire for organizational transformation in driving the generation of OIHs. Furthermore, our findings emphasize the dual nature of the research and development process for these innovations, characterized as both ex nihilo and ex materia."
OpenAlex,deep learning,"Depth of Processing, learner aptitude, and the acquisition of L2 English grammatical structures",Shweta Nigam,10.48683/1926.00128861,2031-01-01,CentAUR (University of Reading),"Depth of Processing (DoP) is central to several models of instructed second language acquisition (ISLA) (Leow, 2015). While DoP has been extensively examined in vocabulary learning (e.g., Laufer &amp; Hulstijn, 2001), its role in the acquisition of grammatical structures, particularly through oral and audio-visual modalities remains comparatively underexplored. Drawing on the Levels of Processing framework (Craik &amp; Lockhart, 1972), this study investigated whether task-induced processing depth influences the acquisition of third conditionals and comparatives, and whether language aptitude (LLAMA B, D, F) predicts learning gains. Using a pretest–posttest design, four intact classes involving 108 Grade 8 EFL learners in India were assigned to one of the three experimental conditions differing in level and type of processing: Low DoP, High DoP Explicit, and High DoP Implicit. The treatment task required the participants to listen to an audio-visual story containing the target structures (third conditionals and comparatives) and complete analytic tasks (varying in different groups) before listening to the story for a second time. The oral performance of the participants was analysed for accuracy, and frequency of use of the target structures. A grammaticality judgement test (GJT) and an elicited imitation task (EIT) were used to assess the participants’ gains in the knowledge of the target structures. In addition, language aptitude (LLAMA B, D, F) was measured and modelled as a predictor of gain scores. Results showed a significant effect of processing condition on GJT performance with the High DoP Implicit group outperforming the High DoP Explicit group on total scores and comparatives. In contrast, ANCOVA analyses indicated no significant group differences on EIT outcomes once pretest performance was controlled, with pretest scores strongly predicting posttest performance. In oral production, processing effects were structure-specific: the Low DoP group showed greater accuracy gains for comparatives, while both High DoP groups revealed increased frequency of use of third conditionals. However, across all four measures, multiple regression analyses indicated that LLAMA B, D, and F did not significantly predict gain scores. Overall, the findings support a processing-by-structure pattern: deeper processing benefits were most evident for the more salient structure (comparatives) on an explicit, written measure, whereas complex, low-salience forms (third conditionals) showed limited accuracy change but increased frequency of use under deeper processing."
OpenAlex,deep learning,Combating Data and Target Shifts in Visual Tasks,Zhaorui Tan,10.17638/03194353,2031-01-01,Open MIND,"The rapid advancement of deep learning models for visual tasks has led to significant progress in many domains. However, a key challenge remains: ensuring that models can generalize effectively to unseen samples or novel classes, especially in real-world scenarios where training data-target pairs are often limited or unavailable, and test data may exhibit shifts in both data and targets. This thesis addresses the problem of shifts across data and targets, proposing novel methods to improve model generalization and transferability in complex settings. The thesis identifies the different shift scenarios for visual tasks and presents their problem forms. The research first relaxes the static target distribution assumption in Multi-Domain Generalization (mDG) tasks, introducing the General Multi-Domain Generalization (GMDG) objective to improve generalization under varying data shifts. Specifically, Extensive experiments validate that GMDG is feasible for classification, segmentation, and regression tasks. Further considering extreme target distribution shifts where even unknown novel classes emerge, the study also explores logical regularization techniques for tasks such as Generalized Category Discovery (GCD), mDG+GCD, and Class Incremental Learning (CIL), proposing a sample-based logical regularization term (L-Reg) to enhance data-, target-, and all-shift generalization. Additionally, a partial logic framework is introduced to address challenges in CIL, enabling models to retain room for unknown classes during training. This is further extended by the Partial-Logic Regularization (PL-Reg), which improves generalization across GCD, mDG+GCD, and transferability for CIL tasks. Furthermore, the thesis proposes a novel Semantic-aware Data Augmentation (SADA) framework for cross-modality generalization in text-to-image synthesis (T2Isyn), text-image retrieval (TIR), and image-text retrieval (ITR) tasks. This framework ensures semantic preservation across text and image modalities, improving both semantic consistency and image quality in cross-modality tasks. The methods proposed in this thesis offer significant advancements in visual generalization and transfer scenarios, providing theoretical insights and practical solutions for handling data shifts, target shifts, and multi-modalities in complex scenarios. Extensive experiments validate the effectiveness of the proposed methods, demonstrating their superior performance across a range of tasks."
OpenAlex,deep learning,Assessing the Role of Digital Transformation in Strengthening Customer Engagement: A Case Study of bKash,Abdullah Al Ahad; Majeda Begum,,2031-01-01,RUCforsk (Roskilde University),"In this study, the role of digital transformation in enhancing customer engagement in the mobile financial services (MFS) industry is explored through a case study of bKash in Bangladesh.The research was designed to find out the key digital transformation projects which bKash has done, understanding customer perceptions about digital service, understanding the relationship and analysis between features of digital transformation and customer engagement, and analysing the challenges and opportunities of digital transformation.The research method used was a mixed-method research design, which was a combination of quantitative survey data from 46 respondents and qualitative data from the interviews conducted with 4 participants.The quantitative data were analysed statistically using descriptive statistics, reliability analysis, correlation analysis and multiple regression analysis, and the qualitative data were analysed in themes.The study was adopted primarily based on the Technology Acceptance Model (TAM) with the aid of the Diffusion of Innovation (DOI)Theory.The results propose that digital transformation has a positive impact on customer engagement for bKash.The PU, TR and PS measures had strong direct effects on customer engagement.On the contrary, the POEU and DSQ measures had results were statistically insignificant.Qualitative data discussion specified some factors that influence users experience, and these are convenience, reliability, and trust.Though there are several advantages in using digital platforms like bKash, but there are some cautions and issues of being worried.Fraud and service cost is two key area of being worried.According to the findings of this research project, the significance of ongoing innovation, robust security measures, and customer-focused digital approaches are so crucial and in emerging markets Bangladesh, financial service providers should integrate these issues to succeed in the competition."
OpenAlex,deep learning,Antecedents and consequences of Green-tech FDI in emerging markets,Zhuoran Liu,10.17638/03195308,2031-01-01,Open MIND,"As environmental pressures intensify, attracting sustainable foreign direct investment (FDI), particularly green-tech FDI, has become a critical pathway for emerging markets to achieve environmental sustainability. However, existing research remains fragmented, offering limited insights into why green-tech FDI enters emerging markets and how it affects regional green innovation. This thesis addresses these gaps by systematically examining both the antecedents and consequences of green-tech FDI through three empirical studies using regional data from China. Study 1 and Study 2 focus on the antecedents of green-tech FDI. Study 1 examines how host-country conditions can attract green-tech FDI, highlighting the role of environmental management information disclosure (EMID) by domestic firms in reducing information gaps and strengthening green market–seeking motives. Study 2 shifts attention to the active decision-making of green-tech FDI, showing that under uncertainty, green-tech foreign investors engage in identity-based bandwagon learning by imitating peers with similar green identities, thereby mitigating investment risks. Study 3 turns to the consequences of green-tech FDI. It demonstrates that, due to the technological complexity of green innovation and limited absorptive capacity in emerging markets, green-tech FDI may generate crowding-out effects rather than purely positive spillovers. Adopting a network perspective, the study further finds that universities play a key moderating role: through broad linkages and deep collaborations, they help mitigate negative spillovers and facilitate the diffusion of green technologies. Together, the three studies advance the literature on sustainable FDI by differentiating green-tech FDI from general FDI and identifying the specific mechanisms that shape its entry decisions and local innovation outcomes. Practically, the findings provide guidance for emerging-market governments and firms on how to attract and manage sustainable investment, balance growth with environmental objectives, and strengthen local innovation ecosystems."
OpenAlex,deep learning,Deep learning design of programmed enhancer pairs,Salil Garg; Blake M Torres; Joanna Wypasek,10.5281/zenodo.19477875,2030-04-08,Zenodo (CERN European Organization for Nuclear Research),
OpenAlex,deep learning,Deep learning design of programmed enhancer pairs,Salil Garg; Blake M Torres; Joanna Wypasek,10.5281/zenodo.19463376,2030-04-08,Zenodo (CERN European Organization for Nuclear Research),
OpenAlex,deep learning,Deep learning design of programmed enhancer pairs,Salil Garg; Blake M Torres; Joanna Wypasek,10.5281/zenodo.19463375,2030-04-08,Zenodo (CERN European Organization for Nuclear Research),
OpenAlex,deep learning,A UAV-Based Framework for Community-Scale Residential Building Energy Modelling in China,Mengfan Jin,10.17638/03195460,2029-01-01,Open MIND,"With increasing emphasis on energy efficiency and carbon emission reduction in the building sector, rapid and scalable energy modelling of existing buildings is critical for retrofit projects and policy development. Conventional surveys, data collection and energy modelling processes remain labour-intensive and impractical for large-scale applications, and energy modelling often dominates project time and cost. Unmanned Aerial Vehicles (UAVs) equipped with high-resolution and infrared cameras now offer fast and safe exterior surveys, showing great potential in building energy assessments. Yet, a systematic framework for UAV integration, from image capture through processing to inputs for building energy simulation, has not been established. This research addresses these challenges by developing a structured framework for community-scale building energy modelling, which integrates UAV photogrammetry to accelerate data acquisition, reduce labour, and shorten energy modelling time for retrofit projects. The framework is designed to minimise prior data requirements while maximising automation and retaining sufficient accuracy and reliability. It also addressed systemic issues, such as the lack of data necessary to fully exploit the potential of available technologies in the context of this study. To achieve this research objective, a mixed-methodology approach, combining desk studies and fieldwork, was adopted. First, a comprehensive review of UAV-based building energy studies mapped the current applications and available tools, proposing a preliminary framework. Fieldwork then encompassed a pilot study and a detailed case study. In the pilot test, a single building was surveyed to identify an optimal toolchain for flight planning, image capture, photogrammetric reconstruction, model generation, and selection of a simulation platform. The resulting refined framework was applied to a case study of a 39-building community, and it was demonstrated that further automation was necessary. The potential for automation was then further explored. Geomatic algorithms, machine learning, and deep learning techniques were compared, and the combination that best balanced accuracy and processing time was selected for 3D model generation and window-to-wall ratio (WWR) extraction. In parallel, an archetype library of residential buildings in the Hot Summer Cold Winter (HSCW) zone in China was compiled to facilitate the assignment of thermal parameters. Finally, a reusable community-scale building energy modelling (CBEM) workflow was assembled in Grasshopper using Ladybug Tools components to process the aforementioned inputs. In conclusion, this study integrates UAV photogrammetry, GIS-based geomatic algorithms, machine learning, and graphical programming to develop an UAV-CBEM framework. The outcomes establish a foundation for scalable UAV-based building energy assessments, enhancing applicability in data-limited and large-scale settings worldwide."
OpenAlex,deep learning,Culture Audit - Save a Life Pet Rescue,Grace L Kmak; Kaley A Chriswell; Carter Roberts; Antonio Pizza; Caroline Parrott,,2029-01-01,Journal of International Crisis and Risk Communication Research,"Our project was a culture audit on the non-profit save a life pet rescue. Our goal was to analyze how the group works along with determine if there is any areas of improvement for the organization. Through this, we learned that any ability to give back can make an impact for all things. Whether it be dogs or families."
OpenAlex,deep learning,Data Augmentation Application in Deep Learning Drug Discovery by Utilizing Relationships Between Biological and Medical Entities,Tianjun Wang,10.17638/03195452,2029-01-01,Open MIND,
OpenAlex,deep learning,Spectral Materialism: Encounters with land-time-scapes,Sam Nightingale,10.25602/gold.00040593,2029-01-01,Goldsmiths (University of London),"This transdisciplinary, practice-based PhD introduces spectral materialism through art-based research encounters with ecologically and historically stratified land-time-scapes shaped by hypersalinity and colonial terraforming. Centred in the semi-arid Mallee (southeastern Australia) and read through echoes with California’s Imperial Valley, the project examines how spectral time—the co-presence and haunting of other temporalities—manifests in the material conditions of salt, soil, water, plants, and infrastructures. It asks how learning from geological, First Nations, colonial, and ecological pasts can orient responsibilities in unsettled futures. Treating the present as a crisis of time as much as a crisis of matter, the thesis critiques linear-progressive temporalities bound to Western modernity and extractive regimes. In response, spectral materialism is developed as both a conceptual framework and a critical creative methodology. Through alchemical media experiments with salt crystals, hypersaline soils, and halophytes, photography is reconfigured as a site-responsive, process-oriented practice. Salt is engaged as a material agent and ‘time-crystal’ whose phase shifts—dissolution, saturation, precipitation, crystallisation, evaporation—form a meta-chemistry that refracts deep-marine pasts, settler-colonial irrigation infrastructures, and contemporary dust into processual renderings of time. Methodologically, the project advances attunement as a mode of sensing and responsiveness to forces that are not always immediately perceptible yet are materially active. Field notes appear as para-writing, interrupting linear narration so that heterogeneous times co-present themselves within the text. The thesis is guided by First Nations temporalities—time as relational and in place—while remaining accountable to ethical limits and protocols. The contribution is twofold: a theoretical articulation of spectral materialism as a way to think time otherwise, and a set of site-responsive methods for engaging elemental media in saline environments. Together, they generate materially grounded accounts of spectral presences and open alternative pathways for knowing, sensing, and relating within land-time-scapes marked by enduring colonial and ecological afterlives amid planetary change."
OpenAlex,deep learning,Advocating the potential of AI for syndrome discovery: a scoping review,A C P Ferreira; Aleksandar Anžel; Alexander Ullrich; Georges Hattab,,2029-01-01,Open MIND,"This protocol describes a scoping review to map the landscape of artificial intelligence (AI) applications in syndrome discovery. Specifically, we aim to identify: 1. What AI techniques (e.g., natural language processing, machine learning, deep learning) have been used to detect or characterize syndromes (in the context of Syndromic Surveillance Systems); 2. which clinical data sources (e.g., EHR text, emergency departments data, primary care data) are leveraged."
OpenAlex,deep learning,Deep learning image analysis of donor red blood cells to predict deformability and transfusion efficacy,Erik S. Lamoureux,10.14288/1.0451932,2028-01-01,cIRcle (University of British Columbia),"The full abstract for this thesis is available in the body of the thesis, and will be available when the embargo expires."
OpenAlex,deep learning,Le jeu de rôle ludique : un terrain d’analyse et d’entraînement pour l’acquisition de compétences managériales,Sanne Stijve; David Robert,,2028-01-01,Cairn.info,"Unlike serious role-playing games, which attempt to simulate certain situations and interactions in the business world, tabletop role-playing games set their narrative in a fictional universe. RPG games provide an excellent opportunity to analyse the interaction and thinking patterns of participants and offers the possibility to develop new behaviours and testing them over the course of one or more game sessions, using the “decontextualised” simulation system on a benevolent testing ground, an immersive simulation environment that enables analysis and personal growth work. This activity has been the subject of workshops run by PsychoStratégie SA, which constitute a case study showing how tabletop RPGs can be used in an innovative way to develop the managerial skills of professionals through a deeper understanding of their own interactional and reflexive patterns and the development of new behaviours and tactics."
OpenAlex,deep learning,"The Enlightenment of an Entrepreneur: A Multidisciplinary Exploration of Management, Psychology and Economic Theology",Graziano Mazza,,2028-01-01,Cairn.info,"This conceptual paper explores how Economic Theology’s ideas of calling, oikonomia, and entrepreneurship can enhance entrepreneurs’ ability to navigate sustainability transitions. Integrating concepts from various disciplines, it reimagines entrepreneurship as an iterative learning process that addresses societal challenges. The paper analyses existing Religion of Work theories, providing societal, psychological, and anthropological insights. It elucidates the concept of calling in entrepreneurship, suggesting that work can have transcendent meaning and purpose. Additionally, it examines boundaryless careers and the significance of work, portraying entrepreneurship as a profession with humanitarian and spiritual dimensions. The paper outlines fundamental beliefs and frameworks for societal contribution through entrepreneurship, emphasizing the individual-in-society perspective. It advocates for entrepreneurs as moral agents aligned with community values and proposes a shift from viewing economic actions as mere resource allocation to recognizing entrepreneurial action as an expression of human agency. JEL Codes: B5"
OpenAlex,deep learning,Deep q-learning aided k-means clustering protocol for optimizing network lifetime in wireless sensor networks,Flynn Dowey,10.14288/1.0451106,2028-01-01,Open Collections,"The full abstract for this thesis is available in the body of the thesis, and will be available when the embargo expires."
