source,keyword,title,authors,doi,publication_date,journal,abstract
PubMed,aortic stenosis,Early Enhancement of Mitral Annular e' Following Transcatheter Aortic Valve Implantation: The Role of Early Diastolic Filling.,Takahide Ito; Kanako Akamatsu; Shimpei Fujioka; Kensuke Kinoshita; Yohei Yamauchi; Daisuke Shishikura; Yumiko Kanzaki; Hideki Ozawa; Masahiro Daimon; Takahiro Katsumata; Hideaki Morita,10.1111/echo.70619,2026-09,"Echocardiography (Mount Kisco, N.Y.)","Early improvements in left ventricular (LV) diastolic function have been documented following transcatheter aortic valve implantation (TAVI), but it remains unclear whether the increase in early diastolic mitral annular velocity (e') reflects intrinsic improvement in LV relaxation or altered hemodynamic conditions. This study investigated early changes in e' after TAVI, with a particular focus on the hemodynamic determinants of the increase in e'.
A retrospective analysis was conducted in 129 consecutive patients with severe aortic stenosis who underwent successful TAVI and echocardiographic evaluation before and within one week after the procedure. Clinical and echocardiographic parameters were compared before and after TAVI, and factors associated with changes in e' were evaluated.
TAVI significantly increased septal, lateral, and mean e', transmitral early diastolic (E) velocity, and LV ejection fraction (LVEF) while reducing the transvalvular pressure gradient. In multivariate linear regression analysis, with changes in LVEF, E velocity, mean transvalvular pressure gradient, stroke volume, baseline mean e', and atrial fibrillation entered as covariates, baseline mean e' (β = -0.590, p < 0.001), atrial fibrillation (β = 0.523, p = 0.006), and changes in E velocity (β = 0.019, p = 0.018) were independently associated with changes in mean e'.
e' increased rapidly after TAVI. Changes in E velocity were independently associated with changes in mean e', even after adjustment for changes in stroke volume, suggesting that early changes in e' reflect not only intrinsic improvement in LV relaxation but also load-related mechanisms during early diastolic filling."
PubMed,aortic stenosis,[Redo Surgical Aortic Valve Replacement for Dysfunctional Transcatheter Aortic Valve Implanted for Degenerated Surgical Bioprosthesis].,Hiroyuki Morishita; Masahiko Ezure; Yutaka Hasegawa; Yasuyuki Yamada; Joji Hoshino; Shuichi Okada; Yoshifumi Itoda; Kazuki Tamura; Takashi Soda,,2026-04,Kyobu geka. The Japanese journal of thoracic surgery,"An 81-year-old man underwent surgical aortic valve replacement (SAVR) for stenotic bicuspid valve with a 21-mm CEP bioprosthesis 17 years ago. Four years ago, he underwent valve-in-valve (ViV)transcatheter aortic valve replacement (TAVR) using a self-expandable Evolut R 23-mm valve due to structural valve deterioration (SVD) and redo SAVR was indicated because of repeat SVD and heart failure symptoms. Transcatheter valve and prior surgical valve adhered to the anterior mitral leaflet. Removal of the valve caused perforation, which required repair. Aortic valve replacement was performed using an Epic Plus 21-mm valve. SAVR after TAVR is more invasive and has higher mortality than ViV, but in younger or low-risk patients, treatment should be planned with long-term prognosis in mind."
PubMed,aortic stenosis,[Aortic Valve Replacement Associated With Essential Thrombocythemia:Report of a Case].,Makoto Kusakizako; Taku Nakagawa; Koki Yokawa; Tomonori Higuma; Yosuke Tanaka; Kazunori Yoshida; Yoshihiro Oshima; Hidefumi Obo; Hidetaka Wakiyama,,2026-06,Kyobu geka. The Japanese journal of thoracic surgery,"Essential thrombocythemia (ET) is a rare chronic myeloproliferative disorder characterized by elevated platelet counts and increased risk of thrombosis and hemorrhage. We report the case of a 75-year-old woman with ET who underwent aortic valve replacement for severe aortic stenosis using a 21 mm Edwards INSPIRIS bioprosthesis. Her postoperative course was uneventful, without thrombotic or hemorrhagic complications. She was managed with aspirin and warfarin for antithrombotic therapy, and hydroxyurea was used to control the platelet count. Perioperative management in ET patients undergoing cardiovascular surgery is complex due to the dual risk of bleeding and thrombosis. However, standardized guidelines remain limited. This case demonstrates that with careful planning and multidisciplinary management, cardiac surgery can be performed safely in ET patients, even in elderly individuals."
PubMed,aortic stenosis,[Transcatheter Aortic Valve Implantation in a Patient With Dextrocardia and Situs Inversus Totalis].,Masahiro Kawamura; Takaaki Nagano; Shotaro Higa; Kojiro Furukawa,,2026-06,Kyobu geka. The Japanese journal of thoracic surgery,"The patient is a man in his 60s with situs inversus totalis. He underwent percutaneous coronary intervention for an old myocardial infarction in his 40s and coronary artery bypass grafting( CABG) in his 60s. Through preoperative examination of CABG, moderate aortic stenosis( AS) was disclosed, and he was under outpatient follow-up. He was referred to our department because AS became severe. Since operative mortality and morbidity were high, we chose transcatheter aortic valve implantation (TAVI) as the treatment option. Fluoroscopic images were mirrored, and the delivery system was rotated 180 degrees at the time of insertion because he had situs inversus totalis. TAVI was successful, and he was discharged home without complications. In peculiar cases such as anatomical anomalies, it is crucial to perform TAVI safely. In the case of situ inversus totalis, mirroring fluoroscopic images and device inversion were beneficial."
PubMed,aortic stenosis,[Transcatheter Aortic Valve Implantation Using a Balloon-expandable Valve in Small Size Surgical Aortic Valve for Structural Valve Deterioration].,Shuichi Okonogi; Ayako Nagasawa; Takao Miki; Kiyomitsu Yasuhara; Satoshi Ohki; Ryo Yamaguchi,,2026-07,Kyobu geka. The Japanese journal of thoracic surgery,"We report a case of transcatheter aortic valve-in-surgical aortic valve( TAV in SAV) implantation for structural valve deterioration of a small bioprosthetic valve. An 81-year-old woman presented with heart failure 19 years after aortic valve replacement using a 19-mm bioprosthetic valve. Imaging studies revealed severe prosthetic valve stenosis. Considering high surgical risk and anatomic feature of misalignment between the axis of ascending aorta and bioprosthetic valve, balloon-expandable transcatheter heart valve implantation was successfully performed via femoral approach without complications. Postoperative echocardiography showed improved hemodynamic condition and the patient became less symptomatic. During TAV in SAV for small bioprosthetic valve, valve selection should be individualized based on anatomical and clinical characteristics."
PubMed,aortic stenosis,Outcomes of Concomitant PCI and TAVR Versus TAVR Alone in Patients with Severe Aortic Stenosis: A Retrospective Study.,Ravinder Singh Rao; Akshay Prashanth Giri; Lakshmi Durga Kumaraguruparan; Kailash Chandra; Prashant Vardhney; Narayan Sharma; Vinod Kumar Balakrishnan; Sadhanandham Shanmugasundaram; Sankaran Ramesh; Jayanty Satyanarayana Murthy; Sadagopan Thanikachalam; Nagendra Boopathy Senguttuvan,10.1016/j.ihj.2026.09.001,2026-09-10,Indian heart journal,"Severe aortic stenosis (AS) and coronary artery disease frequently coexist, yet the optimal management strategy for patients undergoing TAVR with concomitant CAD remains debated. Our study compared safety outcomes and procedural characteristics of concomitant TAVR and PCI versus TAVR alone in a two-center Indian population with severe AS.
This retrospective, multi-center, case-control study included 30 consecutive patients undergoing planned concomitant TAVR and PCI and 30 age-, sex-, and valve-type-matched TAVR-alone controls identified from the same study period. PCI was performed for angiographically confirmed proximal coronary stenosis ≥70% or as deemed appropriate according to the study protocol. The primary outcome was VARC-3 defined any bleeding or vascular complication through hospital dischargeSecondary outcomes included in-hospital and 30-day mortality, myocardial infarction, stroke, acute kidney injury, pacemaker implantation, fluoroscopy time, and contrast volume.
Thirty concomitant TAVR-PCI patients and 30 matched TAVR-alone controls were included. The primary outcome occurred in 3 patients (10.0%) versus 2 patients (6.7%; p>0.99), with a risk difference of 3.3 percentage points (95% CI, -12.7 to 19.7). No major or life-threatening bleeding events occurred. Fluoroscopy time (38.6±23.2 vs. 26.8±10.0 min; p<0.01) and contrast volume (166.7±65.5 vs. 99.6±37.7 mL; p<0.001) were higher with concomitant PCI. No in-hospital or 30-day deaths or myocardial infarctions occurred in either group.
In this small, retrospective, two-center cohort, concomitant PCI at the time of TAVR was not associated with an observed excess of bleeding or vascular complications compared with TAVR alone. These findings are hypothesis-generating and support the feasibility of a concomitant strategy in carefully selected patients at experienced, high-volume centers; they do not establish safety equivalence."
PubMed,aortic stenosis,Prevalence and Clinical Implications of Severe Aortic Stenosis in Patients with Chronic Limb Threatening Ischaemia Undergoing Endovascular Therapy.,Takahiro Tokuda; Kohei Yamaguchi; Takashi Yanagiuchi; Kenji Ogata; Tatsuro Takei; Tatsuya Nakama,10.1016/j.ejvs.2026.09.010,2026-09-10,European journal of vascular and endovascular surgery : the official journal of the European Society for Vascular Surgery,
PubMed,aortic stenosis,Association Between the Degree of Extravalvular Cardiac Damage and the Severity of Aortic Stenosis.,Augustin Coisne; Rubens Groulez; Camille Diharce; David Montaigne; Gilles Lemesle; Sandro Ninni; Samy Aghezzaf; Arnaud Sudre; Thomas Modine; André Vincentelli; Marie Jungling; Philippe Généreux; Sebastian Ludwig; Martin Leon; Juan Granada; Christophe Bauters,10.1016/j.jacadv.2026.103227,2026-09-10,JACC. Advances,"The relationship between the extent of extravalvular cardiac damage (CD) and valve disease severity remains uncertain in aortic stenosis (AS) patients.
The objective of the study was to investigate the correlation between AS severity and CD staging and its clinical impact across the spectrum of AS outpatients.
Consecutive patients with mild (peak aortic velocity = 2.5-2.9 m/s), moderate (3-3.9 m/s), and severe AS (≥4 m/s) native AS from a regionwide cohort were included by 117 cardiologists between May 2016 and December 2017 in the VALVENOR cohort. Patients were followed up for 5 years.
Among the 1,747 patients with available CD (65% of the overall cohort), 744 (42.6%) patients had mild AS, 714 (40.9%) patients moderate AS, and 289 (16.5%) severe AS. Of the 1747 patients, 524 patients (30%) demonstrated CD stage 0, 298 (17%) stage 1, 765 (44%) stage 2, 109 (6%) stage 3, and 51 (3%) stage 4. Patients in stage >0 had higher peak aortic jet velocity compared to patients in stage 0 (3.35 ± 0.69 vs 3.11 ± 0.56 m/s; P < 0.001). After adjustment, higher peak aortic jet velocity (per m/s, P < 0.001) remained independently associated with CD stage >0. Both all-cause mortality and cardiovascular mortality were higher in patients in stage >0 as compared with patients in stage 0 (HR: 1.75; 95% CI: 1.44-2.11; P < 0.001 and HR: 2.52: 95% CI: 1.79-3.55; P < 0.001, respectively).
The extent of extravalvular CD correlates with AS severity and is associated with poor clinical outcomes across all AS stages. Further research is warranted to determine whether assessing CD should be integrated in the management of patients with AS."
PubMed,aortic stenosis,Impact of Sievers morphology on fibro-calcific remodeling in severe bicuspid aortic valve stenosis: Exploratory findings from sex-stratified analyses.,Jun Shu; Jingji Xu; Xiaoli Meng; Jin Zhang; Yao Zhao; Yanwen Lu; Xugang Wang; Shuangxin Li; Zhuofan Li; Zhuojie Lv; Yu Li; Xiaoqing Ma; Yanrui Tong; Didi Wen; Minwen Zheng,10.1093/ehjci/jeag250,2026-09-10,European heart journal. Cardiovascular Imaging,"Aortic stenosis (AS) is the most frequent valvular complication of bicuspid aortic valve (BAV), characterized by progressive fibro-calcific remodeling of the valve leaflets, but whether Sievers morphology (type 0 vs. type 1) influences tissue composition and whether these differences are sex-specific remain unclear. This study aimed to compare calcific and fibrotic remodeling between Sievers type 0 and type 1 BAV in severe AS, and to explore the effect modified by sex.
This retrospective study included 244 patients with severe BAV stenosis (type 0: n=134, type 1: n=110; 43.4% women) who underwent both echocardiography and cardiac computed tomography. Calcific and fibrotic volumes were quantified and indexed to aortic annulus area to achieve density parameters. In the overall cohort, fibrotic density was significantly higher in type 0 versus type 1 (456.5 vs. 354.3 mm3/cm2, p<0.001), whereas calcific density did not differ between groups. In exploratory sex-stratified analyses, the difference in fibrotic density between type 0 and type 1 was statistically significant in women (463.9 vs. 376.5 mm3/cm2, p=0.011) but not in men. Multivariable regression confirmed these associations in women (β=-2.2, 95% CI: -4.0 - -0.4, p=0.016), while no significant associations were observed in men. However, formal interaction testing between Sievers type and sex was not significant (p=0.140).
In severe BAV stenosis, Sievers type 0 morphology is associated with higher fibrotic density than type 1, whereas calcific density is comparable, exploratory analyses suggest a potential sex-related difference that warrants further investigation in larger cohorts."
PubMed,aortic stenosis,Long-term outcomes after balloon- or self-expandable transcatheter aortic valve replacement in small aortic annuli.,Toshinobu Ryuzaki; Kentaro Hayashida; Kei Kamata; Ryo Arita; Tomonari Moriizumi; Juri Iwata; Taku Hiramatsu; Akito Matsumura; Keitaro Shinada; Kohsuke Shirakawa; Hikaru Tsuruta; Masataka Yamazaki; Takashige Yamada; Hideyuki Shimizu; Masaki Ieda,10.1007/s12928-026-01347-2,2026-09-10,Cardiovascular intervention and therapeutics,"Transcatheter aortic valve replacement (TAVR) is an established treatment for severe aortic stenosis. In patients with small aortic annuli (SAA), self-expandable valves (SEV) provide better hemodynamic performance than balloon-expandable valves (BEV); however, long-term outcomes remain unclear. We retrospectively analyzed 564 consecutive patients with SAA who underwent TAVR with follow-up of > 5 years, comparing BEV (n = 476) and SEV (n = 88). After propensity score (PS) matching, 84 patients were included in each group. Clinical outcomes were evaluated over a median follow-up of 2,134 days. Sensitivity analyses using inverse probability of treatment weighting were also performed. SEV was more frequently selected in patients with more severe baseline AS. SEV demonstrated more favorable post-procedural hemodynamics; BEV was associated with lower paravalvular leakage, whereas the difference in permanent pacemaker implantation was attenuated after PS matching. In the overall and propensity score-matched cohorts, there were no significant differences between BEV and SEV with respect to all-cause death, cardiovascular death, or first heart failure hospitalization. Moderate or greater hemodynamic valve deterioration incidence did not differ between groups in the overall (log-rank test, p = 0.372) or PS-matched cohort (log-rank test, p = 0.182). BVF events were rare in the overall cohort, and no BVF events occurred in the PS-matched cohort. SEV was associated with superior postprocedural hemodynamics; however, no significant differences in long-term clinical outcomes were observed compared with BEV. These findings underscore the need for further investigations using larger cohorts and contemporary devices to validate long-term comparative outcomes of BEV and SEV in patients with SAA."
PubMed,aortic stenosis,A punch-assisted unroofing technique for anomalous aortic origin of coronary arteries.,Kiyotoshi Oishi; Takuya Kawabata; Junya Nabeshima; Eiki Nagaoka; Tatsuki Fujiwara; Tomoyuki Fujita,10.1007/s11748-026-02395-4,2026-09-10,General thoracic and cardiovascular surgery,"We describe a punch-assisted unroofing technique for anomalous aortic origin of coronary arteries (AAOCA) with an intramural course. Conventional unroofing can be technically demanding because the extent of resection must balance adequate relief of stenosis against the risk of aortic wall or valvular injury. A 4-mm aortic punch, selected based on the long-axis diameter of the slit-like coronary orifice, was used to create stepwise, controlled resection of the common wall between the aorta and the intramural coronary artery. The punch provided a predefined resection width and facilitated enlargement of the neo-ostium. Four overlapping punch applications achieved approximately 4-5 mm of unroofing, and the resection margin was reinforced with continuous 7-0 monofilament sutures. Postoperative computed tomography confirmed enlargement of the coronary orifice and resolution of stenosis. This technique provides a simple and reproducible method for unroofing that may reduce operator-dependent variability and facilitate standardized surgical management in selected patients with AAOCA."
PubMed,aortic stenosis,A pathobiologic classification of aortic stenosis: Moving beyond the degenerative-bicuspid-rheumatic paradigm.,Sunil K Ohri,10.1177/02184923261487490,2026-09-10,Asian cardiovascular & thoracic annals,"BackgroundAortic stenosis is traditionally categorised as degenerative calcific, congenital bicuspid, or rheumatic. Contemporary molecular biology, multimodality imaging, and transcatheter valve therapy demonstrate that aortic stenosis represents a spectrum of mechanistically distinct diseases converging upon a shared haemodynamic endpoint. A four-category pathobiologic classification is proposed linking disease mechanism to operative strategy and procedural risk stratification.MethodsA narrative mechanistic review was performed using contemporary international guidelines, foundational biological studies, and key clinical series. Pathophysiology, characteristic imaging phenotype, and procedural implications were integrated into a clinically applicable framework for use by multidisciplinary heart valve teams.ResultsAortic stenosis arises via common downstream pathways - valve interstitial cell activation, inflammation, extracellular matrix remodelling, and mineralisation - through mechanistically distinct initiating processes. Four phenotypes are identified: (a) congenital structural-biomechanical disease; (b) fibro-calcific inflammatory-osteogenic disease; (c) autoimmune/inflammatory valvulitis; and (d) metabolic/mineralisation-associated disease. Each demonstrates characteristic anatomical morphology, rate of haemodynamic progression, and differential suitability for transcatheter or surgical intervention.ConclusionsAortic stenosis is a final common phenotype of multiple distinct biological processes. A pathobiologic classification improves procedural planning, risk stratification, and therapeutic selection in the era of transcatheter valve therapy, and supports precision-based individualised patient management."
PubMed,aortic stenosis,Before the Valve: Localizing the Gradient in Complex LVOT Obstruction.,Valeria Pergola,10.1016/j.jaccas.2026.110023,2026-09-09,JACC. Case reports,
PubMed,aortic stenosis,Mitral Stenosis and Regurgitation due to Late Prosthetic Aortic Valve Migration.,Taro Nakazato; Daisuke Yoshioka; Tatsuya Ozaki; Mutsunori Kitahara,10.1016/j.atssr.2026.02.011,2026-09,Annals of thoracic surgery short reports,"We report a rare case of mitral stenosis and regurgitation after aortic valve replacement due to prosthetic valve migration. A 74-year-old woman underwent aortic valve replacement using a Carpentier-Edwards PERIMOUNT valve (Edwards Lifesciences) 9 years prior. Six years postoperatively, outpatient echocardiography incidentally revealed abnormal rocking motion of the bioprosthesis, with no signs of infection or paravalvular leak. Finally, the bioprosthetic valve interfered with the anterior mitral valve leaflet, causing severe mitral stenosis and regurgitation. Redo aortic valve replacement and mitral valve replacement with the commando procedure were performed, and pathologic findings revealed no evidence of connective tissue disease, aortitis, or infection."
PubMed,aortic stenosis,Surgical Aortic Valve Replacement With Nicks Annular Enlargement and Partial Trimming of a Protruding Left Main Coronary Stent.,Takuma Kobayashi; Hidetake Kawajiri; Kaichiro Manabe; Tatsuro Gondai; Tomohito Nakashima; Yusuke Yaku; Shinichiro Oda,10.1016/j.atssr.2026.03.007,2026-09,Annals of thoracic surgery short reports,"Protrusion of a coronary stent into the aortic root is rare and can complicate aortic valve replacement and future coronary access. We report the case of a 76-year-old woman with severe aortic stenosis and a left main coronary stent protruding approximately 1 cm into the aortic root. Given the small aortic annulus and the risk of mechanical interference, surgical aortic valve replacement with the Nicks annular enlargement was performed. The protruding stent segment was selectively trimmed while preserving the intraluminal portion, with concomitant coronary bypass grafting. The postoperative course was uneventful."
PubMed,aortic stenosis,Contrasting Outcomes in Heyde Syndrome: Diffuse Small-Bowel Angiodysplasia Versus Treatable Colonic Angiodysplasia.,Jihane Rizkou; Hiba Rizkou; Fatimaezzahra Lairani; Khadija Krati,10.7759/cureus.114244,2026-08,Cureus,"Heyde syndrome is characterized by the association of aortic stenosis, gastrointestinal bleeding from angiodysplasia, and acquired von Willebrand syndrome. We report two contrasting cases illustrating how lesion distribution and therapeutic accessibility may influence immediate bleeding management options and clinical course. The first patient was a 72-year-old male with severe calcific aortic stenosis who presented with recurrent melena and severe anemia. Upper gastrointestinal endoscopy and colonoscopy were negative, whereas capsule endoscopy revealed numerous angiodysplastic lesions diffusely distributed throughout the small bowel. Transthoracic echocardiography showed an aortic valve area of 0.72-0.74 cm², a mean transvalvular gradient of 43.40-45.16 mmHg, a peak aortic jet velocity of 4.02-4.04 m/s, and a left ventricular ejection fraction of 55%. Von Willebrand factor activity was reduced, with an activity-to-antigen ratio of 0.41. Device-assisted enteroscopy was not available at our center, limiting endoscopic therapeutic options. Despite transfusion and supportive management, persistent gastrointestinal bleeding progressed to hemorrhagic shock, and the patient died before definitive aortic valve intervention could be performed. The second patient was a 70-year-old male with severe calcific aortic stenosis who presented with recurrent hematochezia. Colonoscopy identified a localized right-colonic angiodysplasia that was successfully treated with argon plasma coagulation. Echocardiography showed an aortic valve area of 0.60 cm², a mean transvalvular gradient of 54.18 mmHg, a peak aortic jet velocity of 4.61 m/s, and a left ventricular ejection fraction of 65%. The von Willebrand factor activity-to-antigen ratio was 0.46. No recurrent gastrointestinal bleeding was documented during one year of follow-up after endoscopic treatment; however, completion of the planned aortic valve intervention could not be confirmed from the available records. These cases emphasize the importance of early recognition, lesion localization, and timely multidisciplinary management while illustrating that clinical outcome in Heyde syndrome is multifactorial."
PubMed,aortic stenosis,Ultra-low-contrast transfemoral TAVI using the MyVal transcatheter heart valve: a prospective single-center feasibility and safety study.,Georgios E Papadopoulos; Ilias Ninios; Maria Kalaitzoglou; Sotirios Evangelou; Andreas Ioannides; Athinodoros Nikitopoulos; Georgios Bompas; Vlasis Ninios; Grigorios Giamouzis,10.3389/fcvm.2026.1878620,2026,Frontiers in cardiovascular medicine,"Acute kidney injury remains clinically relevant after transcatheter aortic valve implantation (TAVI), particularly in chronic kidney disease, and iodinated contrast is a modifiable procedural contributor.
We conducted a prospective single-center study of 50 patients undergoing transfemoral TAVI with an intraprocedural ultra-low-contrast strategy using the MyVal transcatheter heart valve. The primary feasibility endpoint was successful TAVI completion with total intraprocedural contrast volume ≤10 mL. Procedural outcomes, valve performance, renal function, and 30-day clinical events were assessed. Contrast-enhanced cardiac CT angiography was used for planning. Median CT contrast volume was 45 mL; median CT-to-TAVI interval was 18 days. Exploratory 6-month renal and clinical follow-up was analyzed when available.
Ultra-low-contrast MyVal TAVI was completed in all patients, with median contrast volume 8 mL [interquartile range, 6-10] and no procedure exceeding 10 mL. Baseline renal impairment was frequent, with median estimated glomerular filtration rate 38 mL/min/1.73 m2 and 15 patients having estimated glomerular filtration rate <30 mL/min/1.73 m2. Technical success was achieved in 50 patients, with no intraprocedural death, coronary obstruction, annular rupture, valve embolization, second valve implantation, or emergency surgery. Valve hemodynamics improved, with mean aortic gradient decreasing from 45.2 ± 11.8 mmHg at baseline to 8.7 ± 3.2 mmHg at 30 days, and no moderate or severe paravalvular regurgitation. Renal function remained stable, with no significant creatinine increase and modest estimated glomerular filtration rate increase at 30 days. Acute kidney injury occurred in 1 patient and was limited to stage 1; no patient developed stage 2 or 3 acute kidney injury or required new renal replacement therapy. Among patients with 6-month laboratory follow-up, renal function remained stable or improved, and no patient initiated renal replacement therapy.
In this single-center feasibility study, an intraprocedural ultra-low-contrast transfemoral TAVI strategy using the MyVal valve was feasible, with preserved early procedural success and valve performance. Renal function remained stable through 30 days, and AKI was infrequent; however, without a comparator group, these findings should be interpreted as descriptive feasibility and early safety observations rather than evidence of renal protection, AKI reduction, or superiority over standard contrast-guided TAVI. Larger comparative studies are required."
PubMed,aortic stenosis,Transcatheter vs Surgical Replacement of Degenerated Bioprosthetic Aortic Valve: A Meta-Analysis of Propensity-Score-Matched Studies.,Pouya Ebrahimi; Maryam Taheri; Mehrdad Mahalleh; Hamidreza Soleimani; Homa Taheri; Ali Moradi; Babak Sattartabar; Morvarid Taebi; Iman Bhia; Reza Pirdehghan; Mohsen Anafje; Mohamad Alkhouli; Masih Tajdini; Amr Mohsen; Islam Elgendy; Robert J Siegel; Mohammad Hossein Mandegar; Kaveh Hosseini,10.1016/j.hlc.2026.02.014,2026-09-09,"Heart, lung & circulation","Degeneration of bioprosthetic aortic valves is a common late complication. While redo surgical aortic valve replacement (redo-SAVR) has traditionally been the standard of care, transcatheter valve-in-valve implantation (ViV-TAVR) has emerged as a less invasive alternative. This meta-analysis aimed to compare outcomes between ViV-TAVR and redo-SAVR using propensity-score-matched studies.
A systematic search of Cochrane CENTRAL, Scopus, MEDLINE (via PubMed) Embase, and Scopus was conducted from inception through to 1 September 2024. Propensity-score matched cohort studies comparing ViV-TAVR and redo-SAVR were included. Risk ratios (RRs) and mean differences (MDs) or standardised mean differences (SMD), as appropriate, were pooled using a random-effects model.
Thirteen propensity score-matched studies encompassing 16,223 patients (8,463 ViV-TAVR; 7,760 redo-SAVR) with a weighted mean follow-up of 16.6 months were included. Compared to redo-SAVR, ViV-TAVR was associated with significantly lower short-term all-cause mortality (RR: 0.47; 95% confidence interval [CI]: 0.34-0.66; p<0.0001), major bleeding (RR: 0.45; 95% CI: 0.33-0.59), acute kidney injury (RR: 0.56; 95% CI: 0.38-0.84), and shorter hospital stay (SMD: -0.79; 95% CI: -1.00 to -0.57). ViV-TAVR was also associated with a significantly lower incidence of new-onset atrial fibrillation (RR: 0.22; 95% CI: 0.13-0.37) but higher post-procedural mean transvalvular gradients (SMD: 0.45; 95% CI: 0.20-0.69). No significant differences were observed in 1- or ≥2-year mortality, stroke/transient ischaemic attack, myocardial infarction, permanent pacemaker implantation, or early readmission. Results remained consistent across sensitivity and subgroup analyses.
ViV-TAVR offers significant short-term benefits over redo-SAVR, including lower early mortality and shorter hospitalisation. Long-term clinical outcomes remain comparable, while postprocedural mean gradients are higher after ViV-TAVR, underscoring the need for randomised trials and individualised patient selection to guide treatment decisions for degenerated bioprosthetic valves."
PubMed,aortic stenosis,Outcomes of surgical aortic valve replacement with coronary artery bypass grafting versus transcatheter aortic valve replacement with percutaneous coronary intervention.,Dharmindra Dulal; Ahmed Maraey; Vahid Yazdi; Juan Carlo Avalon; Cezar Iliescu; Mehmet Cilingiroglu; Konstantinos Marmagkiolis; Konstantinos Dean Boudoulas,10.1016/j.carrev.2026.08.019,2026-09-03,Cardiovascular revascularization medicine : including molecular interventions,"Aortic stenosis (AS) often coexists with coronary artery disease (CAD). Although transcatheter aortic valve replacement (TAVR) with percutaneous coronary intervention (PCI) is frequently performed, comparative data with surgical aortic valve replacement (SAVR) with coronary artery bypass grafting (CABG) remain limited. This study compared outcomes of TAVR plus PCI versus SAVR plus CABG in patients with severe AS and CAD.
Data were obtained from the TriNetX Research Network, a large real-world retrospective database. Patients undergoing TAVR plus PCI or SAVR plus CABG between January 2015 to December 2022 were identified. After propensity score matching, 2483 patients were included in each group. Thirty-day outcomes included all-cause mortality, stroke, and permanent pacemaker (PPM) implantation. In addition, all-cause mortality at 1 and 3 years was determined.
At 30 days, SAVR plus CABG was associated with higher all-cause mortality (4.2% vs 2.7%; p = 0.005) and higher incidence of stroke (5.5% vs 3.8%, p = 0.003) compared to TAVR plus PCI; however, PPM was lower in SAVR plus CABG (5.2% vs. 8.4%; p < 0.001). At 1-year, all-cause mortality was similar between SAVR plus CABG and TAVR plus PCI (10.4% vs. 11.1% [p = 0.70], respectively). At 3 years, SAVR plus CABG demonstrated lower all-cause mortality compared with TAVR plus PCI (18.7% vs 26.2%; p < 0.001).
In patients with severe AS and CAD, SAVR with CABG is associated with higher short term all-cause mortality and stroke with lower PPM implantation compared to TAVR with PCI. Despite worse early outcomes, SAVR with CABG demonstrated superior long-term survival at 3 years."
PubMed,aortic stenosis,A Diagnostic Approach to Giant Cell Arteritis Initially Presenting with Infarction without Headache Using MR Vessel Wall Imaging and a Temporal Artery Biopsy: A Case Report.,Masaomi Yamamoto; Tomohisa Dembo; Keisuke Sawada; Yuichi Yoshida; Shunsuke Tsutsumi; Yoshihiro Furukawa; Satoru Oji; Kenichi Kaida,10.2169/internalmedicine.7447-26,2026-09-08,"Internal medicine (Tokyo, Japan)","A 75-year-old woman presented with a sudden onset of left homonymous hemianopia and dizziness without headache. Magnetic resonance imaging revealed multiple posterior circulation infarctions, and magnetic resonance angiography revealed right vertebral artery occlusion and left vertebral artery stenosis. Vessel wall imaging (VWI) revealed concentric wall thickening with enhancement, suggesting vasculitis. 18F-FDG PET/CT revealed an increased aortic uptake. Despite elevated CRP and ESR levels, the temporal artery ultrasound was normal. A biopsy confirmed giant cell arteritis (GCA). Prednisolone and tocilizumab normalized the inflammatory markers. This case shows that GCA can present without classic symptoms, and VWI may help evaluate unexplained vascular lesions without conventional risk factors."
PubMed,valvular heart disease,[Aortic Valve Replacement in a Patient with Cold Agglutinins:Report of a Case].,Takashi Kawashima; Yasuyuki Shimada; Naoko Okubo; Yasushi Terada,,2026-04,Kyobu geka. The Japanese journal of thoracic surgery,"Cold agglutinins are a rare autoimmune hemolytic disorder in which immunogloburin( Ig) M antibodies bind to red blood cells at low temperatures, potentially causing hemagglutination and complement-mediated hemolysis during cardiac surgery under hypothermic cardiopulmonary bypass (CPB). We report a 73-year-old woman with severe aortic regurgitation and positive cold agglutinin (titer 1:512, critical temperature 30 ℃). To avoid intraoperative hemagglutination, normothermic CPB was performed with a minimum rectal temperature of 34.7 ℃. Warm blood cardioplegia( 34 ℃) with increased potassium concentration was used for myocardial protection. The postoperative course was uneventful without hemolytic or thrombotic complications. This case demonstrates that normothermic CPB with warm cardioplegia can be safely applied in patients with cold agglutinin positivity when the critical temperature is above the target intraoperative temperature."
PubMed,valvular heart disease,[Mitral Valve Replacement in a Patient with Severe Mitral Annular Calcification:Report of a Case].,Reo Sakakura; Kazuhiro Tani; Masazumi Fukuzawa; Hirotaro Sugiyama; Katsushi Ueyama; Arata Murakami,,2026-06,Kyobu geka. The Japanese journal of thoracic surgery,"Mitral annular calcification (MAC) increases the risk of left ventricular rupture during mitral valve replacement (MVR). We report an 81-year-old woman with severe MAC who underwent MVR with preservation of the posterior leaflet and subvalvular apparatus, combined with selective annular debridement using an ultrasonic surgical aspirator and annular reinforcement with a bovine pericardial patch. The valve prosthesis was sewn into place with special attention to suture needle position. Our maneuver enabled safe calcification removal and implantation of an adequately sized prosthesis without left ventricular rupture or paravalvular leakage. Postoperative left ventricular function was well preserved, and the prosthetic valve showed good performance. This technique may reduce the risks of left ventricular rupture and prosthesis-patient mismatch during MVR in patients with severe MAC."
PubMed,valvular heart disease,[Incidental Detection and Surgical Correction of Isolated Left-sided Partial Anomalous Pulmonary Venous Connection in an Adult Patient Requiring Valve Surgery].,Toshinori Takahashi; Shinya Mimura; Osamu Namura,,2026-06,Kyobu geka. The Japanese journal of thoracic surgery,"Partial anomalous pulmonary venous connection (PAPVC) is a rare congenital anomaly, and isolated left-sided PAPVC without atrial septal defect is extremely uncommon. We report a 70-year-old man with severe mitral regurgitation, atrial fibrillation, and chronic kidney disease, in whom preoperative imaging incidentally revealed left upper pulmonary vein drainage into the innominate vein via a vertical vein. Hemodynamic evaluation demonstrated a significant left-to-right shunt [pulmonary flow/systemic flow( Qp/Qs) =1.88]. Surgical treatment consisted of direct anastomosis of the vertical vein to the left atrial appendage, combined with mitral and tricuspid annuloplasty under cardiopulmonary bypass. The postoperative course was uneventful with stable hemodynamics. This case highlights the importance of careful preoperative imaging to detect rare anomalies such as PAPVC and the need for appropriate surgical planning when concomitant valvular disease is present."
PubMed,valvular heart disease,[Mitral Valve Repair in a Patient With Ischemic Cardiomyopathy].,Yuichiro Yokoyama; Takeshi Emmoto; Hiroshi Higashino; Hiroyuki Fujieda; Yumiko Abe; Mitsunori Abe,,2026-07,Kyobu geka. The Japanese journal of thoracic surgery,"In patients with severe ischemic mitral regurgitation, annuloplasty alone results in early recurrence due to deterioration in tethering. Therefore, additional procedures targeting the subvalvular tissue, such as approximation or suspension of papillary muscle, have been considered. Ischemic mitral regurgitation mainly results from tethering due to left ventricular enlargement, with varying severity among cases and difficult prediction of reverse remodeling. Residual mitral regurgitation affects prognosis, necessitating reliable regurgitation control during mitral repair procedure. In some cases, valve replacement with chordal preservation may be preferable. We performed mitral valve repair for severe ischemic mitral regurgitation due to leaflet tethering. The patient was a 75-year-old male who had an acute myocardial infarction 10 years prior, which led to the progression of ischemic cardiomyopathy. Anterior leaflet augmentation using an autologous pericardial patch, suspension of the papillary muscles, and implantation of an artificial ring were performed. Six years postoperatively, the mitral valve remains in good condition and left ventricular reverse remodeling is favorable, with no heart failure observed. This procedure is considered an effective surgical option for ischemic mitral regurgitation and is hereby reported."
PubMed,valvular heart disease,"The Evolving Burden, Disparities, Drivers, and Prevention Priorities of Heart Failure in the United States.",Laiang Yao; Yihang Fan; Felice Lin; Andy Lee; Sheryl L Chow; Nathan D Wong; Wenjun Fan,10.1016/j.jacadv.2026.103206,2026-09-09,JACC. Advances,"Heart failure (HF) remains a leading cause of hospitalization and mortality in the United States.
We aim to quantify the burden of HF, characterize epidemiological trends, assess geographic disparities, and examine variation in underlying causes and risk factors using updated national estimates.
Data on the prevalence, years lived with disability (YLDs), and attributable causes of HF across the United States from 1990 to 2023 were obtained from the Global Burden of Disease Study 2023. Risk factors were evaluated using a complementary cause-pathway framework and a data-driven machine-learning approach. Bayesian age-period-cohort models were used to project HF burden through 2040.
In 2023, the United States had 4.65 million prevalent HF cases and 432 thousand YLDs, an approximately 80% increase in absolute burden since 1990. Age-standardized rates remained largely stable, with an age-standardized prevalence rate of 864.29 (95% uncertainty intervals [UI]: 789.90-937.31) and age-standardized YLD rate of 80.41 (95% UI: 56.41-110.96) per 100,000 in 2023. The etiologic profile of HF was dominated by ischemic, hypertensive, valvular, and cardiomyopathic pathways. Marked geographic disparities persisted, with disproportionate burden concentrated in several Midwestern and Southern states. High systolic blood pressure had the highest population-attributable fraction of 40.7%, followed by dietary risks (27.3%), high BMI (22.5%), high low-density lipoprotein cholesterol (11.5%), and kidney dysfunction (10.9%). Projections suggested broadly stable trends in HF burden through 2040.
HF remains a substantial and persistent public health burden in the United States. These findings support more targeted prevention, improved risk-factor control, and more equitable delivery of HF care."
PubMed,valvular heart disease,Association of left ventricular global longitudinal strain with outcomes of severe mitral regurgitation due to severe mitral annular calcification: a retrospective cohort study.,Mohammad Al Zein; Yuichiro Okushi; Shinya Unai; Gösta B Pettersson; A Marc Gillinov; Richard A Grimm; Brian P Griffin; Bo Xu,10.21037/cdt-2025-1-620,2026-08-31,Cardiovascular diagnosis and therapy,"Mitral annular calcification (MAC) is associated with increased mortality and a heightened risk of complications such as stroke, myocardial infarction, and arrhythmias. In advanced stages, MAC can cause severe mitral regurgitation (MR), further worsening outcomes. Prognostic markers to guide therapy in this population remain unclear. Left ventricular global longitudinal strain (LVGLS) has been linked to outcomes in MR, but its role in severe MR due to severe MAC is not well established. This study evaluated the prognostic value of LVGLS in this setting.
We conducted a single-center, retrospective study of patients with severe MAC identified from the Cleveland Clinic echocardiographic database between January 2010 and August 2023. From these, patients with mild or moderate MR and those with concomitant significant mitral stenosis (MS) were excluded. Subsequently, patients with isolated severe MR due to severe MAC were identified. Clinical and echocardiographic parameters, including LVGLS, were recorded at baseline. The primary outcome was all-cause mortality. Patients were stratified by the median LVGLS value for analysis. Survival was assessed using Kaplan-Meier analysis and Cox proportional hazards models. Restricted cubic spline was used to evaluate potential non-linear associations between LVGLS and mortality.
During the study period, 10,061 patients were diagnosed with severe MAC on echocardiography at our institution. Of these, 8,912 with mild or moderate MR and 1,021 with concomitant significant MS were excluded, and 128 patients with isolated severe MR due to severe MAC were included in our study. The median follow-up was 134 days [interquartile range (IQR), 33-1,812 days]. The median age was 81 years (IQR, 71-88 years), and 35 (27.3%) were male. The median left ventricular ejection fraction (LVEF) was 63% (IQR, 56-69%), mean MR regurgitant volume was 60±20.8 mL, and median right ventricular systolic pressure was 54 mmHg (IQR, 42-71 mmHg). The median LVGLS was -14.8%±4.5%. Of the 128 patients, 45 (35.2%) underwent mitral valve intervention, 42 (93.3%) surgery and 3 (6.7%) mitral clip implantation, while 83 (64.8%) received conservative management. Among surgical cases, 37 underwent valve replacements (34 bioprosthetic) and 5 valve repairs. During follow-up, 63 patients (49.2%) died. LVGLS worse than -14.8% was associated with higher 12-month mortality (log-rank P=0.043) but not over the entire follow-up period (P=0.11). On multivariable cox regression, LVGLS was not a predictor of mortality after adjusting for other covariates [hazard ratio (HR) 1.046, 95% confidence interval (CI): 0.983-1.112].
In severe MR due to MAC, impaired LVGLS was associated with increased short-term but not long-term mortality. The limited long-term prognostic value may reflect the low myocardial reserve in patients with severe valvular dysfunction due to MAC, the progressive and systemic nature of the disease, and the influence of non-cardiac comorbidities."
PubMed,valvular heart disease,Fabry Disease: Cardiac and Neurologic Involvement.,Emanuele Monda; Chiara Cirillo; Marta Rubino; Anna Murredda; Martina Caiazza; Gaetano Diana; Elena Biagini; Giuseppe Limongelli,10.1016/j.hfc.2026.07.005,2026-10,Heart failure clinics,"Cardiac and neurologic manifestations are common in Fabry disease (FD) and significantly impact prognosis and quality of life. Cardiac involvement includes hypertrophic cardiomyopathy, arrhythmias, and heart failure, while the main neurologic manifestations are cerebrovascular events and peripheral neuropathy. The progressive nature of these manifestations highlights the importance of early detection and management to prevent long-term damage. This article provides an overview of the key cardiac and neurologic manifestations of FD, offers guidance on when cardiologists and neurologists should suspect FD and start diagnostic evaluation, and summarizes the evidence on the role of disease-modifying therapies in managing cardiovascular and neurologic complications."
PubMed,valvular heart disease,Impact of hypertrophic pattern and obstruction on cardiovascular magnetic resonance myocardial strain and left atrioventricular coupling in hypertrophic cardiomyopathy: a retrospective study.,Yajuan Li; Zhiming Li; Siqi Chen; Liling Long,10.1136/openhrt-2026-004215,2026-09-09,Open heart,"Hypertrophic cardiomyopathy (HCM) exhibits complex phenotypic heterogeneity. Left ventricular myocardial strain and atrioventricular coupling hold significant clinical value in cardiovascular diseases; however, the impact of different left ventricular hypertrophy (LVH) distribution patterns on myocardial strain and atrioventricular coupling remains unclear in HCM.
To investigate left ventricular strain and left atrioventricular coupling in HCM patients with different LVH distribution patterns and obstruction using cardiac magnetic resonance feature tracking.
A total of 199 HCM patients were divided into four LVH patterns (P1-P4): P1 (isolated septal hypertrophy), P2 (septal+other segments hypertrophy, non-apical), P3 (apical+other segments hypertrophy) and P4 (isolated apical hypertrophy). We measured left ventricular global longitudinal strain (LVGLS), global radial strain (LVGRS), global circumferential strain (LVGCS) and left atrioventricular coupling index (LACI). Parameters were compared across groups and between obstructive HCM (HOCM) and non-obstructive HCM (HNCM).
Strain differed significantly among the four groups (all p<0.05). LVGLS impairment was most severe in P2. P4 showed better LVGRS and LVGCS than the other groups. Absolute LVGRS and LVGCS were higher in HOCM than HNCM (both p<0.05), but LVGLS did not differ. However, after indexing LVGRS to left ventricular maximal wall thickness (LVMWT) (LVGRS/LVMWT), the difference between HOCM and HNCM was no longer significant (p=0.999). HOCM also had higher LACI, left atrial volumes (all p<0.05). On multivariable analysis, P2 was independently associated with LVGLS impairment (β=2.14, adjusted p=0.007). P4 was independently associated with better LVGRS and LVGCS (adjusted p<0.05). Obstruction was independently associated with LVGCS (adjusted p<0.05). LACI showed no independent association with hypertrophy pattern or obstruction (all adjusted p>0.05).
LVH patterns on cardiac MR effectively differentiate myocardial strain in HCM. P2 identifies a subtype with severe LVGLS impairment, whereas P4 shows preserved LVGRS and LVGCS. Obstruction independently correlates with compensatory enhancement of LVGCS with larger left atrial volumes, whereas the augmentation of LVGRS may be attributable to wall thickness differences. LACI is not independently associated with LVH pattern or obstruction."
PubMed,valvular heart disease,Cardiomyocyte hypertrophy co-localizes with accumulation of hyaluronan in cMyBPC+/- mice hearts.,Anna Strnadová; Madelene Ericsson; Rakel Nyrén; Ilona Dudka; Stellan Mörner; Urban Hellman,10.1371/journal.pone.0342635,2026,PloS one,"Hypertrophic cardiomyopathy (HCM) is a genetic heart disease characterized by left ventricular hypertrophy. Mutations in genes for sarcomere proteins, e.g., in cardiac myosin-binding protein C (cMyBPC), may cause symptoms like heart failure and sudden cardiac death. In HCM, the heart utilizes high amounts of glucose. Increased glucose metabolism creates intermediates for hyaluronan (HA) synthesis, resulting in HA accumulation within the extracellular space, which could contribute to cardiomyocyte hypertrophy. We aimed to describe the connection between HA and cardiomyocyte hypertrophy using cMyBPC+/- mice treated with two different β-blockers - either metoprolol or propranolol - for 11 months. The results showed that HA metabolism is altered in HCM, and that HA is significantly more abundant in hearts of cMyBPC+/- mice compared to wild-type mice. Areas of high HA abundance were spread around the tissue in a 'patchy' manner. This focally increased HA concentration correlated with increased cardiomyocyte size in the same areas of the heart. Gene expression of HA synthase 2 was elevated in cMyBPC+/- mice. Treatment with propranolol maintained HA synthase 2 at wild-type level, while significantly increasing HA synthase 3 expression. However, treatment with metoprolol or propranolol did not prevent HA accumulation nor decreased cardiomyocyte hypertrophy. These novel findings visualise a spatial connection between high HA abundance and cardiomyocyte hypertrophy in the hearts of cMyBPC+/- mice."
PubMed,valvular heart disease,Atrial Functional Tricuspid Regurgitation as a Valvular Manifestation of Right Atrial Failure.,Patrick Romanescu; Matthew Hanson; Bryce Alexander; Victor Neira Vidal; Cengiz Burak; Eduardo Sanhueza; Hoshiar Abdollah; Christopher Simpson; Adrian Baranchuk; Vivek Rao; Sanoj Chacko,10.1161/JAHA.126.052245,2026-09-09,Journal of the American Heart Association,"Functional tricuspid regurgitation has traditionally been attributed to right ventricular remodeling secondary to pulmonary hypertension or left-sided heart disease. However, contemporary imaging studies increasingly identify patients with significant tricuspid regurgitation despite preserved right ventricular geometry, characterized instead by marked right atrial (RA) enlargement and tricuspid annular dilation, most commonly in the setting of atrial fibrillation. This phenotype, termed atrial functional tricuspid regurgitation (AF-TR), is typically described as regurgitation caused by isolated annular dilation. However, this description focuses on the structural end point of disease rather than the underlying pathophysiological substrate. Emerging evidence suggests that AF-TR represents a valvular manifestation of RA failure, a right-sided extension of the broader atrial failure syndrome described for the left atrium. In this framework, atrial cardiomyopathy, characterized by atrial fibrosis, electrical instability, and impaired atrial mechanics, first produces dysfunction of RA reservoir, conduit, and contractile function. Progressive loss of atrial-annular coupling and chamber dilation subsequently destabilize tricuspid annular geometry, culminating in functional regurgitation despite preserved ventricular structure. In this review, we synthesize current evidence on the mechanistic relationship between RA cardiomyopathy, RA failure, and AF-TR. We examine the epidemiology and clinical phenotypes of AF-TR, discuss diagnostic approaches emphasizing RA structure and mechanics, use pacing-induced tricuspid dysfunction as an iatrogenic model to illustrate the mechanisms linking atrial failure to AF-TR, and review therapeutic strategies targeting both the atrial substrate and its valvular consequences."
PubMed,valvular heart disease,Physiological Left Atrial Staging and the Risk of New-Onset Atrial Fibrillation in Hypertrophic Cardiomyopathy.,Jaehyun Lim; In-Chang Hwang; Jihoon Kim; Jae-Hyun Kim; Soongu Kwak; Ju Hi Park; Min-Ha Jeong; Jun-Bean Park; Seung-Pyo Lee; Yong-Jin Kim; Sang-Chol Lee; Hyung-Kwan Kim,10.1016/j.jacc.2026.08.014,2026-08-27,Journal of the American College of Cardiology,"Atrial fibrillation (AF) is pervasive and an independent driver of stroke and death in hypertrophic cardiomyopathy (HCM). Despite guideline recommendations for AF surveillance, effective risk stratification remains elusive, and the hemodynamic and functional states of the left atrium (LA) preceding AF onset remain poorly characterized.
We aimed to delineate the hemodynamic and functional states of the LA in HCM, derive a novel LA staging system, and evaluate its prognostic performance for new-onset atrial fibrillation (NOAF).
This multicenter retrospective study included consecutive HCM patients with normal left ventricular systolic function from January 2007 to February 2024 at 2 academic referral centers. Patients with valvular heart disease or prior AF were excluded. Patients were categorized by combining the presence of elevated LA pressure (hemodynamic load) and LA contractile strain (intrinsic LA function): stage 1 (normal LA pressure and function), stage 2 (relative contractile augmentation for a given LA pressure), stage 3 (loss of relative contractile augmentation despite elevated LA pressure), stage 4 (elevated LA pressure with decreased LA contractile strain), and isolated LA contractile dysfunction. The primary outcome was NOAF. External validation was conducted in an independent HCM cohort.
Of 1,856 patients screened, 705 were eligible (mean age 57.6 ± 13.0 years, 30.1% female). During a median follow-up of 7.5 years (Q1-Q3: 3.6-11.0 years), NOAF occurred in 101. The staging system was independently associated with a significant, stepwise increase in the risk of NOAF (adjusted HR: 1.83 per increment; 95% CI: 1.42-2.37; P < 0.001) and conferred incremental predictive value beyond established risk models (CHARGE-AF and HCM-AF). Consistent results were demonstrated in 1-year landmark and competing-risk analyses, as well as in an external validation cohort (n = 425; age 59.7 ± 13.5 years, 33.9% female). Importantly, serial echocardiography performed in 217 patients 4 to 6 years after baseline revealed a predominantly unidirectional evolution of the proposed LA stage, with most patients remaining stable (39.6%) or progressing to higher stages or AF (43.8%).
The proposed LA staging framework offers mechanistic insights into how the LA adapts to progressive diastolic dysfunction in HCM. It is associated with a graded risk of NOAF and may help tailor AF surveillance strategies."
PubMed,valvular heart disease,Y-incision aortic annular enlargement using the arc patch modification: a step-by-step tutorial.,Maksym Rzhanyi; Polina Danchenko; Kostiantyn Rudenko; Liliana Hrubiak; Mykhailo Ischenko; Vladyslav Stepanov; Dmytro Vichev; Anna Bei,10.1510/mmcts.2026.076,2026-09-08,Multimedia manual of cardiothoracic surgery : MMCTS,"Aortic annular enlargement is an important adjunct to aortic valve replacement in patients with a small aortic annulus and restricted aortic root anatomy. The Y-incision technique facilitates implantation of a larger prosthetic valve, reducing the risk of prosthesis-patient mismatch and improving postoperative haemodynamics. This video tutorial demonstrates Y-incision aortic annular enlargement combined with bioprosthetic aortic valve replacement in a 67-year-old woman with symptomatic severe aortic stenosis and a severely restricted aortic root anatomy. Preoperative imaging revealed a 19 mm aortic annulus, small aortic root dimensions and a narrow sinotubular junction. Following extensive aortic root mobilization, a Y-shaped incision was extended through the aortomitral curtain and reconstructed using an arc-shaped patch modification to facilitate annular, root and sinotubular junction enlargement. The enlarged annulus allowed implantation of a 23 mm bioprosthetic valve with careful commissural alignment and root reconstruction. Postoperative imaging demonstrated excellent valve position and function without paravalvular leak. Peak and mean transvalvular gradients were 14 and 8 mmHg at discharge, and remained stable at 4-month follow-up. This video tutorial highlights the key technical steps of Y-incision aortic annular enlargement and demonstrates excellent early haemodynamic results following implantation of an appropriately sized prosthesis."
PubMed,valvular heart disease,Totally endoscopic transaortic septal myectomy for hypertrophic obstructive cardiomyopathy.,Carolina Orlandi; Ghazi Elshafie; Joseph Zacharias,10.1510/mmcts.2026.055,2026-09-08,Multimedia manual of cardiothoracic surgery : MMCTS,"Hypertrophic obstructive cardiomyopathy is characterized by asymmetric septal hypertrophy and dynamic left ventricular outflow tract obstruction, often associated with systolic anterior motion of the mitral valve. In symptomatic patients who are not responders to medical therapy, surgical septal myectomy is considered the gold standard. We present a case of totally endoscopic transaortic septal myectomy performed in a symptomatic patient with severe left ventricular outflow tract obstruction and systolic anterior motion of the mitral valve. Preoperative imaging demonstrated marked asymmetric septal hypertrophy, hyperdynamic ventricular function and significant outflow tract gradient. The procedure was performed using a totally endoscopic approach with femoro-femoral cardiopulmonary bypass and transthoracic aortic cross-clamping. After the pericardial opening and aortotomy, a transaortic septal myectomy was performed under three-dimensional endoscopic visualization. Intraoperative transoesophageal echocardiography confirmed resolution of systolic anterior motion and marked reduction of outflow tract obstruction. Postoperative transthoracic echocardiography demonstrated preserved ventricular function and absence of systolic anterior motion, and a peak gradient of 18 mmHg. This case highlights the feasibility and reproducibility of a totally endoscopic approach for septal myectomy, combining the effectiveness of conventional surgery with the advantages of a non-sternotomy technique."
Crossref,aortic stenosis,Microscopic anatomy of the heart and aortic crest of the sea hare Aplysia depilans (Gastropoda: Euopisthobranchia),Alexandre Lobo-da-Cunha,10.1016/j.tice.2026.103817,2027-02,Tissue and Cell,
Crossref,aortic stenosis,Chebulinic acid attenuates ox-LDL-induced oxidative injury in human aortic endothelial cells in association with Nrf2/HO-1 activation,Hairong Li; Yinmei Zhu; Weisong Tang; Biquan Lin; Fangbo Lin,10.1016/j.tice.2026.103881,2027-02,Tissue and Cell,
Crossref,aortic stenosis,Impact of intra-aortic balloon pump support on cerebral blood flow velocity during venoarterial ECMO,Timothée Ayasse; David Levy; Ouriel Saura; Alain Combes; Matthieu Schmidt,10.1016/j.jcrc.2026.155710,2027-02,Journal of Critical Care,
Crossref,aortic stenosis,PLN inhibits vascular smooth muscle cell pyroptosis in abdominal aortic aneurysm via NF-κB/NLRP3 pathway,Shan Chen; Yanxi Yang; Lei Yang; Yulin Miao; Weiwei Wang; Chao Ding; Zhipeng Hu,10.1016/j.tice.2026.103827,2027-02,Tissue and Cell,
Crossref,aortic stenosis,Modeling calcific aortic valve disease with engineered human valve tissues identifies SAMHD1 as a therapeutic target,Xiangfu Meng; Qian Zhou; Zijin Zhu; Weihua Qiao; Bingchuan Geng; Zhengfeng Fan; Ruxiang Wang; Shanqing Gao; Yanyan Zhou; Pengcheng Yang; Nianguo Dong; Yan Qi; Donghui Zhang,10.1016/j.biomaterials.2026.124432,2027-01,Biomaterials,
Crossref,aortic stenosis,Serum sialic acid is independently associated with cerebrovascular atherosclerotic stenosis severity and total vascular burden: A retrospective cohort study,Qi Cai; Chunjiao Yang; Lei Luo; Yinfei Huang; Yu Xie; Xin Liang; Renwei Zhang; Yumin Liu,10.1016/j.cca.2026.121217,2027-01,Clinica Chimica Acta,
Crossref,aortic stenosis,Reduced Occludin expression in aortic endothelial cells mediates endothelial barrier dysfunction in aortic dissection,Shiqi Gao; Chenyu Zhou; Jiachen Li; Xianchao Jiang; Yuanrui Gu; Yumengi Ji; Kai Xu; Jiang Liu; Zhonghua Shen; Enzehua Xie; Juntao Qiu,10.1016/j.bbadis.2026.168417,2027-01,Biochimica et Biophysica Acta (BBA) - Molecular Basis of Disease,
Crossref,aortic stenosis,Two Cases of Lumbar Spinal Canal Stenosis with Dorsal Meningovertebral Ligaments: Potential Risk of Dural Laceration,Kyohei KIN; Ryoji TOMINAGA; Kento TAKEBAYASHI; Hiroki IWAI; Hisashi KOGA,10.2176/jns-nmc.2025-0354,2026-12-31,NMC Case Report Journal,
Crossref,aortic stenosis,Intraoperative Near-infrared Spectroscopy Findings Reflecting Cerebrovascular Autoregulation during Staged Angioplasty for Severe Carotid Artery Stenosis: A Case Report,Norihiro IWAMOTO; Shin-Ichiro OSAWA; Norio NARITA; Hiroyuki SAKATA; Hidenori ENDO,10.2176/jns-nmc.2025-0403,2026-12-31,NMC Case Report Journal,
Crossref,aortic stenosis,Staged Full-endoscopic Foraminotomy for Multilevel Lumbar Stenosis with Scoliosis: A Case Report,Takayuki KITAHARA; Yuji NAGAO; Takafumi OHSHIMA; Naoto ONO; Saori SOEDA; Makoto TAKEUCHI; Kosuke SUGIURA; Hiroaki MANABE; Masatoshi MORIMOTO; Fumitake TEZUKA; Hiroshi KAGEYAMA; Junzo FUJITANI; Koichi SAIRYO,10.2176/jns-nmc.2025-0339,2026-12-31,NMC Case Report Journal,
Crossref,aortic stenosis,Transaxillary endovascular repair of a mycotic ascending aortic pseudoaneurysm using a rifampin-soaked Dacron-based Cook Zenith Flex abdominal aortic cuff,Benjamin Limburg; Thekla Bacharach; Anand Dayama,10.1016/j.jvscit.2026.102429,2026-12,"Journal of Vascular Surgery Cases, Innovations and Techniques",
Crossref,aortic stenosis,Hybrid repair of Kommerell diverticulum associated with severe aberrant left subclavian artery stenosis and poststenotic aneurysmal degeneration: 2-year outcomes,Fanru Shen; Salim G. Habib; Natalie S. Weger,10.1016/j.jvscit.2026.102458,2026-12,"Journal of Vascular Surgery Cases, Innovations and Techniques",
Crossref,aortic stenosis,Gestational aortic dissection: Moving beyond diameter in pregnancy-specific aortic risk assessment,Jing Liu,10.1016/j.thr.2026.100016,2026-12,Thoracic Radiology,
Crossref,aortic stenosis,"Type Ib Endoleak after Endovascular Aortic Repair: Occurrence Rate, Management Strategies, and Outcomes. A Systematic Review and Meta-Analysis",Nicola Cicala; Antonino Di Leo; Claudio Bianchini Massoni; Davide Maria Pressanto; Beatrice Daldoss; Alexandra Catasta; Antonio Freyrie; Paolo Perini,10.1016/j.avsg.2026.07.033,2026-12,Annals of Vascular Surgery,
Crossref,aortic stenosis,Long-Term Outcomes of Open Aneurysmorrhaphy for Sac Expansion After Endovascular Abdominal Aortic Aneurysm Repair,Hirotsugu Ozawa; Takao Ohki; Kota Shukuzawa; Daisuke Yamagishi; Takehiro Suzuki; Ryo Nishide; Makiko Omori; Soichiro Fukushima,10.1016/j.avsg.2026.07.038,2026-12,Annals of Vascular Surgery,
Crossref,aortic stenosis,The Prevalence of Thoracic Aortic Aneurysms in Patients with Abdominal Aortic Aneurysms,Holly Watson; Helena Edlin; Ferdinand Serracino-Inglott,10.1016/j.avsg.2026.07.035,2026-12,Annals of Vascular Surgery,
Crossref,aortic stenosis,Triple-Branched Stent-Grafts for Total Endovascular Repair of Aortic Arch Pathologies: A Systematic Review,Hong-Cheng Luo; Kristine J.S. Kwan; Hai-Lei Li; Zilun Li; Stephen Wing-Keung Cheng,10.1016/j.avsg.2026.08.018,2026-12,Annals of Vascular Surgery,
Crossref,aortic stenosis,Netrin-1 suppresses CCL2-driven macrophage migration: implications for modulating vascular inflammation and aortic sinus enlargement in hyperlipidaemic mice,Vasco Claro; Yanira Riffo-Vasquez; Fulye Argunhan; Albert Ferro,10.1016/j.jmccpl.2026.100868,2026-12,Journal of Molecular and Cellular Cardiology Plus,
Crossref,aortic stenosis,Infected thoracoabdominal aortic aneurysm with vertebral osteomyelitis caused by invasive pneumococcal disease successfully managed with rifampicin-soaked in situ graft replacement,Yoshifumi Itoda; Yutaka Hasegawa; Hiroyuki Morishita; Shuichi Okada; Yasuyuki Yamada; Joji Hoshino,10.1016/j.jvscit.2026.102440,2026-12,"Journal of Vascular Surgery Cases, Innovations and Techniques",
Crossref,aortic stenosis,Early Versus Threshold Repair of Women's Abdominal Aortic Aneurysms,Shireen Fikree; Naomi Eisenberg; Miranda Witheford; Graham Roche-Nagle,10.1016/j.avsg.2026.08.019,2026-12,Annals of Vascular Surgery,
Crossref,mitral regurgitation,AIoT-Driven Real-Time Detection of Mitral Valve Prolapse,Meng Han Chen; Guanling Lee,10.1504/ijipt.2027.10079642,2027,International Journal of Internet Protocol Technology,
Crossref,mitral regurgitation,A physics-informed neural network framework for hemodynamic reconstruction and quantitative mitral regurgitation assessment,Kalpana Chauhan; Rajeev Kumar Chauhan,10.1016/j.bspc.2026.111264,2026-12,Biomedical Signal Processing and Control,
Crossref,mitral regurgitation,New variants in ACE gene region in 10 Cavalier King Charles Spaniel dogs with mild and severe myxomatous mitral valve disease – preliminary study,Maksymilian Lewicki; Sylwia Górczyńska-Kosiorz; Piotr Frydrychowski; Justyn Gach; Zuzanna Wojtczak; Jacek Cymbryłowicz; Agnieszka Noszczyk-Nowak,10.1016/j.vas.2026.100769,2026-12,Veterinary and Animal Science,
Crossref,mitral regurgitation,Echocardiographic Indicators of Left Atrial Rupture in Dogs with Advanced Degenerative Mitral Valve Disease,Asim Abdulrahman Alshehri; Ahmed A. Ibrahim; Saad Shousha; Mohamed A. Marzok; Adel Almubarak; Mohamed W. El-Sherif; Mahmoud Hassan; Mahmoud Saber,10.21608/ejvs.2026.481910.3618,2026-12-01,Egyptian Journal of Veterinary Sciences,
Crossref,mitral regurgitation,Beyond mitral regurgitation reduction: Divergent hemodynamic and structural responses to transcatheter edge-to-edge repair in primary and secondary mitral regurgitation,Carlo Vignati; Gaia Cattadori; Fiorella Puttini; Beatrice Pezzuto; Valentina Mantegazza; Chiara Morocutti; Arianna Galotta; Elisabetta Salvioni; Irene Mattavelli; Rebecca Caputo; Jeness Campodonico; Anna Apostolo; Mauro Contini; Pietro Palermo; Massimo Mapelli; Stefania Farina; Federico De Marco; Cristina Ferrari; Antonio Luca Bartorelli; Manuela Muratori; Piergiuseppe Agostoni,10.1016/j.ijcard.2026.134678,2026-11,International Journal of Cardiology,
Crossref,mitral regurgitation,Cine-derived mitral annular relaxation velocity for detection of preclinical left ventricular diastolic dysfunction,Niall McVeigh; David Ryan; Fiona Ryan; Joseph McCambridge; Maria Ferre; Sebastian Flynn; David J. Murphy; Mark Ledwidge; Ken McDonald; Jonathan D. Dodd,10.1016/j.mri.2026.110733,2026-11,Magnetic Resonance Imaging,
Crossref,mitral regurgitation,From diagnostic dilemma to successful management: Early prosthetic mitral valve endocarditis complicated by splenic infarction caused by Klebsiella pneumoniae,Mourad Hmidouch; Soumia Boulouiz; Nabila Ismaili; Zakaria Bazid; Noha El Ouafi,10.1016/j.radcr.2026.07.025,2026-11,Radiology Case Reports,
Crossref,mitral regurgitation,Epigenetic and transcriptomic regulation of RTN4IP1 links mitochondrial metabolism to the risk of mitral valve disease,Baiyu Tian; Fei Meng; Jiangang Wang; Haibo Zhang; Tiange Luo; Jintao Fu; Kemin Liu; Wenbo Zhang; Cheng Zhao; Yuqing Jiao; Junhui Sun,10.1016/j.hrtlng.2026.102892,2026-11,Heart &amp; Lung,
Crossref,mitral regurgitation,The prognostic importance of the right ventricle for patients with mitral regurgitation undergoing surgical treatment: A speckle tracking study,Maria Concetta Pastore; Federica Marrese; Andrea Marchese; Lorenzo Tanzi; Andrea Stefanini; Antonio Capolongo; Giulia Elena Mandoli; Ilenia Pennisi; Martina Rizzo; Veronica Lorenz; Giuseppe Alba; Gianfranco Montesi; Luna Cavigli; Flavio D'Ascenzi; Marta Focardi; Serafina Valente; Ottavio Alfieri; Matteo Cameli,10.1016/j.ijcard.2026.134681,2026-11,International Journal of Cardiology,
Crossref,mitral regurgitation,Safety of multiple grasping attempts during transcatheter mitral valve repair with the PASCAL system,Florian Jürgens; Florian Schindhelm; Mohammed Abusharekh; Clara M.K. Brandts; Jürgen Kampf; Matthias Totzeck; Fadi Al-Rashid; Peter Lüdike; Tienush Rassaf; Amir A. Mahabadi,10.1016/j.ijcard.2026.134636,2026-10,International Journal of Cardiology,
Crossref,mitral regurgitation,Early Transcatheter Edge-to-Edge Repair Is Associated With Improved Mid-term Outcomes in Degenerative Mitral Regurgitation,Tetsuro Shimura; Masanori Yamamoto; Itta Kawamura; Azusa Kurita; Hitoshi Matsuo; Ai Kagase; Takahiro Tokuda; Atsushi Sugiura; Hiroshi Tsunamoto; Ryo Yamaguchi; Mike Saji; Yuki Izumi; Masahiko Asami; Yusuke Enta; Daisuke Hachinohe; Shinichi Shirai; Masaki Izumo; Shingo Mizuno; Yusuke Watanabe; Makoto Amaki; Kazuhisa Kodama; Hisao Otsuki; Toru Naganuma; Hiroki Bota; Yohei Ohno; Masahiro Yamawaki; Hiroshi Ueno; Gaku Nakazawa; Toshiaki Otsuka; Shunsuke Kubo; Kentaro Hayashida,10.1016/j.amjcard.2026.08.007,2026-10,The American Journal of Cardiology,
Crossref,mitral regurgitation,Transcatheter Aortic Valve Replacement for Native Aortic Regurgitation,Raviteja R. Guddeti; Nadia El-Hangouche; Santiago Garcia,10.1016/j.iccl.2026.06.002,2026-10,Interventional Cardiology Clinics,
Crossref,mitral regurgitation,Left atrial strain and fibrosis in primary mitral regurgitation: asynchronous markers of atrial remodelling?,Cristina Conte; Alessandro Telesca; Massimo Imazio,10.1016/j.ijcard.2026.134642,2026-10,International Journal of Cardiology,
Crossref,mitral regurgitation,"Sex Disparities in In-Hospital Outcomes After Transcatheter Edge-to-Edge Mitral Valve Repair: A National Inpatient Sample Analysis, 2016–2022",Brett David Cohen; Nicholas Roma; Luke Miller; Michael Durkin,10.1016/j.shj.2026.101098,2026-10,Structural Heart,
Crossref,mitral regurgitation,Corrigendum to “First-in-human study of the K-Clip™ transcatheter annular repair system for severe functional tricuspid regurgitation” [International Journal of Cardiology 390(2023) / IJCA 131174],Xiaochun Zhang; Qinchun Jin; Wenzhi Pan; Wei Li; Yingqiang Guo; Genshan Ma; Cuizhen Pan; Shasha Chen; Yuan Zhang; Lei Zhang; Mingfei Li; Shiqiang Hou; Yat-yin Lam; Thomas Modine; Alex Pui-Wai Lee; Juying Qian; Daxin Zhou; Junbo Ge,10.1016/j.ijcard.2026.134622,2026-10,International Journal of Cardiology,
Crossref,mitral regurgitation,"A retrospective (2020–2025), multicenter study of myxomatous mitral valve disease in Chihuahuas from Italy, Sweden, and the United States of America",I. Spalla; M.B. Bjerknaes; T. Bertuccini; G. Menciotti; A. Showers; G. Dossi; M. Borgarelli; J. Häggström; I. Ljungvall; R. Toschi Corneliani; C. Locatelli,10.1016/j.jvc.2026.06.005,2026-10,Journal of Veterinary Cardiology,
Crossref,mitral regurgitation,"Influence of age, frailty and non-cardiac comorbidities on survival in patients undergoing mitral valve edge-to-edge repair – a perspective from the German health care system",Kerstin Piayda; Nabor Keweloh; Bernhard Unsöld; Samuel Sossalla; Amin Polzin; Fabian Voss; Jafer Haschemi; Marcel Giemsa; Ursula Marschall; Beata Hennig; Michael Beil; Malte Kelm; Christian Jung,10.1016/j.ijcha.2026.101990,2026-10,IJC Heart &amp; Vasculature,
Crossref,mitral regurgitation,Association of component measurement variability and disease severity with variability of calculated mitral regurgitant fraction in dogs with myxomatous mitral valve disease,G. McAulay; D. Singleton; M. Rishniw,10.1016/j.jvc.2026.06.004,2026-10,Journal of Veterinary Cardiology,
Crossref,mitral regurgitation,A physiology-constrained framework for non-invasive left atrial pressure assessment and post-procedural estimation in mitral stenosis,Qimin Zhang; Wenwen Liang; Shengzhang Wang; Minmin Sun,10.1016/j.bspc.2026.110809,2026-10,Biomedical Signal Processing and Control,
Crossref,mitral regurgitation,"Transcatheter Mitral Valve Replacement in Valve-in-Valve, Valve-in-ring, and Valve-in-Mitral Annular Calcification: A Case-based Review",Antonella Millin; Ioannis Skalidis; Lorenzo Fargione; Neila Sayah; Mauro Boiago; Thierry Lefèvre; Mariama Akodad,10.1016/j.amjcard.2026.07.018,2026-10,The American Journal of Cardiology,
OpenAlex,aortic stenosis,Relationship between baseline patient-reported health status and patient-centered outcomes after Transcatheter Aortic Valve Replacement.,Daijiro Tomii; Jonas Lanz; Dik Heg; Holger Thiele; Won-Keun Kim; Michael Joner; Helge Möllmann; Lenard Conradi; Christian Thilo; Stefan Toggweiler; Bernard Prendergast; Stephan Windecker; Thomas Pilgrim,10.48620/98197,2026-10-01,Open Access CRIS of the University of Bern,"Background Aortic stenosis (AS) impairs health-related quality of life but the prognostic impact of patient-reported health status prior to transcatheter aortic valve replacement (TAVR) is not fully established.Objectives To investigate the association of patient-reported health status at baseline with clinical outcomes and health status after transfemoral TAVR in patients with symptomatic severe AS.Methods In the investigator-initiated, multicenter SCOPE I randomized trial, patients underwent TAVR who provided baseline Kansas City Cardiomyopathy Questionnaire (KCCQ) assessment were included in this post-hoc analysis. An integrated patient-centered outcome was defined as being alive with good health status (KCCQ overall summary score [KCCQ-OS] ≥75 without a decline of >10 points from baseline).Results Of 739 patients enrolled in SCOPE I, 692 were included in the present analysis. Median baseline KCCQ-OS was 54.9 [39.6-71.9] distributed as follows: KCCQ-OS <25 - 74 (10.7%), 25-49 - 222 (32.1%), 50-74 - 271 (39.2%), ≥75 - 125 (18.1%). At 3 years after TAVR, higher baseline KCCQ-OS was associated with a greater likelihood of being alive with good health status (KCCQ-OS 50-75 vs. 0-25: adjusted odds ratio 2.25, 95% CI 1.12-4.54; 75-100 vs. 0-25: adjusted odds ratio 5.15, 95% CI 2.33-11.3). Restricted cubic spline modelling demonstrated an approximately linear relationship between baseline KCCQ-OS and all-cause mortality, and alive with good health status.Conclusions In this post-hoc analysis of SCOPE I, better baseline patient-reported health status was associated with a higher probability of being alive with good health status up to 3 years after TAVR.Clinical Trial Registration https://www.Clinicaltrials gov. NCT03011346."
OpenAlex,aortic stenosis,Reversing the pipeline: a ‘human-first’ multi-omics approach to cardiovascular discovery,Elchanan Parnasa; Yair Rokach; Suzan Abedat; Offer Amir; Iddo Z. Ben‐Dov; Rabea Asleh,10.1038/s12276-026-01835-8,2026-09-09,Experimental & Molecular Medicine,"Despite significant biomedical advances, cardiovascular disease remains a leading cause of global mortality. The traditional 'bench-to-bedside' research pipeline, which heavily relies on animal models to guide clinical translation, is often hampered by species-specific physiological differences, leading to high rates of clinical trial failures. In this Review, we advocate for a paradigm shift toward a 'human-first' discovery approach. We explore how integrating human cardiac tissue resources obtained from biopsies, surgical explants and autopsies with high-resolution multi-omics technologies (including transcriptomics, proteomics and metabolomics) is transforming our understanding of complex heart diseases. We highlight recent breakthroughs in heart failure, ischemic heart disease, arrhythmias, myocarditis and valvular stenosis achieved through direct profiling of human samples. Finally, we propose a 'bedside-to-bench-and-back' strategy, in which therapeutic targets are identified in human tissues and then validated in animal models to accelerate the development of precise, clinically relevant cardiovascular treatments."
OpenAlex,aortic stenosis,A Case Report of Upper Gastrointestinal Outflow Tract Obstruction Initially Manifested as Recurrent Hypokalemic Periodic Paralysis,Cui Congming; Yongmei He,10.21203/rs.3.rs-10464954/v1,2026-09-09,Research Square,
OpenAlex,aortic stenosis,Undetected Gastric Angiodysplastic Lesion Causing Obscure Gastrointestinal Bleeding,Donghyoun Lee; Heung Up Kim; Hyun Joo Song,10.7704/kjhugr.2026.0011,2026-09-09,The Korean Journal of Helicobacter and Upper Gastrointestinal Research,"Obscure gastrointestinal bleeding (OGIB) has traditionally been defined to as bleeding originating from the small intestine that is beyond the reach of esophagogastroduodenoscopy and colonoscopy. However, gastric lesions associated with chronic intermittent bleeding may be undetected if there is no overt bleeding during initial endoscopic examination, resulting in a diagnosis of OGIB and repeated complex follow-up investigations. Vascular lesions, including angiodysplasia, Dieulafoy’s lesion, and small vascular ectasias, are major causes of chronic intermittent gastrointestinal bleeding. Hematemesis is an important clue for identifying the upper gastrointestinal tract as the source of anemia. Even when these vascular lesions are small and undetected, or not recognized as foci of bleeding during the initial endoscopy, confirmation of interval changes in size and morphology on follow-up endoscopy may provide an opportunity for definitive treatment of the lesion. Herein, we report a case of a patient with chronic anemia accompanied by recurrent syncope in whom no bleeding focus was identified on the initial endoscopic examination. After the patient had overt hematemesis, upper gastrointestinal bleeding was strongly suspected. Follow-up end oscopy revealed an angiodysplastic lesion with interval changes in size and morphology, which was recognized as the source of bleeding, and it was successfully treated endoscopically."
OpenAlex,aortic stenosis,Detailed Target Prioritization for Moura Ferreira et al. Advancing drug development for valvular heart disease by prioritising findings from human genetic association studies. EBioMedicine. 2026,Sara Ferreira; Rui Providencia; Amand F. Schmidt,10.6084/m9.figshare.33477028.v1,2026-09-09,Figshare,"Detailed Target Prioritization for all Phenotypes: I. Aortic Stenosis, II. Aortic Valve Traits, III. Aortic Stenois-Prioritization Table, IV. Mitral Valve Prolapse, V. Mitral Valve Prolapse-Prioritization Table, VI. Valvular Heart Disease, VII. Tricuspid Regurgitation, VIII. Mitral Stenosis, and IX. Rhematic Heart Disease."
OpenAlex,aortic stenosis,A dual view interactive framework with linked 2D and 3D visualisation enhances cerebral artery exploration in mixed reality,Cong Liu; Hanwu He; Yang Hong; Jianqing Mo,10.1007/s10791-026-10482-6,2026-09-09,Discover Computing,"Understanding the topology of cerebral arteries is crucial for neuro-interventional planning and medical education. Conventional 2D displays often suffer from projection ambiguity and severe occlusion. This study introduces a mixed reality system that integrates 3D vessel representation with a topology-aware 2D abstract layout, enabling segment-level path exploration and annotation. We propose two structured interaction techniques: Segment-Based Interaction (SBI) for direct 3D manipulation and Topology-Guided Selection (TGS) for indirect 2D selection with synchronized 3D feedback. A controlled user study demonstrates that the 2D + 3D configuration improves efficiency and reduces head movement in complex path-marking tasks, suggesting the potential of topology-guided 2D assistance for MR-based vascular exploration and training-oriented scenarios."
OpenAlex,aortic stenosis,Operationalizing the Implemented Twaddle Triad: An Empirical Application Across Four Vascular Diseases,Davide Costa; Nicola Ielapi; Raffaele Serra,10.21203/rs.3.rs-10927404/v1,2026-09-09,Research Square,
OpenAlex,aortic stenosis,"Clinical Profile, Echocardiographic Findings, and Management of Rheumatic Heart Disease in Children: A Hospital-Based Longitudinal Study in Ethiopia",Zemene Tigabu Kebede; Yohanes Hailu Matebe; Hailu Tazebew Amare; Ashenafi Tazebew Amare; Wubet Birhan; Tadesse Awoke Ayele; Kassahun Alemu; Abdulkadir Shehibo Buser; Alemayehu Teklu Toni; Yohannes Hailu Matebe,10.21203/rs.3.rs-10478101/v1,2026-09-09,Research Square,
OpenAlex,aortic stenosis,Identifying barriers to lipoprotein(a) testing in secondary cardiovascular prevention and co-designing implementation strategies: an Italian behavior change wheel-informed study,Marcello Arca; Rossella Marcucci; Aldo P. Maggioni; Claudio Bilato; Eugenio Stabile; Francesco Cipollone; Davide Capodanno; Giovanna Liuzzo; Ferdinando Varbella; Federico Guerra; Stefano Carugo; Diletta Valsecchi; Monica Cangini; Alessio Maria Ghiringhelli; Simone Parretti; Francesca Donnaloja; Alberico Luigi Catapano,10.3389/fcvm.2026.1906713,2026-09-09,Frontiers in Cardiovascular Medicine,"Background Lipoprotein(a) [Lp(a)] is a causal risk factor for atherosclerotic cardiovascular disease, which remains unaddressed by current lipid-lowering therapies. Given its established role as a genetic independent cardiovascular risk factor, national and international guidelines recommend screening for Lp(a) levels, as elevated concentrations indicate a higher risk of cardiovascular events. Despite these implications and the availability of a simple standardized assay reimbursed by the Italian National Health Service, Lp(a) testing remains largely underused in the Italian clinical practice. The aim of this project was to identify barriers to Lp(a) testing in clinical practice and to develop targeted strategies to promote its incorporation into secondary cardiovascular prevention strategies in Italy, using an implementation science framework. Methods This project adopted a multi-method approach, using the Behavior Change Wheel (BCW) framework to identify barriers to Lp(a) testing. Barriers identified in the literature were mapped using the Capability, Opportunity, Motivation– Behavior (COM-B) model, and further characterized through the Theoretical Domains Framework. Each identified barrier was subsequently discussed and rated for perceived impact during a multidisciplinary working group involving 12 stakeholders (cardiologists, internists, lipidologists and laboratory professionals). Building on these findings, several intervention strategies were developed in line with BCW guidance and prioritized by stakeholders during a second multidisciplinary working group to ensure overall feasibility . Results Capability-related barriers, including limited knowledge of Lp(a) as a cardiovascular risk factor, and uncertainty about its role on patient management, were among the most influential. Opportunity barriers included the absence of approved Lp(a)-lowering treatments, and a lack of test standardization. Motivational barriers included a lack of evidence of clinical benefit of Lp(a) reduction and limited awareness of its role in patient management. To address the identified barriers, training initiatives, creation of working groups, sharing of practical tools, alignment between clinicians and laboratories, and patient support emerged as high-priority interventions. Conclusion To promote Lp(a) testing in secondary cardiovascular prevention Italian clinical practice, this project identified behavioral barriers across all COM-B domains and designed actionable key strategies using a theory-driven approach. Future research should pilot these activities to overcome identified barriers and improve patient management."
OpenAlex,aortic stenosis,Tricuspidization of a unicuspid aortic valve in an adolescent using selective single-cusp replacement,Ivan Kozyrev; Mathieu Vergnat; Philipp Suchowerskyj; Claudia Arenz; Boulos Asfour,10.1510/mmcts.2026.063,2026-09-09,Multimedia Manual of Cardio-Thoracic Surgery,"Unicuspid aortic valves in adolescents frequently present with combined stenosis and regurgitation but often retain sufficient native tissue to allow reconstructive repair. We present a tricuspidization technique based on selective replacement of a dysplastic cusp with autologous pericardium and creation of two neocommissures to restore symmetric leaflet closure. The operation converts a functionally unicuspid valve into a tricuspid configuration while preserving native leaflet tissue. In the presented case, the repair resulted in competent valve function with low transvalvular gradient at follow-up. This technique may serve as a growth-preserving strategy to postpone definitive valve replacement in selected paediatric patients."
OpenAlex,aortic stenosis,Cognitive impairment in patients undergoing coronary angiography: a cross-sectional study,Mohamad Amer Nashtar; Haris Sehovic; Obayda Azizy; Jörn Trippe; Ibrahim Farhood; Corinna Seliger; Antonios Katsounas; Ali Canbay; Polykarpos Patsalis; Martin Steinmetz,10.1186/s40001-026-05075-4,2026-09-09,European journal of medical research,"Abstract Background Atherosclerotic cardiovascular disease (ASCVD) is closely associated with cognitive decline, yet cognitive function is not routinely assessed in patients undergoing coronary angiography. Given the complexity of diagnostic and therapeutic decision-making in coronary artery disease (CAD), unrecognized cognitive impairment may affect understanding of complex medical information and engagement with secondary prevention. We therefore evaluated the prevalence and severity of cognitive impairment in patients undergoing coronary angiography and investigated clinical and vascular factors associated with impaired cognitive performance. Methods In this cross-sectional study, 500 consecutive patients undergoing coronary angiography at a tertiary care center were assessed using the Montreal Cognitive Assessment (MoCA). Cognitive impairment was defined as a MoCA score <26. Patients were stratified into newly diagnosed CAD (ND-CAD), established CAD (> 1 year), and No CAD. Associations between cognitive function, CAD presence and extent, and cardiovascular risk factors were analyzed using univariable and multivariable logistic regression. Corresponding linear regression analyses of continuous MoCA scores were performed as sensitivity analyses. Internal validation of the primary multivariable model was performed using bootstrap resampling and stratified 5-fold cross-validation. Results Cognitive impairment was present in 60.4% of patients and increased stepwise across groups: 26.5% in patients without CAD, 61.5% in ND-CAD, and 94% in established CAD (all p < 0.0001). MoCA scores declined with increasing extent of CAD. The most pronounced deficits were observed in visuospatial/executive function, attention, language, and memory. In the primary multivariable model, advanced age, lower educational level, coronary and polyvascular atherosclerotic disease, aortic stenosis, history of stroke, type 2 diabetes mellitus, smoking, higher body mass index, and elevated high-sensitivity C-reactive protein were significantly associated with cognitive impairment. The apparent AUC of the primary multivariable model was 0.9428 (95% CI 0.9238–0.9617), with an optimism-corrected AUC of 0.9328 after bootstrap validation. Conclusions Cognitive impairment was highly prevalent in patients undergoing coronary angiography and was consistently associated with the presence and extent of coronary and systemic atherosclerotic disease. Cognitive impairment may be associated with challenges in disease understanding and adherence to secondary prevention strategies, although these implications were not directly assessed in this study. Routine cognitive assessment may be considered to support patient-centered cardiovascular care."
OpenAlex,aortic stenosis,Electrocardiographic and Clinical Determinants of Appropriate Implantable Cardioverter Defibrillator Therapy in Secondary Prevention for Ischemic and Non-Ischemic Cardiomyopathy,H.A.Z. Nassir; H.A. Swaid; A.Q. Ibrahim,10.34883/pi.2026.18.4.004,2026-09-09,Кардиология в Беларуси,"Introduction. Implantable cardioverter-defibrillators (ICDs) have been shown to reduce mortality in patients with both ischemic and non-ischemic cardiomyopathy (NICMP) by effectively terminating life-threatening ventricular arrhythmias. However, the distribution of ventricular arrhythmias varies across patient subgroups depending on the indication for implantation and the underlying etiology. Purpose. To evaluate clinical and electrocardiographic predictors of appropriate ICD therapies in secondary prevention patients with ischemic and non-ischemic cardiomyopathy. Materials and methods. A retrospective cohort study was conducted involving 58 patients who underwent ICD implantation for secondary prevention, including 37 with ischemic cardiomyopathy (ICMP) and 21 with NICMP. Baseline and follow-up assessments included transthoracic echocardiography, electrocardiography (ECG), lipid profile, and measurements of blood urea and serum creatinine. Results. The mean age of patients with NICMP was 55±9 years. Multivariate analysis identified fragmented QRS complex (fQRS), reduced LVEF (≤35%), and a wide QRS complex as independent predictors of appropriate ICD therapy. Conclusion. In patients with heart failure receiving ICDs for secondary prevention, the presence of fQRS, low LVEF, and wide QRS duration were independent predictors of appropriate ICD interventions. These parameters may serve as valuable tools for risk stratification, helping to identify patients who are most likely to benefit from ICD implantation and optimize healthcare resource utilization. Введение. Имплантируемые кардиовертеры-дефибрилляторы (ИКД) способствуют снижению смертности среди пациентов с ишемической и неишемической кардиомио-патией ((Н)ИКМП), эффективно купируя опасные для жизни желудочковые аритмии. Вместе с тем распределение желудочковых аритмий варьируется в разных подгруппах пациентов в зависимости от показаний к имплантации и этиологии заболевания. Цель. Оценить клинические и электрокардиографические предикторы целесо-образности проведения ИКД-терапии в целях вторичной профилактики ишемической и неишемической кардиомиопатии. Материалы и методы. В ретроспективное когортное исследование были включены 58 пациентов, которым были имплантированы ИКД в целях вторичной профилактики кардиомиопатии, в том числе 37 с ИКМП и 21 с НИКМП. Исходные исследования и исследования в процессе динамического наблюдения включали трансторакальную эхокардиографию, электрокардиографию, определение липидного профиля и измерение мочевины крови и сывороточного креатинина. Результаты. Средний возраст пациентов с НИКМП составил 55±9 лет. С помощью мультивариантного анализа было установлено, что независимыми предикторами адекватности ИКД-терапии могут выступать фрагментированный комплекс QRS, снижение фракции выброса левого желудочка (≤35%) и широкий комплекс QRS. Заключение. У пациентов с сердечной недостаточностью, получающих ИКД-терапию в целях вторичной профилактики кардиомиопатии, фрагментированный комплекс QRS, снижение фракции выброса левого желудочка и широкий комплекс QRS являются независимыми предикторами целесообразности проводимой ИКД-терапии. Эти параметры могут служить ценными инструментами стратификации риска, помогая выявлять пациентов, которые с наибольшей вероятностью получат пользу от имплантации ИКД, и тем самым позволяя оптимизировать использование ресурсов системы здравоохранения."
OpenAlex,aortic stenosis,Artificial intelligence as a source of psychotherapy-related psychoeducation: a cross-sectional content analysis of information on eye movement desensitization and reprocessing,İbrahim Karakaya; Onur Okan Demirci,10.3389/fpsyt.2026.1937506,2026-09-09,Frontiers in Psychiatry,"Background Due to structural and socioeconomic barriers to accessing the healthcare system, individuals are increasingly turning to online platforms to obtain health-related information. With the advancement of artificial intelligence (AI), the use of AI for this purpose is also on the rise. It can also be said that seeking information from AI regarding psychotherapies is increasingly common. Objective This study aimed to assess the informational quality and readability of AI-generated psychoeducational content about psychotherapy. To this end, we evaluated the informational quality and readability of LLM-generated Eye Movement Desensitization and Reprocessing (EMDR) psychoeducational content across different models. Methods In this cross-sectional content analysis, EMDR-related search queries were identified through Google Trends, converted into patient-facing questions, and subsequently organized into four thematic categories, with five questions selected from each category for evaluation using ChatGPT (GPT-4o), Gemini (1.5 Pro), and DeepSeek (V3). Each question was entered in three separate sessions, yielding 180 responses. The informational quality was assessed by two blinded psychiatrists using the Ensuring Quality Information for Patients (EQIP) instrument. Readability was evaluated using the Flesch–Kincaid Grade Level (FKGL) and Flesch Reading Ease (FRE) indices. Statistical analyses included linear mixed-effects models and ANOVA. Results The overall mean EQIP score was 56.08 (SD = 4.43). Informational quality differed significantly across the models (p < 0.001), and no significant differences were observed across EMDR-related question categories. The highest informational quality scores were obtained by Gemini, followed by DeepSeek and ChatGPT. DeepSeek generated the most readable responses. Higher EQIP scores were seen to be associated with greater readability and longer response length. All the evaluated models produced responses that exceeded the commonly recommended readability levels for patient education materials. Overall inter-rater consistency was high for the total EQIP scores. Conclusion Although all the LLMs evaluated were able to generate psychoeducational information about EMDR, substantial differences were observed between the models in respect of informational quality and readability. The findings suggest that psychoeducational quality depends more strongly on the language model used than on the specific EMDR-related topic being addressed. LLMs may serve as supplementary psychoeducational resources but should not be considered as substitutes for professional psychotherapy or individualized clinical care."
OpenAlex,aortic stenosis,Prognostic Impact of Domiciliary Care Prior to Transcatheter Aortic Valve Implantation: A Nationwide Study,Victoria Mikkelsen; Jeppe Kofoed Petersen; Martha Meibom; Louise Marqvard Sørensen; Morten Schou; Jonas Agerlund Povlsen; Christian Juhl Terkelsen; Ashkan Eftekhari; Henrik Nissen; Ole de Backer; Lars Køber; Emil Fosbøl,10.1093/ehjvshd/xwag079,2026-09-09,European Heart Journal - Valvular and Structural Heart Disease,"Abstract Background Domiciliary care can serve as a marker of frailty and vulnerability, which may influence outcomes following TAVI. The relationship between receipt of domiciliary care prior to TAVI and clinical outcomes has not been systematically evaluated and may influence patient selection and pre-procedural counseling. Method The study population included all adult patients with a diagnosis of aortic stenosis undergoing first time TAVI from January 1, 2015, to December 31, 2023. Patients were categorized into those with and without domiciliary care within 1 year prior to TAVI. Patients were followed for 1 year after TAVI. All-cause mortality was assessed using Kaplan-Meier estimates and multivariable Cox proportional hazards models. Cumulative days of hospitalization within 1 year after TAVI were calculated and categorized as 0–14 days and >14 days. The association between domiciliary care and > 14 cumulative days of hospitalization was evaluated using multivariable logistic regression. Results We identified 7,607 patients undergoing TAVI, 541 (7.1%) with domiciliary care (76.7% living alone; 39.4% men; median age 83 years) and 7,066 (92.9%) without domiciliary care (40.5% living alone; 59.4% men; median age 81 years). Overall, patients with domiciliary care carried a higher comorbidity burden and were more frequently classified in higher frailty groups. From discharge, the absolute 1-year risk of death was 21.5% in patients with domiciliary care and 6.4% in patients without. In adjusted analysis, patients with domiciliary care had an increased associated 1-year mortality (HR 3.30; 95% CI 2.65–4.10, p < 0.0001) compared to those without domiciliary care. Domiciliary care was also associated with higher odds of >14 cumulative days of hospitalization (reference 0-14 days), within 1 year after TAVI (OR 2.94; 95% CI 2.41-3.59, p < 0.0001). Conclusion Patients receiving domiciliary care before undergoing TAVI had a higher mortality and cumulative days of hospitalization within 1 year following the procedure, highlighting a high-risk group of patients. More research is needed to improve risk stratification of TAVI patients."
OpenAlex,aortic stenosis,Detailed Target Prioritization for Moura Ferreira et al. Advancing drug development for valvular heart disease by prioritising findings from human genetic association studies. EBioMedicine. 2026,Sara Ferreira; Rui Providencia; Amand F. Schmidt,10.6084/m9.figshare.33477028,2026-09-09,Figshare,"Detailed Target Prioritization for all Phenotypes: I. Aortic Stenosis, II. Aortic Valve Traits, III. Aortic Stenois-Prioritization Table, IV. Mitral Valve Prolapse, V. Mitral Valve Prolapse-Prioritization Table, VI. Valvular Heart Disease, VII. Tricuspid Regurgitation, VIII. Mitral Stenosis, and IX. Rhematic Heart Disease."
OpenAlex,aortic stenosis,Treatment of Global Cerebral Hypoperfusion in a Patient With Innominate and Left Common Carotid Artery Stenosis,Matteo Mazzella; Benjamin A. Talbot; Vikram S. Kashyap,10.1016/j.jvs.2026.06.135,2026-09-09,Journal of Vascular Surgery,
OpenAlex,aortic stenosis,The prognostic value of combining MNA-SF nutritional status and probable sarcopenia for 90-day readmission in elderly inpatients with multimorbidity,Jinhua Sun; Fenglin Li; Yuanyuan Sun,10.3389/fmed.2026.1862824,2026-09-09,Frontiers in Medicine,"Objective To explore the predictive value of nutritional status combined with Probable sarcopenia assessment for all-cause readmission of elderly inpatients with multimorbidity within 90 days after discharge. Methods In this single-centre retrospective cohort study, a total of 244 patients aged ≥65 years admitted to our hospital from January 2023 to March 2025 were selected as the research subjects. Abnormal nutritional status (malnutrition or risk of malnutrition, MNA-SF ≤11) and probable sarcopenia (per modified EWGSOP2-based criteria) were assessed within 48 h of admission, and patients were divided into a readmission group (59 cases) and a non-readmission group (185 cases) according to whether they were readmitted within 90 days after discharge. Results The age of patients in the readmission group was significantly higher than that in the non-readmission group ( P < 0.05), the Charlson Comorbidity Index was higher ( P < 0.05), the level of C-reactive protein was higher ( P < 0.05), and the serum albumin, handgrip strength and calf circumference were lower ( P < 0.05). The overall prevalence of probable sarcopenia was 31.1%, and the prevalence of malnutrition (including risk) was 73.8%. Abnormal nutritional status was defined as MNA-SF ≤11 (combining at-risk and malnourished categories). The combined group analysis showed that the 90-day readmission rate of patients with abnormal nutritional status and probable sarcopenia (Group D) was the highest, reaching 47.8%, which was significantly higher than that of other groups ( P < 0.05). Multivariate logistic regression analysis showed that after adjusting for age, sex, comorbidities and inflammatory markers, the combined status was independently associated with higher odds of 90-day readmission (aOR=3.94, 95%CI: 1.73–8.96, P = 0.001). The combined assessment model demonstrated moderate discriminative ability (AUC 0.724, 95% CI: 0.651–0.797), which was statistically significantly better than that of nutrition or probable sarcopenia assessment alone (DeLong P < 0.05). Conclusion In this single-center retrospective cohort, the coexistence of abnormal nutritional status (MNA-SF ≤11) and probable sarcopenia was independently associated with higher odds of 90-day readmission in elderly hospitalized patients with multimorbidity. Larger prospective multicenter studies are needed to validate the combined assessment and determine whether targeted interventions reduce readmission."
OpenAlex,aortic stenosis,Physician-modified endograft with a temporary aneurysm sac perfusion branch for late endograft failure 11 years after EVAR,Hanji Fang; Tong Yuan; Weiguo Fu; Lixin Wang,10.1186/s13019-026-04676-8,2026-09-09,Journal of Cardiothoracic Surgery,"Late endograft failure after endovascular aneurysm repair (EVAR) may require complex reintervention with proximal extension, renovisceral reconstruction, and substantially greater aortic coverage than standard infrarenal EVAR. Physician-modified endografts (PMEGs) can provide a patient-specific treatment strategy when open surgery is considered highly burdensome and manufactured devices are unavailable or anatomically unsuitable. A 68-year-old man was admitted to our institution with progressive abdominal distension and discomfort lasting six months. He had a prior history of EVAR for an abdominal aortic aneurysm (AAA) at another hospital in 2013. Computed tomography angiography (CTA) demonstrated a symptomatic pararenal abdominal aortic aneurysm measuring 83.4 × 102.8 mm, associated with late proximal endograft structural failure with migration, involving the superior mesenteric artery (SMA) and both renal arteries, with chronic celiac artery occlusion. A staged repair was performed using a PMEG incorporating a dedicated branch for temporary aneurysm sac perfusion (TASP). The first-stage procedure reconstructed the SMA and bilateral renal arteries and relined the failed endograft while leaving the dedicated perfusion branch patent. Approximately 3 weeks later, the dedicated perfusion branch was occluded. The patient remained neurologically intact. At 3-month follow-up, the aneurysm measured 83.4 × 97.7 mm. At 12 months, the aneurysm had regressed to 80.2 × 92.2 mm, all visceral bridging stents were patent without significant stenosis, kinking, compression, or graft migration, and no type I, II, or III endoleak was detected. This case demonstrates the technical feasibility of staged PMEG repair incorporating TASP in a selected patient with complex late endograft failure. The absence of spinal cord ischemia and favorable 12-month imaging findings are encouraging, but causality cannot be attributed to TASP in an uncontrolled single case. Safety, patient selection, optimal staging interval, and long-term durability require further evaluation."
OpenAlex,aortic stenosis,Patent Ductus Arteriosus Recanalization in Tricuspid Atresia with Restrictive Ventricular Septal Defect and Moderate Pulmonary Valve Stenosis: A Minimally Invasive Strategy in a Critical Case,Gede Dewagama M.; Eka Gunawijaya; Veny K. Yantie,10.30701/ijc.1973,2026-09-08,Indonesian Journal of Cardiology,"Background : Tricuspid Atresia (TA) is a severe cyanotic Congenital Heart Disease (CHD) characterized by the absence of the tricuspid valve, resulting in Right Ventricular (RV) hypoplasia and dependence on interatrial and extracardiac shunts for pulmonary blood flow. In cases of restrictive Ventricular Septal Defect (VSD) with pulmonary outflow tract obstruction, the pulmonary circulation becomes duct-dependent. Closure of the Patent Ductus Arteriosus (PDA) may therefore lead to life-threatening hypoxemia. Prostaglandin E1 (PGE1) infusion is commonly used to maintain ductal patency; however, in emergency situations where PGE1 is unavailable or ineffective, catheter-based PDA recanalization can serve as a minimally invasive rescue strategy. Case Illustration : A 4-month-old female with known TA presented with progressive cyanosis and respiratory distress. Echocardiography demonstrated TA, hypoplastic RV, large Atrial Septal Defect (ASD), restrictive VSD, and a ductal tunnel without detectable flow. After initial stabilization, the patient developed recurrent severe desaturation below 70% despite maximal medical and ventilatory support. Urgent cardiac catheterization revealed a functionally closed PDA. Recanalization was successfully performed using balloon dilatation followed by implantation of a 4.0 × 20 mm drug-eluting stent, restoring pulmonary blood flow and improving oxygen saturation from 55% to 91%. Conclusion : PDA recanalization with stent implantation is a viable and life-saving minimally invasive option in critically ill patients with duct-dependent CHD when pharmacologic support fails and may serve as a bridge to staged surgical palliation."
OpenAlex,mitral regurgitation,Suspected papillary fibroelastoma in a child: multimodality imaging and conservative management: a case report,Ehsan Aghaei Moghadam; Mina Asgari Mehrabadi,10.21203/rs.3.rs-10792065/v1,2026-09-09,Research Square,
OpenAlex,mitral regurgitation,"Right Ventricular Dysfunction, Annular Dilation, and Mitral Regurgitation Severity Predict Outcomes and Interventional Benefit in Atrial Functional Mitral Regurgitation",Chung‐Lieh Hung; Wei‐Jyun Wang; Yu‐Wun Yen; J. Q. Yu; Meng‐Han Tsai; Maurice Enriquez‐Sarano; Chi‐Yuan Yao; Li‐Tan Yang,10.1161/jaha.126.050384,2026-09-09,Journal of the American Heart Association,
OpenAlex,mitral regurgitation,"Фторхинолоны и риск развития аневризмы, расслоения аорты: обзор литературы",Е.Л. Трисветова; А.В. Полянская; К.М. Каминский; М.И. Гусева; Т.В. Асташонок,10.34883/pi.2026.18.4.008,2026-09-09,Кардиология в Беларуси,"Применение химиотерапевтических препаратов сопряжено с нежелательными реакциями, проявляющимися во время лечения или через небольшой промежуток после окончания приема лекарственного средства. Фторхинолоны известны как антибиотики, влияющие на флору, устойчивую ко многим другим антибактериальным препаратам. Помимо положительного воздействия фторхинолонов при тяжелых респираторных заболеваниях, инфекциях кожи и мягких тканей, воспалительных заболеваниях органов малого таза, на протяжении десятилетий использования препаратов регистрируют нежелательные реакции, обусловленные влиянием на соединительную ткань организма человека. Поскольку соединительная ткань присутствует во многих органах человека и ее свойства и функция зависят от типа внеклеточного матрикса, нарушения структуры которого обнаруживаются под воздействием фторхинолонов, нежелательные реакции наблюдают в ряде органов. Серьезные осложнения при применении фторхинолонов отмечают в сердечно-сосудистой и опорно-двигательной системах, органе зрения. Наиболее тяжелые осложнения у людей, принимающих фторхинолоны, в виде расслоения, разрыва аорты, появления или прогрессирования недостаточности клапанов сердца, жизнеугрожающих аритмий развиваются при наличии факторов риска. В связи с возможным развитием нежелательных реакций необходимо учитывать факторы риска и применять фторхинолоны в случаях, когда польза превышает риск появления осложнений лечения. Chemotherapeutic agents are associated with adverse reactions that occur during treatment or shortly after discontinuing the medication. Fluoroquinolones are known as antibiotics effective against bacteria resistant to many other antibacterial agents. In addition to beneficial effects of fluoroquinolones in severe respiratory diseases, skin and soft tissue infections, and pelvic inflammatory diseases, adverse events resulting from their impact on connective tissue have been reported over decades of use. Since connective tissue is present in many human organs, and its properties and function depend on the type of extracellular matrix whose structure is disrupted by fluoroquinolones, adverse events are observed in several organs. Serious complications with fluoroquinolones have been reported in the cardiovascular, musculoskeletal, and ocular systems. The most severe complications in individuals taking fluoroquinolones, such as aortic dissection and aortic rupture, onset or progression of heart valve insufficiency, and life-threatening arrhythmias, occur in the presence of risk factors. Given possible adverse reactions, risk factors are to be considered, and fluoroquinolones should be used only when the benefits outweigh the risk of treatment-related complications."
OpenAlex,mitral regurgitation,Construction of a predictive model for the efficacy of enhanced external counterpulsation therapy in patients with heart failure with preserved ejection fraction based on automated machine learning and echocardiography,Xuan Zhang; Fuqiang Zeng; Jing Liu; Min Zeng; Li Zhou; Xin Wang,10.3389/fcvm.2026.1876579,2026-09-09,Frontiers in Cardiovascular Medicine,"Objective This study aimed to integrate baseline clinical characteristics and multi-dimensional echocardiographic parameters of patients with heart failure with preserved ejection fraction (HFpEF), construct and validate an individualized predictive model for the efficacy of enhanced external counterpulsation (EECP) therapy in HFpEF patients based on an automated machine learning (AutoML) framework, and develop a corresponding clinical decision support system. Methods A retrospective cohort study design was adopted, consecutively enrolling 550 HFpEF patients who received complete EECP treatment at the cardiovascular center of two tertiary grade-A hospital between January 2018 and December 2023. An AutoML predictive framework driven by an improved Newton's downhill optimizer (INDO) was constructed, automatically performing joint optimization of feature subset selection, model algorithm selection, and hyperparameter configuration under a rigorous double-layered nested cross-validation strategy. Five benchmark models, including logistic regression, support vector machine, adaptive boosting, extreme gradient boosting, and light gradient boosting machine, were simultaneously established for performance comparison. Multi-dimensional evaluation was conducted using the area under the receiver operating characteristic curve (ROC-AUC), area under the precision-recall curve (PR-AUC), accuracy, sensitivity, specificity, F1 score, Brier score, and decision curve analysis. The robustness of features was verified through LASSO regression, and the SHAP framework was employed for model interpretability analysis. Results Among the 550 HFpEF patients, significant differences were observed between the treatment-effective group and the treatment-ineffective group in terms of age, body mass index, left ventricular ejection fraction, left atrial volume index, and E/e' ratio. The AutoML model optimized based on INDO achieved a ROC-AUC of 0.9254, a PR-AUC of 0.8425, an F1 score of 0.8285, and a Brier score of 0.1206 on the independent test set, with all metrics outperforming the five benchmark models. Decision curve analysis demonstrated that the model yielded a positive net clinical benefit within a threshold probability range of 16% to 96%. SHAP interpretability analysis revealed the 6-minute walk distance (6MWD), left ventricular ejection fraction (LVEF), age (Age), left atrial volume index (LAVI), E/e' ratio, and body mass index (BMI) as key predictors influencing the efficacy of EECP therapy. Conclusion The predictive model constructed by integrating echocardiographic parameters and clinical features based on the AutoML framework driven by the INDO optimization algorithm can relatively accurately predict the individualized efficacy of EECP therapy in HFpEF patients, providing a interpretable, and clinically actionable intelligent assessment tool for indication screening and individualized decision-making regarding EECP therapy in HFpEF patients."
OpenAlex,mitral regurgitation,"Presumed left atrial myxoma presenting with seizures, massive stroke, and systemic embolization in an adolescent: a case report",Ali Akbari; Maziyar Amiri; Radin Saed; Arvin Mirshahi; Sayeh Shaban; Forod Salehi,10.1186/s12245-026-01369-w,2026-09-09,International Journal of Emergency Medicine,"Cardiac myxoma (CM) is the most common primary cardiac tumor and, despite its benign histology, may lead to severe and life-threatening complications, primarily due to systemic embolization and intracardiac obstruction. Neurological events, particularly ischemic stroke, can be the initial manifestation and may obscure the underlying cardiac origin, especially in pediatric patients. We report the case of a 14-year-old Persian male who presented with progressive dyspnea on exertion followed by syncope, recurrent generalized tonic–clonic seizures, and rapid neurological deterioration. Initial evaluation at a local center was unrevealing on chest radiography. Following the onset of recurrent generalized tonic–clonic seizures, the patient was initially treated as having a primary seizure disorder before the underlying ischemic stroke and cardiac source of embolism were recognized. He was subsequently admitted to a tertiary pediatric intensive care unit in a critically ill state requiring ventilatory support. Brain computed tomography demonstrated a large right hemispheric infarction with cerebral edema and midline shift. Laboratory findings revealed elevated inflammatory and myocardial injury markers. Electrocardiography showed nonspecific ST-segment changes that were insufficient to establish a diagnosis of acute myocardial infarction. Transthoracic echocardiography identified a large, highly mobile left atrial mass measuring 22 × 55 mm, arising from the interatrial septum and highly suggestive of a left atrial myxoma. The mass intermittently prolapsed into the mitral valve, causing partial obstruction. Severe mitral and tricuspid regurgitation were also present. Doppler ultrasonography confirmed femoral and popliteal arterial thrombosis, indicating systemic embolization. Despite anticoagulation and intensive supportive care, the patient experienced sudden cardiac arrest and died before surgical excision and histopathological confirmation of the mass could be obtained. A cardiac source of embolism, including a left atrial mass highly suggestive of myxoma, should be considered in pediatric patients presenting with acute neurological deficits, particularly when accompanied by systemic embolic phenomena or unexplained cardiopulmonary symptoms. Early echocardiographic evaluation is critical for timely recognition and appropriate clinical decision-making. In the absence of surgical excision and histopathological confirmation, the diagnosis should remain presumptive. Delayed recognition may result in catastrophic neurological and systemic complications and may preclude definitive diagnosis and surgical management."
OpenAlex,mitral regurgitation,Preload Stress With Leg Positive Pressure During TEE Unmasks Latent Severe Secondary Mitral Regurgitation,Ryota Kosaki; Yasuhide Mochizuki; Sakiko Gohbara; Yumi Yamamoto; Saaya Ichikawa-Ogura; Hiroto Fukuoka; Toshiro Shinke,10.1161/circimaging.126.020150,2026-09-09,Circulation Cardiovascular Imaging,
OpenAlex,mitral regurgitation,Effect of Dapagliflozin Administration on the Apoptosis Levels and Myocardial Work of Patients with Acute Myocardial Infarction (DAPOPTOSIS-MI) – A Randomized Controlled Trial,Yoga Yudhistira; Ahmad Yasa; Risalina Myrtha; Habibie Arifianto; Alfa Alfin Nursidiq; Trisulo Wasyanto; Heru Sulastomo,10.30701/ijc.2090,2026-09-08,Indonesian Journal of Cardiology,"Background: Acute myocardial infarction (AMI) is a common cardiovascular disease and a leading cause of morbidity and mortality. Cellular death during AMI involves apoptosis (80%) and necrosis (20%). Apoptosis contributes to infarct size, Left Ventricular (LV) remodeling, and heart failure post-AMI. Previous studies suggest that dapagliflozin can reduce myocardial apoptosis, marked by decreased caspase-3 levels (preclinical study) and echocardiographic parameters (preclinical and clinical studies). However, human studies evaluating the effects of dapagliflozin on caspase-3 and myocardial work (MW) in AMI patients are not yet available. This study aims to evaluate the effect of dapagliflozin administration on caspase-3 levels and MW in AMI patients. Methods: This was a single-center experimental study with a double-blind randomized controlled trial (RCT) design conducted among 40 AMI patients at Dr. Moewardi General Hospital, Surakarta (September–November 2024). Patients were divided into two groups: dapagliflozin and placebo. Caspase-3 levels and MW parameters (Global Work Index [GWI], Global Constructive Work [GCW], Global Wasted Work [GWW], Global Work Efficiency [GWE]) were measured at admission before and on day 14 post-treatment. Statistical analysis was performed using independent t-tests or Mann-Whitney tests, with p < 0.05 considered significant. Results: The mean pre-test caspase-3 levels were not significantly different between the intervention group, 51.05±36.53ng/ml, and the control group, 56.44±31.01ng/ml (p=0.618). However, post-test caspase-3 levels showed a significant difference: intervention group, 29.55±28.33 ng/ml, compared with control group, 51.97±31.16 ng/ml (p=0.007). There were no significant differences in the pre-test or post-test MW parameters between the two groups (p>0.05). Conclusions: There was a significant reduction in caspase-3 levels in AMI patients following dapagliflozin administration compared to placebo. However, there was no significant improvement in the MW parameters."
OpenAlex,mitral regurgitation,Surgical Correction of Prosthetic Mitral Valve Paravalvular Leak: Analysis of Long-Term Outcomes,Han Cho; Jae Woong Choi; Kyung Hwan Kim; Ho Young Hwang,10.5090/jcs.26.061,2026-09-08,The Korean Journal of Thoracic and Cardiovascular Surgery,"Background: Paravalvular leak involving a prosthetic mitral valve (M-PVL) is a rare but serious complication after mitral valve replacement (MVR). This study evaluated contemporary outcomes after surgical correction of M-PVL and investigated factors associated with its recurrence. Methods: This retrospective study included 199 patients who underwent first-time surgical correction of M-PVL between 2002 and 2023 (mean age, 64.5±9.6 years; 55.8% female). Early and long-term outcomes, including all-cause mortality and recurrence, were analyzed using Cox proportional hazards and cause-specific hazards models. The median follow-up duration was 55.9 months (interquartile range, 30.3-96.4 months). Results: Seventy-two percent of the patients had undergone at least 2 previous open-heart operations. The most common concomitant procedures were tricuspid valve surgery (n=78; 39.2%) and aortic valve surgery (n=48; 24.1%). Leak site repair was performed in 81 patients (40.7%), and redo MVR was performed in 118 patients (59.3%). The overall operative mortality rate was 6.0% (n=12) and decreased over time from 12.5% to 2.5%. The 5- and 10-year all-cause mortality rates were 20.7% and 38.4%, respectively. Cox proportional hazards analysis identified several preoperative and operative factors, including the era of operation, that were associated with all-cause mortality. The cumulative incidence of recurrent M-PVL was 10.0% at 5 years and 36.2% at 10 years. Cause-specific hazards analysis identified no factors significantly associated with recurrent M-PVL. Outcomes did not differ significantly between leak site repair and redo MVR. Conclusion: Early outcomes after surgical correction of M-PVL improved over the study period. However, recurrence remained common regardless of operative technique."
OpenAlex,mitral regurgitation,Myotomy for Severe Left Anterior Descending Myocardial Bridging: A Case Report,Maria Elfana; Teuku Muhammad Haykal Putra; Ismail Dilawar; Andri Kurnia; Jemmy Tanod; Wishnu Aditya Widodo,10.30701/ijc.1948,2026-09-08,Indonesian Journal of Cardiology,"Background: Myocardial Bridging (MB) is defined as a segment of a coronary artery that courses within the myocardium, which may result in systolic compression of the tunneled segment and compromise coronary blood flow. The Left Anterior Descending (LAD) artery is the most commonly affected vessel, with a reported incidence of 70-97%. This case report describes the incidental identification of MB in a patient scheduled for cardiac surgery and outlines the subsequent surgical management. Case illustration: A 53-year-old male was referred to our center with severe Mitral Regurgitation (MR). He had recurrent hospitalizations for symptoms of heart failure without any complaint of angina. Echocardiography revealed preserved Left Ventricular (LV) ejection fraction and severe MR. A positive ischemic response was observed on treadmill stress testing. Preoperative Coronary Angiography (CAG) demonstrated severe MB in the distal LAD, without evidence of coronary plaque. The patient underwent Mitral Valve (MV) repair with concomitant myotomy, resulting in improved LAD-MB without residual compression. Postoperative CAG confirmed complete resolution of the MB, with no evidence of a milking effect. Conclusion: The management of MB remains challenging, and treatment strategies should be tailored to individual patient characteristics. Surgical myotomy is a viable treatment option, as demonstrated by the favorable outcome in this case."
OpenAlex,mitral regurgitation,"Demographic Profile and Clinical Characteristics of Newly Diagnosed Mitral Stenosis Patients February–September 2024 at Brebes General Regional Hospital, Indonesia",Dwiana Rosida; Jagaddhito Probokusumo,10.30701/ijc.1996,2026-09-08,Indonesian Journal of Cardiology,"Background: Mitral Stenosis (MS) is a common valvular manifestation of Rheumatic Heart Disease (RHD) and remains prevalent in low- and middle-income countries. Data describing the demographic, clinical, and echocardiographic characteristics of newly diagnosed MS patients in low socioeconomic settings in Indonesia are limited. This study aimed to describe the demographic profile, clinical characteristics, and echocardiographic findings of newly diagnosed MS patients at Brebes General Regional Hospital. Methods: This observational, descriptive, cross-sectional study was conducted at the cardiology outpatient clinic of Brebes General Regional Hospital in Central Java, Indonesia, from 1 February to 30 September 2024. Adult patients with a first-time diagnosis of MS confirmed by transthoracic echocardiography were included. Demographic and socioeconomic data were obtained through structured interviews, while clinical and echocardiographic data were collected from medical records. Results: A total of 56 patients were included. Most patients were female (69.7%) and middle-aged (mean age 50 ± 16.3 years), with the majority having low socioeconomic status. Non-isolated (mixed) MS was observed in most patients. Echocardiographic evaluation showed reduced left ventricular systolic function (mean LVEF 42.8 ± 11.2%) and impaired Right Ventricular (RV) systolic function (mean TAPSE 16.6 ± 2.6 mm). The mean tricuspid regurgitation Maximum Velocity (TR Vmax) was 2.89 ± 0.61 m/s. Despite these findings, most patients presented with mild functional limitation (New York Heart Association [NYHA] class I–II). Conclusion: Newly diagnosed MS patients at Brebes General Regional Hospital were predominantly middle-aged women with low socioeconomic status and mixed valvular involvement. Quantitative echocardiographic assessment demonstrated impaired left and RV function, underscoring the importance of early detection and comprehensive echocardiographic evaluation in low-resource settings."
OpenAlex,mitral regurgitation,Ortner’s Syndrome as a Complication of Severe High-Altitude Pulmonary Edema With Acute Cor Pulmonale: A Case Report,Dr.Manish Singh; Puneet Saxena; Simple Gupta; Binod Rout; Umesh Mishra,10.21203/rs.3.rs-10563945/v1,2026-09-08,Research Square,
OpenAlex,mitral regurgitation,Baseline Predictors of Early Ventricular Recovery During Hospitalization in Children with Dilated Cardiomyopathy: A Short-Term Retrospective Study,Adelina-Mihaela Sorescu; Cristina Isabel Viorica Ghiță; Smaranda Stoleru; Gabriela Duică; Alin Nicolescu; Eliza Cinteză; Ion Fulga; Oana Andreia Coman,10.3390/pediatric18050118,2026-09-08,Pediatric Reports,"Introduction: Determining the prognosis and probable evolution of dilated cardiomyopathy (DCM) in pediatric patients has been an area of interest in the literature over the years. The aim of this study was to investigate baseline clinical, laboratory, and echocardiographic parameters associated with early ventricular recovery during hospitalization in children with dilated cardiomyopathy. Materials and methods: A retrospective, observational, single-center study was conducted including 56 pediatric patients diagnosed with DCM between 2015 and 2025. Baseline clinical and paraclinical variables were collected at admission. Changes in the left ventricular ejection fraction were assessed during hospitalization, and patients were categorized into recovery and non-recovery groups. Statistical analysis was performed to identify independent predictors of early ventricular recovery. Results: Early ventricular recovery occurred in 25 (44.64%) patients. In multivariate logistic analysis, Ross functional class was the only independent marker associated with early ventricular recovery (OR 2.547, 95% CI 1.179–5.501; p = 0.017). Bootstrap validation confirmed the robustness of the association. Troponin, NT-proBNP, mitral regurgitation and treatment strategy were not independently associated with recovery. ROC analysis demonstrated a modest discriminatory performance for the Ross functional class. Discussion: In this cohort of children with DCM, symptom severity was the only baseline variable consistently associated with early ventricular recovery. Clinical assessment was more useful than laboratory biomarkers and echocardiographic parameters in predicting short-term improvement in ventricular function. Conclusions: The Ross functional class was the only baseline variable independently associated with early ventricular recovery. These findings support the use of the Ross functional classification as a simple bedside tool, useful in early prognostic stratification in children with dilated cardiomyopathy, although its discriminatory performance was modest."
OpenAlex,mitral regurgitation,Transcatheter Edge‐to‐Edge Repair With the PASCAL Precision System: Advanced Catheter Steering Maneuvers for Mitral and Tricuspid Interventions,Giulio Russo; Marcello Marchetta; Maurizio Taramasso; Giuseppe Sangiorgi,10.1002/ccd.70862,2026-09-08,Catheterization and Cardiovascular Interventions,"Transcatheter edge-to-edge repair (TEER) has become the most common percutaneous technique for patients affected by severe regurgitation, either mitral or tricuspid, as recommended by the latest European and American guidelines on valvular heart disease. Among the available devices, the PASCAL Precision system (Edwards Lifesciences, Irvine, California) is the latest technology introduced on the market, with a CE Mark obtained in 2019 for MR and in 2020 for TR treatment. Several studies have demonstrated its safety and effectiveness in both the treatment of MR and TR, but optimal TEER results are closely connected to the operator's experience. In this perspective, the aim of the present manuscript is to provide a full guide on basic and advanced movements of the PASCAL system for the treatment of MR and TR."
OpenAlex,mitral regurgitation,Circulating FNDC4 levels and 12-month major adverse cardiovascular events in patients with STEMI undergoing PCI: A prospective cohort study,Xiaojun Pu; Shengchao Xiao; Shanhong Liu; Liwen Gong,10.17305/bb.2026.14625,2026-09-08,Biomolecules and Biomedicine,"Fibronectin type III domain-containing protein 4 (FNDC4) is a circulating hepatokine with anti-inflammatory and cardioprotective properties, but its prognostic relevance after ST-segment elevation myocardial infarction (STEMI) remains uncertain. We investigated whether admission serum FNDC4 levels were associated with 12-month major adverse cardiovascular events (MACE) in patients with STEMI undergoing primary or urgent percutaneous coronary intervention (PCI). This single-center prospective observational study included 274 patients. Serum FNDC4 was measured before PCI using an enzyme-linked immunosorbent assay, and participants were followed for 12 months. Associations and prognostic performance were assessed using Spearman correlation, receiver operating characteristic, Kaplan-Meier, and Cox proportional hazards analyses. During follow-up, 51 patients (18.6%) experienced MACE. Serum FNDC4 levels were significantly lower in patients with MACE and were inversely correlated with interleukin-6 (IL-6) and N-terminal pro-B-type natriuretic peptide (NT-proBNP). The area under the receiver operating characteristic curve (AUC) for FNDC4 was 0.771 (95% confidence interval [CI], 0.695-0.839). Adding FNDC4 to a clinical model increased the AUC from 0.874 to 0.905 (ΔAUC, 0.031; 95% CI, 0.009-0.061). After adjustment for age, NT-proBNP, left ventricular ejection fraction (LVEF), estimated glomerular filtration rate (eGFR), and Killip class III/IV, each 10 ng/mL decrease in FNDC4 was associated with a higher risk of MACE (hazard ratio, 1.821; 95% CI, 1.360-2.438; p<0.001). Lower admission FNDC4 levels were independently associated with 12-month MACE after PCI for STEMI and may provide complementary prognostic information; however, multicenter external validation and serial FNDC4 measurements are required before clinical application."
OpenAlex,mitral regurgitation,Intraprocedural echocardiographic guidance in transcatheter mitral valve interventions: from procedure-specific workflows to integrated multimodal platforms,Stan A. Benjamins; Martijn G. H. Vrijkorte; Leo Timmers; Benno J. W. M. Rensing; Martin J. Swaans,10.1186/s44348-026-00092-7,2026-09-08,Journal of Cardiovascular Imaging,"Mitral regurgitation (MR) is the most common left-sided valvular heart disease worldwide and carries significant morbidity and mortality when untreated. The expanding use of transcatheter mitral valve interventions (TMVIs), including mitral transcatheter edge-to-edge repair (M-TEER) and transcatheter mitral valve replacement (TMVR), to anatomically complex, high-risk patient populations has substantially increased the demands on intraprocedural echocardiographic guidance. Yet current consensus documents provide modality-level guidance without explicitly formalizing the divergent imaging requirements inherent to these two mechanistically distinct interventions. This state-of-the-art review synthesizes evidence on intraprocedural echocardiographic guidance for TMVIs, integrating current data on 2D and 3D transesophageal echocardiography, real-time multiplanar reconstruction (MPR), echocardiography-fluoroscopy fusion imaging, 3D intracardiac echocardiography, and artificial intelligence (AI)-assisted decision-support tools. Two fundamentally distinct imaging paradigms are identified and formalized: a leaflet-level, temporally driven framework for M-TEER and an annular-level, spatially driven framework for TMVR. These paradigms reflect divergent anatomical targets and imaging priorities, with concrete implications for workflow design, operator-echocardiographer communication, and complication avoidance. Real-time MPR serves as the geometric backbone bridging 2D temporal precision with 3D spatial clarity. AI-assisted tools provide a computational guidance layer enhancing spatial consistency and procedural reproducibility while preserving, and not replacing, expert echocardiographic judgment. Effective intraprocedural echocardiographic guidance is objective-driven rather than modality-centric. The modalities described in this review function not as interchangeable alternatives but as complementary layers of a coherent, workflow-integrated architecture. The transition toward integrated, platform-based multimodal guidance defines the trajectory of next-generation TMVI echocardiography, requiring rigorous prospective validation, protocol standardization across device platforms, and training frameworks that reflect the multimodal nature of modern structural practice."
OpenAlex,mitral regurgitation,Transcatheter Aortic Valve-in-Surgical Aortic Valve (TAV-in-SAV) for Structural Valve Degeneration of Post-Surgical Aortic Valve Replacement (SAVR) With the 3D-Nicks Procedure: A Case Report,Tomoaki Masuda; Atsuo Mori; Tadashi Omoto; Daisuke Itakura; Motoki Fukutomi,10.7759/cureus.115943,2026-09-08,Cureus,"Transcatheter aortic valve implantation (TAVI) for structural valve deterioration (SVD) following surgical aortic valve replacement (SAVR) is an established alternative to redo surgery (transcatheter aortic valve-insurgical aortic valve, or TAV-in-SAV).However, in patients with a small aortic annulus or small sinus of Valsalva (SOV), the risk of coronary artery obstruction or severe prosthesis-patient mismatch (PPM) remains a major constraint.To address this, we previously introduced the ""3D-Nicks"" procedure, using a preoperatively prepared three-dimensional ellipsoidal patch to achieve circumferential aortic root enlargement.We report a 14-year successful clinical course of TAV-in-SAV following SAVR with the 3D-Nicks procedure.A 61-year-old woman with severe aortic valve stenosis (AS) and a narrow aortic root (annulus 19 mm, STJ 20 mm) underwent SAVR (CEP19 ® mm, Edwards Lifesciences, Irvine, CA) combined with the 3D-Nicks technique.Around 14 years postoperatively, she developed severe SVD.Contrast CT demonstrated that 3D-Nicks had maintained ample root geometry (SOV 30.2-36.8 mm, STJ 31.8 mm, VTC > 5.0 mm, VTSTJ > 6.0 mm).TAV-in-SAV was successfully performed using a 23 mm Evolut FX ® valve (Medtronic, Minneapolis, MN) via transfemoral access without coronary protection.Postoperative echocardiography showed excellent hemodynamics (mean PG 6 mmHg, EOAi 1.29 cm²/m²), which remained stable at the three-year follow-up (EOAi 1.16 cm²/m²).This case highlights that the 3D-Nicks procedure may provide favorable three-dimensional aortic root dimensions that facilitate safe long-term TAV-in-SAV."
OpenAlex,valvular heart disease,Native T1 Mapping in Non-Ischaemic Cardiomyopathy Using 3.0 Tesla MRI: A Single Centre Study,Tasnim Muhamad; Khairil Amir Sayuti; Wan Yus Haniff Wan Isa; Ahmad Aizuddin Mohd Jamali,10.31436/imjm.v25i02.3380,2026-09-09,IIUM Medical Journal Malaysia,"INTRODUCTION: Heart failure is a global concern, with non-ischaemic cardiomyopathy (NICMP) contributing significantly. Myocardial fibrosis is a hallmark feature, and early detection is crucial for management and prognosis. Endomyocardial biopsy is the gold standard but invasive. Cardiac MRI offers a non-invasive alternative; however, late gadolinium enhancement (LGE) is limited in detecting diffuse fibrosis and unsuitable for chronic kidney disease. Native T1 mapping enhances tissue characterization. This study evaluates native T1 values in NICMP patients, comparing them with published reference values and LGE findings. MATERIALS AND METHODS: This retrospective study analysed 34 NICMP patients who underwent 3.0T cardiac MRI between January 2021 and October 2023. Mid-ventricular septal native T1 values were measured by two blinded readers and compared to a normal reference (1097 ms). Statistical analysis included one-sample T-tests for reference comparison and independent T-tests for differences between LGE-positive and LGE-negative groups. Inter-observer agreement was assessed using the intraclass correlation coefficient (ICC). RESULTS: The cohort (mean age 45.09 years) showed a mean native T1 value of 1307.97 ± 68.99ms, significantly higher than the reference (p<0.001). Inter-observer agreement was excellent (ICC: 0.98). Twelve patients (35.3%) were LGE-positive. No significant difference in native T1 values was observed between LGE-negative (1291.68 ms) and LGE-positive (1337.83 ms) groups. CONCLUSION: Native T1 values are significantly elevated in NICMP, potentially detecting diffuse fibrosis missed by LGE. T1 mapping shows promise as a non-invasive, gadolinium-free tool for diagnostic assessment and may contribute to risk stratification. Larger studies are needed to establish local reference values and validate these findings."
OpenAlex,valvular heart disease,Reactome Outputs for Moura Ferreira et al. Advancing drug development for valvular heart disease by prioritising findings from human genetic association studies. EBioMedicine. 2026,Sara Ferreira; Rui Providencia; Amand F. Schmidt,10.6084/m9.figshare.33476053.v1,2026-09-09,Figshare,"Exploratory Reactome analysis for the manuscript, providing thousands of additional pathway and interactor outputs."
OpenAlex,valvular heart disease,Contents under pressure: vascular proliferation and gliosis in the brains of Cavalier King Charles Spaniels with syringomyelia,Christian Atkins; Clare Rusbridge; Silvia Guil‐Luna; Pablo Díaz-Santana; Fernando Constantino-Casas; Francisco J. Salguero,10.3389/fvets.2026.1878599,2026-09-09,Frontiers in Veterinary Science,"Vascular and astroglial changes in the central nervous system of Cavalier King Charles Spaniels (CKCS) affected by Chiari-like malformation (CM) and secondary syringomyelia (SM) and ventriculomegaly (VM) are poorly characterised. CM is a developmental malformation of brachycephalic breeds and is a significant welfare concern, especially for CKCS in which this disorder is considered ubiquitous with varying degrees of severity. A frequent sequela of CM is SM and VM, causing a range of neurological clinical signs. Nineteen deceased CKCS diagnosed with CM were donated for the purposes of research, from which two groups were selected for examination: those with SM and VM ( n = 13) and those without SM and VM ( n = 6). Periventricular tissue samples were collected, processed routinely for histology, and stained with H&E, Martius Scarlet Blue (MSB), and glial fibrillary acidic protein (GFAP). Dogs with SM and VM demonstrated increased angiogenesis (23.62 ± 6.79 vs. 11.67 ± 4.93 mean blood vessels per 100x magnification field), and increased vessel wall thickness (71.61% ± 5.14 vs. 58.73% ± 6.47 of total vessel diameter) and greater astrocyte activation, indicated by increased GFAP immunoreactivity, what could be associated with chronic pressure trauma and hypoxic insult resulting from altered vascular compliance. These findings provide insight into the pathological mechanisms associated with CM and its sequelae and may inform future investigations into diagnostic biomarkers and therapeutic targets."
OpenAlex,valvular heart disease,Data Extract for Moura Ferreira et al. Advancing drug development for valvular heart disease by prioritising findings from human genetic association studies. EBioMedicine. 2026,Sara Ferreira; Rui Providencia; Amand F. Schmidt,10.6084/m9.figshare.33476242,2026-09-09,Figshare,Full Data Extract from the Manuscript.Index:I. GWAS CatalogII. EnsemblIII. OpenTargetsIV. MEDLINE and clinicaltrials.gov
OpenAlex,valvular heart disease,Data Extract for Moura Ferreira et al. Advancing drug development for valvular heart disease by prioritising findings from human genetic association studies. EBioMedicine. 2026,Sara Ferreira; Rui Providencia; Amand F. Schmidt,10.6084/m9.figshare.33476242.v1,2026-09-09,Figshare,Full Data Extract from the Manuscript.Index:I. GWAS CatalogII. EnsemblIII. OpenTargetsIV. MEDLINE and clinicaltrials.gov
OpenAlex,valvular heart disease,Effects on atrial fibrillation symptom burden of an obesity-focused cardiac rehabilitation program: Insights from the OPTICARE XL trial,N Tenbult - Van Limpt; Richard A. J. Post; Nienke ter Hoeve; Iris den Uijl; Madoka Sunamura; Yuan Lü; Eric Boersma; Rita Van den Berg - Emons; Hareld Kemps; Rutger Brouwers,10.1007/s12471-026-02079-x,2026-09-09,Netherlands Heart Journal,"Obesity is a major modifiable risk factor for atrial fibrillation (AF) [ 1 ]. Sustained weight loss and regular exercise are therefore key components of AF management [ 2 ]. In symptomatic AF populations, comprehensive risk factor management programmes targeting weight loss, physical activity, and behavioural change have been associated with reduced AF recurrence and symptom burden [ 1 , 3 , 4 ]. Cardiac rehabilitation (CR) provides a scalable framework for lifestyle modification, risk factor management (including weight loss), and improvement of exercise capacity and quality of life [ 5 ]. Whether CR, particularly when tailored for patients with obesity, is effective to reduce AF symptom burden remains uncertain [ 6 ]. We therefore evaluated the effect of an obesity-focused CR programme on AF symptom burden in patients with non-valvular AF [ 7 ]."
OpenAlex,valvular heart disease,Adverse in-hospital outcomes after shoulder arthroplasty by diabetes status: a retrospective study using the national inpatient sample,Kenan Sun; Liu Yang; Le Fan; Shicheng Liu; Ying Xu; Zifeng Wang; Abudousaimaiti Maimaituxun; Jun Li,10.3389/fmed.2026.1885571,2026-09-09,Frontiers in Medicine,"Background Shoulder arthroplasty is a well-established surgical intervention for osteoarthritis, rotator cuff arthropathy, and complex shoulder diseases. While effective in pain relief and functional improvement, perioperative complications remain a major concern. Patients with diabetes present metabolic disturbances and suboptimal glycemic control, conferring higher risks of adverse perioperative events. Nevertheless, evidence regarding the impact of diabetes subtypes on short-term perioperative outcomes after shoulder arthroplasty remains scarce. This study employed the U.S. National Inpatient Sample (NIS) database to explore the association between diabetes subtypes and perioperative outcomes following shoulder arthroplasty. Method Data were derived from the National Inpatient Sample (NIS) database from 2016 to 2022. Patients undergoing shoulder arthroplasty were included and classified into three groups: patients with type 1 diabetes mellitus (T1DM), patients with type 2 diabetes mellitus (T2DM), and patients without diabetes. Patient demographics, hospital characteristics, surgical parameters, comorbidities, perioperative complications, and postoperative outcomes were assessed. Propensity score matching was applied to balance baseline characteristics between groups. Regression analyses were conducted to evaluate postoperative outcomes among patients with different DM subtypes. Result A total of 137,651 shoulder arthroplasty cases were identified, comprising 107,388 patients without diabetes, 376 patients with type 1 DM, and 29,887 patients with type 2 DM. Following propensity score matching, multivariate analysis demonstrated no significant between-group differences in most medical and surgical complications when comparing patients without diabetes and patients with type 1 DM. In contrast, type 2 DM was identified as an independent risk factor for pneumonia/acute respiratory failure (OR = 1.19, P < 0.001), surgical site/periprosthetic joint infection (OR = 1.25), urinary tract infection (OR = 1.25), acute renal failure (OR = 1.53), non-routine discharge (OR = 1.34), prolonged length of stay (GMR = 1.04), and increased total hospital charges (GMR = 1.02). Conclusion Compared with patients without diabetes, patients with type 2 DM undergoing shoulder arthroplasty exhibited higher risks of several adverse in-hospital outcomes, whereas most outcomes in patients with type 1 DM were not significantly different. These findings may facilitate improved risk stratification and tailored perioperative management."
OpenAlex,valvular heart disease,Reactome Outputs for Moura Ferreira et al. Advancing drug development for valvular heart disease by prioritising findings from human genetic association studies. EBioMedicine. 2026,Sara Ferreira; Rui Providencia; Amand F. Schmidt,10.6084/m9.figshare.33476053,2026-09-09,Figshare,"Exploratory Reactome analysis for the manuscript, providing thousands of additional pathway and interactor outputs."
OpenAlex,valvular heart disease,My Heart: a personalized interactive cardiovascular care system using artificial intelligence,Murad Al-Rajab; Samer Ellahham; Mohammad Omar Qassem; Mohamad Akda; Khalifa Abdulla Rabooy Alremeithi; Samia Loucif,10.1038/s41598-026-68939-z,2026-09-08,Scientific Reports,"Cardiovascular diseases (CVDs) remain the leading cause of death globally, driven by misinformation, low health literacy, and fragmented patient engagement. Existing digital health solutions often lack personalized, bilingual responsive education and proactive risk assessment, especially for vulnerable populations. To address these gaps, this study introduces a newly developed, fully integrated cardiovascular care system that combines a Digital Human Agent (DHA), Artificial Intelligence (AI)-based cardiovascular risk assessment (the focus of this study is on Atherosclerotic Cardiovascular Disease (ASCVD)), bilingual voice interaction via Natural Language Processing (NLP), and a real-time cardiologist dashboard; all within a single system. This is a comprehensive system designed, accessible via mobile and web, to deliver personalized, bilingual cardiovascular educational content and management. It employs the validated ASCVD model aligned with American Heart Association (AHA)/American College of Cardiology (ACC) guidelines and features an adaptive AI assistant that simplifies medical terms and offers risk-based recommendations. The system ensures Health Insurance Portability and Accountability Act (HIPAA)-compliant data security. Initial system evaluation and expert feedback reflect that the proposed system has the potential to enhance user engagement, support comprehension of cardiovascular health information, and early risk detection. Compared to existing systems, the proposed system contributes to an advancement in bilingual digital health literacy, patient education guided by interactive AI, real-time care coordination, and scalable deployment, making a promising step forward in patient-centered cardiovascular care."
OpenAlex,valvular heart disease,Changes in N-Terminal Pro-B-Type Natriuretic Peptide Levels According to Estimated Plasma Volume Variation in Patients with Acute Decompensated Heart Failure,Wulan Prisilla; Yose Ramda Ilhami; Citra Kiki Krevani; Hirowati Ali,10.30701/ijc.1934,2026-09-08,Indonesian Journal of Cardiology,"Background: Acute Decompensated Heart Failure (ADHF), often caused by fluid retention and elevated left ventricular filling pressure, is the most common form of acute heart failure, accounting for 50-70% of cases. It carries high morbidity and mortality, with in-hospital death up to 11% and one-year post-discharge mortality reaching 36%. Rehospitalization rates range from 22-30% within 1-3 months to 65% within one year. In Indonesia, the 2013 prevalence of physician-diagnosed heart failure was 0.13%, affecting approximately 230,000 people. Methods: This prospective observational study was conducted on ADHF patients admitted to the Cardiology Department of Dr. M. Djamil General Hospital, Padang, during July-August 2025. Blood and N-Terminal pro-B-type Natriuretic Peptide (NT-proBNP) assessments were obtained at admission and upon discharge. Participants were divided into two categories based on their estimated Plasma Volume Variation (ePVV) results (<0% and ≥0%). The Mann-Whitney test was used to compare NT-proBNP variations between these groups. Results: A total of 33 participants were included, the majority being male, with pneumonia as the most prevalent comorbidity and ischemic heart disease as the primary underlying cause. Patients with ePVV <0% showed a median change in NT-proBNP of 21.06%, whereas those with ePVV ≥0% showed a median change of 9.58%. The Mann-Whitney test indicated that this difference between groups was statistically significant (p = 0.012). Conclusion: The observed variation in NT-proBNP levels across ePVV categories suggests that ePVV may be a valuable non-invasive marker for assessing congestion status in ADHF. Combining ePVV measurements with NT-proBNP monitoring could enhance clinical assessment and management strategies for patients with heart failure."
OpenAlex,valvular heart disease,Prevalence and Determinants of Left Ventricular Hypertrophy among Nigerian Adults with Hypertension: A Systematic Review,Abdulhamid Ayomide Alamu,10.30701/ijc.2034,2026-09-08,Indonesian Journal of Cardiology,"Background: Left Ventricular Hypertrophy (LVH) is a structural adaptation of the heart linked to increased cardiovascular morbidity and mortality. It occurs in response to chronic pressure or volume overload and varies in pattern across populations. This study aimed to systematically evaluate the prevalence, geometric patterns, and determinants of LVH among Nigerian adults. Methods: A systematic review was conducted using PubMed, Google Scholar, African Journals Online (AJOL), and Directory of Open Access Journals (DOAJ) to identify studies published between 2004 and 2025. The research question focused on the prevalence, pattern, and determinants of LVH in Nigerian adults aged ≥18 years. Studies were eligible if they reported LVH prevalence, Left Ventricular (LV) geometry, or associated determinants in hospital-based or community populations, including hypertensive, prehypertensive, and Sickle Cell Anemia (SCA) cohorts. Data extracted included study population, sample size, diagnostic method, and LVH-related outcomes. Results: Seventeen studies were included, with sample sizes ranging from 80 to 450 participants. LVH prevalence ranged from 18% in prehypertensives to 45% in hypertensives and 47% in adults with SCA. Concentric hypertrophy was most common in hypertensives, and eccentric hypertrophy in SCA. Key factors associated with LVH included elevated Systolic Blood Pressure (SBP), age, male sex, Body Mass Index (BMI), family history of hypertension, and comorbid conditions such as diabetes. Conclusion: LVH is highly prevalent among Nigerian adults, with geometric patterns reflecting underlying hemodynamic stress. Identification of key factors associated with LVH can guide early detection and targeted interventions to reduce cardiovascular morbidity and mortality."
OpenAlex,deep learning,Antecedents and consequences of Green-tech FDI in emerging markets,Zhuoran Liu,10.17638/03195308,2031-01-01,University of Liverpool,"As environmental pressures intensify, attracting sustainable foreign direct investment (FDI), particularly green-tech FDI, has become a critical pathway for emerging markets to achieve environmental sustainability. However, existing research remains fragmented, offering limited insights into why green-tech FDI enters emerging markets and how it affects regional green innovation. This thesis addresses these gaps by systematically examining both the antecedents and consequences of green-tech FDI through three empirical studies using regional data from China. Study 1 and Study 2 focus on the antecedents of green-tech FDI. Study 1 examines how host-country conditions can attract green-tech FDI, highlighting the role of environmental management information disclosure (EMID) by domestic firms in reducing information gaps and strengthening green market–seeking motives. Study 2 shifts attention to the active decision-making of green-tech FDI, showing that under uncertainty, green-tech foreign investors engage in identity-based bandwagon learning by imitating peers with similar green identities, thereby mitigating investment risks. Study 3 turns to the consequences of green-tech FDI. It demonstrates that, due to the technological complexity of green innovation and limited absorptive capacity in emerging markets, green-tech FDI may generate crowding-out effects rather than purely positive spillovers. Adopting a network perspective, the study further finds that universities play a key moderating role: through broad linkages and deep collaborations, they help mitigate negative spillovers and facilitate the diffusion of green technologies. Together, the three studies advance the literature on sustainable FDI by differentiating green-tech FDI from general FDI and identifying the specific mechanisms that shape its entry decisions and local innovation outcomes. Practically, the findings provide guidance for emerging-market governments and firms on how to attract and manage sustainable investment, balance growth with environmental objectives, and strengthen local innovation ecosystems."
OpenAlex,deep learning,Combating Data and Target Shifts in Visual Tasks,Zhaorui Tan,10.17638/03194353,2031-01-01,University of Liverpool,"The rapid advancement of deep learning models for visual tasks has led to significant progress in many domains. However, a key challenge remains: ensuring that models can generalize effectively to unseen samples or novel classes, especially in real-world scenarios where training data-target pairs are often limited or unavailable, and test data may exhibit shifts in both data and targets. This thesis addresses the problem of shifts across data and targets, proposing novel methods to improve model generalization and transferability in complex settings. The thesis identifies the different shift scenarios for visual tasks and presents their problem forms. The research first relaxes the static target distribution assumption in Multi-Domain Generalization (mDG) tasks, introducing the General Multi-Domain Generalization (GMDG) objective to improve generalization under varying data shifts. Specifically, Extensive experiments validate that GMDG is feasible for classification, segmentation, and regression tasks. Further considering extreme target distribution shifts where even unknown novel classes emerge, the study also explores logical regularization techniques for tasks such as Generalized Category Discovery (GCD), mDG+GCD, and Class Incremental Learning (CIL), proposing a sample-based logical regularization term (L-Reg) to enhance data-, target-, and all-shift generalization. Additionally, a partial logic framework is introduced to address challenges in CIL, enabling models to retain room for unknown classes during training. This is further extended by the Partial-Logic Regularization (PL-Reg), which improves generalization across GCD, mDG+GCD, and transferability for CIL tasks. Furthermore, the thesis proposes a novel Semantic-aware Data Augmentation (SADA) framework for cross-modality generalization in text-to-image synthesis (T2Isyn), text-image retrieval (TIR), and image-text retrieval (ITR) tasks. This framework ensures semantic preservation across text and image modalities, improving both semantic consistency and image quality in cross-modality tasks. The methods proposed in this thesis offer significant advancements in visual generalization and transfer scenarios, providing theoretical insights and practical solutions for handling data shifts, target shifts, and multi-modalities in complex scenarios. Extensive experiments validate the effectiveness of the proposed methods, demonstrating their superior performance across a range of tasks."
OpenAlex,deep learning,"Depth of Processing, learner aptitude, and the acquisition of L2 English grammatical structures",Shweta Nigam,10.48683/1926.00128861,2031-01-01,CentAUR (University of Reading),"Depth of Processing (DoP) is central to several models of instructed second language acquisition (ISLA) (Leow, 2015). While DoP has been extensively examined in vocabulary learning (e.g., Laufer & Hulstijn, 2001), its role in the acquisition of grammatical structures, particularly through oral and audio-visual modalities remains comparatively underexplored. Drawing on the Levels of Processing framework (Craik & Lockhart, 1972), this study investigated whether task-induced processing depth influences the acquisition of third conditionals and comparatives, and whether language aptitude (LLAMA B, D, F) predicts learning gains. Using a pretest–posttest design, four intact classes involving 108 Grade 8 EFL learners in India were assigned to one of the three experimental conditions differing in level and type of processing: Low DoP, High DoP Explicit, and High DoP Implicit. The treatment task required the participants to listen to an audio-visual story containing the target structures (third conditionals and comparatives) and complete analytic tasks (varying in different groups) before listening to the story for a second time. The oral performance of the participants was analysed for accuracy, and frequency of use of the target structures. A grammaticality judgement test (GJT) and an elicited imitation task (EIT) were used to assess the participants’ gains in the knowledge of the target structures. In addition, language aptitude (LLAMA B, D, F) was measured and modelled as a predictor of gain scores. Results showed a significant effect of processing condition on GJT performance with the High DoP Implicit group outperforming the High DoP Explicit group on total scores and comparatives. In contrast, ANCOVA analyses indicated no significant group differences on EIT outcomes once pretest performance was controlled, with pretest scores strongly predicting posttest performance. In oral production, processing effects were structure-specific: the Low DoP group showed greater accuracy gains for comparatives, while both High DoP groups revealed increased frequency of use of third conditionals. However, across all four measures, multiple regression analyses indicated that LLAMA B, D, and F did not significantly predict gain scores. Overall, the findings support a processing-by-structure pattern: deeper processing benefits were most evident for the more salient structure (comparatives) on an explicit, written measure, whereas complex, low-salience forms (third conditionals) showed limited accuracy change but increased frequency of use under deeper processing."
OpenAlex,deep learning,Deep learning design of programmed enhancer pairs,Salil Garg; Blake M Torres; Joanna Wypasek,10.5281/zenodo.19463376,2030-04-08,Zenodo (CERN European Organization for Nuclear Research),
OpenAlex,deep learning,Deep learning design of programmed enhancer pairs,Salil Garg; Blake M Torres; Joanna Wypasek,10.5281/zenodo.19463375,2030-04-08,Zenodo (CERN European Organization for Nuclear Research),
OpenAlex,deep learning,Deep learning design of programmed enhancer pairs,Salil Garg; Blake M Torres; Joanna Wypasek,10.5281/zenodo.19477875,2030-04-08,Zenodo (CERN European Organization for Nuclear Research),
OpenAlex,deep learning,Data Augmentation Application in Deep Learning Drug Discovery by Utilizing Relationships Between Biological and Medical Entities,Tianjun Wang,10.17638/03195452,2029-01-01,University of Liverpool,
OpenAlex,deep learning,A UAV-Based Framework for Community-Scale Residential Building Energy Modelling in China,Mengfan Jin,10.17638/03195460,2029-01-01,University of Liverpool,"With increasing emphasis on energy efficiency and carbon emission reduction in the building sector, rapid and scalable energy modelling of existing buildings is critical for retrofit projects and policy development. Conventional surveys, data collection and energy modelling processes remain labour-intensive and impractical for large-scale applications, and energy modelling often dominates project time and cost. Unmanned Aerial Vehicles (UAVs) equipped with high-resolution and infrared cameras now offer fast and safe exterior surveys, showing great potential in building energy assessments. Yet, a systematic framework for UAV integration, from image capture through processing to inputs for building energy simulation, has not been established. This research addresses these challenges by developing a structured framework for community-scale building energy modelling, which integrates UAV photogrammetry to accelerate data acquisition, reduce labour, and shorten energy modelling time for retrofit projects. The framework is designed to minimise prior data requirements while maximising automation and retaining sufficient accuracy and reliability. It also addressed systemic issues, such as the lack of data necessary to fully exploit the potential of available technologies in the context of this study. To achieve this research objective, a mixed-methodology approach, combining desk studies and fieldwork, was adopted. First, a comprehensive review of UAV-based building energy studies mapped the current applications and available tools, proposing a preliminary framework. Fieldwork then encompassed a pilot study and a detailed case study. In the pilot test, a single building was surveyed to identify an optimal toolchain for flight planning, image capture, photogrammetric reconstruction, model generation, and selection of a simulation platform. The resulting refined framework was applied to a case study of a 39-building community, and it was demonstrated that further automation was necessary. The potential for automation was then further explored. Geomatic algorithms, machine learning, and deep learning techniques were compared, and the combination that best balanced accuracy and processing time was selected for 3D model generation and window-to-wall ratio (WWR) extraction. In parallel, an archetype library of residential buildings in the Hot Summer Cold Winter (HSCW) zone in China was compiled to facilitate the assignment of thermal parameters. Finally, a reusable community-scale building energy modelling (CBEM) workflow was assembled in Grasshopper using Ladybug Tools components to process the aforementioned inputs. In conclusion, this study integrates UAV photogrammetry, GIS-based geomatic algorithms, machine learning, and graphical programming to develop an UAV-CBEM framework. The outcomes establish a foundation for scalable UAV-based building energy assessments, enhancing applicability in data-limited and large-scale settings worldwide."
OpenAlex,deep learning,Spectral Materialism: Encounters with land-time-scapes,Sam Nightingale,10.25602/gold.00040593,2029-01-01,Goldsmiths (University of London),"This transdisciplinary, practice-based PhD introduces spectral materialism through art-based research encounters with ecologically and historically stratified land-time-scapes shaped by hypersalinity and colonial terraforming. Centred in the semi-arid Mallee (southeastern Australia) and read through echoes with California’s Imperial Valley, the project examines how spectral time—the co-presence and haunting of other temporalities—manifests in the material conditions of salt, soil, water, plants, and infrastructures. It asks how learning from geological, First Nations, colonial, and ecological pasts can orient responsibilities in unsettled futures. Treating the present as a crisis of time as much as a crisis of matter, the thesis critiques linear-progressive temporalities bound to Western modernity and extractive regimes. In response, spectral materialism is developed as both a conceptual framework and a critical creative methodology. Through alchemical media experiments with salt crystals, hypersaline soils, and halophytes, photography is reconfigured as a site-responsive, process-oriented practice. Salt is engaged as a material agent and ‘time-crystal’ whose phase shifts—dissolution, saturation, precipitation, crystallisation, evaporation—form a meta-chemistry that refracts deep-marine pasts, settler-colonial irrigation infrastructures, and contemporary dust into processual renderings of time. Methodologically, the project advances attunement as a mode of sensing and responsiveness to forces that are not always immediately perceptible yet are materially active. Field notes appear as para-writing, interrupting linear narration so that heterogeneous times co-present themselves within the text. The thesis is guided by First Nations temporalities—time as relational and in place—while remaining accountable to ethical limits and protocols. The contribution is twofold: a theoretical articulation of spectral materialism as a way to think time otherwise, and a set of site-responsive methods for engaging elemental media in saline environments. Together, they generate materially grounded accounts of spectral presences and open alternative pathways for knowing, sensing, and relating within land-time-scapes marked by enduring colonial and ecological afterlives amid planetary change."
OpenAlex,deep learning,DEVELOPMENT AND COMMERCIALIZATION OF COMPUTATIONAL METHODS TO ACCELERATE DERMATOLOGICAL DISCOVERY,Jasson Makkar,10.7273/000008421,2028-02-26,Washington State University,"The skin is the largest and outermost organ that surrounds the human body and provides a physical barrier that protects the more delicate internal tissues from the harsh surrounding environment. Over the course of evolution, specialized structures have also arisen in the skin, including sweat and sebaceous glands, nails and claws, and hair follicles. The hair follicle is a multi-lineage mini-organ that is a critical component in defining mammalian species. The gain of function derived from hair and fur benefited these species for millennia due to its insulative and protective properties, mechanosensing function, and ability to serve as camouflage. Current approaches to assess these fibers are generally non-quantitative or are low throughput due to technical limitations of ‘splitting hairs’. We developed a novel deep learning-based computer vision approach for the high throughput quantification of individual hair fibers at a high resolution. Our innovative computer vision tool can distinguish and extract overlapping fibers for quantification of multivariate features including length, width, and color to generate single-hair phenomes (shPhenome) of diverse conditions across the lifespan of mice. Using our tool, we explored the effects of hormone signaling, genetic modifications, and aging on hair follicle output. These analyses revealed novel hair phenotypes as a result of endocrinological, developmental, and aging-related alterations in the fur coats of mice. This tool was then adapted to capture more nuanced hair phenotypes, such as curvature, in a variety of mouse models harboring genetic perturbations. Commercialization of the deep hair phenomics technology presented a unique opportunity to pursue research translation, transforming fundamental biological research into marketable products. Much like the traditional academic route, the path to commercialization requires consistent and continuous iteration, testing of hypotheses, and allowing data to influence and lead subsequent actions. However, as opposed to the pursuit of knowledge, translating research into market-ready solutions requires a focus on consumer needs and the identification of market opportunities. Additionally, the shift in incentive structure requires commercial ventures to prioritize intellectual property protection, alter capital and resource allocation, and seek alternative fundraising sources. The entrepreneurial foundation built through this process culminated in the filing of a provisional patent and establishment of a startup company, kerat Inc. This journey illuminated the multifaceted challenges inherent in closing the gap between academic innovation and commercially viable goods, requiring simultaneous advancement of technical capabilities, adaptation to market dynamics, and fabrication of business infrastructure. Overall, the culmination of work presented in this dissertation sheds light on the importance of quantitatively assessing hair fiber properties to capture the biological phenomena that underlie this fundamental feature of mammalian skin. These findings also highlight the capabilities of this methodology for identifying perturbations in normal growth, potentially indicative of disease or dysfunction. Lastly, this showcased the potential of this technology’s commercial use cases in both the cosmetics and diagnostics industries."
OpenAlex,deep learning,Deep q-learning aided k-means clustering protocol for optimizing network lifetime in wireless sensor networks,Flynn Dowey,10.14288/1.0451106,2028-01-01,Open Collections,"The full abstract for this thesis is available in the body of the thesis, and will be available when the embargo expires."
OpenAlex,deep learning,Deep learning image analysis of donor red blood cells to predict deformability and transfusion efficacy,Erik S. Lamoureux,10.14288/1.0451932,2028-01-01,cIRcle (University of British Columbia),"The full abstract for this thesis is available in the body of the thesis, and will be available when the embargo expires."
OpenAlex,deep learning,Cost-Grounded Reward Scaling for Deep Reinforcement Learning in Zero-Buffer Flow-Shop Maintenance - DATA,Valentina Popolo; Silvestro Vespoli,10.17632/t73ckh3f7k,2027-07-09,Mendeley Data,
OpenAlex,deep learning,Cost-Grounded Reward Scaling for Deep Reinforcement Learning in Zero-Buffer Flow-Shop Maintenance - DATA,Valentina Popolo; Silvestro Vespoli,10.17632/t73ckh3f7k.1,2027-07-09,Mendeley Data,
OpenAlex,deep learning,"LeafMicroDefect-TR: A Digital Microscope-Based Dataset of Microscopic Leaf Surface Images for Defect Detection, Region-wise Analysis, and Explainable Deep Learning",HIDIR SELCUK NOGAY,10.17632/tvxkgj69kg.1,2027-01-12,Mendeley Data,
OpenAlex,deep learning,"LeafMicroDefect-TR: A Digital Microscope-Based Dataset of Microscopic Leaf Surface Images for Defect Detection, Region-wise Analysis, and Explainable Deep Learning",HIDIR SELCUK NOGAY,10.17632/tvxkgj69kg,2027-01-12,Mendeley Data,
OpenAlex,deep learning,Contested urbanisms: The politics of heritage and housing in Jakarta’s kampungs,"Binte Masron, Irna Nurlina",10.18743/pub.00056687,2027-01-01,"BIROn (Birkbeck, University of London)","Do heritage-making projects resist or advance gentrification in Southeast Asia? Like other Global South cities, contested urbanisms chequer Jakarta’s postcolonial urban landscape. Competing ideas about urban development manifest in various ways of seeing and producing the city, as demonstrated by evictions, revitalisation projects, and informal housing. Increased evictions of urban villages (urban kampungs) between 2013 and 2018 in Jakarta saw growing grassroots heritage movements as part of a spectrum of resistance to top-down urban management by state and private sector actors who also stake their claims on what ‘heritage’ is. These tensions amongst the political projects of various actors led me to ask: how do heritage-making projects of/by urban villages affect housing conditions in Jakarta, with reference to gentrification-led displacement? Using ethnographic methods and thematic analysis, I delve into the constructions of heritage, the impact of heritage-making on housing security for residents, and the broader political impact of heritage-making from above and below in Jakarta’s Kota Tua and two of its kampungs, Luar Batang and Pekojan. I argue that the dominant heritage constructions in Kota Tua demonstrate a top-down logic that emphasises infrastructure and the built environment with strong private sector presence, which impact the kampungs in varied ways. Findings showed that top-down heritage-making demonstrates higher likelihood of driving gentrification through the commodification of space, prioritising capital and material values. Residents and their advocates employ heritage-making from below in various forms to reclaim their place in the city as they face various forms of displacement, with unanticipated consequences. The processes of heritage-making from above and below reveal the connections and disjunctures between different authorities which subaltern actors work through, producing new politics that contest or entrench existing conditions. The findings contribute to the theorising of the politics of gentrification in heritage and urban studies, and a deeper understanding of Jakarta’s Old Town."
OpenAlex,deep learning,From Sparse to Dense: Label-Efficient Weakly Supervised Segmentation for Images and Videos,J. Wang,10.17638/03195330,2027-01-01,University of Liverpool,"Obtaining high-quality annotated data has become a primary bottleneck for training deep learning models, particularly for dense prediction tasks like semantic segmentation and video salient object segmentation. The demand for meticulous, pixel-level labeling makes fully-supervised approaches prohibitively expensive and limits their scalability. This thesis directly confronts this issue by proposing and systematically investigating a label-efficient ""sparse-to-dense'' paradigm. The core objective is to develop innovative frameworks that can learn from sparse, inexpensive weak supervision—such as image-level tags or scribbles—and intelligently propagate this minimal information to generate complete, pixel-accurate dense predictions. The major part of this thesis focuses on the ""sparse-to-dense'' challenge within Weakly Supervised Semantic Segmentation (WSSS) for images, where models learn from only image-level tags. Dominant approaches rely on Class Activation Maps (CAMs) as initial object seeds. However, CAMs inherently activate only the most discriminative object regions, leading to incomplete pseudo-labels. This gives rise to the central problem of activation densification: the critical process of expanding these sparse activations to cover the full extent of an object. Our research addresses this challenge through a progressive, multi-faceted strategy. Our exploration begins with a foundational framework (C3) designed to rectify the intrinsic flaws of initial CAMs. We propose a synergistic mutual calibration method. This method leverages the discrepancies between the two maps to generate local prototypes, which are simultaneously utilized to complete missing object parts and suppress background noise, yielding a significantly more accurate and complete initial seed. This foundational work immediately reveals the limitation of single-prototype instability and its inability to capture diverse features. Building on this foundation, we then develop architecture-specific strategies to address deeper limitations of the prototype-based approach. For Convolutional Neural Networks (CNNs) (C4), the use of a single prototype proves insufficient to capture significant intra-class variation. In response, we introduce an Optimal Transport (OT)-assisted framework that effectively mines multiple, diverse prototypes, thereby yielding more comprehensive activation maps. However, while C4 solves the intra-class diversity problem, the inherent local context constraint of the CNN architecture becomes the new bottleneck, fundamentally limiting the quality of globally-aware feature extraction needed for optimal multi-prototype assignment. This limitation necessitates a shift in architectural focus from CNNs to Vision Transformers. In the ViT architecture (C5), a new challenge arises where the token gap between the discriminative class token and varied patch tokens leads to incomplete activation. To bridge this gap, we leverage a tailored application of Optimal Transport, where the algorithm is tasked with learning a comprehensive proxy to ensure complete object activation. Despite these architectural advances (C3-C5), the overall WSSS performance hit a ceiling. This is fundamentally limited by the sparse supervision of class labels, which cannot provide precise boundary information. To break this ceiling, our WSSS exploration culminates in a universal enhancement strategy (C6) that transcends architecture-specific designs by leveraging Visual Foundation Models (VFMs). We resolve the conflict between the discriminative nature of initial CAMs and the VFM's need for holistic prompts. By modeling the CAM foreground as a graph and employing spectral analysis, our method intelligently selects a diverse set of prompt points that represent the overall structure of the foreground object. This guides the VFM to generate superior, boundary-aware supervision that can universally enhance any WSSS pipeline. Subsequently, the thesis extends the ""sparse-to-dense'' paradigm to the dynamic domain of video, addressing Weakly Supervised Video Salient Object Segmentation (WSVSOS) (C7) from sparse scribble annotations. In this specific context, the challenge evolves into spatio-temporal densification, which requires both full-object coverage within each frame and temporal consistency across the video sequences. To this end, we introduce the core CFMR framework, which utilizes Spatio-Temporal co-regulation. This framework is subsequently enhanced (CFMR+) by integrating the VFM guidance strategy from C6, which provides high-quality spatial priors essential for ensuring both high spatial detail and inter-frame consistency. By enforcing both intra-frame and cross-frame consistency between these two streams, our method effectively propagates the sparse initial signal to generate dense and temporally coherent saliency masks. In conclusion, this thesis presents a comprehensive and cohesive investigation into label-efficient segmentation tasks, offering a suite of innovative and effective strategies for the ""sparse-to-dense'' challenge. Our work establishes a progressive roadmap that systematically overcomes architectural and semantic limitations, culminating in highly robust and generalized densification pipelines. Our extensive experimental results on standard benchmarks validate the state-of-the-art performance of these methods, providing robust solutions to a long-standing problem in the computer vision field."
OpenAlex,deep learning,Unsupervised Deep-learning Methods for Low-dose Computed Tomography Reconstruction,Ran An,10.17638/03194237,2027-01-01,University of Liverpool,"Computed tomography (CT) has become an indispensable imaging technique in medical diagnostics and industrial applications, owing to its non-invasive nature and high resolution in visualizing object internal structures. While X-ray CT (X-ray computed tomography) significantly enhances lesion detection capabilities, excessive exposure to X-ray radiation raises substantial health concerns, including elevated cancer risks and potential genetic damage. Although low-dose CT (LDCT) protocols reduce radiation safety concerns, they inevitably introduce severe noise and artifacts, which might compromise diagnostic accuracy. Recent advances in supervised deep learning approaches have demonstrated remarkable success in LDCT reconstruction. However, the reliance on paired training data severely limits their deployment in practical CT applications. This fundamental constraint highlights the critical importance of developing unsupervised reconstruction methods. Although existing unsupervised LDCT methods have made notable progress, they still face challenges requiring systematic solutions. This thesis makes three contributions to advance the field of unsupervised LDCT reconstruction: 1. Current dual-domain self-supervised LDCT denoising methods typically neglect the heterogeneity of the non-stationary Gaussian noise levels in low-dose sinograms and usually treat them as common images without appropriately controlling the denoising strength. The denoisers employed by them, which are based on classic convolutional neural networks (CNN), will lead to blurring artifacts in the reconstructed images if directly used for sinogram denoising. In addition, the denoising strength in the sinogram and image domains must be well-balanced to avoid introducing over-blurring or secondary artifacts in the reconstructed images, but existing approaches do not focus on this crucial point. To address these limitations, this thesis proposes a novel end-to-end dual-domain self-supervised framework for LDCT denoising. It employs Dropblock layers to adaptively localize the effect of convolution for sinogram denoising and sets a weighted average between the denoised sinograms and their noisy counterparts to better control the denoising strength, thus effectively reducing the blurring artifacts and leading to a well-balanced dual-domain denoising. Numerical experiments demonstrate the effectiveness and superior performance of the proposed method. 2. Existing normalizing flows (NFs)-based unsupervised LDCT reconstruction methods face challenges in both image quality and computational efficiency. On one hand, they typically utilize a two-way transformation strategy between noisy images and latent variables, which could easily lead to detail loss and secondary artifacts in the reconstructed images. On the other hand, training NFs on high-resolution CT images is computationally intensive. Although conditional normalizing flows (CNFs) can mitigate computational costs by learning conditional probabilities, existing approaches rely on labeled data for conditionalization, leaving unsupervised CNFs-based LDCT reconstruction a challenge. To tackle these issues, this thesis proposes a novel unsupervised LDCT iterative reconstruction algorithm based on CNFs. The proposed method employs a strict one-way transformation strategy during the alternating optimization in the dual spaces to prevent detail loss and secondary artifacts, and proposes a novel unsupervised conditionalization strategy for CNFs, thus achieving efficient training and inference on high-resolution images. The proposed method illustrates high-quality and relatively fast unsupervised reconstruction. Experiments across two datasets demonstrate the superior performance of the proposed method by rivaling several state-of-the-art methods. 3. Current diffusion model-based LDCT reconstruction methods solely employ the prior distributions learned from normal-dose CT data but neglect the valuable priors in low-dose data, which contain information about the characteristics of low-dose noise and artifacts. In addition, their reconstruction speed suffers from multiple sampling steps, presenting low efficiency. Breaking new ground in prior utilization, this thesis proposes a novel unsupervised LDCT iterative reconstruction algorithm based on dual denoising diffusion probabilistic models (DDPM), which leverages both normal-dose and low-dose priors. Specifically, the proposed method employs two DDPMs to learn the prior distributions from normal-dose and low-dose images, respectively, and incorporates them into a joint iterative reconstruction framework. To accelerate the reconstruction, partial diffusion sampling and single-pass deterministic reconstruction strategy are utilized in the proposed method, as well as the spaced OS-SART approaches. Experiments at different dose levels demonstrate the outstanding performance and fast speed of the proposed reconstruction algorithm. Through these innovations and contributions, this thesis addresses some significant challenges in current deep-learning-based unsupervised LDCT reconstruction methods, and proposes three novel unsupervised reconstruction algorithms. The proposed methods effectively improve the performance and efficiency of LDCT reconstruction under different unsupervised learning conditions, and provide some new perspectives and inspirations for future research."
OpenAlex,deep learning,An Interpretable State-Conditioned Multi-Criteria Decision-Making Layer for Reward Shaping in Deep Reinforcement Learning: Dynamic TOPSIS Weighting Applied to Disaster Response,Ahmed İhsan Şimşek,10.17632/smbzhvhs3k.1,2027-01-01,Mendeley Data,
