source,keyword,title,authors,doi,publication_date,journal,abstract
PubMed,aortic stenosis,CE-MRA-FLOWnet: Fast and Accurate Generative AI-Based Aortic Hemodynamic Mapping from Contrast-Enhanced MRA.,David Dushfunian; Haben Berhane; Ethan Johnson; Aniket Dehaidrai; Michael Markl; Bradley D Allen,10.1016/j.jocmr.2026.102773,2026-07-07,Journal of cardiovascular magnetic resonance : official journal of the Society for Cardiovascular Magnetic Resonance,"4D flow MRI hemodynamic biomarkers (e.g. peak velocity and wall shear stress [WSS]) have shown promise for improved risk-stratification in patients with thoracic aortic disease (TAD). However, lengthy 4D flow scan times, complex data analysis and need for dedicated expertise limit clinical translation. In this study, we developed a fluid-physics informed deep generative adversarial neural network, CE-MRA-FLOWnet, to predict aortic hemodynamics directly from standard-of-care contrast-enhanced magnetic resonance angiography (CE-MRA) images.
We retrospectively identified 1392 patients (age: 52±12years, 1011 male, 954 with bicuspid aortic valve, BAV; 438 with tricuspid aortic valve, TAV) who underwent paired clinical 4D flow MRI and CE-MRA between 2011 and 2020 for suspected TAD. The CE-MRA-FLOWnet used CE-MRA data (1127 for network training, 265 for testing) to generate a prediction of aortic hemodynamics. 4D flow-measured aortic systolic 3D blood flow velocity vector fields served as ground truth. Analysis included comparison of AI-derived and ground truth aortic systolic peak velocity (PV) and WSS, the relative area of the AAo (%) exposed to elevated WSS, and aortic valve stenosis severity grading. The predictive value of CE-MRA-FLOWnet hemodynamics metrics was assessed in a subgroup of 133 BAV patients with known multi-year adverse outcomes.
CE-MRA-FLOWnet training time was 8100mins; inference time per CE-MRA was 0.88±0.05seconds. AI-derived PV showed strong regional agreement and low biases with ground truth 4D flow (0.00-0.04m/s), and relative differences within 10.6%-12.7%. Aortic WSS also demonstrated minimal bias (-0.01-0.04Pa) and close alignment of the area of elevate WSS between AI and 4D flow (19.6±15.1% vs. 19.3±16.2%, p=0.84). AS severity was accurately classified in 88% of cases, with all grading errors limited to a one-grade difference (Kappa 0.84). ROC analysis showed that CE-MRA-FLOWnet derived hemodynamic metrics outperformed diameter alone for predicting adverse outcomes (PV AUC = 0.73-0.76; WSS = 0.83-0.88; diameter = 0.52-0.62).
CE-MRA-FLOWnet accurately predicts aortic hemodynamics in TAD patients using standard-of-care CE-MRA images. Our results demonstrate potential for clinical integration by providing physicians with near real-time hemodynamic data from widely available clinical CE-MRA images.
Approximately 3% of the population has or is at risk for thoracic aortic disease (TAD) which can result in significant complications including progressive aortic dilation and dissection. Historically, aortic diameter measured on CT angiography or MR angiography (MRA) has been the primary marker of risk and TAD patients undergo frequent surveillance imaging to evaluate aortic size and growth. However, it is well established that aortic diameter is an imperfect risk assessment tool and a large percentage of patients who are outside of guideline-endorsed diameter surgical thresholds can have aortic dissection. Recently, aortic hemodynamics measured with 4D flow MRI have shown promise for detecting patients who have higher aortic growth rates and 4D flow derived wall shear stress (WSS) has been linked to histopathologic damage to the aortic wall. Thus, aortic hemodynamic assessment could supplement aortic diameter to improve TAD risk-stratification. Unfortunately, 4D flow MRI is not widely available and can be difficult acquire, analyze, and interpret which has led to low utilization. In this study, we have developed CE-MRA-FLOWnet, a fluid-physics informed generative neural network that quantifies peak systolic aorta hemodynamics using only standard anatomic contrast-enhanced (CE) MRA as input. We found that CE-MRA-FLOWnet peak systolic velocity and WSS quantification is highly accurate compared to 4D flow MRI. We also found that these outputs can accurately grade aortic stenosis severity and are superior to aortic diameter for predicting adverse aortic outcomes. CE-MRA-FLOWnet could significantly expand access these important risk metrics to many more TAD patients."
PubMed,aortic stenosis,Fluid dynamics-informed CCTA-derived geometric parameters in right coronary artery anomalies predict abnormal invasive Adenosine-FFR and Dobutamine-FFR.,Ali Mokhtari; Anselm W Stark; Dominik Obrist; Marius R Bigler; Stefano F de Marchi; Lorenz Räber; Isaac Shiri; Christoph Gräni,10.1016/j.compbiomed.2026.111851,2026-07-07,Computers in biology and medicine,"Traditional anatomical assessment of stenosis in right anomalous aortic origin of coronary arteries (R-AAOCA) may not capture the complex, eccentrically shaped lumen and its perimeter-dependent resistance, and may therefore underestimate flow limitation. R-AAOCA involves both fixed stenosis, similar to atherosclerotic plaques (assessable with invasive adenosine-derived fractional flow reserve, FFRAdenosine), and additional stress-induced dynamic stenosis; both components can be captured with dobutamine-derived FFR (FFRDobutamine). We hypothesized that fluid dynamics-informed geometric parameters provide a physiologically grounded description with enhanced discriminative value compared with conventional geometric parameters for predicting FFRAdenosine and FFRDobutamine.
We performed a retrospective analysis of prospectively enrolled participants from the National Registry of Coronary Anomalies (NARCO) who underwent invasive FFRAdenosine and FFRDobutamine assessment. We calculated multiple CCTA-derived geometric parameters organized into two categories: (1) conventional geometric parameters including cross-sectional area (A), perimeter (P), minor and major axes at the ostium and intramural lumen area (ILA; i.e., the point of maximal stenosis), and effective diameter (Deff = (4A/π)); and conventional stenosis ratios including the area stenosis ratio (ASR) and effective diameter stenosis ratio (EDSR); (2) fluid dynamics-informed parameters comprising shape descriptors: including hydraulic diameter (Dh = 4A/P), elliptic ratio (ER = major/minor axis), circularity (C = 4πA/P2), and hydraulic diameter stenosis ratio (HDSR); and resistance-based indices including resistance index (RI = L × P4/A4), ostial angulation penalty (OAP = Aostial/Aref × [1 + tan(θ)]), and comprehensive stenosis score (CSS = RI × ER × [1 + sin(θ)]) integrating resistance, shape-dependent losses, and take-off angle (θ) effects. The invasive reference was hemodynamic relevance (i.e. FFR≤0.80) in FFRAdenosine and FFRDobutamine. We assessed Pearson correlation with FFR, univariable linear regression (R2), logistic regression with odds ratios (OR), and ROC AUC for classification (FFR≤0.80).
A total of 81 R-AAOCA patients were included with a mean age of 52.3 ± 12.0 years and a mean body mass index of 27.0 ± 5.1 kg/m2; 27 patients (33.3%) were female. FFRAdenosine≤0.80 was observed in 5 (6.2%) patients and FFRDobutamine≤0.80 in 16 (19.8%) patients. The highest discriminatory power to predict abnormal FFRAdenosine was observed for the RI (AUC = 0.97, 95% CI 0.92-1.00), followed by the OAP (AUC = 0.97, 95% CI 0.92-1.00), ostial area (AUC = 0.96, 95% CI 0.90-1.00), CSS (AUC = 0.95, 95% CI 0.89-0.99), and ostial minor diameter (AUC = 0.95, 95% CI 0.90-0.99). The highest discriminatory power to predict abnormal FFRDobutamine was observed for ostial minor diameter (AUC = 0.85, 95% CI 0.74-0.94), followed by RI (AUC = 0.83, 95% CI 0.68-0.95) and ILA minor diameter (AUC = 0.81, 95% CI 0.69-0.92). RI explained 45% of the variance in FFRAdenosine and 43% of the variance in FFRDobutamine. At optimal thresholds, RI achieved 100% sensitivity and 95% specificity for predicting abnormal FFRAdenosine, whereas ostial minor diameter achieved 100% sensitivity and 57% specificity for predicting abnormal FFRDobutamine.
In patients with R-AAOCA, CCTA-derived fluid dynamics-informed metrics showed high diagnostic performance for identifying hemodynamically relevant fixed stenosis (i.e., defined by abnormal FFRAdenosine), with discriminatory ability comparable to conventional geometric parameters. For combined fixed and stress-induced dynamic stenosis (i.e., defined by abnormal FFRDobutamine), both approaches performed similarly but with lower accuracy, underscoring the need for more advanced noninvasive modeling approaches that explicitly capture the stress-induced dynamic component."
PubMed,aortic stenosis,From Valvular Stenosis to Global Cardiac Damage: What PAPi Adds After TAVR.,Guangyuan Song,10.1016/j.jacasi.2026.06.001,2026-07,JACC. Asia,
PubMed,aortic stenosis,"Old Tools, New Perspectives: Right Heart Catheterization in the Modern TAVR Era.",Sung-Han Yoon; Craig Basman; Ryan Kaple,10.1016/j.jacasi.2026.05.017,2026-07,JACC. Asia,
PubMed,aortic stenosis,Complement Component C4B Prioritization Through Drug‒Target Mendelian Randomization and Proteomic Analysis Reveals a Novel Therapeutic Target for Calcific Aortic Valve Stenosis.,Weijie Li; Ting Zhou; Songyuan Luo; Jiaohua Chen; Zejia Wu; Wenhui Lin; Xiaolu Hu; Xinyue Yang; Jie Li; Zhaoyan Xu; Jianfang Luo,10.1007/s10557-026-07896-1,2026-07-07,Cardiovascular drugs and therapy,"No pharmacotherapies effectively halt the progression of calcific aortic valve stenosis (CAVS). We leveraged multi-omic analyses to identify potential drug targets of CAVS.
We integrated druggable genome with cis-expression quantitative trait locus (eQTLs) data from the eQTLGen Consortium to identify instrumentable genes. Two independent genome-wide association study (GWAS) datasets for CAVS were used for Mendelian randomization (MR) analysis (Finngen dataset for discovery, a genome-wide meta-analysis cohort for replication). Genes showing significant associations in both cohorts underwent Bayesian colocalization, Gene Ontology, and Kyoto Encyclopedia of Genes and Genomes enrichment analyses. Candidates were verified by proteomic analysis (liquid chromatography-tandem mass spectrometry, LC-MS/MS) and immunohistochemical (IHC) analysis of human aortic valves. Additionally, a phenome-wide association study (PheWAS) was conducted to assess the horizontal pleiotropy. A reverse MR analysis was performed to assess potential reverse causality.
Seven druggable genes were significantly associated with CAVS in both cohorts. Among these, C4A and C4B exhibited robust colocalization evidence (both posterior probabilities PP.H4 > 80%). While LC-MS/MS confirmed the significant upregulation of C4A and C4B at the protein level (fold changes of 1.58 and 1.51, respectively; p < 0.05), only C4B was established as a risk factor for CAVS (odds ratio: 1.04, 95% confidence interval: 1.03-1.06, p = 3.49 × 10- 9 in the replication phase). The reverse MR analysis validated the causal effect, and the PheWAS analysis revealed no significant association with broad phenotypes. IHC localized C4B expression predominantly in aortic valve interstitial cells, with significantly higher integrated density in calcific valves (1916.95 ± 1118.89 vs. 502.34 ± 474.27; p = 0.025).
Our study offers a genetically anchored therapeutic hypothesis involving the immune-complement system and identifies C4B as a prioritized candidate with therapeutic potential for CAVS."
PubMed,aortic stenosis,The Mitral Asterisk: A High-Risk Phenotype Within Moderate Aortic Stenosis.,Jonathan Sen,10.1016/j.jcmg.2026.05.006,2026-07-02,JACC. Cardiovascular imaging,
PubMed,aortic stenosis,Commissural Alignment During TAVR With a New-Generation Self-Expandable Valve in a Single Coronary Artery.,Tomoki Fukui; Shohei Yamamoto; Masami Nakagawa; Hironori Orihashi; Masaro Nakae; Katsukiyo Kitabayashi; Nobuyuki Ogasawara,10.1016/j.jaccas.2026.109195,2026-07-07,JACC. Case reports,"Transcatheter aortic valve replacement (TAVR) in patients with a single coronary artery (SCA) is challenging because loss of coronary access may have catastrophic consequences.
A 92-year-old woman with severe aortic stenosis underwent transfemoral TAVR. Preprocedural computed tomography revealed an SCA arising from the left coronary cusp with a small annulus. TAVR was performed using an Evolut FX+ valve with intentional commissural alignment guided by cusp-overlap and en face fluoroscopic views. Postprocedural imaging demonstrated preserved coronary access and flow, with a large stent-frame cell facing the coronary ostium. The patient recovered uneventfully.
Intentional commissural alignment with imaging-guided deployment may preserve coronary access without coronary protection in patients with complex coronary anatomy.
Intentional commissural alignment may facilitate safe TAVR while preserving coronary access in patients with SCA."
PubMed,aortic stenosis,No Boundaries for TAVI? Balancing Feasibility of TAVI in Hemodialysis Patients With Prognostic Value of Comorbidities.,Raffi Bekeredjian,10.1016/j.jacasi.2026.04.044,2026-07-03,JACC. Asia,
PubMed,aortic stenosis,Circulating MicroRNAs and Clinical Parameters in Hypertrophic Cardiomyopathy: A Systematic Review and Correlation Meta-Analysis.,Antonio da Silva Menezes Junior; Henrique Lima de Oliveira; Khissya Beatryz Alves de Lima,10.31083/FBS47633,2026-06-09,Frontiers in bioscience (Scholar edition),"Hypertrophic cardiomyopathy (HCM) is genetically heterogeneous and characterized by left ventricular hypertrophy, myocardial fibrosis, and diverse clinical manifestations. Although circulating microRNAs (miRNAs) are promising biomarkers of pathological cardiac remodeling, the correlation of these miRNAs with specific clinical characteristics of HCM remains unclear. Therefore, we systematically reviewed and quantified the correlation between circulating miRNAs and structural and functional cardiac parameters in HCM.
This systematic review and meta-analysis of observational studies evaluated the association between circulating miRNA expression levels and Echocardiography, magnetic resonance imaging, and histological parameters for HCM. We comprehensively searched the PubMed, Embase, Scopus, and Web of Science databases, and extracted and transformed correlation coefficients into Fisher's Z-scores. The study was registered with PROSPERO under registration number CRD420251058653. Meta-analyses were conducted using random-effects models, and heterogeneity was assessed using the I2 statistic. Sensitivity analyses, meta-regression, and publication bias were also assessed.
A total of 11 studies comprising 633 patients were included. Pooled analysis showed moderate-to-strong positive correlations between miRNAs (miR-21, miR-29a, miR-199a-5p, and miR-27a) and myocardial fibrosis, wall thickness, and left ventricular mass (r = 0.53; 95% confidence interval 0.40-0.64; I2 = 60.1%). Sensitivity and meta-regression analyses confirmed the robustness of the results, with no significant publication bias. The risk-of-bias assessment (Quality Assessment of Diagnostic Accuracy Studies 2) revealed moderate concerns, primarily related to patient selection and index-test blinding.
Circulating miRNAs were significantly correlated with structural and functional cardiac changes in HCM, supporting the potential role of these miRNAs as noninvasive biomarkers. However, further high-quality studies are needed to validate their clinical applicability."
PubMed,aortic stenosis,"Inflammasome-Driven Cardiac Fibrosis in Cardiometabolic Disease and Arrhythmias: Mechanisms, Biomarkers, and Therapeutic Targets.",Konstantinos Grigoriou; Vasileios Lamprou; Antonios P Antoniadis; Panagiotis Theofilis; Panagiotis Iliakis; Nikolaos Ktenopoulos; Anastasios Apostolos; Athina Nasoufidou; Barbara Fyntanidou; Efstratios Karagiannidis; Nikolaos Fragakis; Dimitrios Patoulias; Paschalis Karakasis,10.31083/FBL48667,2026-06-25,Frontiers in bioscience (Landmark edition),"Chronic low-grade inflammation and maladaptive extracellular matrix remodeling co-evolve across atrial fibrillation, heart failure phenotypes, diabetic cardiomyopathy, and aortic valve stenosis. Emerging data implicate inflammasome signaling-particularly NOD-like receptor pyrin domain-containing protein 3 (NLRP3), caspase-1 activation, interleukin (IL)-1β/IL-18 maturation, and gasdermin-mediated pyroptosis-as a proximal driver of profibrotic programs. This narrative review synthesizes mechanistic and translational evidence linking pyroinflammation to myofibroblast transition, transforming growth factor β (TGF-β)/small mother against decapentaplegic (SMAD) and Yes-associated protein (YAP)/transcriptional coactivator with PDZ-binding motif (TAZ) activation, matrix deposition and cross-linking, and resultant electrical and mechanical heterogeneity. We emphasize multicellular crosstalk among immune cells, fibroblasts, cardiomyocytes, endothelium/pericytes, and epicardial adipose tissue, and outline organ-axis amplification from kidney and liver disease. We appraise candidate biomarkers and imaging readouts for enrichment, response assessment, and surrogate endpoint potential. The therapeutic landscape spans direct inflammasome inhibitors and IL-1/IL-18 blockade, modulators of upstream metabolic stress, and antifibrotic strategies. Finally, we propose trial frameworks integrating molecular and imaging phenotyping with rhythm and remodeling outcomes, and highlight priorities including assay standardization for pyroptosis and patient selection. By consolidating the inflammasome-fibrosis axis across cardiometabolic conditions, this review defines actionable diagnostic and therapeutic nodes to inform mechanism-guided clinical studies."
PubMed,aortic stenosis,Sirtuin 1 deficiency mediates chronic kidney disease-induced inflammaging cardiovascular calcification.,Li Xu; Yidan Zheng; Ming Liu; Bowen Deng; Xingyu Qian; Chen Jiang; Yuqi Liu; Pengning Fan; Zhenqi Rao; Ming Chen; Zhe Chen; Zhejun Cai; Nianguo Dong; Da Zhu; Fei Li,10.1186/s43556-026-00488-3,2026-07-07,Molecular biomedicine,"Chronic kidney disease (CKD) markedly accelerates calcific aortic valve disease (CAVD), yet the underlying mechanisms and therapeutic targets remain poorly defined. Here, we integrate population-scale analyses, single-cell transcriptomics, genetic inference and functional experiments to identify a central role for Sirtuin 1 (SIRT1) in CKD-associated aortic valve calcification. Analysis of UK Biobank data linked CKD to accelerated ageing and increased aortic stenosis risk. Single-cell RNA sequencing of human aortic valves identified SIRT1 downregulation and NLRP3 pathway activation specifically in myofibroblast valve interstitial cells (VICs), coupled with enhanced senescence and osteogenic programmes. Consistently, genetic analyses, including eQTL-based Mendelian randomization, supported an inverse association between SIRT1 expression and CAVD risk. SIRT1 deficiency was associated with enhanced glycolysis, increased NF-κB activation and NLRP3 inflammasome signalling, accompanied by augmented osteogenic differentiation and calcification of VICs. Pharmacological or genetic inhibition of NLRP3 attenuated valve calcification in vivo, establishing the SIRT1-NF-κB-NLRP3 axis as a critical pathway linking CKD to CAVD. Finally, screening of anti-diabetic compounds identified semaglutide as a potent modulator that restores the SIRT1/NLRP3 balance and alleviates calcification in vitro and in vivo. These findings define a metabolic-inflammatory coupling mechanism underlying CKD-induced CAVD and highlight SIRT1 as a therapeutic target. Modulation of the SIRT1-NLRP3 axis, particularly by semaglutide, may represent a promising strategy for preventing valve calcification."
PubMed,aortic stenosis,Acquired aortic and mitral stenosis characterized by valvular fibroelastosis in a dog.,A Climent-Pastor; M Tursi; P Sebastián-Marcos; D Casamián-Sorrosal,10.1016/j.jvc.2026.06.002,2026-06-16,Journal of veterinary cardiology : the official journal of the European Society of Veterinary Cardiology,"Left-sided congestive heart failure was diagnosed in a 2.6-kg 13-year-old neutered male Yorkshire terrier by compatible clinical signs and findings on thoracic radiographs. Echocardiography revealed left atrium enlargement, left ventricular concentric hypertrophy, and thickening and stenosis of the mitral and aortic valves (AVs). A hypercoagulable state, chronic kidney disease, and a portal vein thrombus were identified. Medical management and balloon valvuloplasty of the AV provided good quality of life for nine months since diagnosis, but ultimately, recurrent episodes of pulmonary oedema and acute kidney injury led to attempted mitral balloon valvuloplasty which resulted in cardiac arrest and death. Postmortem examination revealed thickening of the mitral and aortic leaflets with loss of normal stratification and the presence of large areas of fibroelastic tissue and accumulation of myxoid tissue. Hypertrophy of cardiomyocytes was also observed and was considered secondary to aortic stenosis and not due to primary myocardial disease. Histopathological examination revealed fibroelastic changes affecting both the mitral valve and AV leaflets. These findings were considered atypical for more common forms of acquired valvular disease. This case report describes the clinical presentation, diagnostic approach, interventional management, and pathological features of an unusual case of acquired combined aortic and mitral stenosis in a dog and discusses similarities and differences with other conditions associated with comparable valvular abnormalities."
PubMed,aortic stenosis,Refining evidence-based care for diverse bicuspid aortic valve phenotypes: addressing one piece of a larger puzzle.,Ching-Hui Sia; William K F Kong,10.1136/heartjnl-2026-328293,2026-07-06,Heart (British Cardiac Society),
PubMed,aortic stenosis,Harnessing Large-Scale Multi-Omics Data for Risk Prediction and Deep Phenotyping of Valvular Heart Diseases in the General Population.,Zhihao Jiang; Yang Liu; Mingyu Song; Ning Chen; Canqing Yu; Jun Lv; Eric Yuk Fai Wan; Lu Qi; Liming Li; Dianjianyi Sun; Bang Zheng,10.1002/advs.76345,2026-07-06,"Advanced science (Weinheim, Baden-Wurttemberg, Germany)","The risk profile of valvular heart disease (VHD) and its underlying mechanisms remain poorly understood. This study aimed to develop and validate a multi-omics-based risk prediction model, and to elucidate potential biological mechanisms. Using data from the UK Biobank, Cox proportional hazards and machine learning models (XGBoost and LightGBM) were evaluated for predicting VHD and its subtypes (aortic valve stenosis, AVS; aortic valve regurgitation, AVR; mitral valve regurgitation, MVR). Cox models based on key clinical factors showed the best predictive performance (C-index of 0.75-0.81), which was further enhanced by incorporating proteomic data (all C-index > 0.81) but not by genomic or metabolomic data. Notably, a simplified 10-year model comprising only four top proteins maintained favorable performance (C-index of 0.75-0.82). Cluster analysis identified blood pressure and lipid levels as leading modifiable risk factors for VHD onset. Functional enrichment analysis revealed that VHD is primarily associated with protease inhibition, AVS with fibrotic and matrix metabolic pathways, and MVR with immune-inflammatory activation. Mendelian randomization and Bayesian colocalization analyses suggested causal associations between CNTN5 and CD8A with risks of AVS and MVR, whilst IGFBP7 showed a reverse-direction association with AVS. These findings highlight promising avenues for early diagnostic biomarkers and potential precision-targeted therapies."
PubMed,aortic stenosis,Anesthetic management of a high-risk cesarean delivery in a patient with multivessel Takayasu arteritis.,Jennifer Garcia; Kelechi Brenda Anyaehie,10.1080/08998280.2026.2690811,2026-07-06,Proceedings (Baylor University. Medical Center),"Takayasu arteritis (TA) is a rare chronic inflammatory disease affecting large vessels that can result in stenosis, occlusion, and aneurysm formation. Although not a contraindication, TA poses significant anesthetic challenges in pregnancy. We describe the successful anesthetic management of a patient with TA complicated by aortic root dilation, abdominal aortic aneurysm, bilateral subclavian artery, and bilateral carotid artery stenosis undergoing elective cesarean delivery at 37 weeks. To minimize hemodynamic fluctuations, we used a slowly titrated dural puncture epidural technique along with standard American Society of Anesthesiologists monitors and invasive monitoring with a dorsalis pedis arterial line. The procedure was completed without perioperative maternal complications, resulting in the delivery of a healthy neonate. This case emphasizes the anesthetic challenges of managing the complex pathophysiology of Takayasu arteritis and the associated cardiovascular hemodynamics in the peripartum period."
PubMed,aortic stenosis,Prosthesis-patient mismatch with intra-annular self-expanding valves: an analysis of the PORTICO IDE trial.,Gregory P Fontana; Ron Waksman; Arash Salemi; Marc Cohen; William Abernethy; James Hermiller; Craig Baker; Joseph Montarello; Neal Kleiman; Lars Sondergaard; Eric Gnall; Roberto Rodriguez; Hemal Gada; William Brinkman; Neil J Weissman; Paul Mahoney; Raj Makkar,10.4244/EIJ-D-26-00158,2026-07-06,EuroIntervention : journal of EuroPCR in collaboration with the Working Group on Interventional Cardiology of the European Society of Cardiology,"Aortic valve replacement in small aortic annuli is associated with an increased risk of impaired haemodynamics.
We sought to evaluate haemodynamic outcomes and prosthesis-patient mismatch (PPM) in aortic stenosis (AS) patients treated with Portico, Evolut, and SAPIEN 3 transcatheter aortic valves (TAVs) in small (diameter ≤23 mm) and large (diameter >23 mm) aortic annuli.
PORTICO IDE was a prospective, multicentre, international, premarket randomised controlled trial comparing Portico to Evolut and SAPIEN 3 TAVs. An independent core laboratory evaluated the mean transvalvular pressure gradient (MG) and the effective orifice area (EOA), and PPM was calculated based on the core lab results.
A total of 675 patients with severe AS at high or extreme surgical risk were included (Portico: 362 patients; Evolut: 109; SAPIEN 3: 204). At 30 days, the EOA and rates of severe PPM in small aortic annuli were similar between Portico and Evolut (EOA 1.65 cm2 vs 1.78 cm2; p=0.09; PPM 3.3% vs 3.0%; p=1.0) with a higher MG (8.5 mmHg vs 6.9 mmHg; p=0.034) for Portico. No significant differences were observed between Portico and Evolut for large aortic annuli (MG 8.3 mmHg vs 7.4 mmHg; p=0.069; EOA 1.93 cm2 vs 2.02 cm2; p=0.18; PPM 5.4% vs 3.2%; p=0.83). Portico was superior to SAPIEN 3 in both small (MG 8.5 mmHg vs 13.7 mmHg; p<0.0001; EOA 1.65 cm2 vs 1.40 cm2; p<0.0001; PPM 3.3% vs 26.3%; p<0.0001) and large annuli (MG 8.3 mmHg vs 10.9 mmHg; p<0.0001; EOA 1.93 cm2 vs 1.67 cm2; p<0.0001; PPM 5.4% vs 10.9%; p=0.0014). At 5 years, the rate of structural valve deterioration in patients with small aortic annuli was significantly lower in patients treated with Portico (2.2%) versus SAPIEN 3 (13.9%; p=0.03).
Haemodynamic performance was similar for the intra-annular Portico and supra-annular Evolut. Portico haemodynamics outperformed the balloon-expandable SAPIEN 3 for PPM and mean gradient in both small and large aortic annuli."
PubMed,aortic stenosis,Exercise testing in contemporary aortic stenosis management: translating pathophysiological insights into clinical decision-making.,Alexandre Altes; Eric Abergel; Sylvestre Maréchaux,10.1093/ehjci/jeag177,2026-07-06,European heart journal. Cardiovascular Imaging,
PubMed,aortic stenosis,Carotid endarterectomy and stenting in France: A 10-year nationwide evaluation of practice and outcomes.,Clement Willot; Maxime Dubosq-Lebaz; Soxna Faatimatu Kine Fall; Xavier Lenne; Thomas Mesnard; Benjamin O Patterson; Amelie Bruandet; Jonathan Sobocinski,10.1177/1358863X261442959,2026-07-06,"Vascular medicine (London, England)","Carotid stenosis accounts for 20-30% of ischemic strokes. In France, management practices for symptomatic and asymptomatic disease remain heterogeneous. This study assessed the nationwide trends and outcomes of carotid endarterectomy (CEA) and carotid artery stenting (CAS) from 2011 to 2020.
Using the French National Health Data System, we identified patients who underwent CEA or CAS for carotid stenosis. Symptomatic status was defined by stroke or transient ischemic attack within 6 months before intervention. Comorbidities were measured using the Charlson Comorbidity Index. The primary outcome was 30-day stroke or all-cause death.
Among 149,273 patients (85% asymptomatic), 4.8% of asymptomatic and 3.5% of symptomatic patients underwent CAS; the remaining patients underwent CEA. CAS recipients had greater comorbidity (Charlson ⩾ 3: 53% vs 39% in asymptomatic patients; 75% vs 66% in symptomatic patients). Thirty-day stroke/death occurred in 1.8% of asymptomatic patients (CAS 3.2% vs CEA 1.7%, p < 0.001) and 12.6% of symptomatic patients (CAS 15.5% vs CEA 12.6%). After multivariable adjustment, CAS was independently associated with higher risks of 30-day stroke and stroke/death compared with CEA. Five-year mortality was higher after CAS (28.5%) versus 20.9% after CEA. Cranial nerve injury was more frequent after CEA in symptomatic patients. Preoperative statin and antiplatelet use was lower in symptomatic patients (67.9% and 67.1%, respectively) versus asymptomatic patients (84.5% and 92.2%, respectively).
CEA remains the predominant treatment for carotid stenosis in France, whereas CAS is mainly used in higher-risk patients. Early postoperative complications are more frequent in symptomatic cases, and lower preoperative medical therapy use highlights suboptimal secondary prevention in this group."
PubMed,aortic stenosis,Bailout transcatheter edge-to-edge mitral valve repair for acute mitral regurgitation attributable to systolic anterior motion during transcatheter aortic valve implantation: a case report.,Yuki Numata; Suguru Hirose; Riichi Nishikawa; Shigeru Toyoda; Shinsuke Hamaguchi,10.1093/ehjcr/ytag452,2026-07,European heart journal. Case reports,"Systolic anterior motion (SAM) of the mitral valve is a rare but life-threatening complication of transcatheter aortic valve implantation (TAVI) that can cause acute severe mitral regurgitation (MR) and/or left ventricular outflow tract (LVOT) obstruction, leading to rapid haemodynamic deterioration. Evidence supporting the use of transcatheter edge-to-edge mitral valve repair (M-TEER) for SAM-related MR during TAVI, particularly in the absence of significant LVOT obstruction, is limited.
A 78-year-old woman with severe symptomatic aortic stenosis and multiple comorbidities underwent transfemoral TAVI. Immediately after predilatation, she experienced haemodynamic collapse and required percutaneous cardiopulmonary support. Transoesophageal echocardiography revealed SAM of the anterior mitral leaflet with severe MR without apparent LVOT obstruction. Although a transcatheter aortic valve was subsequently implanted, severe MR with haemodynamic instability persisted. As medical management did not stabilize haemodynamics, bailout M-TEER was performed 3 days after TAVI. Thereafter, MR improved from severe to mild and haemodynamic stabilization rapidly occurred. The patient was discharged with New York Heart Association class I and remained asymptomatic. Sustained MR improvement was observed during 6-month follow-up.
In this case, SAM-related MR without apparent LVOT obstruction developed immediately after predilatation in a patient with a sigmoid septum, and off-label M-TEER achieved haemodynamic stabilization. Although evidence supporting M-TEER for SAM-related MR during TAVI is limited to case reports and small case series, this case suggests that M-TEER may be considered a bailout option for selected patients when MR is the primary cause of haemodynamic collapse, even without apparent LVOT obstruction."
PubMed,aortic stenosis,Progression of Coexistent Aortic Valve Disease and Its Clinical Outcome in Patients Who Underwent Mitral Valve Surgery: A Single-Centre Observational Cohort Study.,Prabhas T Durbesula; Gautham A; Ramsankar P; Sai Chandran Bv,10.7759/cureus.110280,2026-06,Cureus,"Coexistent mild aortic valve disease is frequently observed in patients undergoing mitral valve surgery, yet the clinical significance and progression of these lesions remain uncertain. This study aimed to evaluate the progression and clinical outcomes of mild aortic valve disease following mitral valve surgery.
This single-centre observational study included 80 patients who underwent primary mitral valve surgery with documented mild aortic valve disease. Patients were evaluated through a hybrid design, consisting of a retrospective cohort (n=43) from 2010 to 2017 and a prospective cohort (n=37) from 2016 to 2019, using echocardiographic and clinical assessments.
At baseline, out of the 80 patients, 82.5% (n=66) presented with aortic regurgitation (AR) lesions, which comprised isolated mild AR (n=53; 66.2%), trivial AR (n=4; 5%), moderate AR (n=4; 5%), and mixed mild AR with mild aortic stenosis (AS) (n=5; 6.2%). The remaining 17.5% (n=14) presented with isolated mild AS. Follow-up clinical and echocardiographic assessment was completed in 74 patients, while six patients were lost to follow-up. During follow-up (mean duration: 3.54±1.48 years), most assessed patients remained clinically and echocardiographically stable. Among patients with isolated mild AR at baseline, eight patients progressed to moderate AR, while the remaining patients did not demonstrate clinically meaningful progression. Pressure half-time decreased from 643.53±103.90 ms preoperatively to 592.30±120.55 ms postoperatively (t=5.122; p<0.001), and vena contracta increased from 0.26±0.05 cm to 0.31±0.10 cm (t=4.472; p<0.001), without clinically significant deterioration. In patients with aortic stenosis, the aortic valve area decreased from 1.66±0.04 cm² to 1.59±0.02 cm² (t=2.047; p=0.044), and the mean gradient increased from 16±1.73 mmHg to 19±1.00 mmHg (t=2.145; p=0.035). Kaplan-Meier analysis demonstrated an event-free survival rate of 94.6% at the final follow-up. Multivariate analysis identified preoperative aortic valve lesion as the only significant predictor of disease progression (OR: 0.038; 95% CI: 0.002-0.948; p=0.046).
Mild aortic valve disease in patients undergoing mitral valve surgery generally remains stable and does not demonstrate significant clinical progression. Routine echocardiographic surveillance remains important to identify the minority of patients who may develop progressive valve dysfunction."
Crossref,aortic stenosis,Staged Full-endoscopic Foraminotomy for Multilevel Lumbar Stenosis with Scoliosis: A Case Report,Takayuki KITAHARA; Yuji NAGAO; Takafumi OHSHIMA; Naoto ONO; Saori SOEDA; Makoto TAKEUCHI; Kosuke SUGIURA; Hiroaki MANABE; Masatoshi MORIMOTO; Fumitake TEZUKA; Hiroshi KAGEYAMA; Junzo FUJITANI; Koichi SAIRYO,10.2176/jns-nmc.2025-0339,2026-12-31,NMC Case Report Journal,
Crossref,aortic stenosis,Two Cases of Lumbar Spinal Canal Stenosis with Dorsal Meningovertebral Ligaments: Potential Risk of Dural Laceration,Kyohei KIN; Ryoji TOMINAGA; Kento TAKEBAYASHI; Hiroki IWAI; Hisashi KOGA,10.2176/jns-nmc.2025-0354,2026-12-31,NMC Case Report Journal,
Crossref,aortic stenosis,Vasodilatory study of Mitragyna speciosa (Korth.) Havil methanolic extract using rats aortic ring assay,Hui Wei Loh; Wan Yin Tew; Chong Seng Yan; Chi Yuan Low; Zurina Hassan; Qiyue Qiu; Bin Yang; Zheng Zhang; Ruiling Zhang; Nelson Jeng Yeou Chear; Mun Fei Yam,10.1016/j.jep.2026.122057,2026-12,Journal of Ethnopharmacology,
Crossref,aortic stenosis,Step-by-step En face O red oil method for aortic plaque staining and quantification in ApoE knockout mouse,Nurin Yasmin Mohd Khairudin; B. Vimala R.M.T Balasubramaniam; Suhaila Abd Muid; Nurdiyana Nasrudin; Nasibah Azme,10.1016/j.mex.2026.104020,2026-12,MethodsX,
Crossref,aortic stenosis,An antibody-conjugated polymer nanoparticle that targets inflammatory site for abdominal aortic aneurysm antioxidant stress therapy,Youjin Huang; Qi'’nan Yin; Qin Zhang; Jinping Liu; Ya Wu; Yong Liu,10.1016/j.bioadv.2026.214968,2026-11,Biomaterials Advances,
Crossref,aortic stenosis,M1 macrophage-derived exosomal miR-155-5p exacerbates aortic dissection via SMAD5-Mediated regulation of vascular smooth muscle cell phenotype,Dengwei Cao; Xinyi Li; Shaoping Zhu; Jianfeng Chen; Haoxiang Li; Jiajun Shi; Xiaoqi Xiong; Jiahui Liu; Yumou Wang; Zhe Dong; Jiangping Song; Jinping Liu,10.1016/j.bioactmat.2026.05.057,2026-11,Bioactive Materials,
Crossref,aortic stenosis,Colchicine attenuates diet-induced early aortic vascular remodeling in mice via modulation of inflammatory and cell death-associated pathways,Amira I. Shrief; Sally Abdallah Mostafa; Dina S. Elshenawy; Mamdouh Eldesoqui; Somaya Saad; Yomna F. Hassan,10.1016/j.tice.2026.103720,2026-11,Tissue and Cell,
Crossref,aortic stenosis,Comparative phenotypic analysis of primary aortic VSMCs versus TGF - β/PDGF - BB differentiated MSCs in rat,Pulkit Soni; Diksha Rani; Manish Kumar; Vaibhav Kushwaha; Anurag Thapliyal; Satyavir Yadav; Shashank Kumar Maurya; Sanjay Kumar Dey,10.1016/j.tice.2026.103714,2026-11,Tissue and Cell,
Crossref,aortic stenosis,The impact of FBN1 variant types on pregnancy-related aortic dissection in women with Marfan syndrome,Tae Yokouchi-Konishi; Chizuko Aoki-Kamiya; Mitsuhiro Tsuritani; Yasuki Ishihara; Yohei Miyashita; Yoshihiro Asano; Takeshi Yagyu; Hitoshi Matsuda; Hiroko Morisaki; Mai Temukai; Masami Sawada; Aiko Kakigano; Naoko Iwanaga; Takeshi Kanagawa; Reiko Neki; Jun Yoshimatsu,10.1016/j.ijcard.2026.134634,2026-10,International Journal of Cardiology,
Crossref,aortic stenosis,DNMT3B attenuates the development of thoracic aortic aneurysm and dissection by suppressing TFEB-mediated autophagy in vascular smooth muscle cells,Yulin Bao; Yaxin Zhu; Yuting Niu; Yilu Hu; Dingkun Lu; Ruixia Xu; Xiaohan Fan,10.1016/j.bbadis.2026.168331,2026-10,Biochimica et Biophysica Acta (BBA) - Molecular Basis of Disease,
Crossref,aortic stenosis,Impact of Aortic Diameter on Left Ventricular Diastolic Dysfunction Following Endovascular Aortic Repair in Patients with Abdominal Aortic Aneurysm,Hitoshi Nakanowatari; Masumi Iwai-Takano; Tomohiro Takano; Tsuyoshi Fujimiya; Koki Takahashi; Yoshiki Endo; Yasuhisa Fukada; Yoshihito Irie; Tetsuya Ohira,10.1016/j.avsg.2026.05.108,2026-10,Annals of Vascular Surgery,
Crossref,aortic stenosis,Interpretable machine learning for one-year mortality prediction in acute aortic dissection: a multimodal model integrating CT imaging features and electrocardiographic parameters,Jing Zhang; Wuyu Xiong; Yunping Sun; Wenqiang Li; Cuiyuan Huang; Huiling Zheng; Caiwei Tan; Ye Sang; Jiajuan Yang; Songlin Zhang; Jian Yang,10.1016/j.bspc.2026.110969,2026-10,Biomedical Signal Processing and Control,
Crossref,aortic stenosis,Early Multicenter Experience with the Nexus Duo™ Aortic Arch Stent Graft System in the Treatment of Aneurysmatic Aortic Arch Diseases,Theodosios Bisdas; Michael Erb; Nikolas Charalambous; Michelle Antonello; Vladimir Makaloski; Luis Miguel Izquierdo Lamoca; Said Abisi; Ahmed Elbasty; Semih Buz; Elisa Jankwitz; Georgios I. Karaolanis; Nada Yasser Elzefzaf; Neophytos Zambas (Nicosia); Prakash Saha; Christiane Schubert,10.1016/j.avsg.2026.05.095,2026-10,Annals of Vascular Surgery,
Crossref,aortic stenosis,Metabolic mechanism analysis of abdominal aortic aneurysm tissues by internal extractive electrospray ionization mass spectrometry with minimal sample size,Manman Qin; Leting Wang; Dan Shan; Deqing Lin; Qinglin Chen; Shuxiang Yan; Liangliang Liao; Xinyi Luo; Yifeng Zhang; Jun Yu,10.1016/j.talanta.2026.129840,2026-10,Talanta,
Crossref,aortic stenosis,Long-Term Durability of TEVAR for Blunt Traumatic Aortic Injury in Young Patients,Karthigesu Aimanan; Ammar Ahmad; Michael Arvind; Putera Mas Pian; Kumaraguru VK. Pillay; Hanif Hussein,10.1016/j.avsg.2026.05.107,2026-10,Annals of Vascular Surgery,
Crossref,aortic stenosis,Transcatheter embolization of an endoleak through a vascular plug implanted in the left common iliac artery during aortouni-iliac endovascular aortic repair: A case report,Ryuta Okuhira; Akira Ikoma; Ryosuke Mimura; Atsufumi Kamisako; Tetsuo Sonomura; Hiroshi Doi,10.1016/j.radcr.2026.06.034,2026-10,Radiology Case Reports,
Crossref,aortic stenosis,"Evaluation, treatment, and outcomes in patients with possible severe aortic stenosis",Pishoy Gouda; Derek D. Cyr; Karen Chiswell; Jeremy Mercer; Paul Hofmann; Shazeb Khan; Sreekanth Vemulapalli,10.1016/j.ahj.2026.107498,2026-10,American Heart Journal,
Crossref,aortic stenosis,Admission-Based Early Risk Stratification for In-Hospital Mortality in Ruptured Abdominal Aortic Aneurysm: A Pragmatic Clinical Model,M.a Lourdes Del Río-Solá; Marina Jimenez-Caja; Clara de la Torre-Casaseca; Eva Alvarez-Garcia; Carlos García-Padron; Cintia Flota-Ruiz,10.1016/j.avsg.2026.05.086,2026-10,Annals of Vascular Surgery,
Crossref,aortic stenosis,A physiology-constrained framework for non-invasive left atrial pressure assessment and post-procedural estimation in mitral stenosis,Qimin Zhang; Wenwen Liang; Shengzhang Wang; Minmin Sun,10.1016/j.bspc.2026.110809,2026-10,Biomedical Signal Processing and Control,
Crossref,aortic stenosis,Syphilitic descending aortic aneurysm presenting with characteristic double-ring sign on CT: Radiologic–pathologic correlation,Tsubasa Sugie; Syohei Miyaguni; Nanae Tsuchiya; Yuma Chinen; Hitoshi Inafuku; Tatsuya Maeda; Kojiro Furukawa; Naoki Wada; Akihiro Nishie,10.1016/j.radcr.2026.06.092,2026-10,Radiology Case Reports,
Crossref,mitral regurgitation,AIoT-Driven Real-Time Detection of Mitral Valve Prolapse,Meng Han Chen; Guanling Lee,10.1504/ijipt.2027.10079642,2027,International Journal of Internet Protocol Technology,
Crossref,mitral regurgitation,Cine-derived mitral annular relaxation velocity for detection of preclinical left ventricular diastolic dysfunction,Niall McVeigh; David Ryan; Fiona Ryan; Joseph McCambridge; Maria Ferre; Sebastian Flynn; David J. Murphy; Mark Ledwidge; Ken McDonald; Jonathan D. Dodd,10.1016/j.mri.2026.110733,2026-11,Magnetic Resonance Imaging,
Crossref,mitral regurgitation,Corrigendum to “First-in-human study of the K-Clip™ transcatheter annular repair system for severe functional tricuspid regurgitation” [International Journal of Cardiology 390(2023) / IJCA 131174],Xiaochun Zhang; Qinchun Jin; Wenzhi Pan; Wei Li; Yingqiang Guo; Genshan Ma; Cuizhen Pan; Shasha Chen; Yuan Zhang; Lei Zhang; Mingfei Li; Shiqiang Hou; Yat-yin Lam; Thomas Modine; Alex Pui-Wai Lee; Juying Qian; Daxin Zhou; Junbo Ge,10.1016/j.ijcard.2026.134622,2026-10,International Journal of Cardiology,
Crossref,mitral regurgitation,Severe tricuspid regurgitation is a congestion-driven cardiorenal disease: A longitudinal study defining a right heart failure phenotype,Layal Mansour; Prayuth Rasmeehirun; Guillaume L'Official; Benjamin Marut; Marion Lacout; Melanie Bezard; Erwan Donal,10.1016/j.ijcard.2026.134643,2026-10,International Journal of Cardiology,
Crossref,mitral regurgitation,Relationship between left atrial fibrosis and function in a selected cohort undergoing surgery for severe primary mitral regurgitation,Caterina Maffeis; Andrea Rossi; Elvin Tafciu; Stefania Rizzo; Monica De Gaspari; Vincenzo Giambruno; Venanzio Di Nicola; Giovanni B. Luciani; Cristina Basso; Flavio L. Ribichini,10.1016/j.ijcard.2026.134614,2026-10,International Journal of Cardiology,
Crossref,mitral regurgitation,Left atrial strain and fibrosis in primary mitral regurgitation: asynchronous markers of atrial remodelling?,Cristina Conte; Alessandro Telesca; Massimo Imazio,10.1016/j.ijcard.2026.134642,2026-10,International Journal of Cardiology,
Crossref,mitral regurgitation,Safety of multiple grasping attempts during transcatheter mitral valve repair with the PASCAL system,Florian Jürgens; Florian Schindhelm; Mohammed Abusharekh; Clara M.K. Brandts; Jürgen Kampf; Matthias Totzeck; Fadi Al-Rashid; Peter Lüdike; Tienush Rassaf; Amir A. Mahabadi,10.1016/j.ijcard.2026.134636,2026-10,International Journal of Cardiology,
Crossref,mitral regurgitation,"Comment on “accuracy of machine learning models for mitral regurgitation severity assessment: A systematic review and meta-analysis""",Sharyu Ikhar; Yogesh Nagargoje; Ruchita Shrivastava,10.1016/j.ijcrp.2026.200666,2026-09,International Journal of Cardiology Cardiovascular Risk and Prevention,
Crossref,mitral regurgitation,Ultrasound measurement of antral cross-sectional area to predict regurgitation during general anesthesia for cesarean section in laboring women: a prospective observational cohort study,Longyuan Shen; Qiuxia Jiang; Xiaojuan Yu; Quansheng Xiao; Shengzhao Wang; Xiongda Lin; Qichen Luo; Shaoqiang Huang,10.1016/j.accpm.2026.101773,2026-09,Anaesthesia Critical Care &amp; Pain Medicine,
Crossref,mitral regurgitation,"Direct-access, balloon-expandable mitral valve replacement under fibrillatory arrest in extensive mitral annular calcification",John Wheeler; Gilbert Tang; Dimosthenis Pandis; Ahmed El-Eshmawi,10.1016/j.xjse.2026.100130,2026-09,JTCVS Structural and Endovascular,
Crossref,mitral regurgitation,Case report: Salvage transcatheter aortic valve replacement for acute aortic regurgitation due to prosthetic valve endocarditis,Denizhan Ozdemir; Uttam Singh; Adishwar Singh; Raj R. Makkar,10.1016/j.crmic.2026.100165,2026-09,Cardiovascular Revascularization Medicine: Interesting Cases,
Crossref,mitral regurgitation,Massive mitral annular calcification with valvular involvement: Multimodality and longitudinal imaging correlation,Manuela Montatore; Gabriele Fanigliulo; Federica Masino; Ruggiero Tupputi; Roberto Maresca; Francesca Calò; Eluisa Muscogiuri; Giuseppe Guglielmi,10.1016/j.radcr.2026.05.087,2026-09,Radiology Case Reports,
Crossref,mitral regurgitation,Beyond gastric volume: linking gastric ultrasound to regurgitation to refine aspiration risk assessment,Lionel Bouvet; Dan Benhamou,10.1016/j.accpm.2026.101811,2026-09,Anaesthesia Critical Care &amp; Pain Medicine,
Crossref,mitral regurgitation,Mechanical mitral prosthesis thrombosis despite normal disc mobility: A case report,Parvathy Sankar; Nicholas Mitchell; Aiden Van Loo; Mohammad Ghandhor; Mitchell Schwocho; Noora Neiroukh; Richard Bloomingdale,10.1016/j.crmic.2026.100168,2026-09,Cardiovascular Revascularization Medicine: Interesting Cases,
Crossref,mitral regurgitation,Blood-nulled late gadolinium enhancement increases sensitivity for subtle basal myocardial scar in mitral valve prolapse with annular disjunction,Amy Avakian; Muhammad Umair,10.1016/j.radcr.2026.05.076,2026-09,Radiology Case Reports,
Crossref,mitral regurgitation,Clinical and echocardiographic predictors of reintervention after percutaneous or surgical treatment of rheumatic mitral stenosis: A systematic review,S.A. Gómez-Gualdrón; J.S. Macias-Martinez; A.M. Pulido-Parra; S.A. Higuera-Leal; B.E. Vesga-Angarita,10.1016/j.cpcardiol.2026.103358,2026-09,Current Problems in Cardiology,
Crossref,mitral regurgitation,Severe aortic regurgitation following ventricular septal defect repair: A case discussion,Jacqueline Nel; Muhammed Vally,10.1016/j.visj.2026.102572,2026-09,Visual Journal of Emergency Medicine,
Crossref,mitral regurgitation,Multimodality imaging assessment of caseous mitral annular calcification in a hemodialysis patient undergoing atrial fibrillation ablation: A case report,Jingyan Niu; Wencai Huang; Jiani Zou,10.1016/j.radcr.2026.04.080,2026-08,Radiology Case Reports,
Crossref,mitral regurgitation,Survival of dogs with myxomatous mitral valve disease administered preclinical pimobendan in comparison to pimobendan-naïve dogs from the onset of congestive heart failure,G. McAulay; M. Hills; J. Dukes-McEwan; E. Dutton; A. Jakubczak; D. Singleton; E. Bode; W. Yangwanitset; M. Hezzell,10.1016/j.jvc.2026.05.001,2026-08,Journal of Veterinary Cardiology,
Crossref,valvular heart disease,Giant Cells in Health and Disease-A Review,Sonal Gupta,10.21276/ijchmr.2016.2.2.10,2106-06-20,International Journal Of Community Health And Medical Research,
Crossref,valvular heart disease,Contemporary Disease Management in Quebec,Amédé Gogovor; Michelle Savoie; Yola Moride; Marilyn Krelenbaum; Terrence Montague,10.12927/hcq.2013.19495,2088-01-15,Healthcare Quarterly,
Crossref,valvular heart disease,Chronic Disease Prevention and Management: Implications for Health Human Resources in 2020,Margo Orchard; Esther Green; Terrence Sullivan; Anna Greenberg; Verna Mai,10.12927/hcq.2013.19496,2088-01-15,Healthcare Quarterly,
Crossref,valvular heart disease,What a Study on Ultraprocessed Fake Meat and Heart Disease Really Found,Lori Y,10.1038/scientificamerican072077-2xmzfca9smsvxelw1jobgf,2077-07,Scientific American,
Crossref,valvular heart disease,Woman Receives Genetically Modified Pig Kidney Transplant after Heart Pump Surgery,Tanya L,10.1038/scientificamerican072077-4hozib8kpx2m6wjvhqi1zz,2077-07,Scientific American,
Crossref,valvular heart disease,Water Lily or Camelotte Sign in Pulmonary Hydatid Cyst – An Orphan Disease,Sudheer Tale; Soibampahel M; Mrudula K; Ritisha B; Subodh K; Girish S,10.23880/cclsj-16000132,2028-11-11,Cell &amp; Cellular Life Sciences Journal,"A 20 – year – old male without any previous comorbidity presented to pulmonary medicine outpatient department with complaints of dull aching chest pain on right side, dry cough and shortness of breath for the pastone year. He was non vegetarian and had no addictions. On general physical examination his vitals were stableand respiratory system examination revealed decreased breath sounds in the right hemithorax. All his routineblood investigations were normal. Chest radiograph revealed homogenous opacity in the right middle andlower zones. Contrast enhanced computed tomography of thorax and abdomen showed a well defined encapsulatedcystic lesion of size 12x10x14cm with internal floating membranes (water lily sign or Camelotte sign) with masseffect on adjacent lung parenchyma causing atelectasis and compression of adjacent vessels (Figure 1). Hydatid serology (IgG) was positive. Patient was treated symptomatically and referred for surgical intervention."
Crossref,valvular heart disease,Comparison of convolutional neural network (CNN) methods using AlexNet and VGG16 architectures for disease detection in apples,Anang Pramono; Zuhriah Virlani Putri,10.1504/ijaac.2028.10078919,2028,International Journal of Automation and Control,
Crossref,valvular heart disease,"EFFECT OF FERTILIZER FACTORY WASTES ON SEED GERMINATION, PLANT GROWTH AND ROOT-KNOT DISEASE DEVELOPMENT IN TOMATO (Lycopersicon lycopersicum L.) PLANTS",Gopal Dixit,10.33865/wjb.002.02.0086,2027-08-31,World Journal of Biology and Biotechnology,"In the present research paper studies have been made on fertilizer factory wastes on percent seed germination, root and shoot length of plants and development of root-knot galls by Meloidogyne incognita in five cultivars of tomato. Though all the cultivars showed almost similar impact of fertilizer wastes on seed germination, plant growth and resistance for root-knot disease with little variation. Percent germination of seeds and plant growth was found decreased while the root-knot index was increased along with the increase in concentration of fertilizer wastes."
Crossref,valvular heart disease,RELATION OF HEART WEIGHT WITH AGE AND WEIGHT OF CADAVER,Jolly Agarwal; Virendra Kumar,10.21761/jms.v2i01.10838,2027-07-25,SRMS JOURNAL OF MEDICAL SCIENCE,"Introduction: Height, weight, and age of person has significant impact on the normal size of&#x0D; heart. These parameters need to be considered when cut-off values indicating the need for&#x0D; treatment or even surgery are established. The aim of present work is to study the relation of&#x0D; weight of the heart with age and weight of cadaver.&#x0D; Material and Methods: The study was performed in the Department of Anatomy, Shri Ram&#x0D; Murti Smarak Institute of Medical Sciences, Bareilly on 30 hearts from embalmed cadavers.&#x0D; The hearts were procured from the cadavers available in our department. The heart was&#x0D; thoroughly cleaned and measurements were taken.&#x0D; Results: The mean heart weight was 223.37 ± 57.78 g. Significant relationship between age of&#x0D; the cadaver and weight of the heart (p=0.0004), weight of cadaver and weight of heart&#x0D; (p=0.0001) was observed.&#x0D; Conclusion: The above study provides valuable data of the heart in our geographical location,&#x0D; which may be useful for cardiac surgeons and physicians."
Crossref,valvular heart disease,"Correlation of IL-1β, IL-17A, and CXCL13 Biomarkers with P2RX7 Genetic Polymorphism and Clinical Disease Activity of Iraqi Patients with Rheumatoid Arthritis",Zahraa Thamir; Mohammed Nader,10.21608/ejmm.2026.497902.2527,2027-07-01,Egyptian Journal of Medical Microbiology,
Crossref,valvular heart disease,Serum Interleukin-15 and Tumor Necrosis Factor-Alpha as Diagnostic and Disease Activity Biomarkers in Vitiligo,Ali S. Aziz; Raad A. Alasady,10.21608/ejmm.2026.494791.2477,2027-07-01,Egyptian Journal of Medical Microbiology,
Crossref,valvular heart disease,Association of Helicobacter pylori toxins cagA and vacA with Parkinson's Disease,Enas A. Daef; Mona H. Abdel-Rahim; Eman M. Farghly; Eman M.H. Khedr; Mona S. Embarek,10.21608/ejmm.2026.483634.2350,2027-04-01,Egyptian Journal of Medical Microbiology,
Crossref,valvular heart disease,Diagnostic and Prognostic Utility of IL-17 and TNF-α in Psoriasis: Insights into Early Detection and Disease Severity,Dhamya K. Sarhan; Jenan M. Ghani; Baneen A. Abd Ulrahman; Intisar R. Sharba; Jinan M. Abd,10.21608/ejmm.2026.482466.2339,2027-04-01,Egyptian Journal of Medical Microbiology,
Crossref,valvular heart disease,Interleukin-30 Level in Patients with Psoriasis Vulgaris and its Relation to Disease Severity,Heba E.S. Hassan; Nessma A. Nosser; Nora M. Darwish; Fatma F. El Dakrory,10.21608/ejmm.2026.487292.2402,2027-04-01,Egyptian Journal of Medical Microbiology,
Crossref,valvular heart disease,Detection of Serum Levels of Interleukin-37 In Patients with Vitiligo and Its Correlation with Disease Activity,Mona G. Nada; Nancy M. Mamdouh; Mera M.G. Anan,10.21608/ejmm.2026.489043.2422,2027-04-01,Egyptian Journal of Medical Microbiology,
Crossref,valvular heart disease,The Role of Nuclear Enriched Abundant Transcript 1 (NEAT1) as a Novel Marker in Diagnosis of Systemic Lupus Erythematosus Disease in Benha University Hospital,"Amany K. Shahat; Ahmed S. Osman; El-Sayed M. Abd-Elghany; Neama L. Ismail; Noha H, Ibrahim",10.21608/ejmm.2026.484722.2369,2027-04-01,Egyptian Journal of Medical Microbiology,
Crossref,valvular heart disease,A hybrid ABM-PDE framework for real-world infectious disease simulations,Kristina Kehrer; Tim O.F. Conrad,10.1016/j.apm.2026.117173,2027-02,Applied Mathematical Modelling,
Crossref,valvular heart disease,Comparison of Mexican Systemic Lupus Erythematosus Disease Activity Index pediatric lupus nephritis with Cyclophosphamid and Mycophenolate mofetil after induction period,Gartika Sapartini; Kevin Immanuel; Reni Ghrahani; Budi Setiabudiawan,10.7199/ped.oncall.2027.24,2027,Pediatric Oncall,
Crossref,valvular heart disease,Epidemiologically-constrained severity modeling for plant disease detection via progressive multimodal fusion and dynamic multi-task learning,Syed Asif Ahmad Qadri; Nen-Fu Huang,10.1016/j.eswa.2026.133340,2027-01,Expert Systems with Applications,
Crossref,valvular heart disease,"Chinese herbal medicine Xiangsu Hewei Granules in treating non-erosive gastroesophageal reflux disease with liver stomach stagnation heat syndrome: A multicentre, randomized, double-blind, placebo-controlled trial",Zhi-min Chen; Junxiang Li; Zhijun Huang; Gang Zhao; Xiaohua Hou; Chaoxia Liu; Yan Leng; Huizhen Li; Wenxia Zhao; Bin Yu; Yunlian Hu; Tao Zhang; Long Zhao; Yaoming Zeng; Yibin Chen; Na Liu; Hua-Fang Chen,10.1016/j.jep.2026.122141,2027-01,Journal of Ethnopharmacology,
Crossref,deep learning,Learner profiles and the process of Learning in the Higher Educational Context,Christos Skourlas; Petros Belsis,10.15556/ijiim.02.01.003,2115-03-05,International Journal on Integrated Information Management,
Crossref,deep learning,WEB-BASED COLLABORATIVE LEARNING AND KNOWLEDGE SHARING IN INFORMAL BUSINESS NETWORKS,George Stalidis; Costis Papadimitrakopoulos; Theocharis Tsakiris,10.15556/ijiim.01.02.002,2114-12-10,International Journal on Integrated Information Management,
Crossref,deep learning,Availability and Utilization of Tools and Equipment for Teaching and Learning Garment Making Trade in the Senior Secondary Schools in Edo State,,10.20431/2349-0381.0303002,2106,"International Journal of Humanities, Social Sciences and Education",
Crossref,deep learning,Title Pending 8184,,10.3998/mjcsl.8184,2036-06-28,Michigan Journal of Community Service Learning,
Crossref,deep learning,Title Pending 8122,,10.3998/mjcsl.8122,2036-05-11,Michigan Journal of Community Service Learning,
Crossref,deep learning,Title Pending 8219,,10.3998/mjcsl.8219,2036-04-13,Michigan Journal of Community Service Learning,
Crossref,deep learning,Title Pending 8273,,10.3998/mjcsl.8273,2036-03-03,Michigan Journal of Community Service Learning,
Crossref,deep learning,Title Pending 7452,,10.3998/mjcsl.7452,2036-01-19,Michigan Journal of Community Service Learning,
Crossref,deep learning,Title Pending 6294,,10.3998/mjcsl.6294,2034-12-20,Michigan Journal of Community Service Learning,
Crossref,deep learning,Title Pending 5730,,10.3998/mjcsl.5730,2034-11-18,Michigan Journal of Community Service Learning,
Crossref,deep learning,Title Pending 3643,,10.3998/mjcsl.3643,2033-09-06,Michigan Journal of Community Service Learning,
Crossref,deep learning,Title Pending 4120,,10.3998/mjcsl.4120,2033-03-28,Michigan Journal of Community Service Learning,
Crossref,deep learning,Title Pending 2741,,10.3998/mjcsl.2741,2032-09-28,Michigan Journal of Community Service Learning,
Crossref,deep learning,Machine Learning Application for SAIs,Tiare Rivera,10.56251/watu4873,2030-10-20,International Journal of Government Auditing,
Crossref,deep learning,Integration of Biomechanics and Digital Technology: Using Kinovea for Motion Analysis and Learning for Beginner Athletes,Muhammad Nur Hudha; Riezky Maya Probosari; Annisa Nur Khasanah; Supurwoko; Salsabila Kholifahtun Nisa’; Gifran Rihla Gifarka Latief,10.58524/jcss.v4i2.890,2029-11-29,Journal of Coaching and Sports Science,"Background: The integration of biomechanics with digital motion-analysis technologies has introduced new approaches for examining movement efficiency, kinematic characteristics, and technical patterns in walking and running activities. Kinovea, as an accessible motion-analysis software, provides both visual and quantitative feedback. However, its application in supporting technique development among beginner athletes remains insufficiently explored. Aim: This study aims to describe the use of Kinovea in biomechanics training and examine its contribution to the awareness of kinematic characteristics and movement techniques among beginner athletes. Methods: A descriptive qualitative design involved 72 beginner athletes aged 18–25 years selected through purposive sampling. Data were collected over 16 weeks through interviews, field observations, and motion video recordings analyzed using Kinovea. Kinematic data focused on joint angles, stride behavior, and movement phases during walking, running, and the flight phase. Qualitative data were analyzed using content analysis with NVivo 12, while kinematic results were interpreted descriptively to identify performance patterns and areas for technical refinement. Result: Kinematic analysis showed coordinated joint-angle patterns across all phases. Walking analysis identified arm swing angles of 50.9°–58.8° and leg separation angles of 64.3°–67.2°, indicating a stable gait rhythm. The running analysis revealed knee angles of 68.8°–69.8° and elbow angles of 87.6°–89.1°, indicating efficient propulsive mechanics. The flight phase demonstrated knee angles of 81.2°–87.8° and elbow angles of 80.4°–88.3°, suggesting effective momentum use and postural stability. These measurements supported stride-efficiency assessment and technique evaluation. Qualitative findings revealed that Kinovea enabled athletes to interpret movement phases and identify technical inefficiencies through slow-motion and frame-by-frame visualization. Conclusion: Kinovea supports basic motion analysis by providing clear kinematic information and helping beginner athletes observe and refine their movement techniques. The findings also offer practical value for coaches by enabling more precise identification of inefficient patterns and guiding targeted corrections during early-stage training."
Crossref,deep learning,Sparsity Learning via Structured Functional Factor Augmentation,Hanteng Ma; Ziliang Shen; Xingdong Feng; Xin Liu,10.5705/ss.202025.0205,2029,Statistica Sinica,
Crossref,deep learning,Transfer Learning for High-dimensional Regression with Compositional Covariates: Application to Microbiome Studies,Qinqin Hu; Xiaojing Luo; Chencheng Ma; Wang Zhou,10.5705/ss.202025.0314,2029,Statistica Sinica,
Crossref,deep learning,Cyber Defense Digital Twins: A Federated Learning and Zero-Trust AI Architecture for Autonomous Threat Prediction and Response,Sivaramakrishnan Narayanan,10.32628/cseit251116279,2028-08-27,"International Journal of Scientific Research in Computer Science, Engineering and Information Technology","Modern enterprise networks operate under persistent threats that exploit cloud-native misconfigurations, identity sprawl, and API vulnerabilities at machine speed. Existing security operations center (SOC) architectures remain largely reactive, signature-dependent, and incapable of predicting multi-stage lateral movement. This paper proposes the Cognitive Cyber Defense Digital Twin (CCDT), a unified architecture integrating federated learning (FL), graph neural network (GNN)-based attack-path forecasting, adversarially hardened detection models, and autonomous Security Orchestration, Automation, and Response (SOAR) with deception engineering. The CCDT constructs a continuously synchronized digital replica of organizational assets and employs reinforcement learning-based red agents to stress-test detection models. A federated intelligence mesh enables cross-organizational privacy-preserving gradient sharing. Experimental evaluations against CICIDS-2018 and LANL datasets demonstrate 52% faster attack-path detection, 41% reduction in false positive rate, and 60% reduction in mean-time-to-respond (MTTR) compared to traditional SOC baselines. Integrated Explainable AI (XAI) modules using SHAP values enable audit-ready compliance reporting. The CCDT represents a paradigm shift from reactive monitoring to predictive, autonomous, and privacy-preserving cyber defense for hybrid cloud environments."
Crossref,deep learning,The Nexus of Leadership and Learning: Exploring Female Principals' Influence on the Teaching-Learning Process in Secondary Schools,Muhammad Niqab; Salma Tabbasum; Shakil Ahmad,10.55737/qjss.vii-i.26473,2028-02-28,Qlantic Journal of Social Sciences,"The research paper will set out to debate the role played by the leadership competencies of principals in the teaching and learning process. The research will embrace a quantitative research design that will seek to answer the question concerning the relationship that exists between leadership skills of possessed by the  principals and the ongoing teaching-learning process in the female secondary schools using a co-relational study design. A survey instrument comprising of 37 items, which measured the leadership skills possessed by the selected principals and the prevailing teaching learning process, was used in the collection of data. Questionnaires for this study were administered to 108 male and female educators who were serving in secondary schools in Tehsil Wari, upper Dir and among them 100 questionnaires were submitted and were deemed to be useful in the analysis. The data in hand were calculated using Statistical Package of the Social Sciences (SPSS) version-27 and the obtained results indicated that the collected data was normally distributed. The findings revealed that all the variables of the study had great correlations. The analysis of the data was done through linear regression to measure the effect that the leadership skills of the principals had on the teaching learning process and this indicated that leadership skills of the principals have statistically significant effect on the teaching learning process. The policies derived out of this research can be a good guide to both the policymakers and organizational leaders because they can provide a good outline on how to empower the leaders in charge of the principals and as well as exert more influence on the effective teaching and learning processes."
Crossref,deep learning,Transforming Education through Technology: The Case of COVID 19 Digital Learning in Nagaland,K Hinoca Assumi,10.71126/nijre.v2i1.16,2028-02-28,Naveen International Journal of Research in Education (NIJRE),"Through the perspective of the COVID-19 pandemic and the disruption and opportunity it engendered, this chapter follows a transformative effect of EdTech and Digital education in India particularly in Nagaland through analysis. Drawing upon national policy frameworks, conceptual literature on educational technology, and contextual evidence based on the case of Nagaland, the chapter considers the rapid migration to digital learning as an emergency strategy (in response to the ongoing institution closures) based on the stark shifts in pedagogical practice, access to education services, and preparedness. The findings show that, including the ability of national programmes such as NEP 2020, SWAYAM, DIKSHA, PM e-VIDYA, and others, to promote access to digital tools was low within periphery or hill areas (e.g., Nagaland), due to lack of infrastructural resources, digital divide, unprepared teachers and economic/social divides, and more. The pandemic exposed the deep social and infrastructure divides in connectivity, device availability, assessment and learner engagement, with implications that were especially grave in rural and tribal settings. Although it accelerated the pace of innovation and the application of blended and low-tech learning practices teachers have been experimenting with digital platforms and the post-COVID recovery process, including remedial programmes and hybrid instruction. The chapter also discusses that blended learning is the most fitting, viable and sustainable approach for reaching the technological level in the field of educational technology at Nagaland. It implies that technology-mediated education can improve equity, quality, and resilience, but only under the conditions of inclusive policy design, strong digital infrastructure, vigorous teacher capability building, and culturally appropriate digital content. Keywords: Educational technology, digital learning, COVID-19, Nagaland, online education, Challenges, blended learning"
OpenAlex,aortic stenosis,When the Myocardium Tells a Different Story Than the Valve: Understanding the Temporal Evolution of Cardiac Damage Across the Continuum of Aortic Stenosis,Francesco Ancona; Davide Margonato,10.1093/ehjvshd/xwag051,2026-07-06,European Heart Journal - Valvular and Structural Heart Disease,"Francesco Ancona, MD, Davide Margonato, MD; When the Myocardium Tells a Different Story Than the Valve: Understanding the Temporal Evolution of Cardiac Dam"
OpenAlex,aortic stenosis,PET-based assessment of coronary microvascular dysfunction and its relation to plaque burden and vascular remodeling: integration with microvascular resistance reserve,Yipu Ding; Roel Hoek; Putri Annisa Kamila; Ibrahim Danad; Nick S. Nurmohamed; Ruurt Jukema; Pieter G. Raijmakers; Roel S. Driessen; Pepijn A. van Diemen; Andrew D. Choi; Juhani Knuuti; Paul Knaapen; Hongbin Liu; Jeroen J. Bax; Alexander van Rosendael; on the behalf of the PACIFIC-1 Investigators.; Roel S. Driessen; Pepijn van Diemen; Ruurt Jukema; lilian meijboom; Juhani Knuuti; Antti Saraste; Pieter G. Raijmakers; Paul Knaapen; Ibrahim Danad,10.1007/s00259-026-08054-3,2026-07-06,European Journal of Nuclear Medicine and Molecular Imaging,"Abstract Background Coronary microvascular dysfunction (CMD) contributes to myocardial ischemia in patients with angina and non-obstructive coronary artery disease. Quantitative positron emission tomography (PET) allows noninvasive assessment of myocardial blood flow and identification of CMD. Objectives To investigate the association between PET-assessed coronary microvascular dysfunction (CMD), coronary plaque burden, and vascular remodeling, integrating microvascular resistance reserve (MRR). Methods This post hoc analysis of the PACIFIC-1 trial included coronary arteries from symptomatic patients with suspected stable CAD who underwent [ 15 O]water PET, coronary CT angiography (CTA), and invasive fractional flow reserve (FFR). Coronary arteries were categorized into three groups: non-ischemic vessels (normal FFR and hyperemic myocardial blood flow [hMBF], n = 352), CMD vessels (normal FFR but impaired hMBF, n = 88), and epicardial flow-limiting vessels (abnormal FFR, n = 159). MRR was calculated by integrating PET-derived coronary flow reserve with invasive FFR. AI-based CTA quantified plaque burden and remodeling. Results Diameter stenosis and plaque burden increased progressively from non-ischemic to CMD to epicardial flow-limiting vessels (all P &lt; 0.05). CMD vessels demonstrated the largest lumen volume (583.75 mm 3 [IQR 337.02–754.30]) and lumen area (4.63 mm 2 [IQR 3.77–6.67]) among the three groups (both P &lt; 0.05). In non-ischemic vessels, noncalcified plaque burden was associated with worse microvascular function detected by MRR (B = -0.12, 95%CI [-0.21, -0.04], P = 0.006). In CMD vessels, remodeling index was independently associated with higher MRR after adjustment (B = 0.10, 95%CI [0.05, 0.15], P &lt; 0.001). Conclusions CMD is associated with an intermediate atherosclerotic burden and paradoxical lumen enlargement, representing a distinct functional-structural phenotype defined by PET-derived microvascular dysfunction and CT-based plaque characteristics. Clinical Trial Registration: URL: https://www.clinicaltrials.gov ; Unique identifier: NCT01521468. Graphical Abstract Abbreviations: CMD, coronary microvascular dysfunction; FFR, fractional flow reserve; MBF, myocardial blood flow; MRR, microvascular resistance reserve; PET, positron emission tomography-computed tomography."
OpenAlex,aortic stenosis,Navigating treatment together,Judith van Beek,10.26116/tsb.48918836,2026-07-06,Tilburg University Research Portal,"Research question Older adults with severe aortic stenosis (AS) face major treatment decisions. Shared decision making (SDM) helps combine medical information with what matters most to older adults with severe AS. However, it is unclear how SDM is currently applied in this group. This research studied: What challenges need to be addressed to integrate the essential steps of SDM into the care of older adults with severe AS? Importance Treatment decisions for severe AS have major consequences for daily life. Yet, current care often focuses on medical options, while personal goals and values receive less attention. Little is known about how older adults, informal caregivers, and professionals experience SDM in severe AS treatment and how they prefer to participate. Understanding these gaps is essential for improving person centered care in severe AS treatment. Research methods The project included: •A review of scientific studies on SDM in severe AS treatment •A national survey among healthcare professionals in Dutch heart centers •Interviews with healthcare professionals in Dutch heart centers •Questionnaires, interviews, and focus groups with older adults and their informal caregivers •The development of a practical SDM model to support decision-making in severe AS treatment Main conclusions •SDM is not yet common practice in the treatment of older adults with severe AS •Important context information, such as daily functioning, goals, and frailty, is often missing early in the decision-making process •Expectations of SDM differ between professionals, older adults, and caregivers •Informal caregivers play a key role, but are not always included in SDM •Higher levels of SDM are linked to better quality of life for both older adults and caregivers •Organizational barriers hinder SDM, such as missing information for SDM and time pressure Key recommendations •Integrate personal goals and context information early in the decision-making process •Actively involve informal caregivers as partners in decision-making •Use a structured SDM approach, such as the Collaborative SDM model •Provide training for professionals to support goal oriented conversations and uncertainty •Improve information exchange between referring hospitals and heart centers These steps support more person centered care and help older adults with severe AS to make decisions that truly fit their lives."
OpenAlex,aortic stenosis,Circadian regulation of cardiovascular function: from physiology to clinical implications,Deeksha Malhan; Stefano Ministrini; Jesse Chih-Wei Lin; Chao‐Lun Lai; Angela Relógio,10.1186/s13073-026-01710-1,2026-07-06,Genome Medicine,"Circadian rhythms play a crucial role in maintaining cardiovascular homeostasis, orchestrating fluctuations in blood pressure, heart rate variability, endothelial function, and systemic vascular tone. Disruptions of the circadian clock -arising from ageing, genetic predisposition, or environmental and lifestyle factors- can significantly elevate the risk of cardiovascular diseases, including hypertension, atherosclerosis, heart failure, and arrhythmias. This review examines the role of circadian regulation in cardiovascular physiology, from molecular clock networks and clock-controlled gene regulation to systemic cardiovascular physiology and clinical translation. We discuss how circadian disruption affects blood pressure, heart rate variability, and vascular health, through mechanisms including inflammation, mitochondrial dysfunction, and metabolic dysregulation. We further position circadian biology within the broader context of cardiovascular ageing and the molecular mechanisms that drive age-associated cardiovascular decline.Special attention is given to the role of inflamm-ageing in promoting atherosclerosis and acute cardiovascular events, as well as the impact of desynchrony between central and peripheral clocks on disease severity. Additionally, we highlight the circadian regulation of genes implicated in cardiovascular ageing and disease. Finally, we explore emerging research on the clinical implications of circadian misalignment, with a focus on therapeutic strategies such as chronotherapy, time-restricted eating, and physical activity. By integrating current evidence, this review provides a comprehensive perspective on leveraging circadian rhythms for the prevention and management of cardiovascular diseases."
OpenAlex,aortic stenosis,Computer modeling to improve measurement of stroke volume with echocardiography,Sarah Balderston Murthi; Shiming Yang; Peter P. Oliveri; Sami Safadi; Sydea Fatima; William Teeter,10.1186/s12947-026-00373-7,2026-07-06,Cardiovascular Ultrasound,"The stroke volume (SV) can be measured by a human expert (HE) using the left ventricular outflow tract diameter (LVOTd) and its velocity time integral (VTI) with echo. If the SV is known, the cardiac output and systemic vascular resistance can be calculated. We have previously described a machine learning computer model (CM) to estimate the LVOTd. The accuracy of LVOTd CM vs. LVOTd HEM in estimation of the SV relative to a pulmonary artery catheter (PAC) is unknown. Over 20 months, a prospective observational study was done in patients with a PAC placed for clinical indications. Participants underwent an echocardiogram, and at the same time the SV was measured by PAC. The SV with echo was calculated using the LVOTd HEM and LVOTd CM and the VTI. The bias and agreement between the metrics and PAC were determined with Bland-Altman analysis. Computer modeling improves measurement of stroke volume with echocardiography. Eighty-four patients with a PAC were enrolled. With human expert measurement of the LVOTd and the VTI, the SV could be calculated in 59 (70%), and with the LVOTd CM and the VTI in 78 (92%). Bland Altman analysis comparing PAC and HEM yielded a mean bias of 3.1 with 95% limits of agreement (LOA) -28.8 and 34.9. When comparing PAC and CM, bias was 1.75 and LOA of -29 and 32.5. A machine learning model of the LVOTd allows accurate calculation of the SV using only the VTI, simplifying the assessment while increasing the yield by 22%. Machine learning tools can lower the bar for obtaining quantitative metrics with echo. Adding objective and repeatable measures will improve the ability of echo to guide therapy in the critically ill."
OpenAlex,aortic stenosis,Prevalence of Significant Coronary Artery Disease in Patients with Severe Aortic Stenosis and the Diagnostic Value of the Coronary Calcium Score and Echocardiographic Parameters: A Cohort Study at a Referral Center in the Ecuadorian Andean Highlands,Jonathan David Melena Zapata; María Belén Mena Ayala; Maria Sol Calero Revelo; Gabriela Carolina Santamaria Naranjo; Laura Alejandra García Romo,10.21203/rs.3.rs-10094616/v1,2026-07-06,Research Square,
OpenAlex,aortic stenosis,Real‐World Performance and Mid‐Term Durability of the Myval Transcatheter Heart Valve in Patients Undergoing Transcatheter Aortic Valve Replacement,Alberto Colella Cervone; Dimytri Siqueira; Tacianne Delamain; José Henrique Herrmann Delamain; Braga Sl; Jorge Eduardo Assef; Ibraim Pinto; M Issa; Dorival Júlio Della Togna; A Aurelio Marinho Rosa Filho; Tanajura Lf; L N Ohe; Ricardo Alves da Costa; Gabriel Prado Saad; Matheus Oliveira Souza; Lucas Ferreira Marcondes Lemos; Daniel Bandeira; Lucas Damiani; KG Franchini; F Feres,10.1002/ccd.70738,2026-07-06,Catheterization and Cardiovascular Interventions,"BACKGROUND: The Myval Transcatheter Heart Valve (THV) was designed to address limitations of earlier devices, such as paravalvular leak and sizing restrictions. The LANDMARK trial showed non-inferior short-term outcomes versus established valves in a randomized population of patients with severe aortic stenosis eligible for TAVR with the compared devices. However, confirmation of these findings in routine clinical practice remains important. This study evaluates the real-world safety, efficacy, and mid-term durability of Myval in severe aortic stenosis. AIMS: This study evaluates the real-world safety, efficacy, and mid-term durability of the Myval THV in patients with severe symptomatic aortic stenosis undergoing TAVR in a consecutive single-center registry. METHODS: We conducted a retrospective, single-center, single-arm study including 214 consecutive patients who underwent Myval THV implantation between December 2020 and February 2025, with at least 30-day follow-up. Clinical events were reported as incidence rates per 100 patient-years, and hemodynamic performance was assessed using mean profile charts with 95% confidence intervals. RESULTS: at 30 days, with mean gradients falling from 55.6 mmHg to 10.2 mmHg and remaining stable at 3 years. At 1 year, all-cause mortality was 9.0%, stroke 2.7%, and new pacemaker implantation 11.8%, while structural valve deterioration was rare (3.4%). CONCLUSION: In this real-world cohort, TAVR with the Myval THV showed high procedural success, sustained mid-term hemodynamic improvement, and complication rates comparable to benchmark devices. These findings support its potential as a safe and effective option for severe aortic stenosis, although confirmation in larger, multicentre studies with extended follow-up is warranted."
OpenAlex,aortic stenosis,A Physiologic Left Ventricle Flow Phantom for 4D Flow MRI Applications and CFD Verification,M. Wiegand; Lukas Obermeier; Hannes Dillinger; Sebastian Schmitter; Leonid Goubergrits; Titus Kühne; Katharina Vellguth,10.1007/s10439-026-04205-7,2026-07-05,Annals of Biomedical Engineering,"PURPOSE: In vivo verification for the development of cardiac MRI and CFD simulations is limited by scan time and motion artifacts. We developed a subject-specific, MRI-compatible left ventricle (LV) phantom within a closed-loop circulation system driven by an MRI-safe pump to reproduce cardiac motion and provide robust data for high-fidelity model validation. METHODS: The LV was fabricated from a PVA-based hydrogel to ensure MRI contrast, mechanical stability, and reusability. The complete setup fulfills key requirements for long-term leakage-free operation, close coil placement, and resembles in vivo soft-tissue contrasts. The setup reproduces healthy end-diastolic and end-systolic geometries, including physiologic contraction and papillary muscles. Integrated aortic and mitral valves approximate physiological opening and closing. High image contrast enabled time-resolved segmentation of the LV geometry. RESULTS: The LV shape matched the target anatomy well, despite minor deviations at the basal transition and in valve orifice, with mild aortic stenosis and mitral regurgitation. 4D flow MRI confirmed physiological flow patterns, including diastolic vortex ring formation and realistic systolic outflow. Velocity estimates confirmed the phantom's applicability in an in vitro setting without scan time limitations. The acquired time-resolved MRI data enabled CFD simulations incorporating LV and valve motion, although segmentation accuracy remains a primary source of uncertainty. CONCLUSION: This LV phantom provides a stable, MRI-compatible platform for generating reproducible data to validate modeling of intracardiac hemodynamics. Its realistic anatomy, motion, and flow patterns support both simulation validation and MRI sequence development. Future work will focus on improving valve kinematics and LV motion fidelity."
OpenAlex,aortic stenosis,Interstitial Lung Disease–Associated Cardiac Dysfunction: Beyond Pulmonary Hypertension,Adeola Adegunle; Kanishk Aggarwal; Raj Vaibhav; Yash Vardhan Trivedi; Rohit Jain; Nitasa Sahu,10.46310/tjim.1918271,2026-07-05,Turkish Journal of Internal Medicine,"Interstitial lung diseases (ILDs) are a heterogeneous group of fibrotic and inflammatory lung disorders characterized by restrictive physiology and impaired gas exchange. However, emerging evidence suggests that ILD is a multisystem disorder with significant cardiovascular involvement extending beyond pulmonary hypertension (PH). Cardiac complications, including right ventricular (RV) remodeling, left ventricular (LV) dysfunction, heart failure with preserved ejection fraction (HFpEF), ischemic heart disease, and arrhythmias contribute substantially to morbidity and mortality. Pulmonary hypertension remains the most studied cardiac complication, with prevalence estimates ranging from 15% to &amp;gt;80% depending on disease severity and diagnostic modality. Chronic hypoxic vasoconstriction, capillary bed destruction, and endothelial dysfunction drive pulmonary vascular remodeling, leading to progressive RV pressure overload and maladaptive remodeling. However, recent data demonstrate a growing burden of LV dysfunction and heart failure. Large cohort studies show that heart failure independently predicts mortality in both IPF and non-IPF ILD populations. Global Burden of Disease analyses indicate a fivefold rise in ILD-associated heart failure prevalence over the past three decades, particularly among older adults. ILD has also been associated with increased risks of ischemic heart disease and myocardial infarction, independent of traditional cardiovascular risk factors. Arrhythmias—particularly atrial fibrillation and other atrial tachyarrhythmias—occur frequently and are associated with higher mortality, longer hospital stays, and increased healthcare costs. CTD-ILD populations demonstrate particularly elevated risks of heart failure, arrhythmias, and pulmonary arterial hypertension. Cardiac dysfunction—both right- and left-sided—substantially influences prognosis. Integrated cardiopulmonary assessment and early cardiovascular surveillance are essential to improve outcomes in ILD."
OpenAlex,aortic stenosis,Beyond the Typical Marfan Phenotype: Severe Aortic Stenosis Caused by a Unicommissural Unicuspid Aortic Valve in Adolescence,Aoumar G Chamma; W.I. Saliba; Linda Chamma,10.7759/cureus.112097,2026-07-05,Cureus,"Unicuspid aortic valve (UAV) is an exceptionally rare congenital aortic valve anomaly. UAV is more commonly associated with significant aortic stenosis at a younger age than bicuspid aortic valve. Two forms of UAV have been described. Acommissural type of UAV typically presents in early infancy, and unicommissural type of UAV usually presents in late childhood or early adolescence. Echocardiography is the main imaging tool used to assess aortic valve morphology, aortic dimensions, and the presence and severity of stenosis or regurgitation. Early surgical intervention is typically required for UAV and is most commonly performed for aortic valve replacement. Postoperative echocardiograms are obtained on a regular basis to assess for proper function of the replaced valve and for signs of left ventricular dysfunction. We present the case of a 16-year-old girl with genetically confirmed Marfan syndrome who presented with progressive exertional dyspnea, fatigue, and reduced exercise tolerance over several months and was found to have severe aortic stenosis due to unicommissural UAV. Computed tomography angiography demonstrated mid-ascending aortic dilation measuring 43 mm, corresponding to an indexed diameter of 25.0 mm/m² based on a body surface area of 1.72 m², while the aortic root measured 34 mm with a z-score of +1.8. She underwent successful surgical aortic valve replacement with a 19-mm mechanical prosthesis. Isolated aortic valve replacement was selected because the symptomatic severe valve obstruction required surgery, whereas the aortic root remained below the recommended surgical thresholds and the 43-mm mid-ascending aortic dilation was not considered an independent indication for replacement. No prior imaging was available to determine the aortic growth rate, and there was no confirmed family history of aortic dissection. The postoperative echocardiogram showed a well-functioning aortic prosthetic valve with preserved left ventricular systolic function. She was discharged on warfarin with structured international normalized ratio monitoring. Given her age, sex, significant aortopathy, mechanical prosthesis, and potential for future pregnancy, she received counseling regarding contraception, anticoagulation, pregnancy risk, and long-term aortic surveillance. Genetic counseling and cascade testing for the pathogenic fibrillin-1 gene variant were recommended for first-degree relatives. At the three-month follow-up, exertional dyspnea had improved, and she had resumed her usual daily activities."
OpenAlex,aortic stenosis,"Endoscopic Management of Foreign Bodies in the Aero-Digestive Tract: A Single-Center Experience from Jahurul Islam Medical College Hospital, Bangladesh",Mohammad Saiful Islam; Shariful Alam; Muhammad Rafiqul Islam; Debabrata Paul; Saurav Talukder; Pratima Paul; Md Mazharul Islam,10.70945/ibmcj.v21i02.0197,2026-07-04,Islami Bank Medical College Journal,"Background: Foreign bodies (FB) in the aero-digestive tract continue to be a common problem that contributes significantly to high morbidity and mortality worldwide. This study was conducted to describe our own experience with endoscopic procedures for removal of FB in the aero-digestive tract, in our local setting and compare with what is described in literature. Methods: This was a prospective descriptive study, which was conducted at Jahurul Islam Medical College Hospital between January 2011 and January 2014. Data were collected using a structured questionnaire and analyzed using SPSS computer software version 15. Results: A total of 72 patients were studied. Males outnumbered females by a ratio of 1.4:1. Patients aged 2 years and below were the majority (75.9%). The commonest type of FB in airways was peanuts and coins. The trachea (52.2%) was the most common site of lodgment of FB in the airways, whereas cricopharyngeal sphincter (68.5%) was the commonest site in the esophagus. Rigid endoscopy with forceps removal under general anesthesia was the main treatment modality performed in 87.8% of patients. The FB were successfully removed without complications in 90.8% of cases. Complication rate was 7.1% and bronchopneumonia was the most common complication accounting for 42.8% of cases. The mean duration of hospital stay was 3 days, and mortality rate was 4.1%. Conclusion: Aero-digestive tract FB continue to be a significant cause of childhood morbidity and mortality in our setting. Rigid endoscopic procedures under general anesthesia are the main treatment modalities performed. Prevention is highly recommended whereby parents should be educated to keep a close eye on their children and keep objects that can be FB away from children’s reach."
OpenAlex,aortic stenosis,Simultaneous Renal and Splenic Infarctions Associated with Newly Diagnosed Atrial Fibrillation,Kürşat Kaan Kerimoğlu; Firat Dolas; Burcu T Demirdoven,10.7759/cureus.112067,2026-07-04,Cureus,"Renal and splenic infarctions are uncommon causes of acute abdominal, flank, or back pain and may be overlooked because of their non-specific presentation. Atrial fibrillation is an important cause of systemic embolization; however, simultaneous renal and splenic infarctions associated with newly diagnosed atrial fibrillation are rarely reported. A 77-year-old woman presented to the emergency department with acute-onset epigastric, back, and flank pain. She had hypertension and diabetes mellitus. Physical examination revealed diffuse abdominal tenderness without guarding or rebound. Electrocardiography showed newly diagnosed atrial fibrillation. Laboratory tests revealed mild leukocytosis, markedly elevated lactate dehydrogenase (LDH), mildly elevated C-reactive protein, and slightly elevated D-dimer, while serum creatinine was normal. Contrast-enhanced abdominal computed tomography demonstrated a 5-cm non-enhancing splenic lesion and a 2-cm non-enhancing hypodense lesion in the right kidney, consistent with splenic and renal infarctions. CT angiography showed no significant arterial stenosis, mural thrombus, or aortic plaque formation. Anticoagulation with subcutaneous enoxaparin was initiated. Newly diagnosed atrial fibrillation may be associated with visceral embolic events. In patients with unexplained acute abdominal, back, or flank pain, the coexistence of elevated LDH and atrial fibrillation should prompt consideration of renal and splenic infarctions and early contrast-enhanced imaging."
OpenAlex,aortic stenosis,Balloon aortic valvuloplasty for critical aortic stenosis in neonates and infants: early outcomes from a single-center cohort,E. Imanov; E. M. Nasibova; E. M. Nasibova,10.1186/s12872-026-06170-4,2026-07-04,BMC Cardiovascular Disorders,"BACKGROUND: Critical aortic valve stenosis in neonates and infants is a life-threatening congenital heart disease characterized by severe left ventricular outflow tract obstruction and compromised systemic perfusion. Balloon aortic valvuloplasty (BAV) has become an established initial treatment option; however, data on early outcomes in this vulnerable population remain relatively limited. METHODS: This retrospective single-center study included 30 neonates and infants (≤ 12 months) with critical aortic valve stenosis who underwent balloon aortic valvuloplasty between 2016 and 2024. Clinical, echocardiographic, and hemodynamic parameters were analyzed before and after the procedure. Early procedural success, complications, and short-term outcomes were assessed. RESULTS: Balloon aortic valvuloplasty resulted in a significant immediate reduction in transaortic pressure gradients (p < 0.05), indicating effective relief of left ventricular outflow tract obstruction. Left ventricular systolic function improved or remained stable in the majority of patients. New-onset or increased aortic regurgitation occurred in some cases, predominantly mild to moderate in severity, while severe regurgitation was uncommon. Early mortality was low, and most patients demonstrated favorable early clinical stabilization. Some patients required reintervention or surgical referral because of residual stenosis or progressive aortic regurgitation. CONCLUSIONS: Balloon aortic valvuloplasty is a safe and effective first-line treatment for critical aortic valve stenosis in neonates and infants, providing rapid hemodynamic improvement with acceptable early outcomes. The procedure represents an important therapeutic strategy in the initial management of this high-risk pediatric population."
OpenAlex,aortic stenosis,In Vitro Assessment of Telmisartan and Sorafenib in Salt-Induced Cardiac Hypertrophy in H9C2 (2-1) Cells,Anil Kumar Prajapati; Gaurang Shah,10.25258/ijddt.16.66s.70,2026-07-04,International Journal of Drug Delivery Technology,"Cardiac hypertrophy is a key pathological feature contributing to adverse cardiac remodeling and heart failure. Excessive salt intake is known to promote hypertrophic responses through activation of growth factor–mediated signaling pathways. The present study investigated and compared the effects of Telmisartan and Sorafenib on salt-induced cardiac hypertrophy using an in vitro H9C2 (2-1) cell model. High-salt exposure (240 mM NaCl) significantly increased cell surface area and αsmooth muscle actin (α-SMA) levels, confirming hypertrophy. Cell viability analysis identified non-cytotoxic concentrations of both drugs for further evaluation. Telmisartan treatment significantly and dose-dependently reduced saltinduced cellular hypertrophy at concentrations of 0.25, 0.20, and 0.15 µM, while Sorafenib significantly reduced cell size at 0.25 µM. However, neither Telmisartan nor Sorafenib produced a statistically significant reduction in α-SMA levels under the experimental conditions. These findings demonstrate that both agents effectively attenuate salt-induced cardiac hypertrophy in vitro, with Telmisartan showing a pronounced dose-dependent effect. However, neither agent significantly reduced fibrotic marker level, suggesting limited anti-fibrotic efficacy in this in vitro model."
OpenAlex,aortic stenosis,The Core Compendium of the European Society of Emergency Medicine Ultrasound Curriculum,Effie Polyzogopoulou; Senad Tabakovic; Tim Harris; Rudolf Horn; James A. Connolly; Beatrice Hoffmann; Joseph Osterwalder,10.1055/a-2852-6050,2026-07-04,Ultraschall in der Medizin - European Journal of Ultrasound,"The diversity of healthcare systems across Europe has predictably resulted in significant variations in point-of-care ultrasound (PoCUS) training and practice for emergency medicine (EM). To encourage a more synchronized approach and address these inconsistencies, the European Society of Emergency Medicine (EUSEM) chartered its ultrasound section to develop a comprehensive curriculum compendium that should serve as a foundational guide for European Emergency Medicine PoCUS clinical and educational guidelines and policies. Under the leadership of a dedicated task force, the EUSEM ultrasound section developed this compendium to provide a structured, tiered framework designed to meet the needs of physicians at every skill level, from novice to advanced users. The compendium emphasizes applications that are currently practiced in different and diverse emergency departments in Europe, including a broad range of topics. An important goal was allowing flexibility to accommodate the unique resources and challenges of different healthcare environments, so that EM physicians can achieve PoCUS competencies matching their local circumstances and needs. To achieve this goal, good educational and clinical stewardship throughout this process is a key part to the success of advancing PoCUS in European EM. This compendium is intended as a resource for creating standardized yet adaptable training pathways. It represents a major step toward harmonizing and advancing PoCUS practice in European EM. Die Vielfalt der verschiedenen Gesundheitssysteme in Europa hat dazu geführt, dass grosse Unterschiede in der Ausbildung und Anwendung des Point-of-Care-Ultraschalls (PoCUS) in der Notfallmedizin bestehen. Um einen stärker synchronisierten Ansatz zu fördern und diesen Unterschieden zu begegnen, hat die Europäische Gesellschaft für Notfallmedizin (EUSEM) ihre Ultraschallsektion damit beauftragt, ein umfassendes Curriculum-Kompendium zu entwickeln. Dieses soll als ein Leitfaden für Europäische Richtlinien und Standards für PoCUS in der klinischen Ausbildung in der Notfallmedizin dienen. Unter der Leitung einer Task Force hat die Ultraschallsektion der EUSEM dieses Kompendium erarbeitet, um Rahmenbedingungen zu schaffen, die den Bedürfnissen von Ärztinnen und Ärzten auf jedem Kompetenzniveau - vom Einsteiger bis zum fortgeschrittenen Anwender - gerecht werden. Das Kompendium beinhaltet Ultraschallanwendungen, die in derzeit sehr diversen Notfallstationen in ganz Europa praktiziert werden, und deckt daher ein breites Spektrum PoCUS-Anwendungen in der Notfallmedizin ab. Ein zentrales Ziel dieser Arbeit war es, Flexibilität zu ermöglichen, um die spezifischen Merkmale wie auch Ressourcen der jeweiligen Gesundheitssysteme zu berücksichtigen, sodass Notfallmediziner:innen PoCUS-Kompetenzen erwerben können, die ihren lokalen Gegebenheiten und Anforderungen entsprechen. Um das Ziel der Weiterentwicklung von PoCUS in der europäischen Notfallmedizin zu erreichen, ist ein entscheidender Erfolgsfaktor eine gute Begleitung sowohl in der klinischen Anwendung, wie auch in der Ausbildung. Dieses Kompendium soll als Grundlage zur Entwicklung standardisierter, zugleich aber anpassungsfähiger Ausbildungspfade dienen. Es stellt einen wichtigen Schritt zur Harmonisierung und Weiterentwicklung des PoCUS in der europäischen Notfallmedizin dar."
OpenAlex,aortic stenosis,"Have we Made Progress in Ensuring Equitable Penetration of TAVR Among Diverse Patient Populations? If not, Why?",Trinity Hart; Nimra Gilani; Rimsky Denis; Oluseun Alli; Uzoma Ibebuogu; J. Rier; Icilma Fergus; Kevin F. Kwaku; Cassandra McCullough; Sue Peschin; Aaron Horne,10.1007/s12170-026-00785-0,2026-07-04,Current Cardiovascular Risk Reports,
OpenAlex,mitral regurgitation,[A novel TPM1 variant causing Dilated cardiomyopathy in a child: A case report and literature review].,S Y Sun; Yongzheng Lou; 黄立新; Min Xie; Haibo Li,10.3760/cma.j.cn511374-20250929-00581,2026-08-10,PubMed,"OBJECTIVE: To explore the clinical manifestations and characteristics of TPM1 gene variants causing Dilated cardiomyopathy (DCM) in children. METHODS: This study focused on a pediatric patient diagnosed with DCM associated with a TPM1 gene variant, who presented at the Pediatric Cardiology Department of Women and Children's Hospital of Ningbo University on October 1, 2024. A retrospective analysis of the clinical data was conducted. Peripheral blood samples were collected from the patient and both parents. Following extraction of genomic DNA, whole exome sequencing was carried out. Candidate variant was validated by Sanger sequencing in the family trio. Structural prediction and analysis of the mutant TPM1 protein were carried out using AlphaFold and PyMOL. In addition, a systematic literature review was conducted to summarize the clinical manifestations and genetic characteristics of DCM cases linked to TPM1 variants. This study was approved by the Medical Ethics Committee of the hospital (Ethics No.: EC2024-143). RESULTS: The patient, a 2-year-old girl, presented with delayed motor development. Colored Doppler ultrasound revealed left ventricular enlargement with slight endocardial thickening, mild-to-moderate mitral regurgitation, and reduced left ventricular systolic function. Whole exome sequencing revealed that she has harbored a heterozygous c.82_84del (p.Asp28del) variant of the TPM1 gene, which was detected in neither parent, suggesting a de novo origin or parental germline mosaicism. The three-dimensional structure of the TPM1 protein predicted by AlphaFold was analyzed in PyMOL, demonstrating that the variant may result in deletion of aspartic acid at position 28 (Asp28) and replacement with lysine (Lys28), forming new hydrogen bond interactions with residues Glu24, Ala31, and Glu32. A literature review has identified 10 English and 1 Chinese publication, collectively reporting 30 patients (including the present case) and 12 distinct TPM1 variants. Except for the deletion variant in this study, all others were missense variants, with the most common one being c.250G>A (p.Asp84Asn). Clinically, affected infants typically manifested as delayed motor/growth development, feeding difficulties, and dyspnea, while adult patients commonly presented with exertional dyspnea, palpitations, and dizziness as initial symptoms. CONCLUSION: This study has identified a de novo TPM1 variant c.82_84del (p.Asp28del) as a novel cause of pediatric DCM. Early genetic testing is crucial for the diagnosis, clinical management, and genetic counseling. Above finding has also enriched the mutational spectrum of TPM1-associated cardiomyopathy."
OpenAlex,mitral regurgitation,Cardiac remodelling and clinical outcomes after mitral edge-to-edge repair with the PASCAL® system.,Mareike Bladt; Marius Keller; Meinrad Gawaz; Jüergen Schreieck; Andreas Goldschmied; Makoto Amaki; Takashi Matsumoto; Izumo Masaki; Shingo Kuwata; Shunsuke Kubo; Kentaro Hayashida; Firas Zahr; Felix Kreidel; Fabien Praz; Didier Tchétché; Harry Magunia; Monika Zdanyte; Tobias Geisler,10.48620/99388,2026-07-06,Open Access CRIS of the University of Bern,"Aims Chronic mitral regurgitation (MR) causes haemodynamic and myocardial changes leading to increased left atrial volume and left ventricular preload and finally eccentric hypertrophy of the left ventricle. The extent to which mitral valve transcatheter edge-to-edge repair induced haemodynamic improvements translates into reverse remodelling and clinical benefit remains to be clarified. This project aimed to investigate periprocedural haemodynamic changes during mitral valve transcatheter edge-to-edge repair, their effects on reverse cardiac remodelling, and the associated effects on heart failure-related hospitalization and all-cause mortality. Methods And Results In this retrospective study, 130 patients with severe symptomatic MR underwent transcatheter edge-to-edge repair. Haemodynamic parameters were assessed pre- and immediately post-procedure, and echocardiography was performed at 6-12 months (median 188 days, IQR 26). Clinical follow-up included 1-year heart failure hospitalization and all-cause mortality. Short-term haemodynamic data were available in 86 patients and long-term echocardiographic follow-up in 73, with incomplete datasets excluded from the respective analyses. Mitral valve transcatheter edge-to-edge repair significantly improved cardiac index (+11.37%, P &lt; 0.01) and reduced left atrial pressures (-36.97%, P &lt; 0.01). Echocardiography demonstrated reduced left ventricular end-diastolic diameter (-2.8 mm, -4.0%, P = 0.004) and improved right ventricular function (+5.8%, P = 0.019) at follow-up. Patients with improved left ventricular global longitudinal strain had lower mortality and hospitalization rates. Conclusion Mitral valve transcatheter edge-to-edge repair with the PASCAL® system is linked with immediate haemodynamic improvements that may be associated with reverse cardiac remodelling and improved mid-term clinical outcomes. Monitoring acute haemodynamic effects may help predict positive remodelling and outcome effects."
OpenAlex,mitral regurgitation,"Prevalence, genetics, and imaging characteristics of patients with mitral valve prolapse and arrhythmogenic right ventricular cardiomyopathy",Amy Rich; Lionel Tastet; Luca Cristin; Rohit Jhawar; Janet Tang; Melvin M. Scheinman; Francesca N. Delling,10.1177/30494826261464451,2026-07-06,Journal of the Heart Valve Society,"Background Concomitant arrhythmogenic right ventricular cardiomyopathy (ARVC) and mitral valve prolapse (MVP) have only been described in case reports. Little is known about genetic and phenotypic characteristics of these patients. Objective To describe the prevalence, genetics, and imaging characteristics of MVP in ARVC patients. Methods We identified 111 definite ARVC cases through medical record review, arrhythmia/cardiomyopathy targeted gene panels, and contrast cardiac magnetic resonance data. MVP was diagnosed on echocardiography as mitral leaflet displacement &gt;2 mm above the annular plane in systole, “borderline MVP” defined as ≤2 mm. Results We found MVP/borderline MVP in 14% of ARVC patients. Cardiac arrest occurred in 20% of those with MVP/borderline MVP compared to 16% without valve abnormalities. Among 69 ARVC patients with identified genetic variants, PKP2 mutations were highly prevalent (64%), particularly in those with MVP (83%). Most MVPs had posterior prolapse (73%) and trace/mild mitral regurgitation (87%). None had mitral annular disjunction. ARVCs with MVP had higher LV mass (93 vs 75 g/m 2 , P = .02) and a higher prevalence of LV wall motion abnormalities (27% vs 5%, P = .02) compared to ARVCs without valve abnormalities. Conclusions MVP is prevalent in ARVC and characterized by PKP2 variants in most cases. Typical features of arrhythmic MVP like bileaflet involvement and annular disjunction are rare in ARVC with MVP; features of arrhythmogenic left-sided cardiomyopathy – increased LV mass index and wall motion abnormalities – are more common. Further studies are needed to understand the role of MVP in arrhythmic risk stratification of ARVC."
OpenAlex,mitral regurgitation,Septal Radiofrequency Ablation for Sigmoid Ventricular Septum-Related Dynamic Obstruction: First Mechanistic Evidence of Left Bundle Branch Block as a Therapeutic Collaborator,Shen Huang; Kun Feng; Xiuyu Wang; JIAFA JIN,10.21203/rs.3.rs-10024314/v1,2026-07-05,Research Square,
OpenAlex,mitral regurgitation,Prolonged Fever and Multisystem Hyperinflammation in an Adolescent Following SARS-CoV-2 Exposure: An Atypical Multisystem Inflammatory Syndrome-Like Presentation,Eka Nakhutsrishvili; E Uberi; TAMAR GOGINASHVILI; Nino Kapanadze; Elene Dolidze; TINATIN KUTUBIDZE,10.52340/gbmn.2026.01.01.175,2026-07-05,Georgian Biomedical News,"Prolonged fever with multisystem inflammation in adolescents poses a significant diagnostic challenge, especially during the viral season.Multisystem inflammatory syndrome in children (MIS-C) is a post-infectious inflammatory condition that may mimic bacterial sepsis, systemic rheumatologic disease, oncohematologic processes, or postviral dysregulation.We present a case of a 13-year-old, previously healthy boy with hectic fever, severe myalgia, and pharyngitis accompanied by elevated inflammatory markers.The clinical course was characterized by persistent fever unresponsive to broad-spectrum antibiotics, Synovitis of the knees and hips, respiratory distress with radiographic evidence of pneumonia, pericardial effusion, and mitral valve dysfunction; laboratory values include elevated cardiac troponin levels and elevated inflammatory markers (IL-6, D-dimer, and ferritin), as well as transient liver dysfunction.SARS-CoV-2 IgG was positive.Extensive infectious, hematologic, and rheumatologic evaluation was unrevealing.The patient demonstrated rapid clinical and laboratory improvement following treatment with intravenous methylprednisolone and immunoglobulin.Although the clinical picture was most compatible with MIS-C or a MIS-C-like post-SARS-CoV-2 hyperinflammatory syndrome, atypical features, including predominant respiratory involvement, gradual progression, and absence of shock, suggested a broader disease spectrum.This case highlights the diagnostic challenges of post-COVID-19 hyperinflammatory syndromes, which may present with overlapping features of infection and immune-mediated diseases."
OpenAlex,mitral regurgitation,Mavacamten in adolescent obstructive hypertrophic cardiomyopathy: SCOUTing a way forward,Joshua D. Bennetts; Doan T.M. Ngo; Baljash Cheema; Kaveh Hosseini; NICOLAS VERHEYEN; Viktoria Santner; Daniela Tomasoni; Aaron L. Sverdlov,10.1007/s10741-026-10655-x,2026-07-04,Heart Failure Reviews,"Paediatric obstructive hypertrophic cardiomyopathy (oHCM) is a rare inherited cardiac disease that may present from childhood through adolescence and is associated with substantial long-term morbidity and mortality. Its management is based largely on observational studies and clinical experience and currently focusses on symptom improvement through medical therapy and, when indicated, septal reduction therapy to alleviate left ventricular outflow tract (LVOT) obstruction. In adult oHCM, mavacamten has established cardiac myosin inhibition as an effective strategy to reduce LVOT obstruction, but paediatric trial evidence has been lacking. The SCOUT-HCM trial is the first randomised placebo-controlled trial in adolescents to investigate the efficacy and safety of mavacamten for symptomatic oHCM. Among 44 adolescents (mean age 14.7 ± 1.7 years) mavacamten significantly reduced Valsalva-provoked LVOT gradients at 28 weeks, confirming short-term physiological efficacy. Secondary and exploratory findings, including NYHA functional class, cardiac structure and biomarkers, showed a trend to improvement, without a signal of left ventricular systolic dysfunction. The positive results of SCOUT-HCM, align with larger and longer adult oHCM trials and are likely to influence clinical practice, supporting a cautious integration of mavacamten in adolescent oHCM management. Longer follow-up and broader paediatric studies should determine durability of benefit, validated patient-reported outcomes, exercise capacity, arrhythmia burden, long-term safety and the need for septal reduction therapy in paediatric oHCM."
OpenAlex,mitral regurgitation,Lipid Screening and Dyslipidemia in Children with Congenital Heart Disease,Phillip S. Cheng; Jonathan A. Wheeler; Aaron T. Walsh; Chance Alvarado; Kan N. Hor; Andrew Tran,10.1007/s00246-026-04367-0,2026-07-04,Pediatric Cardiology,"Dyslipidemia is associated with increased risk for atherosclerosis and cardiovascular events in adulthood. Atherosclerosis begins in childhood and guidelines exist to screen for at-risk children. Children with congenital heart disease (CHD) have high lifetime cardiovascular risk but data are limited on their rates of dyslipidemia. Our study aims to detail rates of lipid screening and dyslipidemia in children with CHD. Children with CHD aged 9-18 years who followed at our institution from 2012 to 2019 were included. Subjects were classified as dyslipidemic if they met one of the following: total cholesterol ≥ 200 mg/dL, low-density lipoprotein-C ≥ 130 mg/dL, triglycerides ≥ 130 mg/dL, high-density lipoprotein cholesterol [HDL-C] < 40 mg/dL, non-HDL-C ≥ 145 mg/dL. Of 1579 patients, only 11.3% (N = 179/1579) had a documented lipid panel. Of those screened, 60% (N = 107/179) had dyslipidemia. Screened subjects had higher median BMI percentiles versus unscreened (84th vs. 64th ). Dyslipidemic subjects had higher median BMI percentiles compared to those without (92nd vs. 74th ). Black patients were a higher proportion of the screened population compared to unscreened (26% vs. 11%). Overall, there were similar rates of dyslipidemia across all races and CHD lesions. Only a small proportion of children with CHD had lipid screening performed despite universal screening guidelines. However, a sizable percentage of children screened had dyslipidemia. Screening favored Black patients and those with higher BMI. Higher BMI patients had increased rates of dyslipidemia. These findings emphasize the importance of universal screening for dyslipidemia in children with CHD."
OpenAlex,mitral regurgitation,Extensive left atrial thrombus invading pulmonary veins and mitral valve in severe mitral stenosis,Khola Jamila; Khuzaima Tariq,10.12669/pjms.42.7.13395,2026-07-04,Pakistan Journal of Medical Sciences,"Severe mitral stenosis is a valvular heart disease that obstructs blood flow from the left atrium to the left ventricle, leading to impaired ventricular filling, left atrial dilatation, atrial fibrillation, and thromboembolic events. We report the case of a female patient who presented with shortness of breath (NYHA Class-II) for six months. On examination, a low-pitched murmur was heard at the apex; other systemic examination findings were unremarkable. TTE/TEE revealed left atrial dilatation with LAVI of 120 ml/m2, a large left atrial thrombus, severe rheumatic mitral stenosis, and moderate mitral regurgitation with preserved systolic function, leading to MVR. The thrombus was firmly adherent; after failed attempts to create a plane, it was successfully removed using a polypropylene needle. The unusually small mitral annulus was managed by creating fenestrations. This case highlights the importance of preoperative evaluation and individualized surgical approaches for improved outcomes."
OpenAlex,mitral regurgitation,Prospective Clinical Evaluation of a Fully Automated AI- Guided Echocardiographic Workflow,Hongquan Lu; Hongxia Qi; Muzi Li; Yongwen Zhao; Fei Zhu; Ran Qv; Hui Li; Zhenhui Zhu,10.21203/rs.3.rs-10048798/v1,2026-07-03,Research Square,
OpenAlex,mitral regurgitation,Prognostic Value of the Meta‐Analysis Global Group in Chronic Heart Failure Risk Score in Patients Undergoing Mitral Valve Transcatheter Edge‐to‐Edge Repair,Yohei Nishimura; Masahiko Asami; Yu Horiuchi; Jun Tanaka; Masanori Taniwaki; Kota Komiyama; Hitomi Yuzawa; Kengo Tanabe; Masanori Yamamoto; Shunsuke Kubo; Mike Saji; Yuki Izumi; Atsushi Sugiura; Tetsuro Shimura; Yusuke Enta; Shinichi Shirai; Masaki Izumo; Shingo Mizuno; Yusuke Watanabe; Makoto Amaki; K Kodama; Hisao Otsuki; Toru Naganuma; Hiroki Bota; Yohei Ohno; Masahiro Yamawaki; Hiroshi Ueno; Gaku Nakazawa; Daisuke Hachinohe; Toshiaki Otsuka; Kentaro Hayashida; Kentaro Hayashida; Makoto Tanaka; Hikaru Tsuruta; Tetsuya Saito; Yusuke Kobari; Toshinobu Ryuzaki; Tatsuo Takahashi; Shinichi Goto; Shohei Imaeda; Shingo Sakata; Y Katsumata; Kohsuke Shirakawa; Juri Iwata; Keitaro Shinada; Akiyoshi Kajino; Jungo Kato; R Arita; T. Moriizumi; Masanori Yamamoto; Mitsuru Sago; Tatsuya Tsunaki; Ryo Yamaguchi; Junji Yanagisawa; Y Okubo; Ai Kagase; Takahiro Tokuda; Yuki Nakashima; Toshihiro Kobayashi; Kenichi Shibata; Ryoutaku Kawahata; Hiroto Nishio; Yuki Kondo; Tomofumi Nakamura; Hiroshi Tsunamoto; Tetsuro Shimura; Yutaka Koyama; Munenori Okubo; Shunsuke Imai; Tokuya Sakakura; Yoshihiro Harano; M Inagaki; Hirooki Higami; Yoji Kuze; Takashi Nagai; Azusa Kurita; Shinichi Shirai; Akihiro Isotani; K Ishizu; Masato Fukunaga; H Tabata; Toru Morofuji; Hiroyuki Kono; Maiko Kuroda; Euihong Ko; Norihisa Miyawaki; Kenji Nakano; K Miyahara; Ko Yamamoto; Koumei Onuki; Yasuo Tsuru; Tomohiro Suenaga; Akira Otani; Yusuke Watanabe; Taiga Katayama; H Hioki; Junichi Nishikawa; Yosei Iseki; Yasuyuki Tsuchida; K Kito,10.1161/jaha.125.048383,2026-07-03,Journal of the American Heart Association,"Background The prognostic value of the Meta‐Analysis Global Group in Chronic Heart Failure (MAGGIC) score in patients undergoing mitral valve transcatheter edge‐to‐edge repair (M‐TEER) remains unclear. This study evaluated the MAGGIC score to predict outcomes after M‐TEER in patients with functional (FMR) or degenerative mitral regurgitation (DMR) and compared its performance with conventional surgical and M‐TEER–specific risk models. Methods We analyzed 3609 patients (FMR, 71%; DMR, 29%) who underwent M‐TEER in the OCEAN (Optimized Catheter Valvular Intervention)‐Mitral registry. Patients were stratified into MAGGIC score tertiles. The primary outcome was all‐cause death at 1 and 3 years. Secondary outcomes included cardiovascular death. Predictive performance was compared with Society of Thoracic Surgeons score, European System for Cardiac Operative Risk Evaluation II, MitraScore, and COAPT (Cardiovascular Outcomes Assessment of the MitraClip Percutaneous Therapy for Heart Failure Patients With Functional Mitral Regurgitation) score. Results The median age was 81 years, 55.3% were men, and median MAGGIC score was 30. In the FMR cohort, patients in tertile 3 had higher risks of all‐cause death (1 year: adjusted hazard ratio [HR adj ], 4.15 [95% CI, 2.34–7.36]; 3 years: HR adj , 1.83 [95% CI, 1.22–2.77]) and cardiovascular death (1 year: HR adj , 2.31 [95% CI, 1.56–3.43]; 3 years: HR adj , 1.61 [95% CI, 1.13–2.31]). In the DMR cohort, tertile 3 was associated with higher all‐cause death (1 year: HR adj , 2.84 [95% CI, 1.18–6.86]; 3 years: HR adj , 2.25 [95% CI, 1.07–4.73]) and cardiovascular death at 3 years (HR adj , 3.49 [95% CI, 1.23–9.84]). The MAGGIC score demonstrated comparable or superior discrimination on the basis of the concordance index. Conclusions The MAGGIC score independently predicted 1‐ and 3‐year all‐cause death after M‐TEER in both FMR and DMR cohorts and cardiovascular death in the FMR cohort and at 3 years in the DMR cohort. It demonstrated comparable or superior predictive performance to conventional surgical and M‐TEER–specific risk models."
OpenAlex,mitral regurgitation,"Mitral Transcatheter Edge-to-Edge Repair in Rheumatic Mitral Regurgitation: A Scoping Review of Anatomic Feasibility, Post-Procedural Stenosis Risk, and Clinical Outcomes",Syeda Javaria Batool; Rida Shakeel,10.17605/osf.io/8uap2,2026-07-03,Open MIND,"This project is a scoping review that aims to evaluate the current evidence regarding the use of mitral transcatheter edge-to-edge repair (TEER) in adult patients with rheumatic mitral valve disease, with a primary focus on rheumatic mitral regurgitation and selected cases of mixed rheumatic mitral stenosis and regurgitation where mitral regurgitation is the predominant lesion. Although TEER has become an established treatment for degenerative and functional mitral regurgitation, its application in rheumatic valve disease remains limited because of unique anatomical challenges, including leaflet thickening, commissural fusion, calcification, and the risk of worsening mitral stenosis following intervention. As a result, evidence is currently scattered across case reports, case series, registry studies, and small observational cohorts. The objective of this review is to systematically document the literature surrounding anatomical suitability, patient selection, procedure characteristics, echocardiographic results, and clinical outcomes in relation to mitral TEER in cases of rheumatic mitral valve disease. It will be seen which anatomical and echocardiographic features affect procedural success, the valve hemodynamic and residual mitral regurgitation following the procedure, and the complications and clinical outcomes. Eligible studies will include case reports, case series, observational cohort studies, registry-based studies, and comparative studies involving adult patients undergoing mitral TEER using devices such as MitraClip, PASCAL, or other edge-to-edge repair systems. Outcomes of interest include anatomical feasibility, procedural success, residual mitral regurgitation, post-procedural mitral valve gradient and valve area, development or worsening of mitral stenosis, need for repeat intervention or surgery, mortality, heart failure readmission, stroke, bleeding, acute kidney injury, vascular complications, and functional improvement as measured by New York Heart Association (NYHA) class. Where sufficient homogeneous data are available (defined as at least three studies reporting the same outcome with extractable denominators), pooled proportions may be calculated to provide quantitative summaries. Otherwise, findings will be synthesized descriptively in accordance with scoping review methodology. The anticipated results of this study are an extensive review of the present state of the body of evidence, identifying knowledge gaps, and understanding the anatomical and clinical considerations associated with the performance of mitral TEER in patients with rheumatic mitral valve disease. These results are expected to be useful for clinicians, to help in patient selection and to indicate the areas that require further research."
OpenAlex,mitral regurgitation,Case Report: Multimodal ultrasound diagnosis of traumatic right coronary sinus rupture combined with atrial septal tears,Yi-Xiang Wang; C R Yang; Yeshun Wu,10.3389/fmed.2026.1812111,2026-07-03,Frontiers in Medicine,"Background Cardiac injury in patients with severe polytrauma is often occult and carries a high mortality, making rapid and accurate diagnosis a significant clinical challenge. Case presentation A 57-year-old Asian male was admitted with polytrauma and impaired consciousness for over 2 h after a fall from the 9th floor. Post-injury manifestations included confusion, restlessness, and active bleeding from multiple wounds. The initial diagnosis was polytrauma with traumatic hemorrhagic shock. Following initial resuscitation and thoracic endovascular aortic repair (TEVAR), he developed refractory hypoxemia and hemodynamic instability. Subsequent multimodal ultrasound revealed combined injuries: traumatic rupture of the right coronary sinus into the right atrium and right ventricle, multiple tears in the mid-portion of the atrial septum, and bidirectional shunt at the atrial level. The patient received comprehensive treatment, including TEVAR, mechanical ventilation, anti-infection therapy, maintenance of internal homeostasis, and nutritional support. Due to cardiopulmonary failure secondary to the cardiac injury, extracorporeal membrane oxygenation (ECMO) was initiated. Despite aggressive life-sustaining measures, the patient developed severe infection and multiple organ failure, precluding cardiac surgical intervention. He ultimately succumbed after the withdrawal of ECMO support. Conclusion In the management of polytrauma, a high index of suspicion for occult cardiac injuries is essential. Multimodal echocardiography—comprising transthoracic echocardiography, transesophageal echocardiography, and agitated saline contrast echocardiography—serves as an efficient and precise bedside diagnostic toolkit. It not only enables rapid diagnosis of complex intracardiac injuries and hemodynamic assessment but also plays a crucial role in guiding advanced life support and developing effective treatment strategies. The early and systematic application of this approach may facilitate timely intervention for critically ill patients with polytrauma."
OpenAlex,mitral regurgitation,Modern concepts of diseases caused by group A Streptococcus (lecture),A. I. Demchenko; N. S. Tian; И. В. Бабаченко,10.22627/2072-8107-2026-25-2-55-62,2026-07-03,CHILDREN INFECTIONS,"The lecture is devoted to modern concepts of the diseases caused by Group A β-hemolytic Streptococcus. The main microbiological characteristics of the pathogen, pathogenicity factors, epidemiological patterns and clinical features of various nosological forms, consequences of acute infection, with an assessment of the disease burden are presented. Various methods of etiological diagnostics, their advantages and disadvantages are considered. Particular attention is devoted to the problem of antibiotic resistance, which is becoming increasingly global in modern conditions. The article presents prospects for the prevention of streptococcal infection, active immunization as a potentially effective way to reduce the incidence and spread of infection in the population. The effectiveness of timely methods of diagnosis, therapy, and vaccination against group A streptococcal infection are important areas for further research."
OpenAlex,mitral regurgitation,An integrative approach to patient selection for mitral transcatheter edge-to-edge repair in secondary mitral regurgitation,Marc Brusosa; Eduardo Flores-Umanzor; Eric Horlick,10.1097/hco.0000000000001330,2026-07-03,Current Opinion in Cardiology,"PURPOSE OF REVIEW: Secondary mitral regurgitation (SMR) remains a major contributor to symptoms and hospitalizations in heart failure, despite guideline-directed medical therapy (GDMT). This review synthesizes current evidence and proposes a structured framework for identifying patients most likely to benefit from mitral transcatheter edge-to-edge repair (M-TEER), integrating data from randomized clinical trials, proportionality concepts, and multimodality imaging. RECENT FINDINGS: Divergent results in MITRA-FR and COAPT mainly reflect differences in echocardiographic selection and left-ventricular remodeling, which means SMR severity should be judged relative to ventricular size and regurgitant burden. Contemporary trials such as RESHAPE-HF2 and MATTERHORN broaden the evidence and support M-TEER in selected patients and as a safer alternative to surgery in some operable cohorts. Beyond effective regurgitant orifice area, regurgitant volume and regurgitant fraction better capture MR load. Cardiac magnetic resonance refines quantification when echocardiography is discordant or limited. Right-ventricular dysfunction and pulmonary vascular involvement are key modifiers of prognosis and expected benefit. SUMMARY: Optimal candidate selection requires a structured, integrative evaluation: confirm clinically meaningful SMR despite GDMT, ensure anatomic suitability, quantify severity with a multiparametric echo approach supplemented by CMR when indicated, and incorporate ventricular-atrial-pulmonary coupling. This physiology-based strategy moves beyond single thresholds to identify patients most likely to achieve meaningful clinical benefit."
OpenAlex,mitral regurgitation,Quantitative mitral regurgitation and conventional echocardiographic variables in canine myxomatous mitral valve disease,Shimpei Kawai; Ryohei Suzuki; Y. Mochizuki; Yunosuke Yuchi; Shuji Satomi; Arata Kitazawa; Masanobu Teraoka; Takahiro Teshima; Hirotaka Matsumoto,10.3389/fvets.2026.1885087,2026-07-03,Frontiers in Veterinary Science,"Introduction Disease severity in dogs with myxomatous mitral valve disease (MMVD) is commonly assessed using conventional echocardiographic variables and staging systems based on cardiac remodeling and heart failure status. Multiparametric scoring systems incorporating variables such as early diastolic transmitral velocity (E-wave) have also been recently proposed. However, these approaches primarily reflect secondary morphological and loading changes rather than directly quantifying severity of mitral regurgitation (MR). Therefore, quantitative regurgitant indices may provide additional information regarding the functional severity of MR. Methods This retrospective study included 167 predominantly small-breed dogs with MMVD evaluated at Japanese referral centers, classified according to the American College of Veterinary Internal Medicine (ACVIM) staging system. Body weight–normalized regurgitant volume (RVol/kg) and regurgitant fraction (RF) were calculated using volumetric methods. Group comparisons among ACVIM stages, correlation analysis, logistic regression analysis, and receiver operating characteristic analysis were performed to evaluate associations between regurgitant indices and conventional echocardiographic variables. Results RVol/kg and RF increased significantly with advancing disease stage (both p &amp;lt; 0.001). However, no significant differences were observed between stages B2 and C/D and severe MR (RF ≥ 50%) was identified in some dogs classified as stage B1. Quantitative regurgitant indices showed significant correlations with the left atrium-to-aorta ratio, body-weight–normalized left ventricular internal diameter in diastole (LVIDDN), and E-wave, whereas correlations with fractional shortening were weak. The mitral-aortic velocity-time integral (VTI) ratio demonstrated the strongest correlations with both RVol/kg and RF (both r = 0.75; p &amp;lt; 0.001) and showed the highest diagnostic performance in identifying severe MR (area under the curve = 0.89). In the multivariable analysis, LVIDDN and the mitral-aortic VTI ratio remained independent predictors of severe MR. Discussion Quantitative regurgitant indices were associated with conventional echocardiographic variables and may provide complementary information regarding MR severity in dogs with MMVD. In this predominantly small-breed Japanese MMVD population, the mitral-aortic VTI ratio showed strong associations with quantitative regurgitant indices and may be a clinically useful Doppler-derived surrogate for MR severity, although prospective studies are required to confirm these findings."
OpenAlex,mitral regurgitation,Integrated use of lung ultrasound and thoracic bioimpedance to predict outcome in patients with acute coronary syndrome,Ramy Khaled Abdelmonem; Shereen Mohamed; Ayman Ahmed; Mohamed Saad,10.1007/s44349-026-00054-4,2026-07-03,The Egyptian Journal of Critical Care Medicine,"Abstract Background Acute Coronary Syndrome (ACS) refers to any group of clinical symptoms compatible with acute myocardial ischemia. Lung ultrasound (LUS) is an emerging tool for the diagnosis and quantification of pulmonary congestion. B-lines on LUS are vertical reverberation artifacts that indicate extravascular fluid. On other hand, the bioimpedance is useful technology to measure thoracic fluid content (TFC), cardiac output (CO) and other parameters. It is viable for clinical practice and epidemiological studies since it is a noninvasive, portable, easy to handle and has good reproducibility. Impedance cardiography has been increasingly used as a prognostic indicator in acute myocardial infarction. Methods We conducted an observational prospective study, was carried out in critical care department, Cairo University. A sample size of 60 patients with acute coronary syndrome was included in the study. LUS and thoracic bioimpedence were performed on all patients on admission and after 48 h and were correlated to outcomes. Results In the present study, 8-zone LUS on admission and after 48 h were significantly correlated with outcome with p value of less than 0.001, length of hospital stay with p value of less than 0.001 and complications such as need for vasopressors, NIV, IMV and need for urgent PCI. Also, the present study showed that TFC on admission and after 48 h were significantly correlated with outcome with p values of less than 0.001 and 0.027 respectively, length of hospital stay with p value of less than 0.001 and complications such as need for vasopressors, NIV, IMV and need for urgent PCI. Conclusion The present study showed that 8-zone LUS score and Bio impedance were strongly correlated with outcomes as mortality, hospital stay and complications."
OpenAlex,valvular heart disease,The geriatric nutritional risk index as a prognostic risk factor for critically ill patients with atrial fibrillation: a retrospective study based on MIMIC-IV and local hospital cohort external validation,Hongli Luo; YuXuan Yan; Li Guo; WeiXian Xie; Hui Li; Wenhua Li,10.3389/fnut.2026.1837424,2026-07-06,Frontiers in Nutrition,"Background Malnutrition is known to worsen outcomes in many diseases. This study explored its effect on prognosis in critically ill patients with atrial fibrillation (AF). Methods A total of 4,564 patients were studied. Their nutritional status was assessed using the Geriatric Nutritional Risk Index (GNRI), and they were divided into four groups based on GNRI quartiles, with a median of 100.23 and interquartile range of 90.31–111.27. The primary outcome was 28-day mortality. Kaplan–Meier analysis evaluated survival differences among the GNRI groups, and a multivariate Cox model assessed GNRI’s independent effect on mortality risk. A restricted cubic spline (RCS) analysis explored potential non-linear associations between GNRI and 28-day mortality. Results There is a negative correlation between GNRI and 28-day mortality, a finding supported by a log-rank test result with p &amp;lt; 0.001. According to the multivariate analysis, higher GNRI values were independently associated with a lower risk of 28-day mortality (quartile 4 compared to quartile 1, the hazard ratio (HR) was 0.78 with a 95% confidence interval (CI) of 0.62–0.97, and p = 0.029). Subgroup analysis showed no association in those with obesity, or in cardiovascular ICUs or post-cardiac surgery settings. No link was found in patients with a history of AF or on CRRT. However, the association was consistently seen in septic patients with new-onset AF. Additionally, the RCS analysis revealed a non-linear relationship between GNRI and 28-day mortality, showing that as GNRI increased, the risk of 28-day mortality decreased among patients. Findings from external validation cohorts also confirm this relationship. Conclusion Among critically ill patients, elevated GNRI scores are associated with improved outcomes in patients with new-onset AF, but this association is not present in patients with preexisting AF. In the subgroup of septic patients with new-onset AF, GNRI may not reliably predict clinical prognosis, emphasizing the need for further validation prior to clinical use. The GNRI provides a straightforward, unbiased assessment of both nutritional status and systemic inflammation burden."
OpenAlex,valvular heart disease,Echocardiographic changes following dual-chamber pacemaker implantation at a Malaysian tertiary heart center,Si Ling Soh; Ian Wee; Rowina Lynne Murray Binti Jeffery Murray; Suraya Hani Kamsani; Aslannif Roslan; Azlan Hussin,10.1186/s44348-026-00077-6,2026-07-06,Journal of Cardiovascular Imaging,"Abstract Background Dual-chamber pacemaker implantation restores atrioventricular synchrony, but it might be associated with alterations in ventricular mechanics and valvular function. The echocardiographic effects of dual-chamber pacing in contemporary practice remain incompletely characterized. Methods We conducted a retrospective single-center study of patients who underwent dual-chamber pacemaker implantation and had transthoracic echocardiography performed before and after implantation in 2022. Changes in left ventricular ejection fraction (LVEF), ventricular and atrial functional parameters, strain-derived measures, and tricuspid regurgitation (TR) severity were assessed using paired statistical analyses. Results In total, 57 patients were included. The mean LVEF declined from 59.6% before implantation to 55.8% after implantation (mean change, − 3.76%; 95% confidence interval [CI], − 7.45 to 0.08; P = 0.051). Among the strain-based measures, right ventricular global longitudinal strain (RVGLS) worsened by a mean of 3.10% (95% CI, 0.73 to 5.48; P = 0.012), and left atrial conduit strain (LAScd) declined by 3.74% (95% CI, 3.11 to 4.37; P = 0.032) following pacemaker implantation. Stuart-Maxwell testing showed no significant overall shift in TR severity following pacemaker implantation (χ 2 = 24.94, P = 0.678). The left atrial volume index decreased significantly (38.98 ± 17.16 mL/m 2 vs. 34.38 ± 12.65 mL/m 2 , P = 0.023), but it showed no correlation with LAScd at baseline ( ρ = − 0.183, P = 0.265) or with changes in LAScd over time ( ρ = 0.160, P = 0.350). In regression analyses, increasing age was independently associated with greater decline in LAScd (β = − 0.323 per year; 95% CI, − 0.494 to − 0.152; P &lt; 0.001). A high pacing burden (&gt; 20%) was not associated with changes in LVEF, LAScd, or RVGLS. Conclusions Dual-chamber pacemaker implantation was associated with early deterioration in myocardial deformation, particularly RVGLS and LAScd, despite preserved conventional systolic parameters. These functional changes were not accompanied by structural remodeling and were independent of TR progression, supporting a mechanism related to pacing-induced dyssynchrony and altered ventricular-atrial coupling. Strain imaging could offer incremental value in detecting early subclinical dysfunction in this population."
OpenAlex,valvular heart disease,Challenges in diagnosis and management of &lt;i&gt;Corynebacterium striatum&lt;/i&gt; infective endocarditis – A case series,W. K. Mahesh; H. A. A. O. Thisera; W. T. M. T. A. Thennakoon; G. N. Kahangama; Kalubowilage Dhananja Namalie,10.4038/sljid.v16i2.8865,2026-07-06,Sri Lankan Journal of Infectious Diseases,"Corynebacterium striatum, being a skin commensal and environmental organism, is traditionally considered a contaminant of clinical specimens. However, the organism has emerged as a significant opportunistic pathogen causing native valve infective endocarditis (NVIE), especially in immunocompromised patients. We present a case series of three patients with C. striatum NVIE encountered within six months at a teaching hospital in Sri Lanka. All patients were immunocompromised with underlying conditions, namely multiple myeloma, tuberculosis, and malignancy with diabetes. Two cases had left-sided endocarditis and one was right-sided. Treatment consisted of prolonged antimicrobial therapy (4-6 weeks) with vancomycin-based regimens. One patient died despite appropriate therapy. This finding highlights the requirement of high clinical suspicion and aggressive management with prolonged antibiotic treatment. This is the first case series of C. striatum NVIE published in Sri Lanka."
OpenAlex,valvular heart disease,Association of proportional pulse pressure with cardiac function and complications in patients hospitalized with acute exacerbation of chronic heart failure,Meysam Fallah-Moghaddam; Maryam Moshkani-Farahani; Arezoo Khosravi; Manijeh Fallah; Alireza Nasiri; Mojtaba Sepandi; Seyed Javad Davari Sani,10.1186/s12872-026-06232-7,2026-07-06,BMC Cardiovascular Disorders,"Proportional pulse pressure (PPP), calculated as pulse pressure divided by systolic blood pressure, is a simple, non-invasive hemodynamic index. Previous studies suggest its potential role in assessing cardiac function and prognosis in heart failure (HF) patients, particularly in identifying low cardiac output. This study aimed to investigate the relationship between PPP and key cardiac functional indices (Cardiac Index [CI] and Cardiac Output [CO]) in patients with hospitalized with acute exacerbation of chronic heart failure (CHF). This cross-sectional study included 80 hospitalized patients with acute exacerbation of CHF at Baqiyatallah Hospital in Tehran (2024). Patients with arrhythmias (including atrial fibrillation, atrial flutter, or ventricular tachycardia), valvular disease, or thyroid disorders were excluded. Brachial blood pressure was measured multiple times, and average PPP was calculated. CI and CO were determined via transthoracic echocardiography. Correlation and multiple regression analyses were performed to assess the relationship between PPP and CI/CO, controlling for confounders like age and gender. Patients were also divided into quartiles based on PPP for comparative analysis. The mean age was 64.8 ± 10.7 years, and 70% were male. A modest but statistically significant positive correlation was found between PPP and both CI ( r = 0.258, p = 0.021) and CO ( r = 0.187, p = 0.04). Multivariate regression identified PPP as the strongest independent predictor for both CO (Beta = 0.324, p = 0.009) and CI (Beta = 0.324, p = 0.007). Patients in the lowest PPP quartile had significantly lower CO (2.6 vs. 7.0 L/min, p < 0.0001), lower LVOT-VTI (10.6 vs. 21.2 cm), higher heart rate in the highest PPP quartile (89.6 vs. 74.3 bpm in Q2, p = 0.04), and a similar prevalence of pleural effusion (55% vs. 55%, p = 0.9) compared to the highest quartile. Trends towards lower ejection fraction and inverse correlations with BNP and QT interval were not statistically significant. This study found that proportional pulse pressure is associated with key haemodynamic parameters in patients hospitalised for an acute exacerbation of chronic heart failure. A modest positive correlation was observed between PPP and both cardiac index and cardiac output, and PPP emerged as an independent predictor in the multivariate regression analysis. However, larger prospective multicentre studies are needed to validate these findings."
OpenAlex,valvular heart disease,Physical activity and vascular calcification in maintenance hemodialysis: the mediating role of irisin,Hui Li; Zhengjia Fan; Aihua Zhang,10.3389/fendo.2026.1852364,2026-07-06,Frontiers in Endocrinology,"Introduction Vascular calcification (VC) is a major determinant of cardiovascular mortality in patients undergoing maintenance hemodialysis (MHD). Although physical activity (PA) is associated with attenuated VC, the precise mechanisms underlying this association, particularly in the MHD population, remain unclear. Irisin, a myokine linked to PA and VC inhibition, is a potential mediator. However, its role in translating PA benefits to reduced VC in MHD patients is unknown. Methods This cross-sectional study enrolled 326 patients undergoing maintenance hemodialysis at Xuanwu Hospital Capital Medical University (2020–2023). PA volume was assessed using the International Physical Activity Questionnaire. Serum irisin levels were measured by enzyme-linked immunosorbent assay. Severe VC was defined as an abdominal aortic calcification score (AAC) ≥ 6 on lateral lumbar spine radiography. Multivariable logistic regression and restricted cubic spline models examined the independent and nonlinear associations of PA and irisin with severe VC. Causal mediation analysis estimated the proportion of the PA-VC association mediated by irisin. Results Among 326 patients, those in the severe VC group (n=196) exhibited significantly lower PA levels and serum irisin compared to the non-severe group (n=130). In fully adjusted models, both higher PA (odds ratio [OR], 0.51; 95% confidence interval [CI], 0.34-0.74) and higher irisin (OR, 0.56; 95% CI, 0.37-0.83) were independently associated with lower odds of severe calcification, with significant inverse dose-response trends ( P for trend &amp;lt;0.001). Restricted cubic spline analyses revealed a significant nonlinear relationship between irisin and calcification risk ( P for nonlinearity = 0.009), while the association for PA suggested a potential plateau at higher activity volumes. These inverse associations were consistent across subgroups stratified by age, gender, Body mass index (BMI), and diabetes status (all interaction P &amp;gt; 0.05). Mediation analysis indicated that irisin mediated approximately 60.8% of the total association between PA and severe VC. Conclusion This study identifies independent links between physical activity, higher irisin levels, and lower severe vascular calcification risk in hemodialysis patients, with irisin mediating a major part of this association. These findings point to the importance of lifestyle and myokine pathways. Further longitudinal and interventional research is needed to confirm causality and underlying mechanisms."
OpenAlex,valvular heart disease,Left atrial strain on 2D-STE in pediatric dilated cardiomyopathy,Yi Wu; Qiuqin Xu; Wei Liu; Cui Hou; Hui Wang; Jie Shen; Yao-Wen Sun; Pei-Pei Gu; Xue-Ying Si; Haitao Lv; Ling Sun; Yueyue Ding,10.1186/s44156-026-00126-2,2026-07-06,Echo Research and Practice,"OBJECTIVE: To characterize the left atrial (LA) strain of pediatric dilated cardiomyopathy (DCM) on two-dimensional speckle tracking echocardiography (2D-STE), and elucidate the progression of LA strain with long-term medical therapy in such patients. METHODS: Children with DCM who received standardized medical treatment for > 1 year at Children's Hospital of Soochow University between January 2018 - January 2021 were retrospectively reviewed. Age- and sex-matched patients with normal echocardiography were included as controls. Routine echocardiography was performed. 2D-STE was applied to obtain LA strain and tissue mitral annular displacement (TMAD) parameters. Echocardiographic images at baseline, 1-year post-treatment (Period 1), and > 2-year post-treatment (Period 2) were analyzed. RESULTS: A total of 33 DCM patients were included, among whom 19 had isolated DCM, while 14 had DCM associated with left ventricular (LV) hypertrabeculation. At baseline, the age range of these children was 1 month to 144 months, and significantly lower left ventricular ejection fraction (LVEF) and fractional shortening (LVFS) (P < 0.05) were observed among the patients compared to controls. Among the LA strain parameters, significantly lower reservoir strain (LASr) and conduit strain (LAScd) (P < 0.05) were also demonstrated. And significantly higher LVEF, LVFS, LASr and LAScd and significantly lower IVSd-Z and LVEDd-Z were observed in DCM associated with LV hypertrabeculation patients compared to isolated DCM patients. Between Period 1 and 2, significant increase in LVEF, LVFS, LASr, and LAScd were observed (P < 0.05). CONCLUSIONS: Following long-term standardized medication treatment, children with DCM exhibited significant improvements in left atrial reservoir and conduit functions. LAScd carries the potential as a sensitive imaging modality for LA strain in pediatric DCM."
OpenAlex,valvular heart disease,Predatory Billing by a Concierge Home Health Agency Following Acute Hospitalization,Leela Rao; Jonah Swartzberg; Karen Galvez-Maquindang; Navid Darouian,10.7759/cureus.112110,2026-07-05,Cureus,"Elder financial exploitation is an underrecognized form of elder abuse that can occur in medical and post-acute care settings. We present the case of a 74-year-old man with multiple comorbidities who was hospitalized following a mechanical fall with head trauma and concussion. During his inpatient stay, while experiencing residual altered mental status, he was approached by a representative of a concierge home health agency who presented discharge requirements inconsistent with those of his clinical team, resulting in the patient signing a costly contract for caregiver services that substantially exceeded his documented clinical needs both in scope and expense. The patient's family, despite repeated attempts to engage with discharge planning, was excluded from the decision. The contract was later identified as financially exploitative; a replacement agency provided equivalent care at approximately one-seventh the cost. This case illustrates a reproducible pattern of predatory conduct targeting cognitively vulnerable hospitalized elders and highlights systemic gaps in hospital discharge safeguards."
OpenAlex,valvular heart disease,Temporal dynamics of cardiac biomarkers in therapy‑related cardiotoxicity: a prospective cardio‑oncology cohort study,Lidia Anca Kajanto; Dana Lucia Stănculeanu; Anca Chisoi; Nicolae Dobrin; Anita-Cristina Ionescu; Ioan Sirbu; Ion Alexandru Popovici; Pundiche Mihaela; Ionut Bulbuc; Andreea Diana Kajanto; Bogdan Cîmpineanu; Adrian Nelutu Mitroi; Georgeta-Camelia Cozaru,10.1186/s40959-026-00538-3,2026-07-05,Cardio-Oncology,"BACKGROUND: Cardiotoxicity associated with antineoplastic therapies remains an important clinical challenge in modern oncology. Early identification of subclinical cardiac injury may improve cardiovascular surveillance and long-term outcomes in cancer patients. METHODS: This prospective observational cohort study included 90 adult patients with breast cancer, lymphoma, or lung cancer receiving potentially cardiotoxic therapy. Patients with clinically manifest heart failure, severe arrhythmias, advanced renal disease, recent acute myocardial infarction, untreated severe valvular disease, or other major cardiovascular comorbidities were excluded. High-sensitivity cardiac troponin T (hs-cTnT), NT-proBNP, and soluble ST2 (sST2) were measured at baseline, during treatment, at therapy completion, and at late follow-up. Non-parametric tests were used for repeated-measures and subgroup comparisons. RESULTS: Significant temporal variations were observed for all biomarkers. hs-cTnT increased from 5 [3-8] ng/L at baseline to 15 [10-25] ng/L at T2, while NT-proBNP increased from 120 [80-190] pg/mL to 210 [150-320] pg/mL. sST2 demonstrated a delayed elevation and remained increased at follow-up. Distinct biomarker patterns were observed across malignancy subgroups, with higher hs-cTnT increases in breast cancer, more prominent NT-proBNP elevation in lymphoma, and higher sST2 values in lung cancer. CONCLUSIONS: Serial biomarker assessment may provide complementary information on myocardial injury, ventricular stress, and fibrotic remodeling during cancer therapy. The observed biomarker trajectories are suggestive of different biological processes involved in therapy-related cardiotoxicity, but they should be interpreted in conjunction with imaging findings and clinical outcomes."
OpenAlex,valvular heart disease,Diagnostic Tests for Stage B Heart Failure,Hai Nguyen Ngoc Dang; Thang Viet Luong; Quan Huynh; Thomas H. Marwick,10.1007/s11886-026-02389-x,2026-07-04,Current Cardiology Reports,"PURPOSE OF THE REVIEW: To provide an overview of diagnostic tests for Stage B heart failure (SBHF), synthesizing evidence from guidelines and clinical studies. RECENT FINDINGS: Advances in diagnostic technologies have expanded the ability to identify subclinical myocardial remodelling and early myocardial injury before symptom onset. We highlight the central role of transthoracic echocardiography as the cornerstone diagnostic modality for detecting subclinical myocardial remodelling and dysfunction, including the use of speckle tracking echocardiography. In parallel, circulating biomarkers, especially natriuretic peptides and high-sensitivity cardiac troponins, can play important roles in the detection and risk stratification of SBHF. Additional diagnostic approaches, including electrocardiography, chest X-ray, cardiac magnetic resonance imaging, cardiac computed tomography, nuclear imaging, and exercise stress testing, are reviewed for their adjunctive roles in selected clinical contexts. Emerging applications of artificial intelligence are explored as promising strategies to increase the diagnostic precision, scalability, and early detection of SBHF in clinical practice. SBHF - representing a subclinical phase of HF characterized by structural cardiac abnormalities, functional impairment, or persistently abnormal cardiac biomarkers in individuals - has historically been difficult to recognize in the community. Advances in imaging, biomarkers, and AI may improve the feasibility of detecting this entity, creating a crucial window for intervention, because timely risk stratification and preventive strategies during SBHF may attenuate progression to symptomatic HF and reduce its long-term clinical and economic burden."
OpenAlex,valvular heart disease,Comparison Between In-Hospital Outcome of Patients with Acute ST-Elevation Myocardial Infarction and Non-ST-Elevation Myocardial Infarction,SM Ifteakharul Islam; Kazi Shamim Al Mamun; Mohammad Ibrahim Chowdhury; Nur Uddin Tareq; Muhammad Khurshed Alam,10.70945/ibmcj.v21i02.0196,2026-07-04,Islami Bank Medical College Journal,"Background: Acute myocardial infarction (AMI) remains a major cause of morbidity and mortality worldwide. AMI is broadly classified into ST-elevation myocardial infarction (STEMI) and non-ST-elevation myocardial infarction (NSTEMI), which differ in pathophysiology, clinical presentation, management and prognosis. This study aimed to compare the in-hospital outcomes of patients with acute STEMI and NSTEMI. Methods: This prospective observational study was conducted in the Department of Cardiology, Chittagong Medical College Hospital, Bangladesh. A total of 100 patients with acute myocardial infarction were enrolled, including 50 STEMI patients (Group A) and 50 NSTEMI patients (Group B). Patients were selected according to WHO diagnostic criteria for myocardial infarction. Demographic characteristics, cardiovascular risk factors, clinical parameters, echocardiographic findings in-hospital complications, duration of hospital stay and mortality were analyzed. Statistical analysis was performed using SPSS and a p-value &lt;0.05 was considered statistically significant. Results: The mean age was 49.98±11.90 years in the STEMI group and 51.90±8.58 years in the NSTEMI group (p=0.357). Male predominance was significantly higher in the STEMI group (94% vs. 68%, p=0.001). Smoking (84% vs. 62%, p=0.013) and dyslipidemia (64% vs. 40%, p=0.016) were significantly more common among STEMI patients, whereas obesity was more prevalent in NSTEMI patients (54% vs. 32%, p=0.026). Cardiogenic shock occurred significantly more frequently in STEMI patients (12% vs. 0%, p=0.012). Left ventricular systolic function was significantly lower in STEMI patients with mean ejection fraction of 50.96±9.82% compared with 55.50±11.30% in NSTEMI patients (p=0.035). STEMI patients had a longer hospital stay (5.02±0.82 vs. 4.34±0.66 days, p&lt;0.001). No significant differences were observed regarding arrhythmias, congestive heart failure, pericardial effusion, hypotension, ventricular septal rupture or in-hospital mortality. Conclusion: Although overall in-hospital outcomes were broadly comparable between STEMI and NSTEMI patients, STEMI was associated with a higher incidence of cardiogenic shock, impaired left ventricular function and longer hospitalization. Early identification and intensive monitoring of STEMI patients may help reduce adverse in-hospital outcomes and improve prognosis."
OpenAlex,valvular heart disease,Right Ventricular Function in Patients Presenting with Inferior ST-Segment Elevation Myocardial Infarction Undergoing an Invasive Approach: A Prospective Observational Study of 120 Cases,Mohammad Anisul Goni Khan; Md Rezaul Karim; AFM Arifur Rahman; Khadiza; Tahrima Showkat; AM Wadud Al Hasan; Mohammad Moyazzam Hossain; Faisal Ahmed Bhuiyan,10.70945/ibmcj.v21i02.0198,2026-07-04,Islami Bank Medical College Journal,"Background: Right ventricular (RV) dysfunction is a common but often under-recognized complication of inferior ST-segment elevation myocardial infarction (STEMI). RV involvement significantly influences hemodynamics, morbidity and mortality in affected patients. Early identification of RV dysfunction is crucial for optimizing management and improving outcomes. Objective: To evaluate right ventricular function in patients presenting with inferior STEMI undergoing an invasive approach and to determine its association with clinical outcomes. Methods: This prospective observational study was conducted in the Department of Cardiology, National Institute of Cardiovascular Diseases (NICVD), Dhaka, Bangladesh, over a two-year period from January 2024 to December 2025. A total of 120 patients diagnosed with inferior STEMI and managed with an invasive strategy, including coronary angiography with or without percutaneous coronary intervention (PCI), were enrolled consecutively. Right ventricular function was assessed within 48 hours of admission using transthoracic echocardiography. Parameters evaluated included tricuspid annular plane systolic excursion (TAPSE), right ventricular fractional area change (RVFAC), and systolic pulmonary artery pressure (SPAP). Patients were categorized into preserved RV function and RV dysfunction groups. Clinical, angiographic, and in-hospital outcomes were compared. Results: RV dysfunction was identified in 42 patients (35.0%). Patients with RV dysfunction had significantly lower TAPSE (14.2 ± 2.1 mm vs. 20.1 ± 2.8 mm, p &lt; 0.001) and RVFAC (28.5 ± 5.4% vs. 41.3 ± 6.1%, p &lt; 0.001). Proximal right coronary artery occlusion was more frequent in the RV dysfunction group (71.4% vs. 38.5%, p = 0.001). Hemodynamic instability, cardiogenic shock, and arrhythmias were significantly higher among patients with RV dysfunction. In-hospital mortality was 11.9% in the RV dysfunction group compared with 2.6% in patients with preserved RV function (p = 0.038). Multivariate analysis demonstrated that RV dysfunction was an independent predictor of adverse in-hospital outcomes (OR 3.48, 95% CI 1.21–10.02, p = 0.021). Conclusion: RV dysfunction is prevalent among patients with inferior STEMI undergoing an invasive approach and is associated with worse hemodynamic status and increased in-hospital mortality. Echocardiographic assessment of RV function should be routinely incorporated into the early evaluation of inferior STEMI patients to identify high-risk individuals and guide management strategies."
OpenAlex,valvular heart disease,Cardiac MRI-based strain analysis for the assessment of left atrial dysfunction in patients with atrial fibrillation,Huihui Zhou; Dan Zhu; Shangci Hao; Yongjia Shao; Nan Xu; Qian Xi,10.1007/s10554-026-03762-1,2026-07-04,The International Journal of Cardiovascular Imaging,"Atrial fibrillation (AF) involves changes in atrial myocardium and early left atrial (LA) dysfunction, which are difficult to identify using conventional static measurements. This study aimed to investigate the value of cardiac magnetic resonance feature tracking (CMR-FT) derived LA strain parameters for assessing LA dysfunction in AF patients and to identify sensitive indicators for early detection of impaired LA function.This retrospective study included 113 AF patients and 52 age- and sex-matched healthy controls. LA structural (LAD, LAVI) and functional parameters (LAEF, εs, εe, εa) were measured. AF patients were divided into AF1 (abnormal LAVI/LAEF, n = 92) and AF2 (normal LAVI/LAEF, n = 21). Group comparisons, correlation analysis, ROC analysis, and univariate and multivariate logistic regression analyses were performed.AF patients showed significantly increased LAD and LAVI, decreased LAEF, and impaired LA strain (all P < 0.001). Even in the AF2 subgroup with normal LAVI/LAEF, LA strain remained significantly impaired (all P < 0.001). LA strain was positively correlated with LVEF and LAEF, and negatively correlated with LAD and LAVI (all P < 0.001). εs showed the strongest correlation with total LAEF (r = 0.902). ROC analysis showed high efficacy for identifying LA dysfunction (AUC > 0.80), with εs achieving the highest AUC (0.917).CMR-FT enables non-invasive quantitative assessment of LA function. LA strain is more sensitive than conventional static parameters for detecting established LA dysfunction in AF patients, although patients already exhibited structural remodeling and reduced LVEF. The small AF2 subgroup limits the robustness of early-detection claims. εs is a promising imaging biomarker for assessing LA dysfunction."
OpenAlex,valvular heart disease,Case report: exercise-associated sudden death in a Thoroughbred racehorse with cardiac lesions,Hernando D. Acevedo; Francisco A. Uzal; Jeff Blea; Eileen E. Henderson; Akinyi Nyaoke; Carlos Schild; Javier Asín,10.1007/s11259-026-11384-0,2026-07-04,Veterinary Research Communications,"Exercise-associated sudden death (EASD), defined as acute collapse and death in an apparently healthy racehorse during or within ~1 h after exercise, is currently among the top concerns in the racing industry. Cases of EASD with no cause of death identified at necropsy are frequently presumed to be of cardiac origin. In such cases, in addition to a regular necropsy, a cardiac examination protocol is performed that includes a detailed gross examination and microscopic evaluation of 11 regions of the heart. Very often this protocol is unrewarding because there are no microscopic lesions to explain the presumed cardiac event. Here we describe the necropsy of a 3-year-old, Thoroughbred gelding that collapsed a few minutes after a workout. The heart was grossly unremarkable, but significant histologic lesions that included multifocal to diffuse cardiomyocyte degeneration and necrosis, lymphoplasmacytic myocarditis, and myocardial fibroplasia were found, particularly in the right and left ventricular free walls and in the interventricular septum. Other lesions included severe pulmonary edema and congestion, splenic congestion, an open castration wound with localized suppurative inflammation and bacteria in the scrotum, and lymphoplasmacytic interstitial nephritis. We believe that the cardiac lesions were severe and extensive enough to have contributed to death. A cause for such lesions was not definitively identified, but it is possible that the infected castration wound predisposed to myocarditis. This case serves as an example of the use of the cardiac examination protocol to map and evaluate lesions in EASD cases."
OpenAlex,deep learning,The Role of Collective Bricolage in Creating University Governance Structures: The Example of the Galileo Observatory,Ariel Méndez; Amandine Pascal,,2050-01-01,Cairn.info,"This study investigates the concept of “collective bricolage” within the framework of creating a universe science observatory in France. In the face of significant transformations in higher education and research, this article examines how university stakeholders can employ collective bricolage to adapt to institutional mandates for restructuring. Drawing on Lévi-Strauss’s notion of bricolage and the theoretical contributions of Duymedjian and Rüling (2010), this research investigates how this bricolage can be implemented in the absence of conventional or normative space to support the process, and particularly within a context characterized by conflictual relationships. The case study analyzes the collective bricolage process and its components, demonstrating that the dialectical nature of collective bricolage facilitates the creation of robust governance structures through the negotiation and recombination of resources and rationales from the diverse actors involved."
OpenAlex,deep learning,The nature and tensions of environmental management control in local authorities,Christophe Maurel; Christophe Favoreu; London Proofreaders,,2050-01-01,Cairn.info,"This exploratory research aims to characterize, on the one hand, the concept of environmental management control (EMC) through the practices that underpin it, and, on the other hand, the tensions associated with it and the implementation of these practices in public organizations. Although EMC is attracting growing interest within the public sector, it seems to be facing technical and governance difficulties. A grid for analyzing management tools and the theory of organizational paradoxes is used to address the issue of characterizing EMC practices and the associated tensions in the local public sector. Various municipalities were mobilized to explore and characterize their first experiences of implementing EMC. Our results enable us to characterize both the tools used and the tensions generated between the objectives pursued in terms of resource management, dialogue with the socio-economic environment, and behavioral orientation."
OpenAlex,deep learning,A collaborative and participatory approach to public service innovation: Health sector dynamics and outlook,Fatima Yatim; Alan Sitkin; Cadenza Academic Translations,,2050-01-01,Cairn.info,"This article explores the dynamics of collaborative and participatory innovations in public health services using Chen et al.’s (2020) typology. Based on a mixed survey of projects awarded under the national “Droits des usagers de la santé” initiative, the study finds that user participation primarily generates operational and capacity-oriented innovations frequently involving external partnerships. The analysis highlights the crucial interactions between internal and external dynamics, identifying essential conditions for successful innovations: effective mobilization of internal resources, robust institutional support, and early and active user involvement. However, the study also identifies limitations in citizen engagement, particularly in the evaluation phase of innovations. The article concludes by suggesting avenues for enhancing full co-creation processes in public services to maximize public value."
OpenAlex,deep learning,Genesis of Organizational Innovation in Healthcare,Sabrina Grandclaude; Didier Grandclaude; Thierry Nobre; Cadenza Academic Translations,,2050-01-01,Cairn.info,"Based on the analysis of 96 organizational innovation in healthcare (OIH) projects and 52 interviews conducted with project leaders initiating these innovations, this research identifies the phenomena underlying the genesis of OIHs. The results highlight the major role played by factors such as patient empathy, international inspiration, academic inspiration, technological inspiration, serendipitous encounters, and the desire for organizational transformation in driving the generation of OIHs. Furthermore, our findings emphasize the dual nature of the research and development process for these innovations, characterized as both ex nihilo and ex materia."
OpenAlex,deep learning,"Depth of Processing, learner aptitude, and the acquisition of L2 English grammatical structures",Shweta Nigam,10.48683/1926.00128861,2031-01-01,CentAUR (University of Reading),"Depth of Processing (DoP) is central to several models of instructed second language acquisition (ISLA) (Leow, 2015). While DoP has been extensively examined in vocabulary learning (e.g., Laufer &amp; Hulstijn, 2001), its role in the acquisition of grammatical structures, particularly through oral and audio-visual modalities remains comparatively underexplored. Drawing on the Levels of Processing framework (Craik &amp; Lockhart, 1972), this study investigated whether task-induced processing depth influences the acquisition of third conditionals and comparatives, and whether language aptitude (LLAMA B, D, F) predicts learning gains. Using a pretest–posttest design, four intact classes involving 108 Grade 8 EFL learners in India were assigned to one of the three experimental conditions differing in level and type of processing: Low DoP, High DoP Explicit, and High DoP Implicit. The treatment task required the participants to listen to an audio-visual story containing the target structures (third conditionals and comparatives) and complete analytic tasks (varying in different groups) before listening to the story for a second time. The oral performance of the participants was analysed for accuracy, and frequency of use of the target structures. A grammaticality judgement test (GJT) and an elicited imitation task (EIT) were used to assess the participants’ gains in the knowledge of the target structures. In addition, language aptitude (LLAMA B, D, F) was measured and modelled as a predictor of gain scores. Results showed a significant effect of processing condition on GJT performance with the High DoP Implicit group outperforming the High DoP Explicit group on total scores and comparatives. In contrast, ANCOVA analyses indicated no significant group differences on EIT outcomes once pretest performance was controlled, with pretest scores strongly predicting posttest performance. In oral production, processing effects were structure-specific: the Low DoP group showed greater accuracy gains for comparatives, while both High DoP groups revealed increased frequency of use of third conditionals. However, across all four measures, multiple regression analyses indicated that LLAMA B, D, and F did not significantly predict gain scores. Overall, the findings support a processing-by-structure pattern: deeper processing benefits were most evident for the more salient structure (comparatives) on an explicit, written measure, whereas complex, low-salience forms (third conditionals) showed limited accuracy change but increased frequency of use under deeper processing."
OpenAlex,deep learning,Combating Data and Target Shifts in Visual Tasks,Zhaorui Tan,10.17638/03194353,2031-01-01,Open MIND,"The rapid advancement of deep learning models for visual tasks has led to significant progress in many domains. However, a key challenge remains: ensuring that models can generalize effectively to unseen samples or novel classes, especially in real-world scenarios where training data-target pairs are often limited or unavailable, and test data may exhibit shifts in both data and targets. This thesis addresses the problem of shifts across data and targets, proposing novel methods to improve model generalization and transferability in complex settings. The thesis identifies the different shift scenarios for visual tasks and presents their problem forms. The research first relaxes the static target distribution assumption in Multi-Domain Generalization (mDG) tasks, introducing the General Multi-Domain Generalization (GMDG) objective to improve generalization under varying data shifts. Specifically, Extensive experiments validate that GMDG is feasible for classification, segmentation, and regression tasks. Further considering extreme target distribution shifts where even unknown novel classes emerge, the study also explores logical regularization techniques for tasks such as Generalized Category Discovery (GCD), mDG+GCD, and Class Incremental Learning (CIL), proposing a sample-based logical regularization term (L-Reg) to enhance data-, target-, and all-shift generalization. Additionally, a partial logic framework is introduced to address challenges in CIL, enabling models to retain room for unknown classes during training. This is further extended by the Partial-Logic Regularization (PL-Reg), which improves generalization across GCD, mDG+GCD, and transferability for CIL tasks. Furthermore, the thesis proposes a novel Semantic-aware Data Augmentation (SADA) framework for cross-modality generalization in text-to-image synthesis (T2Isyn), text-image retrieval (TIR), and image-text retrieval (ITR) tasks. This framework ensures semantic preservation across text and image modalities, improving both semantic consistency and image quality in cross-modality tasks. The methods proposed in this thesis offer significant advancements in visual generalization and transfer scenarios, providing theoretical insights and practical solutions for handling data shifts, target shifts, and multi-modalities in complex scenarios. Extensive experiments validate the effectiveness of the proposed methods, demonstrating their superior performance across a range of tasks."
OpenAlex,deep learning,Assessing the Role of Digital Transformation in Strengthening Customer Engagement: A Case Study of bKash,Abdullah Al Ahad; Majeda Begum,,2031-01-01,RUCforsk (Roskilde University),"In this study, the role of digital transformation in enhancing customer engagement in the mobile financial services (MFS) industry is explored through a case study of bKash in Bangladesh.The research was designed to find out the key digital transformation projects which bKash has done, understanding customer perceptions about digital service, understanding the relationship and analysis between features of digital transformation and customer engagement, and analysing the challenges and opportunities of digital transformation.The research method used was a mixed-method research design, which was a combination of quantitative survey data from 46 respondents and qualitative data from the interviews conducted with 4 participants.The quantitative data were analysed statistically using descriptive statistics, reliability analysis, correlation analysis and multiple regression analysis, and the qualitative data were analysed in themes.The study was adopted primarily based on the Technology Acceptance Model (TAM) with the aid of the Diffusion of Innovation (DOI)Theory.The results propose that digital transformation has a positive impact on customer engagement for bKash.The PU, TR and PS measures had strong direct effects on customer engagement.On the contrary, the POEU and DSQ measures had results were statistically insignificant.Qualitative data discussion specified some factors that influence users experience, and these are convenience, reliability, and trust.Though there are several advantages in using digital platforms like bKash, but there are some cautions and issues of being worried.Fraud and service cost is two key area of being worried.According to the findings of this research project, the significance of ongoing innovation, robust security measures, and customer-focused digital approaches are so crucial and in emerging markets Bangladesh, financial service providers should integrate these issues to succeed in the competition."
OpenAlex,deep learning,Antecedents and consequences of Green-tech FDI in emerging markets,Zhuoran Liu,10.17638/03195308,2031-01-01,Open MIND,"As environmental pressures intensify, attracting sustainable foreign direct investment (FDI), particularly green-tech FDI, has become a critical pathway for emerging markets to achieve environmental sustainability. However, existing research remains fragmented, offering limited insights into why green-tech FDI enters emerging markets and how it affects regional green innovation. This thesis addresses these gaps by systematically examining both the antecedents and consequences of green-tech FDI through three empirical studies using regional data from China. Study 1 and Study 2 focus on the antecedents of green-tech FDI. Study 1 examines how host-country conditions can attract green-tech FDI, highlighting the role of environmental management information disclosure (EMID) by domestic firms in reducing information gaps and strengthening green market–seeking motives. Study 2 shifts attention to the active decision-making of green-tech FDI, showing that under uncertainty, green-tech foreign investors engage in identity-based bandwagon learning by imitating peers with similar green identities, thereby mitigating investment risks. Study 3 turns to the consequences of green-tech FDI. It demonstrates that, due to the technological complexity of green innovation and limited absorptive capacity in emerging markets, green-tech FDI may generate crowding-out effects rather than purely positive spillovers. Adopting a network perspective, the study further finds that universities play a key moderating role: through broad linkages and deep collaborations, they help mitigate negative spillovers and facilitate the diffusion of green technologies. Together, the three studies advance the literature on sustainable FDI by differentiating green-tech FDI from general FDI and identifying the specific mechanisms that shape its entry decisions and local innovation outcomes. Practically, the findings provide guidance for emerging-market governments and firms on how to attract and manage sustainable investment, balance growth with environmental objectives, and strengthen local innovation ecosystems."
OpenAlex,deep learning,Deep learning design of programmed enhancer pairs,Salil Garg; Blake M Torres; Joanna Wypasek,10.5281/zenodo.19477875,2030-04-08,Zenodo (CERN European Organization for Nuclear Research),
OpenAlex,deep learning,Deep learning design of programmed enhancer pairs,Salil Garg; Blake M Torres; Joanna Wypasek,10.5281/zenodo.19463376,2030-04-08,Zenodo (CERN European Organization for Nuclear Research),
OpenAlex,deep learning,Deep learning design of programmed enhancer pairs,Salil Garg; Blake M Torres; Joanna Wypasek,10.5281/zenodo.19463375,2030-04-08,Zenodo (CERN European Organization for Nuclear Research),
OpenAlex,deep learning,A UAV-Based Framework for Community-Scale Residential Building Energy Modelling in China,Mengfan Jin,10.17638/03195460,2029-01-01,Open MIND,"With increasing emphasis on energy efficiency and carbon emission reduction in the building sector, rapid and scalable energy modelling of existing buildings is critical for retrofit projects and policy development. Conventional surveys, data collection and energy modelling processes remain labour-intensive and impractical for large-scale applications, and energy modelling often dominates project time and cost. Unmanned Aerial Vehicles (UAVs) equipped with high-resolution and infrared cameras now offer fast and safe exterior surveys, showing great potential in building energy assessments. Yet, a systematic framework for UAV integration, from image capture through processing to inputs for building energy simulation, has not been established. This research addresses these challenges by developing a structured framework for community-scale building energy modelling, which integrates UAV photogrammetry to accelerate data acquisition, reduce labour, and shorten energy modelling time for retrofit projects. The framework is designed to minimise prior data requirements while maximising automation and retaining sufficient accuracy and reliability. It also addressed systemic issues, such as the lack of data necessary to fully exploit the potential of available technologies in the context of this study. To achieve this research objective, a mixed-methodology approach, combining desk studies and fieldwork, was adopted. First, a comprehensive review of UAV-based building energy studies mapped the current applications and available tools, proposing a preliminary framework. Fieldwork then encompassed a pilot study and a detailed case study. In the pilot test, a single building was surveyed to identify an optimal toolchain for flight planning, image capture, photogrammetric reconstruction, model generation, and selection of a simulation platform. The resulting refined framework was applied to a case study of a 39-building community, and it was demonstrated that further automation was necessary. The potential for automation was then further explored. Geomatic algorithms, machine learning, and deep learning techniques were compared, and the combination that best balanced accuracy and processing time was selected for 3D model generation and window-to-wall ratio (WWR) extraction. In parallel, an archetype library of residential buildings in the Hot Summer Cold Winter (HSCW) zone in China was compiled to facilitate the assignment of thermal parameters. Finally, a reusable community-scale building energy modelling (CBEM) workflow was assembled in Grasshopper using Ladybug Tools components to process the aforementioned inputs. In conclusion, this study integrates UAV photogrammetry, GIS-based geomatic algorithms, machine learning, and graphical programming to develop an UAV-CBEM framework. The outcomes establish a foundation for scalable UAV-based building energy assessments, enhancing applicability in data-limited and large-scale settings worldwide."
OpenAlex,deep learning,Culture Audit - Save a Life Pet Rescue,Grace L Kmak; Kaley A Chriswell; Carter Roberts; Antonio Pizza; Caroline Parrott,,2029-01-01,Journal of International Crisis and Risk Communication Research,"Our project was a culture audit on the non-profit save a life pet rescue. Our goal was to analyze how the group works along with determine if there is any areas of improvement for the organization. Through this, we learned that any ability to give back can make an impact for all things. Whether it be dogs or families."
OpenAlex,deep learning,Data Augmentation Application in Deep Learning Drug Discovery by Utilizing Relationships Between Biological and Medical Entities,Tianjun Wang,10.17638/03195452,2029-01-01,Open MIND,
OpenAlex,deep learning,Spectral Materialism: Encounters with land-time-scapes,Sam Nightingale,10.25602/gold.00040593,2029-01-01,Goldsmiths (University of London),"This transdisciplinary, practice-based PhD introduces spectral materialism through art-based research encounters with ecologically and historically stratified land-time-scapes shaped by hypersalinity and colonial terraforming. Centred in the semi-arid Mallee (southeastern Australia) and read through echoes with California’s Imperial Valley, the project examines how spectral time—the co-presence and haunting of other temporalities—manifests in the material conditions of salt, soil, water, plants, and infrastructures. It asks how learning from geological, First Nations, colonial, and ecological pasts can orient responsibilities in unsettled futures. Treating the present as a crisis of time as much as a crisis of matter, the thesis critiques linear-progressive temporalities bound to Western modernity and extractive regimes. In response, spectral materialism is developed as both a conceptual framework and a critical creative methodology. Through alchemical media experiments with salt crystals, hypersaline soils, and halophytes, photography is reconfigured as a site-responsive, process-oriented practice. Salt is engaged as a material agent and ‘time-crystal’ whose phase shifts—dissolution, saturation, precipitation, crystallisation, evaporation—form a meta-chemistry that refracts deep-marine pasts, settler-colonial irrigation infrastructures, and contemporary dust into processual renderings of time. Methodologically, the project advances attunement as a mode of sensing and responsiveness to forces that are not always immediately perceptible yet are materially active. Field notes appear as para-writing, interrupting linear narration so that heterogeneous times co-present themselves within the text. The thesis is guided by First Nations temporalities—time as relational and in place—while remaining accountable to ethical limits and protocols. The contribution is twofold: a theoretical articulation of spectral materialism as a way to think time otherwise, and a set of site-responsive methods for engaging elemental media in saline environments. Together, they generate materially grounded accounts of spectral presences and open alternative pathways for knowing, sensing, and relating within land-time-scapes marked by enduring colonial and ecological afterlives amid planetary change."
OpenAlex,deep learning,Advocating the potential of AI for syndrome discovery: a scoping review,A C P Ferreira; Aleksandar Anžel; Alexander Ullrich; Georges Hattab,,2029-01-01,Open MIND,"This protocol describes a scoping review to map the landscape of artificial intelligence (AI) applications in syndrome discovery. Specifically, we aim to identify: 1. What AI techniques (e.g., natural language processing, machine learning, deep learning) have been used to detect or characterize syndromes (in the context of Syndromic Surveillance Systems); 2. which clinical data sources (e.g., EHR text, emergency departments data, primary care data) are leveraged."
OpenAlex,deep learning,Deep learning image analysis of donor red blood cells to predict deformability and transfusion efficacy,Erik S. Lamoureux,10.14288/1.0451932,2028-01-01,cIRcle (University of British Columbia),"The full abstract for this thesis is available in the body of the thesis, and will be available when the embargo expires."
OpenAlex,deep learning,Le jeu de rôle ludique : un terrain d’analyse et d’entraînement pour l’acquisition de compétences managériales,Sanne Stijve; David Robert,,2028-01-01,Cairn.info,"Unlike serious role-playing games, which attempt to simulate certain situations and interactions in the business world, tabletop role-playing games set their narrative in a fictional universe. RPG games provide an excellent opportunity to analyse the interaction and thinking patterns of participants and offers the possibility to develop new behaviours and testing them over the course of one or more game sessions, using the “decontextualised” simulation system on a benevolent testing ground, an immersive simulation environment that enables analysis and personal growth work. This activity has been the subject of workshops run by PsychoStratégie SA, which constitute a case study showing how tabletop RPGs can be used in an innovative way to develop the managerial skills of professionals through a deeper understanding of their own interactional and reflexive patterns and the development of new behaviours and tactics."
OpenAlex,deep learning,"The Enlightenment of an Entrepreneur: A Multidisciplinary Exploration of Management, Psychology and Economic Theology",Graziano Mazza,,2028-01-01,Cairn.info,"This conceptual paper explores how Economic Theology’s ideas of calling, oikonomia, and entrepreneurship can enhance entrepreneurs’ ability to navigate sustainability transitions. Integrating concepts from various disciplines, it reimagines entrepreneurship as an iterative learning process that addresses societal challenges. The paper analyses existing Religion of Work theories, providing societal, psychological, and anthropological insights. It elucidates the concept of calling in entrepreneurship, suggesting that work can have transcendent meaning and purpose. Additionally, it examines boundaryless careers and the significance of work, portraying entrepreneurship as a profession with humanitarian and spiritual dimensions. The paper outlines fundamental beliefs and frameworks for societal contribution through entrepreneurship, emphasizing the individual-in-society perspective. It advocates for entrepreneurs as moral agents aligned with community values and proposes a shift from viewing economic actions as mere resource allocation to recognizing entrepreneurial action as an expression of human agency. JEL Codes: B5"
OpenAlex,deep learning,Deep q-learning aided k-means clustering protocol for optimizing network lifetime in wireless sensor networks,Flynn Dowey,10.14288/1.0451106,2028-01-01,Open Collections,"The full abstract for this thesis is available in the body of the thesis, and will be available when the embargo expires."
