source,keyword,title,authors,doi,publication_date,journal,abstract
PubMed,aortic stenosis,Sirtuin 1 deficiency mediates chronic kidney disease-induced inflammaging cardiovascular calcification.,Li Xu; Yidan Zheng; Ming Liu; Bowen Deng; Xingyu Qian; Chen Jiang; Yuqi Liu; Pengning Fan; Zhenqi Rao; Ming Chen; Zhe Chen; Zhejun Cai; Nianguo Dong; Da Zhu; Fei Li,10.1186/s43556-026-00488-3,2026-07-07,Molecular biomedicine,"Chronic kidney disease (CKD) markedly accelerates calcific aortic valve disease (CAVD), yet the underlying mechanisms and therapeutic targets remain poorly defined. Here, we integrate population-scale analyses, single-cell transcriptomics, genetic inference and functional experiments to identify a central role for Sirtuin 1 (SIRT1) in CKD-associated aortic valve calcification. Analysis of UK Biobank data linked CKD to accelerated ageing and increased aortic stenosis risk. Single-cell RNA sequencing of human aortic valves identified SIRT1 downregulation and NLRP3 pathway activation specifically in myofibroblast valve interstitial cells (VICs), coupled with enhanced senescence and osteogenic programmes. Consistently, genetic analyses, including eQTL-based Mendelian randomization, supported an inverse association between SIRT1 expression and CAVD risk. SIRT1 deficiency was associated with enhanced glycolysis, increased NF-κB activation and NLRP3 inflammasome signalling, accompanied by augmented osteogenic differentiation and calcification of VICs. Pharmacological or genetic inhibition of NLRP3 attenuated valve calcification in vivo, establishing the SIRT1-NF-κB-NLRP3 axis as a critical pathway linking CKD to CAVD. Finally, screening of anti-diabetic compounds identified semaglutide as a potent modulator that restores the SIRT1/NLRP3 balance and alleviates calcification in vitro and in vivo. These findings define a metabolic-inflammatory coupling mechanism underlying CKD-induced CAVD and highlight SIRT1 as a therapeutic target. Modulation of the SIRT1-NLRP3 axis, particularly by semaglutide, may represent a promising strategy for preventing valve calcification."
PubMed,aortic stenosis,Acquired aortic and mitral stenosis characterized by valvular fibroelastosis in a dog.,A Climent-Pastor; M Tursi; P Sebastián-Marcos; D Casamián-Sorrosal,10.1016/j.jvc.2026.06.002,2026-06-16,Journal of veterinary cardiology : the official journal of the European Society of Veterinary Cardiology,"Left-sided congestive heart failure was diagnosed in a 2.6-kg 13-year-old neutered male Yorkshire terrier by compatible clinical signs and findings on thoracic radiographs. Echocardiography revealed left atrium enlargement, left ventricular concentric hypertrophy, and thickening and stenosis of the mitral and aortic valves (AVs). A hypercoagulable state, chronic kidney disease, and a portal vein thrombus were identified. Medical management and balloon valvuloplasty of the AV provided good quality of life for nine months since diagnosis, but ultimately, recurrent episodes of pulmonary oedema and acute kidney injury led to attempted mitral balloon valvuloplasty which resulted in cardiac arrest and death. Postmortem examination revealed thickening of the mitral and aortic leaflets with loss of normal stratification and the presence of large areas of fibroelastic tissue and accumulation of myxoid tissue. Hypertrophy of cardiomyocytes was also observed and was considered secondary to aortic stenosis and not due to primary myocardial disease. Histopathological examination revealed fibroelastic changes affecting both the mitral valve and AV leaflets. These findings were considered atypical for more common forms of acquired valvular disease. This case report describes the clinical presentation, diagnostic approach, interventional management, and pathological features of an unusual case of acquired combined aortic and mitral stenosis in a dog and discusses similarities and differences with other conditions associated with comparable valvular abnormalities."
PubMed,aortic stenosis,Refining evidence-based care for diverse bicuspid aortic valve phenotypes: addressing one piece of a larger puzzle.,Ching-Hui Sia; William K F Kong,10.1136/heartjnl-2026-328293,2026-07-06,Heart (British Cardiac Society),
PubMed,aortic stenosis,Harnessing Large-Scale Multi-Omics Data for Risk Prediction and Deep Phenotyping of Valvular Heart Diseases in the General Population.,Zhihao Jiang; Yang Liu; Mingyu Song; Ning Chen; Canqing Yu; Jun Lv; Eric Yuk Fai Wan; Lu Qi; Liming Li; Dianjianyi Sun; Bang Zheng,10.1002/advs.76345,2026-07-06,"Advanced science (Weinheim, Baden-Wurttemberg, Germany)","The risk profile of valvular heart disease (VHD) and its underlying mechanisms remain poorly understood. This study aimed to develop and validate a multi-omics-based risk prediction model, and to elucidate potential biological mechanisms. Using data from the UK Biobank, Cox proportional hazards and machine learning models (XGBoost and LightGBM) were evaluated for predicting VHD and its subtypes (aortic valve stenosis, AVS; aortic valve regurgitation, AVR; mitral valve regurgitation, MVR). Cox models based on key clinical factors showed the best predictive performance (C-index of 0.75-0.81), which was further enhanced by incorporating proteomic data (all C-index > 0.81) but not by genomic or metabolomic data. Notably, a simplified 10-year model comprising only four top proteins maintained favorable performance (C-index of 0.75-0.82). Cluster analysis identified blood pressure and lipid levels as leading modifiable risk factors for VHD onset. Functional enrichment analysis revealed that VHD is primarily associated with protease inhibition, AVS with fibrotic and matrix metabolic pathways, and MVR with immune-inflammatory activation. Mendelian randomization and Bayesian colocalization analyses suggested causal associations between CNTN5 and CD8A with risks of AVS and MVR, whilst IGFBP7 showed a reverse-direction association with AVS. These findings highlight promising avenues for early diagnostic biomarkers and potential precision-targeted therapies."
PubMed,aortic stenosis,Anesthetic management of a high-risk cesarean delivery in a patient with multivessel Takayasu arteritis.,Jennifer Garcia; Kelechi Brenda Anyaehie,10.1080/08998280.2026.2690811,2026-07-06,Proceedings (Baylor University. Medical Center),"Takayasu arteritis (TA) is a rare chronic inflammatory disease affecting large vessels that can result in stenosis, occlusion, and aneurysm formation. Although not a contraindication, TA poses significant anesthetic challenges in pregnancy. We describe the successful anesthetic management of a patient with TA complicated by aortic root dilation, abdominal aortic aneurysm, bilateral subclavian artery, and bilateral carotid artery stenosis undergoing elective cesarean delivery at 37 weeks. To minimize hemodynamic fluctuations, we used a slowly titrated dural puncture epidural technique along with standard American Society of Anesthesiologists monitors and invasive monitoring with a dorsalis pedis arterial line. The procedure was completed without perioperative maternal complications, resulting in the delivery of a healthy neonate. This case emphasizes the anesthetic challenges of managing the complex pathophysiology of Takayasu arteritis and the associated cardiovascular hemodynamics in the peripartum period."
PubMed,aortic stenosis,Prosthesis-patient mismatch with intra-annular self-expanding valves: an analysis of the PORTICO IDE trial.,Gregory P Fontana; Ron Waksman; Arash Salemi; Marc Cohen; William Abernethy; James Hermiller; Craig Baker; Joseph Montarello; Neal Kleiman; Lars Sondergaard; Eric Gnall; Roberto Rodriguez; Hemal Gada; William Brinkman; Neil J Weissman; Paul Mahoney; Raj Makkar,10.4244/EIJ-D-26-00158,2026-07-06,EuroIntervention : journal of EuroPCR in collaboration with the Working Group on Interventional Cardiology of the European Society of Cardiology,"Aortic valve replacement in small aortic annuli is associated with an increased risk of impaired haemodynamics.
We sought to evaluate haemodynamic outcomes and prosthesis-patient mismatch (PPM) in aortic stenosis (AS) patients treated with Portico, Evolut, and SAPIEN 3 transcatheter aortic valves (TAVs) in small (diameter ≤23 mm) and large (diameter >23 mm) aortic annuli.
PORTICO IDE was a prospective, multicentre, international, premarket randomised controlled trial comparing Portico to Evolut and SAPIEN 3 TAVs. An independent core laboratory evaluated the mean transvalvular pressure gradient (MG) and the effective orifice area (EOA), and PPM was calculated based on the core lab results.
A total of 675 patients with severe AS at high or extreme surgical risk were included (Portico: 362 patients; Evolut: 109; SAPIEN 3: 204). At 30 days, the EOA and rates of severe PPM in small aortic annuli were similar between Portico and Evolut (EOA 1.65 cm2 vs 1.78 cm2; p=0.09; PPM 3.3% vs 3.0%; p=1.0) with a higher MG (8.5 mmHg vs 6.9 mmHg; p=0.034) for Portico. No significant differences were observed between Portico and Evolut for large aortic annuli (MG 8.3 mmHg vs 7.4 mmHg; p=0.069; EOA 1.93 cm2 vs 2.02 cm2; p=0.18; PPM 5.4% vs 3.2%; p=0.83). Portico was superior to SAPIEN 3 in both small (MG 8.5 mmHg vs 13.7 mmHg; p<0.0001; EOA 1.65 cm2 vs 1.40 cm2; p<0.0001; PPM 3.3% vs 26.3%; p<0.0001) and large annuli (MG 8.3 mmHg vs 10.9 mmHg; p<0.0001; EOA 1.93 cm2 vs 1.67 cm2; p<0.0001; PPM 5.4% vs 10.9%; p=0.0014). At 5 years, the rate of structural valve deterioration in patients with small aortic annuli was significantly lower in patients treated with Portico (2.2%) versus SAPIEN 3 (13.9%; p=0.03).
Haemodynamic performance was similar for the intra-annular Portico and supra-annular Evolut. Portico haemodynamics outperformed the balloon-expandable SAPIEN 3 for PPM and mean gradient in both small and large aortic annuli."
PubMed,aortic stenosis,Exercise testing in contemporary aortic stenosis management: translating pathophysiological insights into clinical decision-making.,Alexandre Altes; Eric Abergel; Sylvestre Maréchaux,10.1093/ehjci/jeag177,2026-07-06,European heart journal. Cardiovascular Imaging,
PubMed,aortic stenosis,Carotid endarterectomy and stenting in France: A 10-year nationwide evaluation of practice and outcomes.,Clement Willot; Maxime Dubosq-Lebaz; Soxna Faatimatu Kine Fall; Xavier Lenne; Thomas Mesnard; Benjamin O Patterson; Amelie Bruandet; Jonathan Sobocinski,10.1177/1358863X261442959,2026-07-06,"Vascular medicine (London, England)","Carotid stenosis accounts for 20-30% of ischemic strokes. In France, management practices for symptomatic and asymptomatic disease remain heterogeneous. This study assessed the nationwide trends and outcomes of carotid endarterectomy (CEA) and carotid artery stenting (CAS) from 2011 to 2020.
Using the French National Health Data System, we identified patients who underwent CEA or CAS for carotid stenosis. Symptomatic status was defined by stroke or transient ischemic attack within 6 months before intervention. Comorbidities were measured using the Charlson Comorbidity Index. The primary outcome was 30-day stroke or all-cause death.
Among 149,273 patients (85% asymptomatic), 4.8% of asymptomatic and 3.5% of symptomatic patients underwent CAS; the remaining patients underwent CEA. CAS recipients had greater comorbidity (Charlson ⩾ 3: 53% vs 39% in asymptomatic patients; 75% vs 66% in symptomatic patients). Thirty-day stroke/death occurred in 1.8% of asymptomatic patients (CAS 3.2% vs CEA 1.7%, p < 0.001) and 12.6% of symptomatic patients (CAS 15.5% vs CEA 12.6%). After multivariable adjustment, CAS was independently associated with higher risks of 30-day stroke and stroke/death compared with CEA. Five-year mortality was higher after CAS (28.5%) versus 20.9% after CEA. Cranial nerve injury was more frequent after CEA in symptomatic patients. Preoperative statin and antiplatelet use was lower in symptomatic patients (67.9% and 67.1%, respectively) versus asymptomatic patients (84.5% and 92.2%, respectively).
CEA remains the predominant treatment for carotid stenosis in France, whereas CAS is mainly used in higher-risk patients. Early postoperative complications are more frequent in symptomatic cases, and lower preoperative medical therapy use highlights suboptimal secondary prevention in this group."
PubMed,aortic stenosis,Bailout transcatheter edge-to-edge mitral valve repair for acute mitral regurgitation attributable to systolic anterior motion during transcatheter aortic valve implantation: a case report.,Yuki Numata; Suguru Hirose; Riichi Nishikawa; Shigeru Toyoda; Shinsuke Hamaguchi,10.1093/ehjcr/ytag452,2026-07,European heart journal. Case reports,"Systolic anterior motion (SAM) of the mitral valve is a rare but life-threatening complication of transcatheter aortic valve implantation (TAVI) that can cause acute severe mitral regurgitation (MR) and/or left ventricular outflow tract (LVOT) obstruction, leading to rapid haemodynamic deterioration. Evidence supporting the use of transcatheter edge-to-edge mitral valve repair (M-TEER) for SAM-related MR during TAVI, particularly in the absence of significant LVOT obstruction, is limited.
A 78-year-old woman with severe symptomatic aortic stenosis and multiple comorbidities underwent transfemoral TAVI. Immediately after predilatation, she experienced haemodynamic collapse and required percutaneous cardiopulmonary support. Transoesophageal echocardiography revealed SAM of the anterior mitral leaflet with severe MR without apparent LVOT obstruction. Although a transcatheter aortic valve was subsequently implanted, severe MR with haemodynamic instability persisted. As medical management did not stabilize haemodynamics, bailout M-TEER was performed 3 days after TAVI. Thereafter, MR improved from severe to mild and haemodynamic stabilization rapidly occurred. The patient was discharged with New York Heart Association class I and remained asymptomatic. Sustained MR improvement was observed during 6-month follow-up.
In this case, SAM-related MR without apparent LVOT obstruction developed immediately after predilatation in a patient with a sigmoid septum, and off-label M-TEER achieved haemodynamic stabilization. Although evidence supporting M-TEER for SAM-related MR during TAVI is limited to case reports and small case series, this case suggests that M-TEER may be considered a bailout option for selected patients when MR is the primary cause of haemodynamic collapse, even without apparent LVOT obstruction."
PubMed,aortic stenosis,Progression of Coexistent Aortic Valve Disease and Its Clinical Outcome in Patients Who Underwent Mitral Valve Surgery: A Single-Centre Observational Cohort Study.,Prabhas T Durbesula; Gautham A; Ramsankar P; Sai Chandran Bv,10.7759/cureus.110280,2026-06,Cureus,"Coexistent mild aortic valve disease is frequently observed in patients undergoing mitral valve surgery, yet the clinical significance and progression of these lesions remain uncertain. This study aimed to evaluate the progression and clinical outcomes of mild aortic valve disease following mitral valve surgery.
This single-centre observational study included 80 patients who underwent primary mitral valve surgery with documented mild aortic valve disease. Patients were evaluated through a hybrid design, consisting of a retrospective cohort (n=43) from 2010 to 2017 and a prospective cohort (n=37) from 2016 to 2019, using echocardiographic and clinical assessments.
At baseline, out of the 80 patients, 82.5% (n=66) presented with aortic regurgitation (AR) lesions, which comprised isolated mild AR (n=53; 66.2%), trivial AR (n=4; 5%), moderate AR (n=4; 5%), and mixed mild AR with mild aortic stenosis (AS) (n=5; 6.2%). The remaining 17.5% (n=14) presented with isolated mild AS. Follow-up clinical and echocardiographic assessment was completed in 74 patients, while six patients were lost to follow-up. During follow-up (mean duration: 3.54±1.48 years), most assessed patients remained clinically and echocardiographically stable. Among patients with isolated mild AR at baseline, eight patients progressed to moderate AR, while the remaining patients did not demonstrate clinically meaningful progression. Pressure half-time decreased from 643.53±103.90 ms preoperatively to 592.30±120.55 ms postoperatively (t=5.122; p<0.001), and vena contracta increased from 0.26±0.05 cm to 0.31±0.10 cm (t=4.472; p<0.001), without clinically significant deterioration. In patients with aortic stenosis, the aortic valve area decreased from 1.66±0.04 cm² to 1.59±0.02 cm² (t=2.047; p=0.044), and the mean gradient increased from 16±1.73 mmHg to 19±1.00 mmHg (t=2.145; p=0.035). Kaplan-Meier analysis demonstrated an event-free survival rate of 94.6% at the final follow-up. Multivariate analysis identified preoperative aortic valve lesion as the only significant predictor of disease progression (OR: 0.038; 95% CI: 0.002-0.948; p=0.046).
Mild aortic valve disease in patients undergoing mitral valve surgery generally remains stable and does not demonstrate significant clinical progression. Routine echocardiographic surveillance remains important to identify the minority of patients who may develop progressive valve dysfunction."
PubMed,aortic stenosis,Common Clinical Scenarios in Adult Congenital Heart Disease: A Practical Guide for General Cardiologists.,Tripti Gupta; Matthew R Carazo,10.14797/mdcvj.1800,2026,Methodist DeBakey cardiovascular journal,"Adults with congenital heart disease (ACHD) represent a growing population of adults in the United States, necessitating lifelong care by ACHD specialists. Often, patients may be lost to follow-up after pediatric care or elude detection until adulthood, presenting to the emergency room with common clinical complaints such as chest pain, dyspnea on exertion, or palpitations. This review demystifies common clinical presentations in pulmonary stenosis, branch pulmonary stenosis, coarctation of the aorta, and subaortic stenosis and their associated pathophysiology, salient clinical features, multimodality diagnostic findings, and indication for intervention."
PubMed,aortic stenosis,Cilostazol for Probable Swallow Syncope Associated With Sick Sinus Syndrome in a Nonagenarian Receiving Home-Based Care: A Case Report.,Hiromitsu Yamashita; Sandeep Shakya; Masayoshi Shiota,10.1002/jgf2.70147,2026-07,Journal of general and family medicine,"Swallow syncope is a rare reflex syncope, typically treated with pacemaker implantation. Pharmacological alternatives may be considered when pacemaker implantation is not feasible or not concordant with goals of care.
We report a nonagenarian woman with dementia, very severe aortic stenosis, heart failure, and sick sinus syndrome who developed recurrent meal-triggered syncope after discharge. Holter monitoring documented multiple prolonged sinus pauses during hospitalization. Given frailty, comorbidities, and the family's preference to avoid rehospitalization, pacemaker implantation was not pursued. Cilostazol 100 mg twice daily was initiated in home-based care, resulting in complete resolution of syncope over 10 months without adverse effects.
Cilostazol may represent a noninvasive therapeutic option for carefully selected patients with probable swallow syncope when pacemaker implantation is not concordant with goals of care."
PubMed,aortic stenosis,Real-World Performance and Mid-Term Durability of the Myval Transcatheter Heart Valve in Patients Undergoing Transcatheter Aortic Valve Replacement.,Alberto Colella Cervone; Dimytri Alexandre de Alvim Siqueira; Tacianne Rolemberg Braga Delamain; Jose Henrique Herrmann Delamain; Sergio Luiz Navarro Braga; Jorge Eduardo Assef; Ibraim Masciarelli Francisco Pinto; Mario Issa; Dorival Julio Della Togna; Antonio Tito Paladino Filho; Luiz Fernando Tanajura; Louis Nakayama Ohe; Ricardo Alves da Costa; Gabriel Prado Saad; Matheus Oliveira Souza; Lucas Ferreira Marcondes Lemos; Daniel Gustavo Sabino Ferreira Bandeira; Lucas Damiani; Kleber G Franchini; Fausto Feres,10.1002/ccd.70738,2026-07-06,Catheterization and cardiovascular interventions : official journal of the Society for Cardiac Angiography & Interventions,"The Myval Transcatheter Heart Valve (THV) was designed to address limitations of earlier devices, such as paravalvular leak and sizing restrictions. The LANDMARK trial showed non-inferior short-term outcomes versus established valves in a randomized population of patients with severe aortic stenosis eligible for TAVR with the compared devices. However, confirmation of these findings in routine clinical practice remains important. This study evaluates the real-world safety, efficacy, and mid-term durability of Myval in severe aortic stenosis.
This study evaluates the real-world safety, efficacy, and mid-term durability of the Myval THV in patients with severe symptomatic aortic stenosis undergoing TAVR in a consecutive single-center registry.
We conducted a retrospective, single-center, single-arm study including 214 consecutive patients who underwent Myval THV implantation between December 2020 and February 2025, with at least 30-day follow-up. Clinical events were reported as incidence rates per 100 patient-years, and hemodynamic performance was assessed using mean profile charts with 95% confidence intervals.
Among 214 patients (mean age 77 years; 41% female), procedural success was 97.7%. Aortic valve area increased from 0.68 cm2 at baseline to 1.79 cm2 at 30 days, with mean gradients falling from 55.6 mmHg to 10.2 mmHg and remaining stable at 3 years. At 1 year, all-cause mortality was 9.0%, stroke 2.7%, and new pacemaker implantation 11.8%, while structural valve deterioration was rare (3.4%).
In this real-world cohort, TAVR with the Myval THV showed high procedural success, sustained mid-term hemodynamic improvement, and complication rates comparable to benchmark devices. These findings support its potential as a safe and effective option for severe aortic stenosis, although confirmation in larger, multicentre studies with extended follow-up is warranted."
PubMed,aortic stenosis,Association of Valvular Disease Progression Using Echocardiographic Findings in a Large U.S. Cohort.,Abes A Bautista Neughebauer; Amin Yehya; Raymond L Benza; Deepak Talreja,10.1111/echo.70546,2026-07,"Echocardiography (Mount Kisco, N.Y.)","The prevalence of valvular disease in the US is approximately 2.5%. Given that over 5 million Americans are affected, it is crucial to find those at higher risk of progression. The goal of this paper is to uncover which patients are more likely to have valvular disease progression using demographic factors, EKG and echocardiogram (ECHO) findings.
This paper utilized the EchoNext Database, which pairs 100,000 electrocardiograms and echocardiograms based on specific structural heart disease labels. Univariate and multivariate logistic regression were used to find risk factors for progression for aortic stenosis (AS), aortic regurgitation (AR), mitral regurgitation (MR), tricuspid regurgitation (TR) and pulmonary insufficiency (PI). Progression was defined as worsened valvular disease on follow up ECHOs.
There were 100,000 encounters of EKGs/ECHOs included in the study, and 36,286 individual patients. Independent risk factors of AS progression were age and QRS duration. Age, QRS duration, AS, AR, MR and pericardial effusion were independent risk factors for AR progression. MR progression was independently associated with PR, QRS and QTc durations, MR and left ventricular ejection fraction. QRS duration, MR, TR and right ventricular function were independent factors for TR progression. Lastly, for PI progression, male sex and AS were found to be independent risk factors.
The combination of demographic, electrocardiographic and echocardiographic findings can help better assess the progression of valvular disease."
PubMed,aortic stenosis,A Physiologic Left Ventricle Flow Phantom for 4D Flow MRI Applications and CFD Verification.,Moritz Wiegand; Lukas Obermeier; Hannes Dillinger; Sebastian Schmitter; Leonid Goubergrits; Titus Kühne; Katharina Vellguth,10.1007/s10439-026-04205-7,2026-07-05,Annals of biomedical engineering,"In vivo verification for the development of cardiac MRI and CFD simulations is limited by scan time and motion artifacts. We developed a subject-specific, MRI-compatible left ventricle (LV) phantom within a closed-loop circulation system driven by an MRI-safe pump to reproduce cardiac motion and provide robust data for high-fidelity model validation.
The LV was fabricated from a PVA-based hydrogel to ensure MRI contrast, mechanical stability, and reusability. The complete setup fulfills key requirements for long-term leakage-free operation, close coil placement, and resembles in vivo soft-tissue contrasts. The setup reproduces healthy end-diastolic and end-systolic geometries, including physiologic contraction and papillary muscles. Integrated aortic and mitral valves approximate physiological opening and closing. High image contrast enabled time-resolved segmentation of the LV geometry.
The LV shape matched the target anatomy well, despite minor deviations at the basal transition and in valve orifice, with mild aortic stenosis and mitral regurgitation. 4D flow MRI confirmed physiological flow patterns, including diastolic vortex ring formation and realistic systolic outflow. Velocity estimates confirmed the phantom's applicability in an in vitro setting without scan time limitations. The acquired time-resolved MRI data enabled CFD simulations incorporating LV and valve motion, although segmentation accuracy remains a primary source of uncertainty.
This LV phantom provides a stable, MRI-compatible platform for generating reproducible data to validate modeling of intracardiac hemodynamics. Its realistic anatomy, motion, and flow patterns support both simulation validation and MRI sequence development. Future work will focus on improving valve kinematics and LV motion fidelity."
PubMed,aortic stenosis,"Surgical Septal Myectomy and Atrial Myxoma Resection: Two Diseases, One Heart, and a Case Report.",Leonardo Rufino Garcia; Marcello Laneza Felicio; Julia Bortoleto Cury; Marina Politi Okoshi; Katashi Okoshi,10.12659/AJCR.953036,2026-07-05,The American journal of case reports,"BACKGROUND The coexistence of cardiac myxoma and hypertrophic cardiomyopathy is exceedingly rare and poses diagnostic and therapeutic challenges. While atrial myxomas may cause acute hemodynamic compromise, concomitant left ventricular outflow tract obstruction (LVOTO) due to hypertrophic cardiomyopathy can remain clinically underestimated, raising uncertainty regarding the optimal timing of septal reduction therapy. CASE REPORT A 38-year-old man was admitted with acute dyspnea and hypoxemia. Imaging revealed pulmonary congestion and a large left atrial mass causing functional mitral stenosis. Transthoracic echocardiography demonstrated asymmetric septal hypertrophy (maximum thickness 25 mm) with dynamic LVOTO and a mobile left atrial mass consistent with myxoma. The patient underwent surgical resection of the tumor with concomitant septal myectomy. Histopathology confirmed atrial myxoma and myocardial hyperplasia. Postoperatively, complete atrioventricular block required permanent dual-chamber pacemaker implantation. At short-term follow-up, the patient was asymptomatic with mild residual LVOTO. CONCLUSIONS This case underscores the importance of comprehensive structural and functional assessment in patients with intracardiac tumors. In young patients with favorable prognostic features and significant left atrial dilatation, early septal myectomy performed concomitantly with tumor resection may be justified, even when resting LVOT gradients are below conventional thresholds. This strategy aligns with the latest American and European guidelines on cardiomyopathies and may prevent delayed intervention and disease progression. The case also highlights atrioventricular block as a relevant complication of surgical myectomy, reinforcing the need for careful perioperative planning. Overall, this report provides an instructive example of individualized surgical decision-making in complex cardiomyopathy presentations."
PubMed,aortic stenosis,Balloon aortic valvuloplasty for critical aortic stenosis in neonates and infants: early outcomes from a single-center cohort.,Elnur Imanov; Esmira M Nasibova; Esmira M Nasibova,10.1186/s12872-026-06170-4,2026-07-04,BMC cardiovascular disorders,"Critical aortic valve stenosis in neonates and infants is a life-threatening congenital heart disease characterized by severe left ventricular outflow tract obstruction and compromised systemic perfusion. Balloon aortic valvuloplasty (BAV) has become an established initial treatment option; however, data on early outcomes in this vulnerable population remain relatively limited.
This retrospective single-center study included 30 neonates and infants (≤ 12 months) with critical aortic valve stenosis who underwent balloon aortic valvuloplasty between 2016 and 2024. Clinical, echocardiographic, and hemodynamic parameters were analyzed before and after the procedure. Early procedural success, complications, and short-term outcomes were assessed.
Balloon aortic valvuloplasty resulted in a significant immediate reduction in transaortic pressure gradients (p < 0.05), indicating effective relief of left ventricular outflow tract obstruction. Left ventricular systolic function improved or remained stable in the majority of patients. New-onset or increased aortic regurgitation occurred in some cases, predominantly mild to moderate in severity, while severe regurgitation was uncommon. Early mortality was low, and most patients demonstrated favorable early clinical stabilization. Some patients required reintervention or surgical referral because of residual stenosis or progressive aortic regurgitation.
Balloon aortic valvuloplasty is a safe and effective first-line treatment for critical aortic valve stenosis in neonates and infants, providing rapid hemodynamic improvement with acceptable early outcomes. The procedure represents an important therapeutic strategy in the initial management of this high-risk pediatric population."
PubMed,aortic stenosis,Heart Failure Pharmacotherapy Across the TAVR Continuum.,Takayuki Onishi; Gilbert H L Tang; Andy Moyal; Krishna Santosh Vemuri; Sri Swaminathan; Johanna Contreras; Noah Moss; Sahil Khera; Amit Hooda; George Dangas; Annapoorna S Kini; Samin K Sharma; Sunny Goel,10.1016/j.cardfail.2026.06.011,2026-07-04,Journal of cardiac failure,"Take Home Illustration. Heart Failure Pharmacotherapy Across the TAVR Continuum. GDMT recommendations across the pre-, peri-, and post-procedural phases of TAVR. The recommendations are based on available evidence for each drug class regarding safety, efficacy, and impact on clinical outcomes. BB = beta blocker; HF = heart failure; GDMT = guideline directed medical therapy; HFpEF = heart failure with preserved ejection fraction; HFrEF = heart failure with reduced ejection fraction; MRA = mineralocorticoid receptor antagonist; RASi = renin angiotensin system inhibitor; SGLT2i = sodium glucose transporter 2 inhibitor; TAVR = transcatheter aortic valve replacement. Transcatheter aortic valve replacement (TAVR) is an increasingly common treatment option for severe symptomatic aortic stenosis. However, heart failure often persists because of incomplete reversal of myocardial remodeling, fibrosis, and diastolic dysfunction. TAVR corrects valvular afterload but does not resolve the underlying myocardial disease. Guideline-directed medical therapy (GDMT), including renin-angiotensin system inhibitors (RASi), sodium-glucose cotransporter-2 inhibitors (SGLT2i), mineralocorticoid receptor antagonists (MRAs), and beta-blockers (BBs), has a strong mechanistic rationale and potential clinical benefit, although evidence in TAVR populations remains heterogeneous and is largely observational. Nonetheless, accumulating data support continuation and early optimization of GDMT in the pre-, peri-, and post-TAVR periods, with the most consistent benefit observed for RASi and SGLT2i. Key uncertainties remain regarding optimal timing, patient selection, and class-specific effects. This State-of-the-Art Review integrates current evidence and proposes a framework to guide GDMT use across the TAVR continuum while defining priorities for future randomized trials Condensed Abstract: Post-TAVR heart failure frequently persists because of residual myocardial disease. GDMT, including RASi, SGLT2i, MRAs, and BBs, may improve outcomes but remains underutilized and inconsistently addressed in current guidelines. GDMT should ideally be continued when tolerated and optimized early across the TAVR continuum, particularly RASi and SGLT2i. Therapy should be tailored to heart failure phenotype across the TAVR continuum. Randomized trials are needed to define optimal implementation strategies."
PubMed,aortic stenosis,Mavacamten in adolescent obstructive hypertrophic cardiomyopathy: SCOUTing a way forward.,Joshua D Bennetts; Doan T M Ngo; Baljash Cheema; Kaveh Hosseini; Nicolas Verheyen; Viktoria Santner; Daniela Tomasoni; Aaron L Sverdlov,10.1007/s10741-026-10655-x,2026-07-04,Heart failure reviews,"Paediatric obstructive hypertrophic cardiomyopathy (oHCM) is a rare inherited cardiac disease that may present from childhood through adolescence and is associated with substantial long-term morbidity and mortality. Its management is based largely on observational studies and clinical experience and currently focusses on symptom improvement through medical therapy and, when indicated, septal reduction therapy to alleviate left ventricular outflow tract (LVOT) obstruction. In adult oHCM, mavacamten has established cardiac myosin inhibition as an effective strategy to reduce LVOT obstruction, but paediatric trial evidence has been lacking. The SCOUT-HCM trial is the first randomised placebo-controlled trial in adolescents to investigate the efficacy and safety of mavacamten for symptomatic oHCM. Among 44 adolescents (mean age 14.7 ± 1.7 years) mavacamten significantly reduced Valsalva-provoked LVOT gradients at 28 weeks, confirming short-term physiological efficacy. Secondary and exploratory findings, including NYHA functional class, cardiac structure and biomarkers, showed a trend to improvement, without a signal of left ventricular systolic dysfunction. The positive results of SCOUT-HCM, align with larger and longer adult oHCM trials and are likely to influence clinical practice, supporting a cautious integration of mavacamten in adolescent oHCM management. Longer follow-up and broader paediatric studies should determine durability of benefit, validated patient-reported outcomes, exercise capacity, arrhythmia burden, long-term safety and the need for septal reduction therapy in paediatric oHCM."
PubMed,aortic stenosis,Eyeballing versus comprehensive geriatric frailty assessment and outcomes after transcatheter aortic valve replacement: Insights from a large cohort.,Ziad Arow; Juri Iwata; Akiko Masumoto; Antonella Millin; Amir Aker; Hana Vaknin-Assa; Abid Assali; Chiara De Biase; Nicolas Dumonteil; Didier Tchetche,10.1016/j.carrev.2026.06.016,2026-06-25,Cardiovascular revascularization medicine : including molecular interventions,"Frailty is common among TAVR candidates. While guidelines recommend formal geriatric assessment for risk stratification, frailty is often evaluated in daily practice using physician judgment - ""eyeball test"". This study compared outcomes of frail versus non-frail patients undergoing TAVR using frailty classification based on eyeballing or formal geriatric assessment.
This study included all patients undergoing TAVR for severe aortic stenosis (AS) with balloon-expandable or self-expandable valves between 2012 and 2024. Frailty was assessed in two cohorts: by physician clinical judgment (the ""eyeball"" cohort) or by formal comprehensive geriatric assessment, which was reserved for cases deemed uncertain by the treating clinician. The primary endpoint was 1-year all-cause mortality.
A total of 6343 patients were included in the study. Frailty was assessed by eyeballing in 4603 patients and by comprehensive geriatric assessment in 1740 patients. In the eyeball assessment cohort, frail patients exhibited significantly higher rates of in-hospital mortality (2.1% vs. 1.0%, p = 0.006) and 1-year mortality (8.1% vs. 6.3%, p = 0.024). In the formal geriatric assessment cohort, frail patients demonstrated a numerically higher 1-year mortality rate compared with non-frail patients (7.3% vs. 5.3%); however, this difference did not reach statistical significance (p = 0.160). In both cohorts, there were no significant differences in the composite safety endpoint, PPM implantation, or moderate or greater PVL.
Frailty assessed by routine clinical ""eyeballing"" provided prognostic stratification after TAVR. A pragmatic two-step strategy - routine eyeballing with comprehensive geriatric assessment reserved for uncertain cases, may represent an efficient approach for frailty evaluation in contemporary TAVR practice."
Crossref,aortic stenosis,Staged Full-endoscopic Foraminotomy for Multilevel Lumbar Stenosis with Scoliosis: A Case Report,Takayuki KITAHARA; Yuji NAGAO; Takafumi OHSHIMA; Naoto ONO; Saori SOEDA; Makoto TAKEUCHI; Kosuke SUGIURA; Hiroaki MANABE; Masatoshi MORIMOTO; Fumitake TEZUKA; Hiroshi KAGEYAMA; Junzo FUJITANI; Koichi SAIRYO,10.2176/jns-nmc.2025-0339,2026-12-31,NMC Case Report Journal,
Crossref,aortic stenosis,Vasodilatory study of Mitragyna speciosa (Korth.) Havil methanolic extract using rats aortic ring assay,Hui Wei Loh; Wan Yin Tew; Chong Seng Yan; Chi Yuan Low; Zurina Hassan; Qiyue Qiu; Bin Yang; Zheng Zhang; Ruiling Zhang; Nelson Jeng Yeou Chear; Mun Fei Yam,10.1016/j.jep.2026.122057,2026-12,Journal of Ethnopharmacology,
Crossref,aortic stenosis,Step-by-step En face O red oil method for aortic plaque staining and quantification in ApoE knockout mouse,Nurin Yasmin Mohd Khairudin; B. Vimala R.M.T Balasubramaniam; Suhaila Abd Muid; Nurdiyana Nasrudin; Nasibah Azme,10.1016/j.mex.2026.104020,2026-12,MethodsX,
Crossref,aortic stenosis,An antibody-conjugated polymer nanoparticle that targets inflammatory site for abdominal aortic aneurysm antioxidant stress therapy,Youjin Huang; Qi'’nan Yin; Qin Zhang; Jinping Liu; Ya Wu; Yong Liu,10.1016/j.bioadv.2026.214968,2026-11,Biomaterials Advances,
Crossref,aortic stenosis,M1 macrophage-derived exosomal miR-155-5p exacerbates aortic dissection via SMAD5-Mediated regulation of vascular smooth muscle cell phenotype,Dengwei Cao; Xinyi Li; Shaoping Zhu; Jianfeng Chen; Haoxiang Li; Jiajun Shi; Xiaoqi Xiong; Jiahui Liu; Yumou Wang; Zhe Dong; Jiangping Song; Jinping Liu,10.1016/j.bioactmat.2026.05.057,2026-11,Bioactive Materials,
Crossref,aortic stenosis,Colchicine attenuates diet-induced early aortic vascular remodeling in mice via modulation of inflammatory and cell death-associated pathways,Amira I. Shrief; Sally Abdallah Mostafa; Dina S. Elshenawy; Mamdouh Eldesoqui; Somaya Saad; Yomna F. Hassan,10.1016/j.tice.2026.103720,2026-11,Tissue and Cell,
Crossref,aortic stenosis,Comparative phenotypic analysis of primary aortic VSMCs versus TGF - β/PDGF - BB differentiated MSCs in rat,Pulkit Soni; Diksha Rani; Manish Kumar; Vaibhav Kushwaha; Anurag Thapliyal; Satyavir Yadav; Shashank Kumar Maurya; Sanjay Kumar Dey,10.1016/j.tice.2026.103714,2026-11,Tissue and Cell,
Crossref,aortic stenosis,The impact of FBN1 variant types on pregnancy-related aortic dissection in women with Marfan syndrome,Tae Yokouchi-Konishi; Chizuko Aoki-Kamiya; Mitsuhiro Tsuritani; Yasuki Ishihara; Yohei Miyashita; Yoshihiro Asano; Takeshi Yagyu; Hitoshi Matsuda; Hiroko Morisaki; Mai Temukai; Masami Sawada; Aiko Kakigano; Naoko Iwanaga; Takeshi Kanagawa; Reiko Neki; Jun Yoshimatsu,10.1016/j.ijcard.2026.134634,2026-10,International Journal of Cardiology,
Crossref,aortic stenosis,DNMT3B attenuates the development of thoracic aortic aneurysm and dissection by suppressing TFEB-mediated autophagy in vascular smooth muscle cells,Yulin Bao; Yaxin Zhu; Yuting Niu; Yilu Hu; Dingkun Lu; Ruixia Xu; Xiaohan Fan,10.1016/j.bbadis.2026.168331,2026-10,Biochimica et Biophysica Acta (BBA) - Molecular Basis of Disease,
Crossref,aortic stenosis,Impact of Aortic Diameter on Left Ventricular Diastolic Dysfunction Following Endovascular Aortic Repair in Patients with Abdominal Aortic Aneurysm,Hitoshi Nakanowatari; Masumi Iwai-Takano; Tomohiro Takano; Tsuyoshi Fujimiya; Koki Takahashi; Yoshiki Endo; Yasuhisa Fukada; Yoshihito Irie; Tetsuya Ohira,10.1016/j.avsg.2026.05.108,2026-10,Annals of Vascular Surgery,
Crossref,aortic stenosis,Interpretable machine learning for one-year mortality prediction in acute aortic dissection: a multimodal model integrating CT imaging features and electrocardiographic parameters,Jing Zhang; Wuyu Xiong; Yunping Sun; Wenqiang Li; Cuiyuan Huang; Huiling Zheng; Caiwei Tan; Ye Sang; Jiajuan Yang; Songlin Zhang; Jian Yang,10.1016/j.bspc.2026.110969,2026-10,Biomedical Signal Processing and Control,
Crossref,aortic stenosis,Early Multicenter Experience with the Nexus Duo™ Aortic Arch Stent Graft System in the Treatment of Aneurysmatic Aortic Arch Diseases,Theodosios Bisdas; Michael Erb; Nikolas Charalambous; Michelle Antonello; Vladimir Makaloski; Luis Miguel Izquierdo Lamoca; Said Abisi; Ahmed Elbasty; Semih Buz; Elisa Jankwitz; Georgios I. Karaolanis; Nada Yasser Elzefzaf; Neophytos Zambas (Nicosia); Prakash Saha; Christiane Schubert,10.1016/j.avsg.2026.05.095,2026-10,Annals of Vascular Surgery,
Crossref,aortic stenosis,Metabolic mechanism analysis of abdominal aortic aneurysm tissues by internal extractive electrospray ionization mass spectrometry with minimal sample size,Manman Qin; Leting Wang; Dan Shan; Deqing Lin; Qinglin Chen; Shuxiang Yan; Liangliang Liao; Xinyi Luo; Yifeng Zhang; Jun Yu,10.1016/j.talanta.2026.129840,2026-10,Talanta,
Crossref,aortic stenosis,Transcatheter embolization of an endoleak through a vascular plug implanted in the left common iliac artery during aortouni-iliac endovascular aortic repair: A case report,Ryuta Okuhira; Akira Ikoma; Ryosuke Mimura; Atsufumi Kamisako; Tetsuo Sonomura; Hiroshi Doi,10.1016/j.radcr.2026.06.034,2026-10,Radiology Case Reports,
Crossref,aortic stenosis,Long-Term Durability of TEVAR for Blunt Traumatic Aortic Injury in Young Patients,Karthigesu Aimanan; Ammar Ahmad; Michael Arvind; Putera Mas Pian; Kumaraguru VK. Pillay; Hanif Hussein,10.1016/j.avsg.2026.05.107,2026-10,Annals of Vascular Surgery,
Crossref,aortic stenosis,"Evaluation, treatment, and outcomes in patients with possible severe aortic stenosis",Pishoy Gouda; Derek D. Cyr; Karen Chiswell; Jeremy Mercer; Paul Hofmann; Shazeb Khan; Sreekanth Vemulapalli,10.1016/j.ahj.2026.107498,2026-10,American Heart Journal,
Crossref,aortic stenosis,Admission-Based Early Risk Stratification for In-Hospital Mortality in Ruptured Abdominal Aortic Aneurysm: A Pragmatic Clinical Model,M.a Lourdes Del Río-Solá; Marina Jimenez-Caja; Clara de la Torre-Casaseca; Eva Alvarez-Garcia; Carlos García-Padron; Cintia Flota-Ruiz,10.1016/j.avsg.2026.05.086,2026-10,Annals of Vascular Surgery,
Crossref,aortic stenosis,A physiology-constrained framework for non-invasive left atrial pressure assessment and post-procedural estimation in mitral stenosis,Qimin Zhang; Wenwen Liang; Shengzhang Wang; Minmin Sun,10.1016/j.bspc.2026.110809,2026-10,Biomedical Signal Processing and Control,
Crossref,aortic stenosis,Syphilitic descending aortic aneurysm presenting with characteristic double-ring sign on CT: Radiologic–pathologic correlation,Tsubasa Sugie; Syohei Miyaguni; Nanae Tsuchiya; Yuma Chinen; Hitoshi Inafuku; Tatsuya Maeda; Kojiro Furukawa; Naoki Wada; Akihiro Nishie,10.1016/j.radcr.2026.06.092,2026-10,Radiology Case Reports,
Crossref,aortic stenosis,Beyond luminal stenosis: Epicardial adipose tissue volume reflects coronary plaque burden according to CAD-RADS 2.0,Emine Meltem; Ibrahim Taskın Rakıcı; Mert Aric; Saime Turgut Gunes; Kubra Bozkurt; Ceyda Turan Bektas; Abdullah Soydan Mahmutoglu,10.1016/j.ejrad.2026.113023,2026-10,European Journal of Radiology,
Crossref,mitral regurgitation,AIoT-Driven Real-Time Detection of Mitral Valve Prolapse,Meng Han Chen; Guanling Lee,10.1504/ijipt.2027.10079642,2027,International Journal of Internet Protocol Technology,
Crossref,mitral regurgitation,Cine-derived mitral annular relaxation velocity for detection of preclinical left ventricular diastolic dysfunction,Niall McVeigh; David Ryan; Fiona Ryan; Joseph McCambridge; Maria Ferre; Sebastian Flynn; David J. Murphy; Mark Ledwidge; Ken McDonald; Jonathan D. Dodd,10.1016/j.mri.2026.110733,2026-11,Magnetic Resonance Imaging,
Crossref,mitral regurgitation,Corrigendum to “First-in-human study of the K-Clip™ transcatheter annular repair system for severe functional tricuspid regurgitation” [International Journal of Cardiology 390(2023) / IJCA 131174],Xiaochun Zhang; Qinchun Jin; Wenzhi Pan; Wei Li; Yingqiang Guo; Genshan Ma; Cuizhen Pan; Shasha Chen; Yuan Zhang; Lei Zhang; Mingfei Li; Shiqiang Hou; Yat-yin Lam; Thomas Modine; Alex Pui-Wai Lee; Juying Qian; Daxin Zhou; Junbo Ge,10.1016/j.ijcard.2026.134622,2026-10,International Journal of Cardiology,
Crossref,mitral regurgitation,Relationship between left atrial fibrosis and function in a selected cohort undergoing surgery for severe primary mitral regurgitation,Caterina Maffeis; Andrea Rossi; Elvin Tafciu; Stefania Rizzo; Monica De Gaspari; Vincenzo Giambruno; Venanzio Di Nicola; Giovanni B. Luciani; Cristina Basso; Flavio L. Ribichini,10.1016/j.ijcard.2026.134614,2026-10,International Journal of Cardiology,
Crossref,mitral regurgitation,Left atrial strain and fibrosis in primary mitral regurgitation: asynchronous markers of atrial remodelling?,Cristina Conte; Alessandro Telesca; Massimo Imazio,10.1016/j.ijcard.2026.134642,2026-10,International Journal of Cardiology,
Crossref,mitral regurgitation,Safety of multiple grasping attempts during transcatheter mitral valve repair with the PASCAL system,Florian Jürgens; Florian Schindhelm; Mohammed Abusharekh; Clara M.K. Brandts; Jürgen Kampf; Matthias Totzeck; Fadi Al-Rashid; Peter Lüdike; Tienush Rassaf; Amir A. Mahabadi,10.1016/j.ijcard.2026.134636,2026-10,International Journal of Cardiology,
Crossref,mitral regurgitation,"Comment on “accuracy of machine learning models for mitral regurgitation severity assessment: A systematic review and meta-analysis""",Sharyu Ikhar; Yogesh Nagargoje; Ruchita Shrivastava,10.1016/j.ijcrp.2026.200666,2026-09,International Journal of Cardiology Cardiovascular Risk and Prevention,
Crossref,mitral regurgitation,Ultrasound measurement of antral cross-sectional area to predict regurgitation during general anesthesia for cesarean section in laboring women: a prospective observational cohort study,Longyuan Shen; Qiuxia Jiang; Xiaojuan Yu; Quansheng Xiao; Shengzhao Wang; Xiongda Lin; Qichen Luo; Shaoqiang Huang,10.1016/j.accpm.2026.101773,2026-09,Anaesthesia Critical Care &amp; Pain Medicine,
Crossref,mitral regurgitation,"Direct-access, balloon-expandable mitral valve replacement under fibrillatory arrest in extensive mitral annular calcification",John Wheeler; Gilbert Tang; Dimosthenis Pandis; Ahmed El-Eshmawi,10.1016/j.xjse.2026.100130,2026-09,JTCVS Structural and Endovascular,
Crossref,mitral regurgitation,Case report: Salvage transcatheter aortic valve replacement for acute aortic regurgitation due to prosthetic valve endocarditis,Denizhan Ozdemir; Uttam Singh; Adishwar Singh; Raj R. Makkar,10.1016/j.crmic.2026.100165,2026-09,Cardiovascular Revascularization Medicine: Interesting Cases,
Crossref,mitral regurgitation,Massive mitral annular calcification with valvular involvement: Multimodality and longitudinal imaging correlation,Manuela Montatore; Gabriele Fanigliulo; Federica Masino; Ruggiero Tupputi; Roberto Maresca; Francesca Calò; Eluisa Muscogiuri; Giuseppe Guglielmi,10.1016/j.radcr.2026.05.087,2026-09,Radiology Case Reports,
Crossref,mitral regurgitation,Beyond gastric volume: linking gastric ultrasound to regurgitation to refine aspiration risk assessment,Lionel Bouvet; Dan Benhamou,10.1016/j.accpm.2026.101811,2026-09,Anaesthesia Critical Care &amp; Pain Medicine,
Crossref,mitral regurgitation,Mechanical mitral prosthesis thrombosis despite normal disc mobility: A case report,Parvathy Sankar; Nicholas Mitchell; Aiden Van Loo; Mohammad Ghandhor; Mitchell Schwocho; Noora Neiroukh; Richard Bloomingdale,10.1016/j.crmic.2026.100168,2026-09,Cardiovascular Revascularization Medicine: Interesting Cases,
Crossref,mitral regurgitation,Blood-nulled late gadolinium enhancement increases sensitivity for subtle basal myocardial scar in mitral valve prolapse with annular disjunction,Amy Avakian; Muhammad Umair,10.1016/j.radcr.2026.05.076,2026-09,Radiology Case Reports,
Crossref,mitral regurgitation,Clinical and echocardiographic predictors of reintervention after percutaneous or surgical treatment of rheumatic mitral stenosis: A systematic review,S.A. Gómez-Gualdrón; J.S. Macias-Martinez; A.M. Pulido-Parra; S.A. Higuera-Leal; B.E. Vesga-Angarita,10.1016/j.cpcardiol.2026.103358,2026-09,Current Problems in Cardiology,
Crossref,mitral regurgitation,Severe aortic regurgitation following ventricular septal defect repair: A case discussion,Jacqueline Nel; Muhammed Vally,10.1016/j.visj.2026.102572,2026-09,Visual Journal of Emergency Medicine,
Crossref,mitral regurgitation,Multimodality imaging assessment of caseous mitral annular calcification in a hemodialysis patient undergoing atrial fibrillation ablation: A case report,Jingyan Niu; Wencai Huang; Jiani Zou,10.1016/j.radcr.2026.04.080,2026-08,Radiology Case Reports,
Crossref,mitral regurgitation,Survival of dogs with myxomatous mitral valve disease administered preclinical pimobendan in comparison to pimobendan-naïve dogs from the onset of congestive heart failure,G. McAulay; M. Hills; J. Dukes-McEwan; E. Dutton; A. Jakubczak; D. Singleton; E. Bode; W. Yangwanitset; M. Hezzell,10.1016/j.jvc.2026.05.001,2026-08,Journal of Veterinary Cardiology,
Crossref,mitral regurgitation,Prognostic interaction of aortic regurgitation and left atrial strain beyond guideline-based intervention criteria,Paola Ramos Cano; Juan Manuel Monteagudo Ruiz; Irene Carrión Sanchez; Ariana González Gómez; Ana García Martin; Rocío Hinojar-Baydes; Pablo Martínez-Vives; José Luis Zamorano Gómez; Covadonga Fernández Golfín-Lobán,10.1016/j.ijcard.2026.134533,2026-08,International Journal of Cardiology,
Crossref,valvular heart disease,Giant Cells in Health and Disease-A Review,Sonal Gupta,10.21276/ijchmr.2016.2.2.10,2106-06-20,International Journal Of Community Health And Medical Research,
Crossref,valvular heart disease,Contemporary Disease Management in Quebec,Amédé Gogovor; Michelle Savoie; Yola Moride; Marilyn Krelenbaum; Terrence Montague,10.12927/hcq.2013.19495,2088-01-15,Healthcare Quarterly,
Crossref,valvular heart disease,What a Study on Ultraprocessed Fake Meat and Heart Disease Really Found,Lori Y,10.1038/scientificamerican072077-2xmzfca9smsvxelw1jobgf,2077-07,Scientific American,
Crossref,valvular heart disease,Woman Receives Genetically Modified Pig Kidney Transplant after Heart Pump Surgery,Tanya L,10.1038/scientificamerican072077-4hozib8kpx2m6wjvhqi1zz,2077-07,Scientific American,
Crossref,valvular heart disease,Water Lily or Camelotte Sign in Pulmonary Hydatid Cyst – An Orphan Disease,Sudheer Tale; Soibampahel M; Mrudula K; Ritisha B; Subodh K; Girish S,10.23880/cclsj-16000132,2028-11-11,Cell &amp; Cellular Life Sciences Journal,"A 20 – year – old male without any previous comorbidity presented to pulmonary medicine outpatient department with complaints of dull aching chest pain on right side, dry cough and shortness of breath for the pastone year. He was non vegetarian and had no addictions. On general physical examination his vitals were stableand respiratory system examination revealed decreased breath sounds in the right hemithorax. All his routineblood investigations were normal. Chest radiograph revealed homogenous opacity in the right middle andlower zones. Contrast enhanced computed tomography of thorax and abdomen showed a well defined encapsulatedcystic lesion of size 12x10x14cm with internal floating membranes (water lily sign or Camelotte sign) with masseffect on adjacent lung parenchyma causing atelectasis and compression of adjacent vessels (Figure 1). Hydatid serology (IgG) was positive. Patient was treated symptomatically and referred for surgical intervention."
Crossref,valvular heart disease,Comparison of convolutional neural network (CNN) methods using AlexNet and VGG16 architectures for disease detection in apples,Anang Pramono; Zuhriah Virlani Putri,10.1504/ijaac.2028.10078919,2028,International Journal of Automation and Control,
Crossref,valvular heart disease,"EFFECT OF FERTILIZER FACTORY WASTES ON SEED GERMINATION, PLANT GROWTH AND ROOT-KNOT DISEASE DEVELOPMENT IN TOMATO (Lycopersicon lycopersicum L.) PLANTS",Gopal Dixit,10.33865/wjb.002.02.0086,2027-08-31,World Journal of Biology and Biotechnology,"In the present research paper studies have been made on fertilizer factory wastes on percent seed germination, root and shoot length of plants and development of root-knot galls by Meloidogyne incognita in five cultivars of tomato. Though all the cultivars showed almost similar impact of fertilizer wastes on seed germination, plant growth and resistance for root-knot disease with little variation. Percent germination of seeds and plant growth was found decreased while the root-knot index was increased along with the increase in concentration of fertilizer wastes."
Crossref,valvular heart disease,RELATION OF HEART WEIGHT WITH AGE AND WEIGHT OF CADAVER,Jolly Agarwal; Virendra Kumar,10.21761/jms.v2i01.10838,2027-07-25,SRMS JOURNAL OF MEDICAL SCIENCE,"Introduction: Height, weight, and age of person has significant impact on the normal size of&#x0D; heart. These parameters need to be considered when cut-off values indicating the need for&#x0D; treatment or even surgery are established. The aim of present work is to study the relation of&#x0D; weight of the heart with age and weight of cadaver.&#x0D; Material and Methods: The study was performed in the Department of Anatomy, Shri Ram&#x0D; Murti Smarak Institute of Medical Sciences, Bareilly on 30 hearts from embalmed cadavers.&#x0D; The hearts were procured from the cadavers available in our department. The heart was&#x0D; thoroughly cleaned and measurements were taken.&#x0D; Results: The mean heart weight was 223.37 ± 57.78 g. Significant relationship between age of&#x0D; the cadaver and weight of the heart (p=0.0004), weight of cadaver and weight of heart&#x0D; (p=0.0001) was observed.&#x0D; Conclusion: The above study provides valuable data of the heart in our geographical location,&#x0D; which may be useful for cardiac surgeons and physicians."
Crossref,valvular heart disease,"Correlation of IL-1β, IL-17A, and CXCL13 Biomarkers with P2RX7 Genetic Polymorphism and Clinical Disease Activity of Iraqi Patients with Rheumatoid Arthritis",Zahraa Thamir; Mohammed Nader,10.21608/ejmm.2026.497902.2527,2027-07-01,Egyptian Journal of Medical Microbiology,
Crossref,valvular heart disease,Serum Interleukin-15 and Tumor Necrosis Factor-Alpha as Diagnostic and Disease Activity Biomarkers in Vitiligo,Ali S. Aziz; Raad A. Alasady,10.21608/ejmm.2026.494791.2477,2027-07-01,Egyptian Journal of Medical Microbiology,
Crossref,valvular heart disease,Association of Helicobacter pylori toxins cagA and vacA with Parkinson's Disease,Enas A. Daef; Mona H. Abdel-Rahim; Eman M. Farghly; Eman M.H. Khedr; Mona S. Embarek,10.21608/ejmm.2026.483634.2350,2027-04-01,Egyptian Journal of Medical Microbiology,
Crossref,valvular heart disease,Interleukin-30 Level in Patients with Psoriasis Vulgaris and its Relation to Disease Severity,Heba E.S. Hassan; Nessma A. Nosser; Nora M. Darwish; Fatma F. El Dakrory,10.21608/ejmm.2026.487292.2402,2027-04-01,Egyptian Journal of Medical Microbiology,
Crossref,valvular heart disease,Detection of Serum Levels of Interleukin-37 In Patients with Vitiligo and Its Correlation with Disease Activity,Mona G. Nada; Nancy M. Mamdouh; Mera M.G. Anan,10.21608/ejmm.2026.489043.2422,2027-04-01,Egyptian Journal of Medical Microbiology,
Crossref,valvular heart disease,The Role of Nuclear Enriched Abundant Transcript 1 (NEAT1) as a Novel Marker in Diagnosis of Systemic Lupus Erythematosus Disease in Benha University Hospital,"Amany K. Shahat; Ahmed S. Osman; El-Sayed M. Abd-Elghany; Neama L. Ismail; Noha H, Ibrahim",10.21608/ejmm.2026.484722.2369,2027-04-01,Egyptian Journal of Medical Microbiology,
Crossref,valvular heart disease,Comparison of Mexican Systemic Lupus Erythematosus Disease Activity Index pediatric lupus nephritis with Cyclophosphamid and Mycophenolate mofetil after induction period,Gartika Sapartini; Kevin Immanuel; Reni Ghrahani; Budi Setiabudiawan,10.7199/ped.oncall.2027.24,2027,Pediatric Oncall,
Crossref,valvular heart disease,"Chinese herbal medicine Xiangsu Hewei Granules in treating non-erosive gastroesophageal reflux disease with liver stomach stagnation heat syndrome: A multicentre, randomized, double-blind, placebo-controlled trial",Zhi-min Chen; Junxiang Li; Zhijun Huang; Gang Zhao; Xiaohua Hou; Chaoxia Liu; Yan Leng; Huizhen Li; Wenxia Zhao; Bin Yu; Yunlian Hu; Tao Zhang; Long Zhao; Yaoming Zeng; Yibin Chen; Na Liu; Hua-Fang Chen,10.1016/j.jep.2026.122141,2027-01,Journal of Ethnopharmacology,
Crossref,valvular heart disease,Seroprevalence of Varicella Zoster Virus and Its Association with Interleukin-12/23p40-Mediated Immune Dysregulation in Patients with Myocardial Cardiac Disease: A Case-Control Study,Wisal Salman S. Abd,10.21608/ejmm.2026.477367.2290,2027-01-01,Egyptian Journal of Medical Microbiology,
Crossref,deep learning,Learner profiles and the process of Learning in the Higher Educational Context,Christos Skourlas; Petros Belsis,10.15556/ijiim.02.01.003,2115-03-05,International Journal on Integrated Information Management,
Crossref,deep learning,WEB-BASED COLLABORATIVE LEARNING AND KNOWLEDGE SHARING IN INFORMAL BUSINESS NETWORKS,George Stalidis; Costis Papadimitrakopoulos; Theocharis Tsakiris,10.15556/ijiim.01.02.002,2114-12-10,International Journal on Integrated Information Management,
Crossref,deep learning,Availability and Utilization of Tools and Equipment for Teaching and Learning Garment Making Trade in the Senior Secondary Schools in Edo State,,10.20431/2349-0381.0303002,2106,"International Journal of Humanities, Social Sciences and Education",
Crossref,deep learning,Title Pending 8184,,10.3998/mjcsl.8184,2036-06-28,Michigan Journal of Community Service Learning,
Crossref,deep learning,Title Pending 8122,,10.3998/mjcsl.8122,2036-05-11,Michigan Journal of Community Service Learning,
Crossref,deep learning,Title Pending 8273,,10.3998/mjcsl.8273,2036-03-03,Michigan Journal of Community Service Learning,
Crossref,deep learning,Title Pending 7452,,10.3998/mjcsl.7452,2036-01-19,Michigan Journal of Community Service Learning,
Crossref,deep learning,Title Pending 6294,,10.3998/mjcsl.6294,2034-12-20,Michigan Journal of Community Service Learning,
Crossref,deep learning,Title Pending 5730,,10.3998/mjcsl.5730,2034-11-18,Michigan Journal of Community Service Learning,
Crossref,deep learning,Title Pending 2741,,10.3998/mjcsl.2741,2032-09-28,Michigan Journal of Community Service Learning,
Crossref,deep learning,Machine Learning Application for SAIs,Tiare Rivera,10.56251/watu4873,2030-10-20,International Journal of Government Auditing,
Crossref,deep learning,Integration of Biomechanics and Digital Technology: Using Kinovea for Motion Analysis and Learning for Beginner Athletes,Muhammad Nur Hudha; Riezky Maya Probosari; Annisa Nur Khasanah; Supurwoko; Salsabila Kholifahtun Nisa’; Gifran Rihla Gifarka Latief,10.58524/jcss.v4i2.890,2029-11-29,Journal of Coaching and Sports Science,"Background: The integration of biomechanics with digital motion-analysis technologies has introduced new approaches for examining movement efficiency, kinematic characteristics, and technical patterns in walking and running activities. Kinovea, as an accessible motion-analysis software, provides both visual and quantitative feedback. However, its application in supporting technique development among beginner athletes remains insufficiently explored. Aim: This study aims to describe the use of Kinovea in biomechanics training and examine its contribution to the awareness of kinematic characteristics and movement techniques among beginner athletes. Methods: A descriptive qualitative design involved 72 beginner athletes aged 18–25 years selected through purposive sampling. Data were collected over 16 weeks through interviews, field observations, and motion video recordings analyzed using Kinovea. Kinematic data focused on joint angles, stride behavior, and movement phases during walking, running, and the flight phase. Qualitative data were analyzed using content analysis with NVivo 12, while kinematic results were interpreted descriptively to identify performance patterns and areas for technical refinement. Result: Kinematic analysis showed coordinated joint-angle patterns across all phases. Walking analysis identified arm swing angles of 50.9°–58.8° and leg separation angles of 64.3°–67.2°, indicating a stable gait rhythm. The running analysis revealed knee angles of 68.8°–69.8° and elbow angles of 87.6°–89.1°, indicating efficient propulsive mechanics. The flight phase demonstrated knee angles of 81.2°–87.8° and elbow angles of 80.4°–88.3°, suggesting effective momentum use and postural stability. These measurements supported stride-efficiency assessment and technique evaluation. Qualitative findings revealed that Kinovea enabled athletes to interpret movement phases and identify technical inefficiencies through slow-motion and frame-by-frame visualization. Conclusion: Kinovea supports basic motion analysis by providing clear kinematic information and helping beginner athletes observe and refine their movement techniques. The findings also offer practical value for coaches by enabling more precise identification of inefficient patterns and guiding targeted corrections during early-stage training."
Crossref,deep learning,Sparsity Learning via Structured Functional Factor Augmentation,Hanteng Ma; Ziliang Shen; Xingdong Feng; Xin Liu,10.5705/ss.202025.0205,2029,Statistica Sinica,
Crossref,deep learning,The Nexus of Leadership and Learning: Exploring Female Principals' Influence on the Teaching-Learning Process in Secondary Schools,Muhammad Niqab; Salma Tabbasum; Shakil Ahmad,10.55737/qjss.vii-i.26473,2028-02-28,Qlantic Journal of Social Sciences,"The research paper will set out to debate the role played by the leadership competencies of principals in the teaching and learning process. The research will embrace a quantitative research design that will seek to answer the question concerning the relationship that exists between leadership skills of possessed by the  principals and the ongoing teaching-learning process in the female secondary schools using a co-relational study design. A survey instrument comprising of 37 items, which measured the leadership skills possessed by the selected principals and the prevailing teaching learning process, was used in the collection of data. Questionnaires for this study were administered to 108 male and female educators who were serving in secondary schools in Tehsil Wari, upper Dir and among them 100 questionnaires were submitted and were deemed to be useful in the analysis. The data in hand were calculated using Statistical Package of the Social Sciences (SPSS) version-27 and the obtained results indicated that the collected data was normally distributed. The findings revealed that all the variables of the study had great correlations. The analysis of the data was done through linear regression to measure the effect that the leadership skills of the principals had on the teaching learning process and this indicated that leadership skills of the principals have statistically significant effect on the teaching learning process. The policies derived out of this research can be a good guide to both the policymakers and organizational leaders because they can provide a good outline on how to empower the leaders in charge of the principals and as well as exert more influence on the effective teaching and learning processes."
Crossref,deep learning,Transforming Education through Technology: The Case of COVID 19 Digital Learning in Nagaland,K Hinoca Assumi,10.71126/nijre.v2i1.16,2028-02-28,Naveen International Journal of Research in Education (NIJRE),"Through the perspective of the COVID-19 pandemic and the disruption and opportunity it engendered, this chapter follows a transformative effect of EdTech and Digital education in India particularly in Nagaland through analysis. Drawing upon national policy frameworks, conceptual literature on educational technology, and contextual evidence based on the case of Nagaland, the chapter considers the rapid migration to digital learning as an emergency strategy (in response to the ongoing institution closures) based on the stark shifts in pedagogical practice, access to education services, and preparedness. The findings show that, including the ability of national programmes such as NEP 2020, SWAYAM, DIKSHA, PM e-VIDYA, and others, to promote access to digital tools was low within periphery or hill areas (e.g., Nagaland), due to lack of infrastructural resources, digital divide, unprepared teachers and economic/social divides, and more. The pandemic exposed the deep social and infrastructure divides in connectivity, device availability, assessment and learner engagement, with implications that were especially grave in rural and tribal settings. Although it accelerated the pace of innovation and the application of blended and low-tech learning practices teachers have been experimenting with digital platforms and the post-COVID recovery process, including remedial programmes and hybrid instruction. The chapter also discusses that blended learning is the most fitting, viable and sustainable approach for reaching the technological level in the field of educational technology at Nagaland. It implies that technology-mediated education can improve equity, quality, and resilience, but only under the conditions of inclusive policy design, strong digital infrastructure, vigorous teacher capability building, and culturally appropriate digital content. Keywords: Educational technology, digital learning, COVID-19, Nagaland, online education, Challenges, blended learning"
OpenAlex,aortic stenosis,Beyond the Typical Marfan Phenotype: Severe Aortic Stenosis Caused by a Unicommissural Unicuspid Aortic Valve in Adolescence,Aoumar G Chamma; W.I. Saliba; Linda Chamma,10.7759/cureus.112097,2026-07-05,Cureus,
OpenAlex,aortic stenosis,"Endoscopic Management of Foreign Bodies in the Aero-Digestive Tract: A Single-Center Experience from Jahurul Islam Medical College Hospital, Bangladesh",Mohammad Saiful Islam; Shariful Alam; Muhammad Rafiqul Islam; Debabrata Paul; Saurav Talukder; Pratima Paul; Md Mazharul Islam,10.70945/ibmcj.v21i02.0197,2026-07-04,Islami Bank Medical College Journal,"Background: Foreign bodies (FB) in the aero-digestive tract continue to be a common problem that contributes significantly to high morbidity and mortality worldwide. This study was conducted to describe our own experience with endoscopic procedures for removal of FB in the aero-digestive tract, in our local setting and compare with what is described in literature. Methods: This was a prospective descriptive study, which was conducted at Jahurul Islam Medical College Hospital between January 2011 and January 2014. Data were collected using a structured questionnaire and analyzed using SPSS computer software version 15. Results: A total of 72 patients were studied. Males outnumbered females by a ratio of 1.4:1. Patients aged 2 years and below were the majority (75.9%). The commonest type of FB in airways was peanuts and coins. The trachea (52.2%) was the most common site of lodgment of FB in the airways, whereas cricopharyngeal sphincter (68.5%) was the commonest site in the esophagus. Rigid endoscopy with forceps removal under general anesthesia was the main treatment modality performed in 87.8% of patients. The FB were successfully removed without complications in 90.8% of cases. Complication rate was 7.1% and bronchopneumonia was the most common complication accounting for 42.8% of cases. The mean duration of hospital stay was 3 days, and mortality rate was 4.1%. Conclusion: Aero-digestive tract FB continue to be a significant cause of childhood morbidity and mortality in our setting. Rigid endoscopic procedures under general anesthesia are the main treatment modalities performed. Prevention is highly recommended whereby parents should be educated to keep a close eye on their children and keep objects that can be FB away from children’s reach."
OpenAlex,aortic stenosis,Simultaneous Renal and Splenic Infarctions Associated with Newly Diagnosed Atrial Fibrillation,Kürşat Kaan Kerimoğlu; Firat Dolas; Burcu T Demirdoven,10.7759/cureus.112067,2026-07-04,Cureus,"Renal and splenic infarctions are uncommon causes of acute abdominal, flank, or back pain and may be overlooked because of their non-specific presentation. Atrial fibrillation is an important cause of systemic embolization; however, simultaneous renal and splenic infarctions associated with newly diagnosed atrial fibrillation are rarely reported. A 77-year-old woman presented to the emergency department with acute-onset epigastric, back, and flank pain. She had hypertension and diabetes mellitus. Physical examination revealed diffuse abdominal tenderness without guarding or rebound. Electrocardiography showed newly diagnosed atrial fibrillation. Laboratory tests revealed mild leukocytosis, markedly elevated lactate dehydrogenase (LDH), mildly elevated C-reactive protein, and slightly elevated D-dimer, while serum creatinine was normal. Contrast-enhanced abdominal computed tomography demonstrated a 5-cm non-enhancing splenic lesion and a 2-cm non-enhancing hypodense lesion in the right kidney, consistent with splenic and renal infarctions. CT angiography showed no significant arterial stenosis, mural thrombus, or aortic plaque formation. Anticoagulation with subcutaneous enoxaparin was initiated. Newly diagnosed atrial fibrillation may be associated with visceral embolic events. In patients with unexplained acute abdominal, back, or flank pain, the coexistence of elevated LDH and atrial fibrillation should prompt consideration of renal and splenic infarctions and early contrast-enhanced imaging."
OpenAlex,aortic stenosis,In Vitro Assessment of Telmisartan and Sorafenib in Salt-Induced Cardiac Hypertrophy in H9C2 (2-1) Cells,Anil Kumar Prajapati; Gaurang Shah,10.25258/ijddt.16.66s.70,2026-07-04,International Journal of Drug Delivery Technology,"Cardiac hypertrophy is a key pathological feature contributing to adverse cardiac remodeling and heart failure. Excessive salt intake is known to promote hypertrophic responses through activation of growth factor–mediated signaling pathways. The present study investigated and compared the effects of Telmisartan and Sorafenib on salt-induced cardiac hypertrophy using an in vitro H9C2 (2-1) cell model. High-salt exposure (240 mM NaCl) significantly increased cell surface area and αsmooth muscle actin (α-SMA) levels, confirming hypertrophy. Cell viability analysis identified non-cytotoxic concentrations of both drugs for further evaluation. Telmisartan treatment significantly and dose-dependently reduced saltinduced cellular hypertrophy at concentrations of 0.25, 0.20, and 0.15 µM, while Sorafenib significantly reduced cell size at 0.25 µM. However, neither Telmisartan nor Sorafenib produced a statistically significant reduction in α-SMA levels under the experimental conditions. These findings demonstrate that both agents effectively attenuate salt-induced cardiac hypertrophy in vitro, with Telmisartan showing a pronounced dose-dependent effect. However, neither agent significantly reduced fibrotic marker level, suggesting limited anti-fibrotic efficacy in this in vitro model."
OpenAlex,aortic stenosis,The Core Compendium of the European Society of Emergency Medicine Ultrasound Curriculum,Effie Polyzogopoulou; Senad Tabakovic; Tim Harris; Rudolf Horn; James A. Connolly; Beatrice Hoffmann; Joseph Osterwalder,10.1055/a-2852-6050,2026-07-04,Ultraschall in der Medizin - European Journal of Ultrasound,"The diversity of healthcare systems across Europe has predictably resulted in significant variations in point-of-care ultrasound (PoCUS) training and practice for emergency medicine (EM). To encourage a more synchronized approach and address these inconsistencies, the European Society of Emergency Medicine (EUSEM) chartered its ultrasound section to develop a comprehensive curriculum compendium that should serve as a foundational guide for European Emergency Medicine PoCUS clinical and educational guidelines and policies. Under the leadership of a dedicated task force, the EUSEM ultrasound section developed this compendium to provide a structured, tiered framework designed to meet the needs of physicians at every skill level, from novice to advanced users. The compendium emphasizes applications that are currently practiced in different and diverse emergency departments in Europe, including a broad range of topics. An important goal was allowing flexibility to accommodate the unique resources and challenges of different healthcare environments, so that EM physicians can achieve PoCUS competencies matching their local circumstances and needs. To achieve this goal, good educational and clinical stewardship throughout this process is a key part to the success of advancing PoCUS in European EM. This compendium is intended as a resource for creating standardized yet adaptable training pathways. It represents a major step toward harmonizing and advancing PoCUS practice in European EM. Die Vielfalt der verschiedenen Gesundheitssysteme in Europa hat dazu geführt, dass grosse Unterschiede in der Ausbildung und Anwendung des Point-of-Care-Ultraschalls (PoCUS) in der Notfallmedizin bestehen. Um einen stärker synchronisierten Ansatz zu fördern und diesen Unterschieden zu begegnen, hat die Europäische Gesellschaft für Notfallmedizin (EUSEM) ihre Ultraschallsektion damit beauftragt, ein umfassendes Curriculum-Kompendium zu entwickeln. Dieses soll als ein Leitfaden für Europäische Richtlinien und Standards für PoCUS in der klinischen Ausbildung in der Notfallmedizin dienen. Unter der Leitung einer Task Force hat die Ultraschallsektion der EUSEM dieses Kompendium erarbeitet, um Rahmenbedingungen zu schaffen, die den Bedürfnissen von Ärztinnen und Ärzten auf jedem Kompetenzniveau - vom Einsteiger bis zum fortgeschrittenen Anwender - gerecht werden. Das Kompendium beinhaltet Ultraschallanwendungen, die in derzeit sehr diversen Notfallstationen in ganz Europa praktiziert werden, und deckt daher ein breites Spektrum PoCUS-Anwendungen in der Notfallmedizin ab. Ein zentrales Ziel dieser Arbeit war es, Flexibilität zu ermöglichen, um die spezifischen Merkmale wie auch Ressourcen der jeweiligen Gesundheitssysteme zu berücksichtigen, sodass Notfallmediziner:innen PoCUS-Kompetenzen erwerben können, die ihren lokalen Gegebenheiten und Anforderungen entsprechen. Um das Ziel der Weiterentwicklung von PoCUS in der europäischen Notfallmedizin zu erreichen, ist ein entscheidender Erfolgsfaktor eine gute Begleitung sowohl in der klinischen Anwendung, wie auch in der Ausbildung. Dieses Kompendium soll als Grundlage zur Entwicklung standardisierter, zugleich aber anpassungsfähiger Ausbildungspfade dienen. Es stellt einen wichtigen Schritt zur Harmonisierung und Weiterentwicklung des PoCUS in der europäischen Notfallmedizin dar."
OpenAlex,aortic stenosis,"Have we Made Progress in Ensuring Equitable Penetration of TAVR Among Diverse Patient Populations? If not, Why?",Trinity Hart; Nimra Gilani; Rimsky Denis; Oluseun Alli; Uzoma Ibebuogu; J. Rier; Icilma Fergus; Kevin F. Kwaku; Cassandra McCullough; Sue Peschin; Aaron Horne,10.1007/s12170-026-00785-0,2026-07-04,Current Cardiovascular Risk Reports,
OpenAlex,aortic stenosis,Lipid Screening and Dyslipidemia in Children with Congenital Heart Disease,Phillip S. Cheng; Jonathan A. Wheeler; Aaron T. Walsh; Chance Alvarado; Kan N. Hor; Andrew Tran,10.1007/s00246-026-04367-0,2026-07-04,Pediatric Cardiology,"Dyslipidemia is associated with increased risk for atherosclerosis and cardiovascular events in adulthood. Atherosclerosis begins in childhood and guidelines exist to screen for at-risk children. Children with congenital heart disease (CHD) have high lifetime cardiovascular risk but data are limited on their rates of dyslipidemia. Our study aims to detail rates of lipid screening and dyslipidemia in children with CHD. Children with CHD aged 9-18 years who followed at our institution from 2012 to 2019 were included. Subjects were classified as dyslipidemic if they met one of the following: total cholesterol ≥ 200 mg/dL, low-density lipoprotein-C ≥ 130 mg/dL, triglycerides ≥ 130 mg/dL, high-density lipoprotein cholesterol [HDL-C] < 40 mg/dL, non-HDL-C ≥ 145 mg/dL. Of 1579 patients, only 11.3% (N = 179/1579) had a documented lipid panel. Of those screened, 60% (N = 107/179) had dyslipidemia. Screened subjects had higher median BMI percentiles versus unscreened (84th vs. 64th ). Dyslipidemic subjects had higher median BMI percentiles compared to those without (92nd vs. 74th ). Black patients were a higher proportion of the screened population compared to unscreened (26% vs. 11%). Overall, there were similar rates of dyslipidemia across all races and CHD lesions. Only a small proportion of children with CHD had lipid screening performed despite universal screening guidelines. However, a sizable percentage of children screened had dyslipidemia. Screening favored Black patients and those with higher BMI. Higher BMI patients had increased rates of dyslipidemia. These findings emphasize the importance of universal screening for dyslipidemia in children with CHD."
OpenAlex,aortic stenosis,Case report: exercise-associated sudden death in a Thoroughbred racehorse with cardiac lesions,Hernando D. Acevedo; Francisco A. Uzal; Jeff Blea; Eileen E. Henderson; Akinyi Nyaoke; Carlos Schild; Javier Asín,10.1007/s11259-026-11384-0,2026-07-04,Veterinary Research Communications,"Exercise-associated sudden death (EASD), defined as acute collapse and death in an apparently healthy racehorse during or within ~1 h after exercise, is currently among the top concerns in the racing industry. Cases of EASD with no cause of death identified at necropsy are frequently presumed to be of cardiac origin. In such cases, in addition to a regular necropsy, a cardiac examination protocol is performed that includes a detailed gross examination and microscopic evaluation of 11 regions of the heart. Very often this protocol is unrewarding because there are no microscopic lesions to explain the presumed cardiac event. Here we describe the necropsy of a 3-year-old, Thoroughbred gelding that collapsed a few minutes after a workout. The heart was grossly unremarkable, but significant histologic lesions that included multifocal to diffuse cardiomyocyte degeneration and necrosis, lymphoplasmacytic myocarditis, and myocardial fibroplasia were found, particularly in the right and left ventricular free walls and in the interventricular septum. Other lesions included severe pulmonary edema and congestion, splenic congestion, an open castration wound with localized suppurative inflammation and bacteria in the scrotum, and lymphoplasmacytic interstitial nephritis. We believe that the cardiac lesions were severe and extensive enough to have contributed to death. A cause for such lesions was not definitively identified, but it is possible that the infected castration wound predisposed to myocarditis. This case serves as an example of the use of the cardiac examination protocol to map and evaluate lesions in EASD cases."
OpenAlex,aortic stenosis,Clinical outcomes and haemodynamic evolution following Perceval sutureless aortic valve implantation in high-risk aortic stenosis patients,Emced Khalil,10.5830/cvja-2026-020,2026-07-03,Cardiovascular journal of South Africa/Cardiovascular journal of Southern Africa,"BACKGROUND: Sutureless aortic valve replacement (AVR) has been recognised as a potential option in the management of High-risk patients, characterised by reduced procedural times and satisfactory haemodynamic results. However, mid-term results of valve-related outcomes are scarce. This study aimed to investigate clinical, echocardiographic, and valve-related outcomes of high-risk patients undergoing Perceval sutureless AVR. METHODS: The current retrospective, single-centre study included 50 consecutive high-risk patients who had isolated Perceval sutureless AVR. The time period was between January 2023 and December 2024. The primary endpoint was one-year valve-related survival. The secondary endpoints included echocardiographic performance, paravalvular leakage (PVL), patient-prosthesis mismatch (PPM), and the need for pacemaker implantation. Transthoracic echocardiography was performed at discharge and follow-up. RESULTS: at 12 months. No case of severe patient-prosthesis mismatch (PPM) was noted, but moderate PPM occurred in 12%. PVL was trivial or mild in all patients. Permanent pacemaker implantation was necessary in 20%, all within the index hospitalisation period, without any recovery of native conduction at follow-up. Valve-related survival at 12 months was 94%, with death from non-valve-related causes. CONCLUSION: Sutureless Perceval aortic valve implantation has been shown to provide excellent clinical and haemodynamic results at midterm follow-up in high-risk patients with low rates of valve-related complications, PVL, and patient prosthesis mismatch."
OpenAlex,aortic stenosis,Prospective Clinical Evaluation of a Fully Automated AI- Guided Echocardiographic Workflow,Hongquan Lu; Hongxia Qi; Muzi Li; Yongwen Zhao; Fei Zhu; Ran Qv; Hui Li; Zhenhui Zhu,10.21203/rs.3.rs-10048798/v1,2026-07-03,Research Square,
OpenAlex,aortic stenosis,Machine learning-based methods in diagnosing cardiac amyloidosis: a meta-analysis,Yuchen Song; Qun Wang; Lianqun Jia; Yupeng Pei,10.3389/fcvm.2026.1835652,2026-07-03,Frontiers in Cardiovascular Medicine,"Background Cardiac amyloidosis (CA) is an infiltrative restrictive cardiomyopathy characterized by the deposition of β -fold amyloid, often presenting as left ventricular hypertrophy. Early nonspecific symptoms lead to frequent misdiagnosis as hypertrophic cardiomyopathy, delaying care for this progressive disease. While machine learning (ML) has been applied to the diagnosis of CA, systematic evidence of its accuracy remains lacking, hindering the development of intelligent detection tools. Objectives To explore the diagnostic accuracy of ML, providing evidence-based data to advance smart detection tools for CA. Methods We searched the Cochrane Library, PubMed, Embase, and Web of Science up to September 25, 2025, adhering to PRISMA 2020 guidelines. Study quality was evaluated using the QUADAS-2 instrument. Subgroup analyses were stratified by disease type [light chain CA (AL-CA), transthyretin CA (ATTR-CA)] and imaging modality (echocardiography) to explore sources of heterogeneity and assess diagnostic performance across different clinical scenarios. Results The current meta-analysis incorporated 30 studies. In validation sets, ML for overall CA showed sensitivity 0.87 [95% confidence interval (CI) 0.83–0.91], specificity 0.88 (95% CI: 0.81–0.92), positive likelihood ratio (PLR) 7.0 (95% CI: 4.4–11.4), negative likelihood ratio (NLR) 0.14 (95% CI: 0.10–0.20), and SROC AUC 0.93 (95% CI: 0.91–0.95). For AL-CA, ML demonstrated sensitivity 0.85 (95% CI: 0.76–0.91), specificity 0.82 (95% CI: 0.75–0.87), PLR 4.8 (95% CI: 3.4–6.7), NLR 0.18 (95% CI: 0.11–0.30), and SROC AUC 0.88 (95% CI: 0.85–0.91). For ATTR-CA, ML revealed sensitivity 0.84 (95% CI: 0.77–0.89), specificity 0.85 (95% CI: 0.78–0.91), PLR 5.7 (95% CI: 3.6–9.2), NLR 0.19 (95% CI: 0.12–0.28), and SROC AUC 0.91 (95% CI: 0.88–0.93). Echocardiography-only ML models showed sensitivity 0.83 (95% CI: 0.81–0.85), specificity 0.86 (95% CI: 0.82–0.89), PLR 5.9 (95% CI: 4.4–7.9), NLR 0.20 (95% CI: 0.17–0.23), and SROC AUC 0.88 (95% CI: 0.85–0.91). Conclusions ML demonstrates favorable diagnostic accuracy for CA. Nevertheless, the aggregated findings warrant cautious interpretation owing to inherent methodological limitations in the existing evidence. Future investigations incorporating diverse cases from broader geographic regions are needed to further validate the diagnostic performance of ML for CA and to advance the subsequent development of assessment tools based on artificial intelligence. Systematic Review Registration PROSPERO CRD42024536601."
OpenAlex,aortic stenosis,Acute Limb Ischemia After Spinal Decompression Unmasking Occult Aortoiliac Occlusive Disease: A Case Report,Mehdi Mahmoodkhani; Navid Askariardehjani; Nastaran Miranzade; Ali Rostami; Reza Ajudani; Saeed Kargar-Soleimanabad; Mohammad Hassan Bagheri,10.21203/rs.3.rs-10221687/v1,2026-07-03,Research Square,
OpenAlex,aortic stenosis,A Potential Approach to Bridge the Diagnostic Gap and Propose a Referral Pathway for Suspected ATTR-CA Based on Incidental Cardiac Uptake in 99mTc-MDP Bone Scans: A Pilot Descriptive Study,Afnan M. F. Darwesh; Leen Albalbeesi; Arwa S. Bahlas; Jana Y. Al-Khambashi; Wiam Algeraigri; Nouf Malibari; Rawan Abdeen; Fahad Almutairi,10.3390/diagnostics16132084,2026-07-03,Diagnostics,"Background/Objectives: Early diagnosis of cardiac amyloidosis is crucial to improve patient outcomes. Although 99mTc-MDP is less sensitive than other bone-avid tracers for detecting ATTR-CA, it is widely used for routine bone imaging in this region. Incidental cardiac uptake on 99mTc-MDP bone scintigraphy may therefore offer a practical opportunity for identifying suspected ATTR-CA in resource-limited settings. To evaluate incidental cardiac uptake, warranting further evaluation for ATTR-CA on routine 99mTc-MDP bone scans as an incidental flag method for patients who require further evaluation and to propose a referral pathway in resource-limited settings. Methods: A retrospective review of 229 patients was performed. The assessment of myocardial uptake was performed using the Perugini visual score and H/CL ratio analysis. Patients’ medical records were reviewed, and available cardiac imaging reports were evaluated for further assessment of cardiac involvement. Results: Nine patients demonstrated a Perugini score = 2; of these, five underwent echocardiography, demonstrating abnormalities that may indicate amyloid involvement. No patient had confirmatory ATTR-CA testing, AL-CA exclusion testing, (CMR), biopsy, or amyloid typing. In patients without prior cardiac disease, echocardiographic abnormalities may potentially represent subclinical disease, such as cardiac amyloidosis, though this requires further confirmation. In patients with HTN or diabetes, the echocardiographic changes may be attributed to the underlying conditions. Echocardiographic characteristics suggestive, but not specific, for cardiac amyloidosis were observed in patients selected based on positive 99mTc-MDP uptake. Conclusions: Incidental cardiac uptake with a Perugini score ≥ 2 can highlight patients for ATTR-CA investigation. These results provide preliminary evidence that incidental 99mTc-MDP cardiac uptake can flag patients who require further evaluation for ATTR-CA and support the implementation of a referral pathway from local evaluation to a specialized center."
OpenAlex,aortic stenosis,Transcatheter Aortic Valve Implantation Versus Surgical Aortic Valve Replacement in Low-Risk Patients: A Critical Appraisal of the DEDICATE Trial in the Context of Current Evidence,Donaldo Emiliano Silva López; Verónica Jiménez; Ramón Padilla Velázquez; Gustavo Saucedo Sabas; Maximiliano Gutiérrez Nava,10.5281/zenodo.21189362,2026-07-03,Zenodo (CERN European Organization for Nuclear Research),"The expansion of transcatheter aortic valve implantation (TAVI) to patients with severe aortic stenosis and low surgical risk represents a paradigm shift in cardiovascular medicine, yet it remains a subject of intense scrutiny. The DEDICATE-DZHK6 trial emerges as a pivotal, investigator-initiated, industry-independent, pragmatic randomized controlled trial designed to address the limitations of previous landmark studies. This comprehensive review critically appraises the DEDICATE trial, juxtaposing its findings and design against the established evidence from the PARTNER 3, Evolut Low Risk, NOTION, and UK TAVI trials. We dissect the methodological strengths of DEDICATE, including its pragmatic design, allowance for any contemporary device, and freedom from commercial funding, while also examining its limitations, such as the significant crossover rate and the potential confounding effects of the COVID-19 pandemic. The analysis extends to the profound implications for clinical practice and the latest 2025 ESC/EACTS guidelines, emphasizing the critical shift towards a Heart Team-based, lifetime management strategy. Finally, we propose essential future research directions, advocating for long-term durability data, focused subgroup analyses, and robust quality-of-life assessments to guide the optimal, individualized treatment of this growing patient population."
OpenAlex,aortic stenosis,Modern concepts of diseases caused by group A Streptococcus (lecture),A. I. Demchenko; N. S. Tian; И. В. Бабаченко,10.22627/2072-8107-2026-25-2-55-62,2026-07-03,CHILDREN INFECTIONS,"The lecture is devoted to modern concepts of the diseases caused by Group A β-hemolytic Streptococcus. The main microbiological characteristics of the pathogen, pathogenicity factors, epidemiological patterns and clinical features of various nosological forms, consequences of acute infection, with an assessment of the disease burden are presented. Various methods of etiological diagnostics, their advantages and disadvantages are considered. Particular attention is devoted to the problem of antibiotic resistance, which is becoming increasingly global in modern conditions. The article presents prospects for the prevention of streptococcal infection, active immunization as a potentially effective way to reduce the incidence and spread of infection in the population. The effectiveness of timely methods of diagnosis, therapy, and vaccination against group A streptococcal infection are important areas for further research."
OpenAlex,aortic stenosis,GLP-1 Receptor Agonists in Cardiac Surgery: From Metabolic Drug to Potential Perioperative Cardioprotective Agent,Vasiliki Androutsopoulou; Vanesa Brecher; Αndrew Xanthopoulos; Dimitrios V. Avgerinos; Thanos Athanasiou; Dimitrios E. Magouliotis,10.3390/jcdd13070305,2026-07-03,Journal of Cardiovascular Development and Disease,"Glucagon-like peptide-1 receptor agonists (GLP-1 RAs) have rapidly evolved from glucose-lowering agents to central players in cardiovascular risk reduction. Evidence from landmark randomized controlled trials has established their capacity to reduce major adverse cardiovascular events, promote anti-inflammatory signaling, attenuate ischemia–reperfusion injury, and improve myocardial metabolic efficiency. As the prevalence of obesity, type 2 diabetes mellitus, and heart failure in the cardiac surgical population grows, GLP-1 RAs are increasingly encountered in the perioperative setting. Yet the cardiac surgery literature has yet to synthesize their emergent role coherently. This is a narrative review; no systematic review or meta-analysis was performed. This narrative review integrates mechanistic, clinical, and translational evidence to reframe GLP-1 RAs as potential perioperative cardioprotective agents in patients undergoing cardiac surgery. We examine receptor-level biology, evidence from the GLOBE randomized trial, observational data linking GLP-1 RA use to reduced postoperative atrial fibrillation after coronary artery bypass grafting, the rationale for the forthcoming REVERSE-TAVR trial, and evolving perioperative management guidelines. Key evidence gaps are identified, including the absence of prospective data in open cardiac surgery, aortic surgery, and high-acuity populations. We propose a research agenda and conceptual framework to guide future investigation into GLP-1 RAs as a new dimension of perioperative cardioprotection. The current evidence is hypothesis-generating; a definitive perioperative cardioprotective benefit has not yet been demonstrated in cardiac surgery populations, and these agents are presented here as potential rather than proven cardioprotective tools."
OpenAlex,aortic stenosis,Case Report: Spectral CT characterization of giant esophageal schwannoma with reactive lymphoid hyperplasia mimicking lymphoproliferative disease,Zuyi Fan; Anqi Zhang; Yumeng Xi; Meng Wang; Zhenzhen Fan; Zhihui Dong,10.3389/fonc.2026.1874063,2026-07-03,Frontiers in Oncology,"Esophageal schwannoma is an uncommon mesenchymal tumor that is frequently misdiagnosed before surgery because its clinical and radiological appearances overlap with those of other submucosal esophageal tumors and mediastinal masses. We report a 48-year-old woman with mild dysphagia and an incidentally detected right mediastinal mass. Spectral computed tomography (CT) demonstrated an 83 × 63 × 100 mm upper-to-middle thoracic esophageal submucosal mass with an intraluminal air crescent sign, heterogeneous enhancement, and multiple enlarged mediastinal and perigastric lymph nodes. Compared to conventional contrast-enhanced CT, low-energy 45-keV monoenergetic images and iodine-based spectral parameters yielded higher absolute attenuation values, objectively characterizing the heterogeneous intratumoral enhancement and demonstrating spectral differences between the primary mass and lymph nodes. Endoscopy confirmed a long submucosal elevated lesion with a localized ulcer, bronchoscopy showed extrinsic airway compression, and barium esophagography revealed a smooth filling defect. Partial esophagectomy was performed because of the tumor size and its proximity to an aberrant right subclavian artery and the brachiocephalic trunk. Due to the unachievable complete en bloc resection, the macroscopic residual mass was successfully managed with targeted adjuvant radiotherapy. Histopathology revealed a spindle-cell tumor with a prominent peripheral lymphoid cuff. To avoid diagnostic ambiguity, immunohistochemical profiling was stratified: the spindle cells were positive for S-100 and vimentin, and negative for SMA, desmin, and DOG-1, which confirmed schwannoma and excluded gastrointestinal stromal tumor. The surrounding reactive lymphoid component specifically exhibited B-cell markers."
OpenAlex,aortic stenosis,Serum integrative omics reveals predictive signatures for coronary artery disease,Kai Wang; Heng Chen; Yan Dong; Siyuan Chen; Mengsha Shi; Zhuolin Wang; Jie Yang; Xiaogang Guo,10.1038/s41598-026-60840-z,2026-07-03,Scientific Reports,"Identifying serum biomarkers that accurately reflect the progression of coronary artery disease (CAD) remains a major challenge. Integrative proteomic and metabolomic profiling can provide novel insights into disease pathogenesis and improve clinical prediction. We conducted a four-phase study. In the discovery phase, serum from 40 patients (controls, stable CAD, and acute coronary syndrome (ACS)) was analyzed using data-independent acquisition (DIA) proteomics and liquid chromatography-tandem mass spectrometry (LC-MS)/gas chromatography-mass spectrometry (GC-MS) metabolomics to identify differentially expressed proteins (DEPs) and metabolites. In the verification phase, selected DEPs were validated by parallel reaction monitoring (PRM) in an independent 40-patient cohort. In the derivation phase, six validated proteins were measured by ELISA in 207 angina patients to assess their association with coronary obstruction (≥ 50% stenosis). In the validation phase, a support vector machine (SVM) model incorporating clinical risk factors and these biomarkers was developed in the derivation cohort and tested in an independent 97-patient cohort. Model performance was evaluated using receiver operating characteristic (ROC) curves and decision curve analysis. Coronary obstruction is defined as ≥ 50% luminal diameter stenosis in at least one major coronary artery on angiography. Proteomic analysis identified 97 DEPs, and metabolomic profiling revealed 322 DEMs (including 289 from LC-MS and 33 from GC-MS analyses). Seven proteins showed consistent changes in both DIA and PRM validation. Among these, thrombospondin-1 (TSP-1) was significantly upregulated in stable CAD compared with controls, while serum amyloid A1 (SAA1) was markedly elevated in ACS compared with stable CAD. In an independent angina cohort (n = 207), serum levels of TSP-1 and SAA1 were significantly higher in patients with coronary obstruction. Multivariate logistic regression adjusted for conventional cardiovascular risk factors (including age, sex, homocysteine, and other clinical variables) demonstrated that TSP-1 remained independently associated with coronary artery occlusion (OR = 1.424, 95% CI 1.057-1.918, P = 0.020). A support vector machine (SVM) model incorporating conventional clinical risk factors was constructed, and the addition of TSP-1 and SAA1 significantly improved diagnostic performance for CAD severity (AUC = 0.919 in derivation, 0.992 in validation). In conclusion, our dual-omics approach identified novel biomarkers and pathways in CAD progression. The SVM-based prediction model offers a promising non-invasive tool for early CAD detection, potentially reducing unnecessary invasive procedures."
OpenAlex,deep learning,The Role of Collective Bricolage in Creating University Governance Structures: The Example of the Galileo Observatory,Ariel Méndez; Amandine Pascal,,2050-01-01,Cairn.info,"This study investigates the concept of “collective bricolage” within the framework of creating a universe science observatory in France. In the face of significant transformations in higher education and research, this article examines how university stakeholders can employ collective bricolage to adapt to institutional mandates for restructuring. Drawing on Lévi-Strauss’s notion of bricolage and the theoretical contributions of Duymedjian and Rüling (2010), this research investigates how this bricolage can be implemented in the absence of conventional or normative space to support the process, and particularly within a context characterized by conflictual relationships. The case study analyzes the collective bricolage process and its components, demonstrating that the dialectical nature of collective bricolage facilitates the creation of robust governance structures through the negotiation and recombination of resources and rationales from the diverse actors involved."
OpenAlex,deep learning,The nature and tensions of environmental management control in local authorities,Christophe Maurel; Christophe Favoreu; London Proofreaders,,2050-01-01,Cairn.info,"This exploratory research aims to characterize, on the one hand, the concept of environmental management control (EMC) through the practices that underpin it, and, on the other hand, the tensions associated with it and the implementation of these practices in public organizations. Although EMC is attracting growing interest within the public sector, it seems to be facing technical and governance difficulties. A grid for analyzing management tools and the theory of organizational paradoxes is used to address the issue of characterizing EMC practices and the associated tensions in the local public sector. Various municipalities were mobilized to explore and characterize their first experiences of implementing EMC. Our results enable us to characterize both the tools used and the tensions generated between the objectives pursued in terms of resource management, dialogue with the socio-economic environment, and behavioral orientation."
OpenAlex,deep learning,A collaborative and participatory approach to public service innovation: Health sector dynamics and outlook,Fatima Yatim; Alan Sitkin; Cadenza Academic Translations,,2050-01-01,Cairn.info,"This article explores the dynamics of collaborative and participatory innovations in public health services using Chen et al.’s (2020) typology. Based on a mixed survey of projects awarded under the national “Droits des usagers de la santé” initiative, the study finds that user participation primarily generates operational and capacity-oriented innovations frequently involving external partnerships. The analysis highlights the crucial interactions between internal and external dynamics, identifying essential conditions for successful innovations: effective mobilization of internal resources, robust institutional support, and early and active user involvement. However, the study also identifies limitations in citizen engagement, particularly in the evaluation phase of innovations. The article concludes by suggesting avenues for enhancing full co-creation processes in public services to maximize public value."
OpenAlex,deep learning,Genesis of Organizational Innovation in Healthcare,Sabrina Grandclaude; Didier Grandclaude; Thierry Nobre; Cadenza Academic Translations,,2050-01-01,Cairn.info,"Based on the analysis of 96 organizational innovation in healthcare (OIH) projects and 52 interviews conducted with project leaders initiating these innovations, this research identifies the phenomena underlying the genesis of OIHs. The results highlight the major role played by factors such as patient empathy, international inspiration, academic inspiration, technological inspiration, serendipitous encounters, and the desire for organizational transformation in driving the generation of OIHs. Furthermore, our findings emphasize the dual nature of the research and development process for these innovations, characterized as both ex nihilo and ex materia."
OpenAlex,deep learning,"Depth of Processing, learner aptitude, and the acquisition of L2 English grammatical structures",Shweta Nigam,10.48683/1926.00128861,2031-01-01,CentAUR (University of Reading),"Depth of Processing (DoP) is central to several models of instructed second language acquisition (ISLA) (Leow, 2015). While DoP has been extensively examined in vocabulary learning (e.g., Laufer &amp; Hulstijn, 2001), its role in the acquisition of grammatical structures, particularly through oral and audio-visual modalities remains comparatively underexplored. Drawing on the Levels of Processing framework (Craik &amp; Lockhart, 1972), this study investigated whether task-induced processing depth influences the acquisition of third conditionals and comparatives, and whether language aptitude (LLAMA B, D, F) predicts learning gains. Using a pretest–posttest design, four intact classes involving 108 Grade 8 EFL learners in India were assigned to one of the three experimental conditions differing in level and type of processing: Low DoP, High DoP Explicit, and High DoP Implicit. The treatment task required the participants to listen to an audio-visual story containing the target structures (third conditionals and comparatives) and complete analytic tasks (varying in different groups) before listening to the story for a second time. The oral performance of the participants was analysed for accuracy, and frequency of use of the target structures. A grammaticality judgement test (GJT) and an elicited imitation task (EIT) were used to assess the participants’ gains in the knowledge of the target structures. In addition, language aptitude (LLAMA B, D, F) was measured and modelled as a predictor of gain scores. Results showed a significant effect of processing condition on GJT performance with the High DoP Implicit group outperforming the High DoP Explicit group on total scores and comparatives. In contrast, ANCOVA analyses indicated no significant group differences on EIT outcomes once pretest performance was controlled, with pretest scores strongly predicting posttest performance. In oral production, processing effects were structure-specific: the Low DoP group showed greater accuracy gains for comparatives, while both High DoP groups revealed increased frequency of use of third conditionals. However, across all four measures, multiple regression analyses indicated that LLAMA B, D, and F did not significantly predict gain scores. Overall, the findings support a processing-by-structure pattern: deeper processing benefits were most evident for the more salient structure (comparatives) on an explicit, written measure, whereas complex, low-salience forms (third conditionals) showed limited accuracy change but increased frequency of use under deeper processing."
OpenAlex,deep learning,Combating Data and Target Shifts in Visual Tasks,Zhaorui Tan,10.17638/03194353,2031-01-01,Open MIND,"The rapid advancement of deep learning models for visual tasks has led to significant progress in many domains. However, a key challenge remains: ensuring that models can generalize effectively to unseen samples or novel classes, especially in real-world scenarios where training data-target pairs are often limited or unavailable, and test data may exhibit shifts in both data and targets. This thesis addresses the problem of shifts across data and targets, proposing novel methods to improve model generalization and transferability in complex settings. The thesis identifies the different shift scenarios for visual tasks and presents their problem forms. The research first relaxes the static target distribution assumption in Multi-Domain Generalization (mDG) tasks, introducing the General Multi-Domain Generalization (GMDG) objective to improve generalization under varying data shifts. Specifically, Extensive experiments validate that GMDG is feasible for classification, segmentation, and regression tasks. Further considering extreme target distribution shifts where even unknown novel classes emerge, the study also explores logical regularization techniques for tasks such as Generalized Category Discovery (GCD), mDG+GCD, and Class Incremental Learning (CIL), proposing a sample-based logical regularization term (L-Reg) to enhance data-, target-, and all-shift generalization. Additionally, a partial logic framework is introduced to address challenges in CIL, enabling models to retain room for unknown classes during training. This is further extended by the Partial-Logic Regularization (PL-Reg), which improves generalization across GCD, mDG+GCD, and transferability for CIL tasks. Furthermore, the thesis proposes a novel Semantic-aware Data Augmentation (SADA) framework for cross-modality generalization in text-to-image synthesis (T2Isyn), text-image retrieval (TIR), and image-text retrieval (ITR) tasks. This framework ensures semantic preservation across text and image modalities, improving both semantic consistency and image quality in cross-modality tasks. The methods proposed in this thesis offer significant advancements in visual generalization and transfer scenarios, providing theoretical insights and practical solutions for handling data shifts, target shifts, and multi-modalities in complex scenarios. Extensive experiments validate the effectiveness of the proposed methods, demonstrating their superior performance across a range of tasks."
OpenAlex,deep learning,Assessing the Role of Digital Transformation in Strengthening Customer Engagement: A Case Study of bKash,Abdullah Al Ahad; Majeda Begum,,2031-01-01,RUCforsk (Roskilde University),"In this study, the role of digital transformation in enhancing customer engagement in the mobile financial services (MFS) industry is explored through a case study of bKash in Bangladesh.The research was designed to find out the key digital transformation projects which bKash has done, understanding customer perceptions about digital service, understanding the relationship and analysis between features of digital transformation and customer engagement, and analysing the challenges and opportunities of digital transformation.The research method used was a mixed-method research design, which was a combination of quantitative survey data from 46 respondents and qualitative data from the interviews conducted with 4 participants.The quantitative data were analysed statistically using descriptive statistics, reliability analysis, correlation analysis and multiple regression analysis, and the qualitative data were analysed in themes.The study was adopted primarily based on the Technology Acceptance Model (TAM) with the aid of the Diffusion of Innovation (DOI)Theory.The results propose that digital transformation has a positive impact on customer engagement for bKash.The PU, TR and PS measures had strong direct effects on customer engagement.On the contrary, the POEU and DSQ measures had results were statistically insignificant.Qualitative data discussion specified some factors that influence users experience, and these are convenience, reliability, and trust.Though there are several advantages in using digital platforms like bKash, but there are some cautions and issues of being worried.Fraud and service cost is two key area of being worried.According to the findings of this research project, the significance of ongoing innovation, robust security measures, and customer-focused digital approaches are so crucial and in emerging markets Bangladesh, financial service providers should integrate these issues to succeed in the competition."
OpenAlex,deep learning,Antecedents and consequences of Green-tech FDI in emerging markets,Zhuoran Liu,10.17638/03195308,2031-01-01,Open MIND,"As environmental pressures intensify, attracting sustainable foreign direct investment (FDI), particularly green-tech FDI, has become a critical pathway for emerging markets to achieve environmental sustainability. However, existing research remains fragmented, offering limited insights into why green-tech FDI enters emerging markets and how it affects regional green innovation. This thesis addresses these gaps by systematically examining both the antecedents and consequences of green-tech FDI through three empirical studies using regional data from China. Study 1 and Study 2 focus on the antecedents of green-tech FDI. Study 1 examines how host-country conditions can attract green-tech FDI, highlighting the role of environmental management information disclosure (EMID) by domestic firms in reducing information gaps and strengthening green market–seeking motives. Study 2 shifts attention to the active decision-making of green-tech FDI, showing that under uncertainty, green-tech foreign investors engage in identity-based bandwagon learning by imitating peers with similar green identities, thereby mitigating investment risks. Study 3 turns to the consequences of green-tech FDI. It demonstrates that, due to the technological complexity of green innovation and limited absorptive capacity in emerging markets, green-tech FDI may generate crowding-out effects rather than purely positive spillovers. Adopting a network perspective, the study further finds that universities play a key moderating role: through broad linkages and deep collaborations, they help mitigate negative spillovers and facilitate the diffusion of green technologies. Together, the three studies advance the literature on sustainable FDI by differentiating green-tech FDI from general FDI and identifying the specific mechanisms that shape its entry decisions and local innovation outcomes. Practically, the findings provide guidance for emerging-market governments and firms on how to attract and manage sustainable investment, balance growth with environmental objectives, and strengthen local innovation ecosystems."
OpenAlex,deep learning,Deep learning design of programmed enhancer pairs,Salil Garg; Blake M Torres; Joanna Wypasek,10.5281/zenodo.19477875,2030-04-08,Zenodo (CERN European Organization for Nuclear Research),
OpenAlex,deep learning,Deep learning design of programmed enhancer pairs,Salil Garg; Blake M Torres; Joanna Wypasek,10.5281/zenodo.19463376,2030-04-08,Zenodo (CERN European Organization for Nuclear Research),
OpenAlex,deep learning,Deep learning design of programmed enhancer pairs,Salil Garg; Blake M Torres; Joanna Wypasek,10.5281/zenodo.19463375,2030-04-08,Zenodo (CERN European Organization for Nuclear Research),
OpenAlex,deep learning,A UAV-Based Framework for Community-Scale Residential Building Energy Modelling in China,Mengfan Jin,10.17638/03195460,2029-01-01,Open MIND,"With increasing emphasis on energy efficiency and carbon emission reduction in the building sector, rapid and scalable energy modelling of existing buildings is critical for retrofit projects and policy development. Conventional surveys, data collection and energy modelling processes remain labour-intensive and impractical for large-scale applications, and energy modelling often dominates project time and cost. Unmanned Aerial Vehicles (UAVs) equipped with high-resolution and infrared cameras now offer fast and safe exterior surveys, showing great potential in building energy assessments. Yet, a systematic framework for UAV integration, from image capture through processing to inputs for building energy simulation, has not been established. This research addresses these challenges by developing a structured framework for community-scale building energy modelling, which integrates UAV photogrammetry to accelerate data acquisition, reduce labour, and shorten energy modelling time for retrofit projects. The framework is designed to minimise prior data requirements while maximising automation and retaining sufficient accuracy and reliability. It also addressed systemic issues, such as the lack of data necessary to fully exploit the potential of available technologies in the context of this study. To achieve this research objective, a mixed-methodology approach, combining desk studies and fieldwork, was adopted. First, a comprehensive review of UAV-based building energy studies mapped the current applications and available tools, proposing a preliminary framework. Fieldwork then encompassed a pilot study and a detailed case study. In the pilot test, a single building was surveyed to identify an optimal toolchain for flight planning, image capture, photogrammetric reconstruction, model generation, and selection of a simulation platform. The resulting refined framework was applied to a case study of a 39-building community, and it was demonstrated that further automation was necessary. The potential for automation was then further explored. Geomatic algorithms, machine learning, and deep learning techniques were compared, and the combination that best balanced accuracy and processing time was selected for 3D model generation and window-to-wall ratio (WWR) extraction. In parallel, an archetype library of residential buildings in the Hot Summer Cold Winter (HSCW) zone in China was compiled to facilitate the assignment of thermal parameters. Finally, a reusable community-scale building energy modelling (CBEM) workflow was assembled in Grasshopper using Ladybug Tools components to process the aforementioned inputs. In conclusion, this study integrates UAV photogrammetry, GIS-based geomatic algorithms, machine learning, and graphical programming to develop an UAV-CBEM framework. The outcomes establish a foundation for scalable UAV-based building energy assessments, enhancing applicability in data-limited and large-scale settings worldwide."
OpenAlex,deep learning,Culture Audit - Save a Life Pet Rescue,Grace L Kmak; Kaley A Chriswell; Carter Roberts; Antonio Pizza; Caroline Parrott,,2029-01-01,Journal of International Crisis and Risk Communication Research,"Our project was a culture audit on the non-profit save a life pet rescue. Our goal was to analyze how the group works along with determine if there is any areas of improvement for the organization. Through this, we learned that any ability to give back can make an impact for all things. Whether it be dogs or families."
OpenAlex,deep learning,Data Augmentation Application in Deep Learning Drug Discovery by Utilizing Relationships Between Biological and Medical Entities,Tianjun Wang,10.17638/03195452,2029-01-01,Open MIND,
OpenAlex,deep learning,Spectral Materialism: Encounters with land-time-scapes,Sam Nightingale,10.25602/gold.00040593,2029-01-01,Goldsmiths (University of London),"This transdisciplinary, practice-based PhD introduces spectral materialism through art-based research encounters with ecologically and historically stratified land-time-scapes shaped by hypersalinity and colonial terraforming. Centred in the semi-arid Mallee (southeastern Australia) and read through echoes with California’s Imperial Valley, the project examines how spectral time—the co-presence and haunting of other temporalities—manifests in the material conditions of salt, soil, water, plants, and infrastructures. It asks how learning from geological, First Nations, colonial, and ecological pasts can orient responsibilities in unsettled futures. Treating the present as a crisis of time as much as a crisis of matter, the thesis critiques linear-progressive temporalities bound to Western modernity and extractive regimes. In response, spectral materialism is developed as both a conceptual framework and a critical creative methodology. Through alchemical media experiments with salt crystals, hypersaline soils, and halophytes, photography is reconfigured as a site-responsive, process-oriented practice. Salt is engaged as a material agent and ‘time-crystal’ whose phase shifts—dissolution, saturation, precipitation, crystallisation, evaporation—form a meta-chemistry that refracts deep-marine pasts, settler-colonial irrigation infrastructures, and contemporary dust into processual renderings of time. Methodologically, the project advances attunement as a mode of sensing and responsiveness to forces that are not always immediately perceptible yet are materially active. Field notes appear as para-writing, interrupting linear narration so that heterogeneous times co-present themselves within the text. The thesis is guided by First Nations temporalities—time as relational and in place—while remaining accountable to ethical limits and protocols. The contribution is twofold: a theoretical articulation of spectral materialism as a way to think time otherwise, and a set of site-responsive methods for engaging elemental media in saline environments. Together, they generate materially grounded accounts of spectral presences and open alternative pathways for knowing, sensing, and relating within land-time-scapes marked by enduring colonial and ecological afterlives amid planetary change."
OpenAlex,deep learning,Advocating the potential of AI for syndrome discovery: a scoping review,A C P Ferreira; Aleksandar Anžel; Alexander Ullrich; Georges Hattab,,2029-01-01,Open MIND,"This protocol describes a scoping review to map the landscape of artificial intelligence (AI) applications in syndrome discovery. Specifically, we aim to identify: 1. What AI techniques (e.g., natural language processing, machine learning, deep learning) have been used to detect or characterize syndromes (in the context of Syndromic Surveillance Systems); 2. which clinical data sources (e.g., EHR text, emergency departments data, primary care data) are leveraged."
OpenAlex,deep learning,Deep learning image analysis of donor red blood cells to predict deformability and transfusion efficacy,Erik S. Lamoureux,10.14288/1.0451932,2028-01-01,cIRcle (University of British Columbia),"The full abstract for this thesis is available in the body of the thesis, and will be available when the embargo expires."
OpenAlex,deep learning,Le jeu de rôle ludique : un terrain d’analyse et d’entraînement pour l’acquisition de compétences managériales,Sanne Stijve; David Robert,,2028-01-01,Cairn.info,"Unlike serious role-playing games, which attempt to simulate certain situations and interactions in the business world, tabletop role-playing games set their narrative in a fictional universe. RPG games provide an excellent opportunity to analyse the interaction and thinking patterns of participants and offers the possibility to develop new behaviours and testing them over the course of one or more game sessions, using the “decontextualised” simulation system on a benevolent testing ground, an immersive simulation environment that enables analysis and personal growth work. This activity has been the subject of workshops run by PsychoStratégie SA, which constitute a case study showing how tabletop RPGs can be used in an innovative way to develop the managerial skills of professionals through a deeper understanding of their own interactional and reflexive patterns and the development of new behaviours and tactics."
OpenAlex,deep learning,"The Enlightenment of an Entrepreneur: A Multidisciplinary Exploration of Management, Psychology and Economic Theology",Graziano Mazza,,2028-01-01,Cairn.info,"This conceptual paper explores how Economic Theology’s ideas of calling, oikonomia, and entrepreneurship can enhance entrepreneurs’ ability to navigate sustainability transitions. Integrating concepts from various disciplines, it reimagines entrepreneurship as an iterative learning process that addresses societal challenges. The paper analyses existing Religion of Work theories, providing societal, psychological, and anthropological insights. It elucidates the concept of calling in entrepreneurship, suggesting that work can have transcendent meaning and purpose. Additionally, it examines boundaryless careers and the significance of work, portraying entrepreneurship as a profession with humanitarian and spiritual dimensions. The paper outlines fundamental beliefs and frameworks for societal contribution through entrepreneurship, emphasizing the individual-in-society perspective. It advocates for entrepreneurs as moral agents aligned with community values and proposes a shift from viewing economic actions as mere resource allocation to recognizing entrepreneurial action as an expression of human agency. JEL Codes: B5"
OpenAlex,deep learning,Deep q-learning aided k-means clustering protocol for optimizing network lifetime in wireless sensor networks,Flynn Dowey,10.14288/1.0451106,2028-01-01,Open Collections,"The full abstract for this thesis is available in the body of the thesis, and will be available when the embargo expires."
