source,keyword,title,authors,doi,publication_date,journal,abstract
PubMed,aortic stenosis,Feasibility and outcomes of an automated high-alert NT-proBNP pathway.,John Aaron Henry; Chris Brown; Carolina Almeida; Jack Devin; Tyler Jones; Marco Vidal; Tim Sims; Sinead O'Driscoll; Aida Agostinho; Brian Xiangzhi Wang; Sean Pallot; Elisabete Da Silva; Pierre Le Page; Oliver Rider; Andrew Robert John Mitchell,10.1136/openhrt-2026-004325,2026-08-20,Open heart,"NT-proBNP is a key biomarker in heart failure (HF). Patients with markedly elevated levels are at high risk of adverse outcomes but experience delays in specialist care. Evidence on the impact of an automated, high-threshold NT-proBNP referral pathway embedded in electronic patient records is limited.
All NT-proBNP results >5000 pg/mL over a 12-month period triggered automatic HF team referral. Referrals were categorised as inpatients, outpatients with known HF, outpatients not suitable for follow-up or new outpatients without a diagnosis of HF who were eligible for enrolment. Eligible patients were offered echocardiography and review within 48 hours, with treatment and outcome data collected prospectively. A retrospective comparator cohort included all outpatient NT-proBNP results >5000 pg/mL from patients not known to the HF service in the 12 months before implementation.
Over 12 months, 889 referrals were generated: 417 (47%) inpatients, 370 (42%) known outpatients, 59 (7%) not appropriate and 43 (5%) enrolled. Median time to review was 2 days, with 70% meeting the 48-hour target. Among enrolled patients (mean age 81, 56% male, median NT-proBNP 7480 pg/mL), HF with reduced ejection fraction (HFrEF) was diagnosed in 21 (49%), HF with mildly reduced ejection fraction in seven (16%), HF with preserved ejection fraction in 10 (23%) and severe aortic stenosis or new atrial fibrillation in four each (10%). At 12 weeks, 62% of patients had improved by at least one New York Heart Association class, and mean left ventricular ejection fraction increased from 27% to 45% in those with HFrEF. At 12 weeks, admission and mortality were 36% and 8%, respectively, compared with 35% and 12% in the retrospective cohort (n=60).
An automated high-threshold NT-proBNP pathway is feasible and identifies very high-risk patients. Enrolled patients had rapid therapy optimisation, with observed improvements in symptoms and cardiac function."
PubMed,aortic stenosis,Transapical epicardial temporary pacemaker lead implantation in patients with transapical TAVI.,Chunsui Liang; Mingwen Li; Zezhou Feng; Peiqun Zhao; Yingbin Xiao; Ruiyan Ma; Zhao Jian,10.1136/openhrt-2025-003960,2026-08-20,Open heart,"This study aimed to evaluate the safety and efficacy of transapical epicardial temporary pacemaker lead implantation compared with the conventional transvenous approach in patients undergoing transapical transcatheter aortic valve implantation (TAVI).
In this single-centre retrospective study, 399 patients who underwent transapical TAVI between December 2018 and August 2024 were included. Of these, 298 received transapical epicardial temporary pacing leads and 101 received transvenous leads. Primary outcomes included pacemaker-related cardiac tamponade, valve displacement and mortality. Secondary outcomes encompassed perioperative complications, permanent pacemaker implantation and postoperative adverse events.
No cases of cardiac tamponade, valve displacement or mortality related to temporary pacing were observed in either group. Poor lead contact occurred in one patient (0.3%) in the transapical group versus three patients (3.0%) in the transvenous group (p=0.05). Postoperative permanent pacemaker implantation was required in 12 transapical patients (4.0%) and three transvenous patients (3.0%, p=0.86).
Transapical epicardial temporary pacing is a safe and effective alternative to transvenous pacing during transapical TAVI, with comparable complication rates and potential technical benefits. Further randomised studies are warranted to validate these findings and explore long-term outcomes."
PubMed,aortic stenosis,Single Center Experience using Fiber Optic RealShape (FORS) Technology in Patients Treated with Complex Endovascular Aneurysm Repair.,Charlotte C Lemmens; Barend M E Mees; Marie-José P J Vleugels; Anna Prent; Jorinde H H van Laanen; Michiel W de Haan; Michael J H M Jacobs; Geert W H Schurink,10.1177/15266028261479886,2026-08-20,Journal of endovascular therapy : an official journal of the International Society of Endovascular Specialists,"Fiber Optic RealShape (FORS) is a novel technology using light instead of X-rays to visualize guidewire and catheters during endovascular procedures. A 3D-Hub allows visualization of conventional catheters when used in combination with the FORS guidewire. This study evaluates the FORS performance and radiation exposure during visceral target vessel (TV) catheterization in complex endovascular aortic repair (cEVAR).
Single-centre data were retrieved from the prospective FORS Learn Registry cohort study. The primary outcome was FORS technical success, defined as successful catheterization using FORS without reverting to a conventional guidewire. Secondary outcomes included catheterization and fluoroscopy time, Dose Area Product (DAP) and Air Kerma (AK), compared across technical success, technical failure and conventional catheterizations using analysis of variance (ANOVA) with post hoc testing.
Between December 2020 and December 2023, 96 patients underwent cEVAR. In total 319 visceral targets were catheterized, including 176 FORS attempts with a technical success rate of 63.6%. This success rate decreased in TVs with versus without ostial stenosis (21.7% vs 69.9%, P < .001) or with versus without calcification (14.3% vs 67.9%, P < .001), and increased with versus without the use of the 3D-Hub (80.6% vs 60.0%, P = .039). Type of TV, stent graft configuration or prior TV stent did not affect technical success rates. Radiation exposure was significantly lower during successful FORS catheterizations (fluoroscopy time 1.7 ± 2.1 min; DAP 3.7 ± 8.5 Gy∙cm2; AK 30.8 ± 55.9 mGy) compared to FORS technical failures (fluoroscopy time 6.5 ± 4.3 min, P < .001; DAP 8.8 ± 6.4 Gy∙cm2, P = .030; AK 126.5 ± 116.5 mGy, P < .001) and conventional catheterizations (fluoroscopy time 6.2 ± 9.2 min, P < .001; DAP 9.4 ± 20.25 Gy∙cm2, P = .003; AK 111.5 ± 151.1 mGy, P < .001). No significant differences occurred between technically failed and conventional catheterizations. Catheterization time was shortest with FORS technical success (6.5 ± 5.0 min) compared to conventional catheterizations (9.7 ± 13.5 min, P = .015), followed by technical failure (14.3 ± 6.9 min, P < .001).
Fiber Optic RealShape has an acceptable technical success rate in visceral TV catheterization during cEVAR, which has improved following the 3D-Hub implementation. Successful FORS catheterization results in reduced radiation exposure and catheterization time. When reversion to conventional catheterization is required, outcomes remain comparable to primary conventional procedures, supporting initial FORS use in all catheterizations to minimize radiation. Continued device and software development is essential to optimize FORS performance.Clinical ImpactFiber Optic RealShape (FORS) is a new technology that enables visualization of exclusive FORS-guidewires and catheters using light pulses instead of radiation. This study shows acceptable technical success rates with reduced radiation exposure compared to technically unsuccessful FORS and primary conventional catheterizations of visceral target vessels during complex endovascular aortic repair. These findings support the clinical benefit of initially attempting catheterization with FORS, as it results in reduced radiation exposure, even in case of reversion to conventional devices, without compromising patient outcomes. Additionally, the technical success rates improved significantly following the implementation of the 3D Hub."
PubMed,aortic stenosis,Challenging Anatomic and Pathologic Features for Transcatheter Aortic Valve Replacement Planning.,Richard L Hallett; Kimberly A Hatch; Jodi A Bratcher; Lindsey R Grooters; Rayna L DeBellevue; Linda Miner Denzine; Jason L Fedewa; Mark F Walsh; Frank J Rybicki; Michael F Morris,10.1148/rg.250099,2026-09,"Radiographics : a review publication of the Radiological Society of North America, Inc","Segmentation and processing of CT datasets for transcatheter aortic valve replacement (TAVR) planning is now an essential part of the transcatheter heart valve team process. Output for TAVR planning includes geometric and pathologic findings of the aortic valve, root, and left ventricular outflow tract. In addition, access route selection requires assessment of the size and course of the access vessel and identification of any associated variant anatomic or pathologic conditions that could affect the procedure. Spurious or erroneous output from three-dimensional processing software can occur, especially with gradient-based segmentation algorithms. Identification and correction of these processing errors is imperative for accurate TAVR planning output. The authors review specific considerations for each anatomic region in which TAVR planning is needed and outline processing tips for providing high-quality planning output. ©RSNA, 2026 Supplemental material is available for this article."
PubMed,aortic stenosis,Beyond procedural success after TAVI: is multi-pillar heart failure therapy the next frontier?,Thorald Stolte; Thomas Nestelberger; Felix Mahfoud,10.1093/ejhf/xuag188,2026-08-20,European journal of heart failure,
PubMed,aortic stenosis,Self-expanding intraannular transcatheter heart valve in tapered LVOT morphology - impact on deployment precision and periprocedural aortic prosthesis migration.,C Eckel; J Schlüter; S Bargon; D Anastasoudis; C Mues; D Sötemann; J Blumenstein; A Elsässer; H Möllmann; C Grothusen,10.1007/s00392-026-02990-8,2026-08-20,Clinical research in cardiology : official journal of the German Cardiac Society,"A tapered left ventricular outflow tract (LVOT) may influence outcomes in transcatheter aortic valve implantation (TAVI), especially regarding valve positioning and conduction disturbances. While this is established in cases of pure aortic regurgitation and stenosis with balloon-expandable valves, its effect in native high-grade aortic stenosis (AVS) using self-expandable (SE) valves remains unclear. This study evaluated the impact of tapered LVOT morphology on peri-procedural outcomes with a SE intraannular (IA) TAVI prosthesis.
Between June 2021 and April 2025, 354 patients with severe native AVS underwent TAVI using the SE IA TAVI prosthesis. Patients were stratified based on LVOT morphology (tapered vs. non-tapered). Clinical and hemodynamic outcomes, including incomplete periprocedural device migration (IPDM) and embolization, were compared between groups.
Technical success (96.9% tapered vs. 97.8% non-tapered, p = 0.727) and device success (92.9% vs. 89.4%, p = 0.373) were similarly high. IPDM occurred significantly more often in patients with a tapered LVOT (18.9% vs. 6.6%, p = 0.001). Overall, rates of embolization (0.8% vs. 2.6%, p = 0.429) and Valve-in-Valve procedures (0.8% vs. 1.8%, p = 0.658) were rare. Multivariate logistic regression identified a tapered LVOT morphology (OR 2.47; 95% CI 1.26-4.87; p = 0.009) and severe aortic valve eccentricity (OR 2.16; 95% CI 1.03-4.57; p = 0.042) as independent predictors for IPDM and embolization. The rate of permanent pacemaker implantation was comparable (17.4% vs. 18.0%; p = 1.000).
TAVI with the SE IA prosthesis demonstrated high procedural success across anatomical subgroups. However, a tapered LVOT was associated with a significantly increased risk of incomplete periprocedural device migration. In such cases, a slightly deeper implantation may enhance anchoring and stability. These findings highlight the critical importance of preprocedural anatomical assessment, particularly LVOT morphology, in optimizing outcomes for TAVI in native AVS."
PubMed,aortic stenosis,IVUS-Guided UNICORN Leaflet Modification During Redo TAVR to Prevent Coronary Obstruction.,Ahmed Hailan; Montasir H Ali; Ayush Khurana; Amila Premawardhana; Ahmed Sabra; Mazin Hassan; Adrian Ionescu; Daniel Obaid; Stephen Dorman; Alexander Chase,10.1016/j.jaccas.2026.109805,2026-08-20,JACC. Case reports,"Coronary obstruction is a rare but potentially fatal complication of transcatheter aortic valve replacement (TAVR), particularly during valve-in-valve and TAVR-in-TAVR procedures. Leaflet modification techniques have emerged to reduce this risk.
A 67-year-old woman with severe degeneration of a 26-mm SAPIEN 3 transcatheter heart valve presented with acute heart failure. Computed tomography demonstrated severe prosthetic stenosis and a high risk of left coronary obstruction (virtual valve-to-coronary distance 3.4 mm). Redo TAVR was performed using intravascular ultrasound (IVUS)-guided UNICORN (Undermining Iatrogenic Coronary Obstruction with Radiofrequency Needle) leaflet modification, followed by implantation of a 23-mm RESILIA valve. IVUS enabled precise leaflet traversal and real-time assessment of the relationship between the modified leaflet, valve frame, and left main coronary artery, resulting in an excellent procedural and hemodynamic outcome.
This is the first reported IVUS-guided UNICORN leaflet modification during TAVR-in-TAVR, highlighting its potential to improve procedural precision and safety in patients at high risk of coronary obstruction."
PubMed,aortic stenosis,Non-ST-Segment Elevation Acute Coronary Syndrome From Transcatheter Aortic Valve Replacement Infective Endocarditis Embolization.,Sargoel C Lucchese; Kassandra S Carter; Austin T Mefford; Samuel E Horr,10.1016/j.jaccas.2026.109875,2026-08-20,JACC. Case reports,"Transcatheter aortic valve replacement (TAVR) is a widely established treatment for severe aortic stenosis. Infective endocarditis (IE) following TAVR is an uncommon but significant complication occurring in 1% of patients.
A 70-year-old man with a prior TAVR presenting with chest discomfort and elevated troponins was diagnosed with non-ST-segment elevation-acute coronary syndrome. Coronary angiography demonstrated an occluded LAD; aspiration thrombectomy yielded material consistent with vegetation. Blood cultures resulted with Enterococcus faecalis. Transesophageal echocardiogram showed vegetations on the bioprosthesis consistent with IE. The patient was treated with medical therapy, and subsequent echocardiograms demonstrated resolution of the vegetations with intravenous antibiotics.
IE is associated with a high incidence of complications and poor prognosis. Given the continued rise of TAVR as a treatment strategy, clinicians should have a detailed understanding of this disease process.
IE is an uncommon, life-threatening complication after TAVR. These patients can present atypically, warranting a heightened index of suspicion."
PubMed,aortic stenosis,Seeing Beyond the Silhouette: Understanding Transcatheter Valve Mechanics in Bicuspid Aortic Stenosis.,Piotr Foszcz; Da-Un Chung; Eike Tigges,10.1016/j.jaccas.2026.109183,2026-08-19,JACC. Case reports,
PubMed,aortic stenosis,Advanced 3D echocardiographic assessment of the aortic valve and aortic root complex: a repair-oriented perspective.,Tommaso Viva; Corrado Fiore; Raluca Dulgheru; Daniele Andreini; Mattia Glauber; Patrizio Lancellotti,10.1093/ehjimp/qyag136,2026-08,European heart journal. Imaging methods and practice,"The aortic valve (AV) and aortic root complex constitute a functional unit, and their integrated anatomical and dynamic assessment is essential for the management of AV disease. This review highlights the role of three-dimensional echocardiography (3DE) in the comprehensive evaluation of AV disease and its contribution to therapeutic decision-making.
Owing to close collaboration with cardiac surgeons, 3DE has significantly expanded the diagnostic information provided by imaging cardiologists and has become a key tool for guiding therapeutic strategies. In patients with significant aortic regurgitation (AR), detailed anatomical assessment of the cusps enables characterization of valve morphology and tissue quality, while multiplanar reconstruction provides accurate measurements of the virtual basal ring, coronary ostial height, and other key anatomical structures. Quantitative assessment of cusp geometry, including effective, geometric, and coaptation heights, allows precise identification of AR mechanisms, thereby facilitating repair-oriented surgical planning. In aortic stenosis (AS), 3DE improves evaluation of discordant or borderline cases through enhanced assessment of the left ventricular outflow tract and direct planimetric measurement of AV area. In addition, 3DE provides complementary information for procedural planning of both transcatheter and surgical AV replacement, particularly in patients with contraindications to computed tomography.
Three-dimensional echocardiography, particularly transoesophageal 3DE, has become an essential imaging modality for integrating anatomical and functional information. It improves diagnostic accuracy, supports individualized therapeutic planning, and plays a pivotal role in promoting a repair-oriented approach to the management of aortic valve disease."
PubMed,aortic stenosis,Dual pathology in aortic stenosis: Identifying transthyretin amyloidosis likelihood in patients referred for transcatheter aortic valve implantation.,Stéphanie Kristina Schwarting; Selen Alieva; Mohammad Usama Chaudhry; Kornelia Löw; Sergio Grosu; Steffen Massberg; Simon Deseive; Julius Steffen,10.1016/j.ijcha.2026.101991,2026-10,International journal of cardiology. Heart & vasculature,"Aortic stenosis (AS) and transthyretin cardiac amyloidosis (CA) may coexist with overlapping clinical and imaging features. Data on the prevalence of this dual pathology (AS-CA) across AS flow groups are limited. This study assessed the likelihood of AS-CA in different AS flow groups and its association with outcomes after transcatheter aortic valve implantation (TAVI).
We retrospectively analyzed 2764 patients (median age 82 years, 55% male) undergoing TAVI for severe native AS between 2017 and 2022). High likelihood of AS-CA was defined as RAISE score ≥ 3 points together with a T-AMYLO score ≥ 3 + red-flag criteria, or a T-AMYLO score ≥ 7 points. Procedural outcomes and long-term survival were evaluated.
High AS-CA likelihood was identified in 235 patients (9%). The estimated likelihood was comparable across AS flow groups, including high-gradient (7.4%), classical low-flow low-gradient (10.6%), paradoxical low-flow low-gradient (9.9%), and normal-flow high-gradient AS patients (7.7%) (p = 0.09). Procedural success after TAVI did not differ between patients with AS-CA and lone AS. However, AS-CA likelihood was associated with a higher 3-year all-cause mortality (44% vs. 29%, p < 0.001). This association was attenuated after adjustment for Society of Thoracic Surgeons (STS) risk score (HR 1.2 [95% CI 0.99-1.53], p = 0.065).
Dual pathology of AS-CA is likely present in approximately 9% of TAVI patients and is not confined to specific AS flow groups. Although procedural outcomes are comparable, AS-CA is associated with increased mortality, largely driven by baseline risk. Further studies are needed to improve diagnostic strategies and clarify the underlying mechanisms."
PubMed,aortic stenosis,Lipoprotein(a) and calcific aortic stenosis: from inherited risk marker to therapeutic target.,Francisco Epelde,10.3389/fmed.2026.1908850,2026,Frontiers in medicine,"Calcific aortic valve stenosis (CAVS) is the most common valvular heart disease in older adults and remains a condition for which valve replacement is the only established disease-modifying treatment. Converging genetic, epidemiological, imaging and mechanistic evidence supports an active disease process involving lipid deposition, inflammation, extracellular matrix remodeling, osteogenic differentiation and progressive mineralization. Lipoprotein(a) [Lp(a)] has emerged as an inherited risk factor of particular interest because it links apolipoprotein(a), apolipoprotein B, oxidized phospholipids (OxPL), autotaxin (ATX)-lysophosphatidic acid signaling and valvular calcification.
To review the evidence connecting Lp(a) with the initiation and progression of CAVS, distinguish levels of evidence and plausible mediators, and discuss the current and future clinical implications of Lp(a) measurement and Lp(a)-lowering therapy in aortic valve disease.
A narrative review was performed using PubMed/MEDLINE, major cardiovascular guidelines, consensus statements and reference lists of key articles. Searches were updated to June 2026 and prioritized genetic studies, Mendelian randomization analyses, prospective cohorts, imaging studies, tissue and mechanistic studies, systematic reviews, randomized trials and early-phase pharmacological studies relevant to Lp(a), oxidized phospholipids and CAVS.
Genetic and Mendelian randomization studies support a likely causal contribution of the LPA locus and lifelong exposure to apoB-containing lipoproteins to aortic valve calcification and incident CAVS. Clinical and imaging studies associate higher Lp(a) concentrations with prevalent valve calcification, incident aortic stenosis and, in selected cohorts, faster haemodynamic progression. Mechanistically, Lp(a)-associated particles and lipid mediators have been detected in valve tissue, and OxPL, autotaxin-derived lysophosphatidic acid and related inflammatory pathways can promote valve interstitial cell osteogenic transformation. However, evidence for progression is heterogeneous, and established calcific disease is also shaped by baseline calcium burden, valve anatomy, renal-mineral pathways, inflammation, fibrosis and mechanical stress. Existing statin-based and mineral-targeted therapies have not slowed established CAVS, while potent Lp(a)-lowering agents can markedly reduce Lp(a) but still lack definitive valvular outcome data.
Lp(a) should be considered a cardiovascular risk enhancer and a plausible causal contributor to calcific aortic valve disease, especially during earlier lipid-inflammatory and microcalcific phases. Measuring Lp(a) at least once in adulthood is supported by contemporary lipid guidance and may be particularly informative in premature CAVS, family clustering, coexisting premature atherosclerotic cardiovascular disease or unexplained rapid progression. Whether pharmacological Lp(a) lowering can prevent CAVS or slow progression remains an important but unproven translational question."
PubMed,aortic stenosis,Supra-aortic bypass reconstructions using ring-reinforced 8 mm polytetrafluoroethylene for debranching before thoracic endovascular aortic repair and for atherosclerotic lesions of the subclavian artery.,Mikolaj Walensi; Kai Nassenstein; Theresia Knop; Susanne B Kiewitz; Nikolaos Tsilimparis; Eike S Debus; Michal Piotrowski; Nikodem Ulatowski; Gundula Schulz; Johannes N Hoffmann,10.1016/j.jvscit.2026.102406,2026-10,Journal of vascular surgery cases and innovative techniques,"Numerous cardiovascular pathologies, including thoracic endovascular aortic repair, may require supra-aortic bypass (SB) reconstruction. This study reports the safety and efficacy of SB reconstructions using ring-reinforced 8 mm polytetrafluoroethylene. From April 2017 to June 2023, 17 patients (9 female; median age, 72 years) underwent creation of 23 SBs. Indications included thoracic endovascular aortic repair debranching in 10 patients and symptomatic subclavian artery stenosis or occlusion in 7 patients. No intraoperative complications, bypass revisions, or 30-day mortality occurred. After follow-up of up to 5.9 years, one bypass occlusion was observed; all examined patients were asymptomatic and 19 bypasses (96%) remained patent, demonstrating excellent feasibility, safety, and patency."
PubMed,aortic stenosis,A Rare Combination of von Willebrand Disease Type 2A and 2M: Diagnostic and Therapeutic Challenges - A case report.,Floor Derikx; Inge Merry; Dennis Willemsen; Erik Beckers; Yvonne Henskens; Floor Heubel-Moenen,10.1016/j.rpth.2026.106867,2026-07,Research and practice in thrombosis and haemostasis,"Combined von Willebrand disease (VWD) type 2A/2M is a rare phenotype characterized by overlapping qualitative defects affecting both multimer structure and von Willebrand factor (VWF) function.
How can congenital VWD be distinguished from acquired von Willebrand syndrome (AVWS) when both conditions contribute to an abnormal laboratory phenotype?
A 73-year-old man with a previous diagnosis of VWD type 2M presented with severe gastrointestinal bleeding and severe aortic stenosis. Repeat VWF analysis showed loss of high-molecular-weight multimers, consistent with AVWS secondary to shear stress. Treatment with recombinant VWF (Veyvondi) restored high-molecular-weight multimers and achieved hemostatic control. Following transcatheter aortic valve implantation, the abnormal multimer pattern persisted. Subsequent genetic testing identified a pathogenic VWF variant, p.Leu1446Pro, confirming congenital VWD type 2A/2M.
This case demonstrates how AVWS may obscure an underlying congenital VWD phenotype. Combined phenotypic and molecular diagnostics are essential for accurate classification, therapeutic decision making, and interpretation of complex VWD phenotypes."
PubMed,aortic stenosis,"Diagnostic Value of Calcium Score Derived From Virtual Noncontrast, Non-ECG-gated Dual-energy CT as an Indicator of Severe Aortic Stenosis.",Jakub Byczkowski; Gregorio Chierchia; Giuseppe Muscogiuri; Edoardo Sciatti; Francesco Severi; Katarzyna Sienkiewicz; Pietro Andrea Bonaffini; Jadwiga Fijałkowska; Edyta Szurowska; Răzvan-Andrei Licu; Piotr Tarkowski; Marianna Mirchuk; Longjiang Zhang; Michele Senni; Sandro Sironi,10.1097/RTI.0000000000000904,2026-08-20,Journal of thoracic imaging,"Retrospective monocentric study.
To estimate the probability of severe aortic stenosis(SAS) by calculating the aortic valve calcium score (AVCS) using virtual noncontrast (VNC) reconstructions derived from non-ECG-gated dual-energy computed tomography (DECT) scans.
This study retrospectively included 59 patients who underwent DECT scans for noncardiac indications and presented with visible aortic valve calcifications. AVCS was calculated on VNC images using semiautomatic software. All patients had an echocardiogram performed within 12 months before or after the DECT scan. We then analyzed the correlation between AVCS values and the degree of aortic stenosis.
Both male and female patients with SAS had a significantly higher mean AVCS (919.2 AU, SD=1262.4) compared with those with nonsevere aortic stenosis (NSAS) (127.9 AU, SD=278.6). AVCS demonstrated good diagnostic performance in distinguishing between severe and nonsevere AS in both female and male (AUC=0.91 and 0.95, respectively). Estimated thresholds values showed high sensitivity in both genders, with good specificity in men, and moderate in women. When analyzed irrespective of gender, AVCS demonstrated good ability to distinguish severe AS from mild and no stenosis (AUC=0.926), and moderate ability to distinguish moderate AS from mild and no stenosis (AUC=0.781). However, it lacked statistical significance in discriminating severe and moderate AS (AUC=0.714, P=0.1325).
Aortic Valve Calcium Score obtained on VNC images from DECT examinations is a promising method for noninvasively differentiation between severe and nonsevere aortic stenosis, which could be potentially useful in patients who have undergone examinations for noncardiac indications."
PubMed,aortic stenosis,The Impact of Water Exchange on Estimates of Myocardial Blood Flow and Extracellular Volume Fraction Using Dynamic Contrast-Enhanced MRI in Patients Treated for Severe Aortic Stenosis.,Alex Makins; John D Biglands; Noor Sharrack; Peter Kellman; Sven Plein; David L Buckley,10.1002/mrm.70571,2026-08-20,Magnetic resonance in medicine,"To investigate the impact of intra/extracellular water exchange (WX) on quantitative dynamic contrast-enhanced (DCE) MRI in patients with severe aortic stenosis (AS). The aims were to compare low-dose (WX insensitive) and high-dose (WX sensitive) DCE-MRI measurements, and to compare data acquired before and after aortic valve replacement (AVR) to test whether DCE-MRI was able to detect changes in myocardial extracellular volume fraction (ECV).
Twenty-five patients with severe AS were studied at 3 T before and 6 months after AVR. DCE-MRI was performed at rest twice using a low contrast agent dose (0.05 mmol/kg gadobutrol) followed by a high-dose (0.1 mmol/kg gadobutrol). Estimates of myocardial blood flow (MBF) and ECV were obtained using models which assume instantaneous WX (fast exchange [FX]) and which incorporate WX (a two-site exchange [2SX] model). ECV estimates were also made using T1 maps acquired before and after contrast administration, both assuming FX and incorporating WX.
FX model estimates of MBF and ECV obtained before AVR decreased from low- to high-dose contrast consistent with the effect of limited WX. This decrease was partially corrected using a 2SX model. However, 2SX model fits were preferred over FX fits in only 2 of 24 high-dose data sets (F-test). ECV estimates made using DCE-MRI increased after AVR consistent with changes seen using T1 maps, but the ECV estimates were lower.
Estimates of MBF using DCE-MRI showed negligible sensitivity to WX. DCE-MRI-based ECV estimates changed post-AVR but were systematically lower than those made using T1 maps."
PubMed,aortic stenosis,Updates on Imaging Modalities for the Diagnosis of Aortic Stenosis.,Hadi Itani; Mohamad B Moumneh; Ahmed Zayed; Arun Gajan Pradeep; Mohammad Ennab; Bahy Abofrekha; Omar Khaya; Jonathan Spagnola; William H Frishman; Wilbert S Aronow,10.1097/CRD.0000000000001435,2026-08-20,Cardiology in review,"Aortic stenosis (AS) is the most common degenerative valvular disease in elderly patients and is linked to high morbidity and mortality. Accurate diagnosis and risk stratification are critical for effective management. Transthoracic echocardiography is the standard diagnostic tool, but its reliance on flow-dependent parameters can lead to inconsistent grading, especially in low-flow, low-gradient, or normal-flow, low-gradient AS. Advanced echocardiographic methods, such as 3D imaging, stress echocardiography, and Doppler indices, such as the mean gradient-to-effective orifice area ratio, improve the evaluation of AS severity and assist in clinical decision-making. Computed tomography provides a flow-independent evaluation of AS. It uses noncontrast calcium scoring with sex-specific thresholds, along with contrast-enhanced angiography, for detailed anatomical assessment. These modalities are essential for procedural planning, particularly for transcatheter aortic valve replacement. Cardiac magnetic resonance (CMR) provides additional prognostic information. It quantifies myocardial remodeling and fibrosis, which are associated with outcomes and recovery potential. Emerging technologies are expanding diagnostic capabilities in AS. Examples include 18F-sodium fluoride positron emission tomography for detecting microcalcification, artificial intelligence-based ECG and echocardiography for early diagnosis, and 4D flow CMR. Integration of echocardiography, computed tomography, CMR, and emerging positron emission tomography and artificial intelligence-based approaches can help address diagnostic uncertainty. This integration helps refine AS subtype classification and inform individualized intervention strategies."
PubMed,aortic stenosis,Predictive Value of the Venous Excess Ultrasound Score for Acute Kidney Injury After Transcatheter Aortic Valve Replacement: A Retrospective Cohort Study.,Arnab Banerjee; Torsten Loop; Chirojit Mukherjee,10.1053/j.jvca.2026.07.048,2026-07-27,Journal of cardiothoracic and vascular anesthesia,"Acute kidney injury (AKI) is a relevant complication after transcatheter aortic valve replacement (TAVR). Venous congestion is recognized as a contributor to perioperative organ dysfunction. The Venous Excess Ultrasound Score (VExUS) provides a noninvasive assessment of systemic venous congestion. This study hypothesized that a higher pre- or postprocedural VExUS is associated with an increased risk of AKI following TAVR.
Retrospective register study.
Two cardiovascular centers performing transcatheter aortic valve replacement.
A total of 101 patients were included.
Periprocedural point-of-care ultrasound examinations were performed to assess venous congestion using the VExUS before and 6 hours after TAVR.
In total, 101 patients with aortic stenosis undergoing TAVR underwent periprocedural point-of-care ultrasound to assess systemic venous congestion using the VExUS before and 6 hours after the procedure. Patients were stratified according to the presence of venous congestion (VExUS ≥1). The primary endpoint was the occurrence of AKI within 7 days after TAVR or before hospital discharge, defined according to Kidney Disease: Improving Global Outcomes criteria. The median age was 84 years (interquartile range, 80-87), 47% of patients were female, and 18% developed AKI after TAVR. A VExUS grade ≥1 was observed in 73% of patients preprocedurally and in 54% at 6 hours postprocedure (p < 0.002). Receiver operating characteristic analysis demonstrated modest discrimination for preprocedural VExUS (area under the curve [AUC], 0.62; 95% CI, 0.49-0.75) and excellent discrimination for postprocedural VExUS (AUC, 0.97; 95% CI, 0.95-1.00). A VExUS grade ≥2 was strongly associated with AKI after TAVR, with a sensitivity of 100% and a specificity of 88% (p < 0.0001).
Venous congestion appears to contribute to AKI in patients undergoing TAVR. The VExUS may serve as a noninvasive tool for early risk stratification of AKI, supporting a potential role of venous congestion in its pathophysiology."
PubMed,aortic stenosis,Preoperative Stabilization With Left Atrial Venoarterial Extracorporeal Membrane Oxygenation Before Salvage Valve Surgery in Cardiogenic Shock.,Mustafa Singapurwala; Manish K Patel; Bindu Akkanti; Sukhdeep Basra; Igor D Gregoric; Biswajit Kar; Ismael A Salas de Armas,10.1097/MAT.0000000000002823,2026-08-19,ASAIO journal (American Society for Artificial Internal Organs : 1992),"Patients undergoing salvage cardiac surgery experience markedly elevated mortality, often exceeding the risk predicted by the Society of Thoracic Surgeons Predicted Risk of Mortality score. These patients are typically taken to the operating room while supported by extracorporeal membrane oxygenation (ECMO). In this context, we transitioned from a traditional preoperative mechanical circulatory support strategy using venoarterial ECMO to left atrial venoarterial ECMO (LAVA-ECMO) in patients with cardiogenic shock secondary to valvular dysfunction. We report a single-center, retrospective case series of four high-risk patients with acute severe mitral regurgitation or obstructive aortic stenosis, all with prohibitive Society of Thoracic Surgeons predicted risk of mortality (STS-PROM) scores, who were supported by LAVA-ECMO as a bridge to salvage valve surgery. Left atrial venoarterial-ECMO facilitated hemodynamic stabilization by improving end-organ perfusion and pulmonary decongestion before definitive surgical intervention. All patients survived to hospital discharge, with 0% 30 day mortality despite an extreme predicted operative risk. Our initial experience suggests that LAVA-ECMO may be an effective rescue strategy for patients in cardiogenic shock requiring surgical valve replacement. When combined with a multidisciplinary heart team approach, this cannulation strategy may help improve outcomes in carefully selected patients."
PubMed,aortic stenosis,miR-138-5p Inhibits Aortic Valve Interstitial by Targeting SLC39A14 and Activating Nrf2 Signaling.,Fei Yan; Ying Zhao; Yuanyuan Wu; Dubiao Xian; Lei Shi; Yunheng Liang; Ning Wang; Ruiling He; Hongwang Cui; Zhihao Xie,10.1002/jbt.71034,2026-09,Journal of biochemical and molecular toxicology,"This study explored the role of miR-138-5p in calcific aortic valve disease (CAVD), focusing on its regulation of osteogenic differentiation in human aortic valve interstitial cells (hAVICs) and underlying mechanisms. Aortic valve tissues from CAVD patients and controls were analyzed for miR-138-5p expression using qRT-PCR. hAVICs were cultured in osteogenic medium (OM) and transfected with miR-138-5p mimics or inhibitors. Calcification was evaluated via ALP and Alizarin Red staining. Western blot assessed osteogenic markers (RUNX2, ALP, OPN, BMP-2). Dual-luciferase assays confirmed miR-138-5p targeting of SLC39A14. The role of SLC39A14 and the Nrf2 pathway was examined through overexpression experiments and Western blot for Nrf2, HO-1, and NQO1. ML385 was used to inhibit Nrf2. miR-138-5p was significantly downregulated in CAVD tissues and OM-induced hAVICs. Overexpression of miR-138-5p inhibited calcification, reducing ALP activity, nodule formation, and osteogenic marker expression. Inhibition of miR-138-5p promoted calcification. SLC39A14, upregulated in CAVD, was validated as a direct target of miR-138-5p. Its overexpression promoted calcification, which was reversed by co-transfection with miR-138-5p. Mechanistically, miR-138-5p was associated with activation of the Nrf2 pathway, as evidenced by increased Nrf2 nuclear translocation and HO-1/NQO1 expression, whereas SLC39A14 overexpression showed the opposite effect. Nrf2 inhibition with ML385 diminished the anti-calcific effect of miR-138-5p. miR-138-5p inhibits hAVIC calcification, at least in part through regulation of SLC39A14 and the Nrf2 pathway, highlighting a potentially important regulatory mechanism in CAVD and a candidate therapeutic target for valve calcification."
PubMed,valvular heart disease,Redo-Transcatheter Aortic Valve Implantation Versus Surgical Explantation in Patients With Previous Transcatheter Aortic Valve Implantation: A Systematic Review and Meta-Analysis.,Nikolaos Ktenopoulos; Anastasios Apostolos; Dimitrios Terentes-Printzios; Maria Drakopoulou; Andreas Synetos; George Latsios; Panagiotis Xaplanteris; Vasileios Panoulas; Andreas Baumbach; Konstantinos Tsioufis; Konstantinos Toutouzas,10.1161/JAHA.125.048885,2026-08-20,Journal of the American Heart Association,"As transcatheter aortic valve implantation (TAVI) expands to younger and lower-risk populations, failed transcatheter heart valves are increasingly encountered, yet the optimal reintervention strategy remains uncertain. This meta-analysis aimed to compare the outcomes of redo-TAVI (TAVI-in-TAVI) versus surgical transcatheter heart valve explantation with surgical aortic valve replacement (TAVI-explantation) after transcatheter heart valve failure.
PubMed/Medline, Scopus and Cochrane Central Register of Controlled Trials were systematically searched from inception to September 10, 2025 for comparative studies. The primary outcome was all-cause mortality (in-hospital, 30-day, and 1-year). Secondary outcomes included cerebrovascular events, major adverse cardiac events, permanent pacemaker implantation, greater-than-mild paravalvular leak, major bleeding, length of stay, and 30-day readmission. As the primary analysis, reconstructed individual patient-level data were analyzed using Firth penalized logistic regression adjusting for study, and complementary random-effects meta-analyses were also used.
Eight observational studies including 6166 patients (3743 redo-TAVI; 2425 TAVI-explantation) were analyzed. Compared with TAVI-explantation, redo-TAVI was associated with lower in-hospital mortality (odds ratio [OR], 0.20 [95% CI, 0.11-0.35]; P<0.0001), 30-day mortality (OR, 0.28 [95% CI, 0.23-0.34]; P<0.0001), and 1-year mortality (OR, 0.70 [95% CI, 0.62-0.80]; P<0.0001). No significant differences were observed in cerebrovascular events or permanent pacemaker implantation rates. Redo-TAVI was associated with lower major bleeding (OR, 0.35 [95% CI, 0.24-0.50]; P<0.0001), fewer 30-day readmissions (OR, 0.53 [95% CI, 0.30-0.92]; P=0.023), and shorter hospitalization (Mean Difference -6.29 days [95% CI, -8.66 to -3.93), but a higher risk of greater-than-mild paravalvular leak (OR, 80.12 [95% CI, 11.30-10 153]; P<0.0001).
Redo-TAVI was associated with lower early and 1-year mortality, reduced bleeding, and shorter hospitalization compared with TAVI-explantation, with similar cerebrovascular event and permanent pacemaker implantation rates but higher paravalvular leak risk. These findings support redo-TAVI as the preferred reintervention strategy in anatomically suitable patients, whereas randomized trials and longer-term follow-up are needed to refine lifetime management strategies after transcatheter heart valve failure."
PubMed,valvular heart disease,"Strategies for preventing and reversing atrial cardiomyopathy (AtCM): current evidence, therapeutic targets, and future directions. A European Journal of Heart Failure expert consensus statement.",Rosita Zakeri; Massimiliano Camilli; Emilia D'Elia; Jean Sebastien Hulot; Massimo Iacoviello; Nicolò Sisti; Otilia Tica; Mariya Tokmakova; Jef Van den Eynde; Jerremy Weerts; Marco Metra; Wojciech Kosmala; Antoni Bayes-Genis,10.1093/ejhf/xuag268,2026-08-19,European journal of heart failure,"Atrial cardiomyopathy (AtCM) encompasses all forms of electrical atrial dysfunction in combination with mechanical atrial dysfunction, atrial enlargement and/or excessive atrial fibrosis. A growing body of evidence suggests that AtCM not only represents a consequence of ventricular and valvular heart disease but, critically, serves as the substrate driving atrial fibrillation (AF) and independently contributes to thromboembolic risk and heart failure (HF). Recent advances in cardiac imaging, electrocardiography, and electroanatomic mapping have enabled characterisation of AtCM and quantification of its severity, defining a continuum from atrial health to overt atrial failure. This framework creates an opportunity for targeted interventions that may reverse AtCM and prevent progression to clinical disease. This scientific statement summarises contemporary evidence regarding the natural history, determinants, and therapeutic modification of AtCM. We describe how targeted management of relevant lifestyle factors and comorbidities may prevent or attenuate AtCM progression and report the response of AtCM to pharmacological and structural interventions for HF and valve disease. Recognition of the bidirectional relationship between AtCM and AF has provided important insights into arrhythmia-mediated remodelling and generated the strongest evidence to date for reverse atrial remodelling following successful rhythm-control strategies. We also review emerging atrial-directed therapies targeting fibrosis, inflammation, metabolic dysfunction, and infiltrative disease. While AtCM appears to be, at least in part, a modifiable disease process, current evidence remains largely observational or mechanistic. We therefore highlight key evidence gaps and future research priorities to identify potentially reversible disease, develop targeted therapies, and translate state-of-the-art atrial phenotyping into improved patient outcomes."
PubMed,valvular heart disease,The Opportunities and Challenges in AI Opportunistic Disease Detection in General Populations.,Yuki Sahashi; Jacob Mishell; David Ouyang,10.1016/j.jacc.2026.07.006,2026-08-18,Journal of the American College of Cardiology,
PubMed,valvular heart disease,AI-ECG Detection of Structural Heart Disease in the Community Setting: Transportability and Spectrum Effects in the PREVUE-VALVE Study.,Timothy J Poterucha; John Weston Hughes; Michael I Brener; Michael L Chuang; Nadira B Hamid; Clayton Snyder; Julia Thompson; Jena Ungarten; Kayo Takahashi; Brian R Lindman; Francisco Alberto Roedan Oliver; Joshua Finer; Dustin Hartzel; Heidi Hartman; Aaron Long; Daniel Rocha; Paloma Malta; Michelle Castillo; Ramon Pimentel Ricart; Jeffrey A Ruhl; David vanMaanen; Albert J Rogers; Marco Perez; Olivier Tastet; Robert Avram; Raphael Nishimura; Juan F Granada; Michael J Mack; Martin B Leon; Pierre Elias; David J Cohen; PREVUE-VALVE Study Investigators,10.1016/j.jacc.2026.06.013,2026-08-18,Journal of the American College of Cardiology,"Artificial intelligence (AI) diagnostic models are typically developed in hospital-based populations enriched for disease prevalence and severity, where distinctions between health and disease are pronounced. When deployed in community-dwelling populations with lower prevalence and milder phenotypes, these distinctions may become less well-defined, raising questions about transportability and the impact of disease spectrum on model performance.
The purpose of this study was to evaluate how differences in disease spectrum influence the transportability of AI-based diagnostic models into community-dwelling populations, using artificial intelligence electrocardiogram analysis (AI-ECG) for structural heart disease (SHD) as a test case.
EchoNext is an AI-ECG model trained in a multicenter, hospital-based cohort to detect SHD. We evaluated its performance in PREVUE-VALVE (Age and Sex-Specific PREValence of AcqUirEd VALVular Heart DiseasE Study), a community-based study of individuals aged 65 to 85 years undergoing in-home ECG and transthoracic echocardiography. Performance was assessed using area under the receiver operating characteristic curve (AUC) and predictive value and compared with derivation and external hospital-based cohorts, using propensity matching to account for differences in disease prevalence and case mix. Subgroup analyses were performed in clinically relevant populations.
Among 3,000 PREVUE-VALVE participants, 2,402 met criteria for analysis. Compared with hospital-based cohorts, PREVUE-VALVE had lower SHD prevalence (8% vs 43%), less severe disease, and a shift in phenotype, including more moderate tricuspid regurgitation and less systolic heart failure. Consistent with these differences, model discrimination was lower in PREVUE-VALVE than in the hospital-based cohort (AUC: 71% [95% CI: 66%-76%] vs 83% [95% CI: 82%-83%]). Propensity matching attenuated but did not eliminate this difference, while performance was similar across external hospital-based cohorts, supporting disease spectrum and clinical context as key drivers. Performance was modestly better in PREVUE-VALVE subgroups with higher SHD prevalence and greater disease severity, such as individuals with an abnormal ECG (AUC: 79% [95% CI: 75%-83%]) or impaired health status (AUC: 76% [95% CI: 70%-82%]).
In a community-dwelling population with lower disease prevalence and milder phenotypes, AI-ECG performance was attenuated relative to hospital-based cohorts, driven by differences in disease spectrum. These findings underscore the impact of both disease prevalence and case mix on AI performance and highlight the importance of model evaluation within intended use populations. (Age and Sex-Specific PREValence if AcqUirEd VALVular Heart DiseasE; NCT05357404)."
PubMed,valvular heart disease,"Rheumatoid Arthritis Presenting with Multivalvular Regurgitation, Conduction Block, and Multisite Aneurysms: A Case Report With Histologic Confirmation.",Mattia Alberti; Maria Grazia Delle Donne; Vitantonio Cito; Giulia Martinelli; Doralisa Morrone; Paolo Caravelli; Michele Celiento; Andrea Colli; Francesca Bosco; Angela Pucci; Giovanni Donato Aquaro; Emanuele Neri; Raffaele De Caterina; Paola Capozza,10.4103/jcecho.jcecho_5_26,2026,Journal of cardiovascular echography,"Cardiac involvement in rheumatoid arthritis (RA) is uncommon and often clinically silent, but may encompass valvular, structural, and conduction system abnormalities. Involvement of the mitral-aortic intervalvular fibrosa (MAIVF) and the membranous interventricular septum is exceptionally rare and has not been previously described in RA. A 61-year-old man with longstanding seropositive RA presented with syncope due to intermittent complete atrioventricular block. Multimodality imaging revealed severe degenerative mitral regurgitation, moderate-to-severe aortic regurgitation, a pseudoaneurysm of the MAIVF extending into the left ventricular outflow tract, and a membranous interventricular septal aneurysm. Infective and congenital etiologies were excluded by repeated negative blood cultures, 18F-FDG PET, and comprehensive imaging. The patient underwent successful surgical mitral and aortic valve replacement. Histopathological analysis demonstrated rheumatoid nodules within both excised valves, confirming immune-mediated valvular involvement. Persistent conduction abnormalities required permanent pacemaker implantation. This report describes the first documented case of a MAIVF pseudoaneurysm in a patient with RA, associated with multivalvular disease and high-grade conduction disturbance. The findings highlight the potential for severe, atypical cardiac manifestations of RA in the absence of active systemic inflammation and underscore the pivotal role of multimodality imaging and multidisciplinary evaluation in establishing diagnosis and guiding management."
PubMed,valvular heart disease,Comparative outcomes of balloon-expandable versus self-expanding transcatheter aortic valves: insights from a large-scale German registry.,Klaus Kaier; Derek Hazard; Martin Czerny; Jonathan Rilinger; Ingo Hilgendorf; Dennis Wolf; Dirk Westermann; Constantin von Zur Mühlen; Christian Valina,10.1186/s12872-026-06462-9,2026-08-18,BMC cardiovascular disorders,"While transcatheter aortic valve replacement (TAVR) has become an established alternative to surgical aortic valve replacement (SAVR), the comparative outcomes of balloon-expandable (BE) and self-expanding (SE) valve technologies remain an area of ongoing investigation.
Using the German DESTATIS database, we analyzed 48,565 transfemoral TAVR procedures performed between 2021 and 2022. Outcomes were compared between BE (n = 23,412) and SE (n = 25,153) valves using a double/debiased machine learning estimator to account for potential confounding. Key endpoints included in-hospital mortality, major bleeding, stroke, acute kidney injury, mechanical ventilation > 48 h, postoperative delirium, permanent pacemaker implantation (PPI), length of hospital stay, and reimbursement.
Descriptively, SE valves were associated with significantly lower in-hospital mortality (1.6% vs. 2.0%, p < 0.001) and major bleeding (1.4% vs. 2.1%, p < 0.001) but a higher risk of stroke (2.4% vs. 1.9%, p < 0.001). A trend towards higher risk of PPI was observed (p = 0.078). After adjustment, patients with SE valves are at lower risk for in-hospital mortality (RR 0.85, p = 0.049) and major bleeding (RR 0.78, p = 0.006), but had a higher risk of stroke (RR 1.35, p < 0.001) and permanent pacemaker implantation (RR 1.09, p = 0.028). Subgroup analysis indicated that older and high-risk patients, particularly those aged ≥ 85 years, showed a stronger association with lower in-hospital mortality for SE valves, whereas younger patients exhibited a trend favouring BE valves. BE valves were also associated with a modestly higher reimbursement (€209 per case, p = 0.004).
In this large, real-world cohort, self-expanding valves were associated with lower in-hospital mortality and major bleeding but a higher risk of stroke and permanent pacemaker implantation compared with balloon-expandable valves. Because prosthesis choice in routine practice is highly individualized and driven by anatomical and procedural factors not captured in administrative data, these associations are hypothesis-generating and cannot support device-selection recommendations."
PubMed,valvular heart disease,Genotype-Dependent Effects of Mechanical Stretch and GATA4-Targeted Compound 3i-1262 in Cardiomyopathy Patient-Derived hiPSC-Cardiomyocytes.,Saana Pohjavaara; Sini M Kinnunen; Heikki Ruskoaho; Katriina Aalto-Setälä; Mika J Välimäki; Virpi Talman,10.1111/bcpt.70284,2026-09,Basic & clinical pharmacology & toxicology,"Genetic hypertrophic and dilated cardiomyopathies (HCM and DCM, respectively) are characterised by structural and functional abnormalities that can lead to heart failure. However, current therapies mainly reduce symptoms. Patient-derived human induced pluripotent stem cell (hiPSC)-derived cardiomyocytes provide a valuable platform to study genotype-specific pathophysiology and pharmacology. We subjected hiPSC-cardiomyocytes from healthy individuals and from patients carrying pathogenic MYBPC3 (HCM) or LMNA (DCM) mutations to cyclic mechanical stretch, with or without the GATA4-targeted anti-hypertrophic compound 3i-1262, and assessed hypertrophy-associated, mechanosensitive and metabolism-related genes by qPCR, and hypertrophy-related proteins by Western blotting. Compared to control, HCM cardiomyocytes displayed higher basal expression of NPPB and MYH7, whereas DCM cardiomyocytes exhibited lower basal expression of NPPB and NPPA. Mechanical stretching induced NPPB and MYH7 upregulation in control cardiomyocytes, delayed MYH7 upregulation in HCM cardiomyocytes and NPPA downregulation in DCM cardiomyocytes. Other mechanosensitive genes, such as GAL, CSRP3 and SLC16A9, also exhibited genotype- and time-dependent regulation. In control cardiomyocytes, 3i-1262 produced limited modulation of stretch-induced gene expression but showed little or no effect in patient-derived cardiomyocytes. These findings demonstrate that cardiomyopathy mutations influence gene and protein expression, responses to mechanical stretch and 3i-1262, underscoring the value of patient-derived hiPSC-cardiomyocytes in disease modelling and drug discovery."
PubMed,valvular heart disease,Single-Stage Gross Total Resection of Seven Meningiomas: A Report and Discussion of Feasibility.,Haili Yu; Buqing Xie,10.1097/SCS.0000000000013301,2026-08-18,The Journal of craniofacial surgery,"Multiple meningiomas are relatively uncommon, particularly in the sporadic, non-neurofibromatosis type 2 (NF2) setting. When numerous lesions are distributed across different intracranial compartments, surgical strategy frequently favors staged resection to limit perioperative risk. However, staged procedures carry the burden of multiple anesthetics, prolonged hospitalization, and potential interval tumor progression. The present case illustrates the feasibility of single-stage resection for 7 synchronous meningiomas.
A 63-year-old woman presented with a 6-year history of personality change. Magnetic resonance imaging revealed 7 meningiomas located at the right infratentorial cerebellopontine angle region, bilateral frontal convexities, falx cerebri, and right cavernous sinus region, accompanied by marked bifrontal edema and midline shift. She had multiple comorbidities, including valvular heart disease with atrial fibrillation. Following multidisciplinary evaluation, she underwent a single-stage bicoronal approach for gross total resection of all lesions, along with dural repair, decompressive craniectomy, and skull base reconstruction. Postoperative course required intensive care for respiratory support, infection treatment, and intracranial pressure control. Histopathology confirmed a WHO grade I meningioma with low proliferative index (Ki-67 ∼2%) and no evidence of NF2. At 3-month follow-up after cranioplasty, the patient remained neurologically intact (GCS 15, muscle power 5/5 in all limbs) with no residual tumor.
In carefully selected patients with multiple meningiomas, single-stage gross total resection is achievable with meticulous preoperative planning, appropriate exposure, and intensive perioperative care. This strategy may reduce the overall treatment burden and avoid the risks of tumor progression inherent to staged surgery."
PubMed,valvular heart disease,Outcomes of patients with large anatomies undergoing transcatheter tricuspid valve replacement with the LuX-Valve Plus system.,Ole De Backer; Yinghao Lim; Ralph Stephan von Bardeleben; Arnaud Sudre; Augustin Coisne; Erwan Donal; Guillaume Leurent; Lionel Leroux; Mohammed Nejjari; Julien Dreyfus; Emmanuel Teiger; Thierry Folliguet; Thomas Cuisset; Pierre Deharo; Tobias Kister; Rodrigo Estévez-Loureiro; Eric Durand; Hélène Eltchaninoff; Yusuke Kobari; Jacob Eifer Møller; Tiffany Patterson; Guangyuan Song; Ignacio Cruz-Gonzalez; Omar Abdul-Jawad Altisent; Jean-François Obadia; Gilles Rioufol; Luis Nombela-Franco; Julien Ternacle; Didier Tchétché; Nicolas Dumonteil; Jörg Hausleiter; Juan F Granada; Thomas Modine,10.4244/EIJ-D-26-00062,2026-08-17,EuroIntervention : journal of EuroPCR in collaboration with the Working Group on Interventional Cardiology of the European Society of Cardiology,"Transcatheter tricuspid valve replacement (TTVR) is increasingly performed to treat patients with severe or greater symptomatic tricuspid regurgitation (TR) at high risk for surgery. However, patients with large tricuspid annuli are not eligible for most TTVR systems.
This study aimed to report intraprocedural and 30-day clinical success rates for patients undergoing TTVR with the 55-70 mm LuX-Valve Plus system in the European TRINITY study cohort.
The co-primary endpoints were intraprocedural and 30-day clinical success, as defined by the Tricuspid Valve Academic Research Consortium criteria. Clinical and echocardiographic outcomes were reported.
Enrolled patients (n=114) had a mean age of 77.8±5.8 years and a high Society of Thoracic Surgeons risk score of 9.9±6.0%. Intraprocedural success was 95.6%, with no cases of intraprocedural mortality or stroke. Two patients (1.8%) required cardiac surgery within the first 24 hours. At 30 days, 7 patients (6.1%) required a pacemaker implantation. Thirty-day clinical success was 91.2%, with residual severe TR being the primary reason for failure. In 93.7% of patients, residual TR was moderate or less. The mean Kansas City Cardiomyopathy Questionnaire score improved from 57.3±20.7 points to 71.0±23.5 points (p<0.001), and the proportion of patients with New York Heart Association Class III-IV symptoms reduced from 57.1% at baseline to 20.9% at 30 days (p<0.001).
TTVR with the LuX-Valve Plus system to treat patients with severe or greater symptomatic TR and a large tricuspid annulus was associated with high intraprocedural and 30-day clinical success rates, significant TR reduction and functional improvement, and low permanent pacemaker implantation rates."
PubMed,valvular heart disease,Comparison of Staged and Concomitant Percutaneous Coronary Intervention in Patients Undergoing Transcatheter Aortic Valve Replacement: A Retrospective Cohort Study.,Tong Tan; Zitao Li; Enjun Zhu; Yongqiang Lai,10.62713/aic.4593,2026-08-13,Annali italiani di chirurgia,"This study aims to compare the clinical outcomes of concomitant versus staged percutaneous coronary intervention (PCI) in patients with severe aortic valve disease and significant coronary artery stenosis undergoing transcatheter aortic valve replacement (TAVR).
We retrospectively analyzed 180 patients with severe aortic valve disease and significant coronary artery stenosis who underwent TAVR with PCI during the same hospitalization. Patients were treated using either a concomitant strategy (PCI and TAVR performed on the same day) or a staged strategy (procedures performed on different days). Procedural success, valve hemodynamics, and perioperative complications were compared between strategies.
Overall procedural success was achieved in 168 of 180 patients (93.3%), without a significant difference between the concomitant and staged groups (92.2% vs. 97.4%, p = 0.467). Transvalvular pressure gradients decreased markedly after TAVR in both groups, from 81.7 (66.3, 99.6) mmHg to 20.0 (12.7, 24.8) mmHg in the concomitant group and from 75.2 (63.2, 97.8) mmHg to 14.9 (8.4, 27.3) mmHg in the staged group (both p < 0.001). Perioperative mortality occurred in 6 (4.3%) patients in the concomitant group and in none of the staged group (p = 0.343). Rates of permanent pacemaker implantation (1.4% vs. 0%), myocardial infarction (0.7% vs. 2.6%), major bleeding (2.1% vs. 0%), stroke (5.0% vs. 0%), and acute kidney injury (13.5% vs. 12.8%) were infrequent in both groups (all p-values > 0.05).
In this cohort, both concomitant and staged PCI strategies achieve high procedural success, and no statistically significant differences in early clinical outcomes are observed between the two strategies. Nevertheless, the definitive optimal timing of PCI remains to be elucidated by future large-scale studies with extended follow-up."
PubMed,valvular heart disease,Clinical Presentation and Management of Patients Referred for Transthoracic Echocardiography in Canada's Arctic Region.,Gaspard Suc; Ian G Burwash; Luc Beauchesne; Francois de Wet; Lawrence Lau; Hassan Alfraidi; Anahita Tavoosi; Andrew Mulloy; David Ian Paterson; Markus Schwerzmann; Hassan Mir; Ellamae Stadnick; Kwan L Chan; Hanh Nguyen; Christele Ferry; Roja Gauda; Rob S Beanlands; David H Birnie; Mehrdad Golian; Richard F Davies; David Messika-Zeitoun,10.1016/j.cjco.2026.03.007,2026-08,CJC open,"Indigenous populations in Canada experience disproportionately high cardiovascular risk, yet contemporary data on echocardiographic findings in the Arctic remain limited. This study evaluated indications, echocardiographic findings, and subsequent management of patients undergoing transthoracic echocardiography in Eastern Nunavut.
We conducted a retrospective analysis of all consecutive transthoracic echocardiograms performed between January 2020 and December 2023 in Iqaluit and surrounding remote communities. Demographic data, echocardiographic results, and management decisions were collected and compared between Indigenous and non-Indigenous patients. Significant abnormalities were defined as moderate or severe valvular heart disease (VHD), prosthetic valve dysfunction, left ventricular ejection fraction (LVEF) < 50%, regional wall-motion abnormalities (RWMA), systolic pulmonary artery pressure ≥ 40 mm Hg, or congenital heart disease.
Among 662 patients (mean age 55 ± 16 years; 47% women), 530 (80%) were Indigenous. Significant abnormalities were identified in 197 patients (30%). Moderate or severe VHD was present in 67 patients (10%), most commonly degenerative (31%), followed by functional (25%) and rheumatic (16%) etiologies. Reduced LVEF was seen in 16%, and RWMA was seen in 7%. Management included local follow-up (44%), transfer or hospital admission (16%), and tertiary-care referral (9%). Compared to non-Indigenous patients, Indigenous patients had higher unadjusted rates of significant abnormalities (33% vs 18%, P < 0.01), moderate or severe VHD (12% vs 5%, P = 0.04), and reduced LVEF or RWMA (21% vs 13%, P = 0.07).
Patients in Canada's Arctic, particularly Indigenous communities, carry a substantial burden of cardiac disease, including elevated rates of VHD and ventricular dysfunction. Improved prevention and access to cardiovascular care are essential to reduce these disparities."
PubMed,valvular heart disease,"Classic Murmur, Unexpected Diagnosis: A Case Report and Pathophysiological Review.",José Maria Gonçalves Fernandes; Flávio Bonaparte Laranjeira; Margareth de Souza Lira Handro; Benício de Oliveira Romão; Francisco de Assis Costa; Ivan Romero Rivera; Maria Alayde Mendonça Rivera,10.1155/cric/3461386,2026,Case reports in cardiology,"A systolic murmur best heard at the aortic area with radiation to the neck is considered a hallmark of aortic stenosis. We report a patient with this auscultatory pattern in whom investigation revealed an unexpected diagnosis. Accompanying symptoms reinforced the initial suspicion, adding another layer of complexity to the diagnostic process. This case highlights the limitations of relying solely on symptom profile and murmur topography, and underscores the importance of comprehensive physical examination and diagnostic imaging in evaluating valvular heart disease."
PubMed,valvular heart disease,Electromechanical activation and recovery wave imaging for pediatric mitral valve disease characterization.,Melina Tourni; Christina Proestaki; Seungyeon Julia Han; Johanna B Tonko; Mary Kucinski; Rachel Weber; Rosalia Minyety; Yaffa Wolicki; Youssef A Elnabawi; Aikaterini Afentouli; Jad El Harake; Cagla Ozsoy; Hannah Schleifer; Leonardo Liberman; Alexandra Channing; Elisa E Konofagou,10.1073/pnas.2503559123,2026-08-25,Proceedings of the National Academy of Sciences of the United States of America,"Mitral valve (MV) disease, particularly MV prolapse (MVP) and mitral regurgitation (MR), affects 2 to 5% of the population and poses a substantial arrhythmogenic risk, with 43% of MVP patients developing arrhythmias. Although less common in children, the absence of comorbidities can uniquely isolate early electromechanical alterations that may elucidate mechanisms later contributing to arrhythmic risk and devastating effects such as sudden cardiac death. Conventional echocardiography lacks sensitivity for MV electromechanics, motivating advanced approaches. We introduce Electromechanical Wave Imaging (EWI), a high-frame-rate echocardiography modality, to map MV-complex activation and diastolic recovery in N = 21 MVP, MR, and control pediatric subjects (13.10 ± 4.51 y old, 43% male). A preclinical canine study (n = 3) established EWI's ability to observe temporally coupled electromechanical wave propagation across the atrioventricular junction through the closed MV-following atrial and preceding ventricular activation (73.0 ms, 60 BPM). MVP patients exhibited significantly delayed left ventricular (LV) activation (76.04 ± 12.51 ms vs. 47.64 ± 2.57 ms in controls, P = 0.0013), primarily in papillary muscles. Both MVP and MR-only subjects exhibited prolonged LV recovery, with MR-only patients showing significantly longer recovery intervals (MR-only: 277.0 ± 27.61 ms, Control: 248.7 ± 10.43 ms, MVP vs. Control: MR-only vs. Control: P = 0.0395). In two arrhythmogenic MVP cases, EWI localized arrhythmic exit sites adjacent to LV papillary muscles, coinciding with regional delayed sinus activation, aligning with invasive electrophysiology. This study demonstrates that atrioventricular valve function dictates cardiac electromechanical function and establishes full-cycle EWI as a transformative tool for diagnosing MV disease electromechanical effects, assessing arrhythmic risk, guiding interventions, and advancing noninvasive cardiac imaging."
PubMed,valvular heart disease,Probing relaxed myosin states in hypertrophic cardiomyopathy by second harmonic-generation microscopy.,Giulia Arecchi; Marica Dente; Weikang Ma; Beatrice Scellini; Nicoletta Piroddi; Marina Scardigli; Jingyuan Yu; Jing Zhao; Riccardo Cicchi; Ryo Kinegawa; Caroline Muellenbroich; Francesco Sera; Corrado Poggesi; Cecilia Ferrantini; Thomas C Irving; Michael Regnier; Leonardo Sacconi; Chiara Tesi,10.7554/eLife.107730,2026-08-17,eLife,"This study explores the use of polarized second-harmonic generation (pSHG) to investigate myosin conformation in the relaxed state, differentiating between the actin-available, disordered (ON) state and the energy-conserving, ordered (OFF) state. By shifting the ON/OFF equilibrium using both physical and chemical manipulations, we demonstrate the sensitivity of pSHG in quantifying the ON/OFF ratio in skeletal and cardiac tissues. Comparisons with X-ray diffraction measurements further validate our findings. Applying this approach to a sarcomeric mutation associated with hypertrophic cardiomyopathy, we show that R403Q/MYH7-mutated minipig ventricle tissue exhibits a higher ON fraction compared to controls. This difference is abolished under high concentrations of a myosin activator (2-deoxyATP) and an inhibitor (Mavacamten), indicating structural similarity between R403Q and controls in these two states. ATPase assays reveal increased resting ATPase activity in R403Q samples, which persists even in the presence of 2-deoxyATP, suggesting that the elevated energy consumption in the R403Q mutation is driven by both a population shift toward the ON state and enhanced myosin ATPase activity per motor head."
PubMed,valvular heart disease,Congenital heart diseases involving congenitally diseased pulmonary valve phenotypes: Novel insights into the health care burden across the life course.,Chantal M Sanchez; Sarah Crook; Pengfei Jiang; Kacie Dragan; Joyce L Woo; Jane W Newburger; Marshall L Jacobs; Andrew B Goldstone; Katherine Nash; Robert Vincent; Kathleen Walsh-Spoonhower; Ralph Mosca; Susheel Kumar; Neil Devejian; Ben Biddix; George M Alfieris; Michael F Swartz; David Meyer; John Billings; Brett R Anderson,10.1016/j.xjon.2026.101846,2026-08,JTCVS open,"We characterize comprehensive health care use and Medicaid expenditures for all patients in New York State (NYS) enrolled in Medicaid (2007-2019) with congenitally diseased pulmonary valve phenotypes across the life course.
We leverage The Congenital Heart Surgery Collaborative for Longitudinal Outcomes and Utilization of Resources linked clinical registry, National Death Index, and NYS Medicaid claims data and describe Medicaid expenditures and health care use across the life course for all patients with congenitally diseased pulmonary valves enrolled in Medicaid who underwent cardiac surgery. Outcomes are compared with noncardiac, Medicaid-enrolled, comparators.
Among 1068 unique patients from NYS enrolled in Medicaid (7594 patient-years), the average patient with congenital pulmonary valve diseases was estimated to spend 851 days (∼2.3 years) touching the health care system before age 65 years, totaling ∼$2.9 M in Medicaid expenditures-6 times greater than that observed among noncardiac comparators. Inpatient, emergency department, sick primary care, and subspecialist visits and total Medicaid expenditures all peaked in infancy ($353 K per person-year; 95% CI, $316-390 K), nadired in childhood ($25 K per person-year; 95% CI, $23-26 K), and increased again in adulthood ($43 K per person-year; 95% CI, $42-54 K).
Children with congenitally diseased pulmonary valve phenotypes who are enrolled in Medicaid experience high health care use and health-related expenditures that persist across the life course and increase sharply in early and middle adulthood. These findings underscore the need for improved care coordination, novel disease-specific interventions, and policies to reduce long-term burden for this population."
PubMed,deep learning,STL-DeepBDC: A Robust Few-Shot Learning Framework for Multiclass Ovarian Tumor Classification in Ultrasound Outperforms Conventional Transfer Learning.,Ning Zhao; Chuanxi Guan; Liwei Zhang; Qian Lv; Fei Teng; Xiaoqiu Dong; Siming Wang; Yingtao Zhang; Kuo Miao,10.1002/cam4.72165,2026-08,Cancer medicine,"Accurate preoperative pathological classification of malignant and borderline ovarian tumors (OMTs) can support surgical planning, fertility preservation, and prognosis, but ultrasound-based subtype assessment remains difficult because imaging phenotypes are heterogeneous, class imbalance is common, and interpretation varies among operators. This study developed and evaluated an exploratory deep learning framework for multiclass ovarian tumor classification under small-sample conditions.
This single-center retrospective study used ultrasound images from patients with surgically and pathologically confirmed OMTs treated between August 2017 and October 2022. Six pathological types were included. After quality control, preprocessing, and augmentation, the dataset was split at the patient level into training, validation, and test sets at a 5:3:2 ratio. An optimized ConvNeXt model served as the baseline. STL-DeepBDC combined stratified transfer learning with a Deep Bilinear Discriminative Covariance module. Performance was evaluated using accuracy, sensitivity, specificity, macro-F1 score, AUC, AUPRC, and Grad-CAM.
STL-DeepBDC outperformed the optimized ConvNeXt baseline. Accuracy increased from 0.51 to 0.67, macro-average sensitivity from 0.53 to 0.68, specificity from 0.87 to 0.92, and macro-F1 score from 0.52 to 0.66. Macro-average AUC improved from 0.75 to 0.87, and macro-average AUPRC from 0.49 to 0.63. Category-level AUCs ranged from 0.76 to 0.94 and AUPRCs from 0.51 to 0.78, suggesting more stable discrimination across six pathological types under class imbalance. Ablation analysis supported the contributions of STL and DeepBDC. Grad-CAM highlighted clinically relevant regions, including thickened cyst walls, papillary projections, septations, and solid components.
STL-DeepBDC provides an exploratory, interpretable framework for ultrasound-based multiclass ovarian tumor classification in a limited-sample setting. Larger multicenter studies with external validation are required before clinical implementation."
PubMed,deep learning,Artificial intelligence-driven prediction of neoadjuvant chemotherapy response in adult patients with gastric cancer: a systematic review and meta-analysis.,Yuntian Deng; Anran Bao; Hongshan Wang,10.1136/bmjopen-2025-111047,2026-08-19,BMJ open,"A substantial proportion of adults with locally advanced gastric cancer derive limited benefit from neoadjuvant chemotherapy (NAC), with a non-response rate of 30%-50%. Artificial intelligence (AI) models that integrate imaging, pathology and clinical data seek to predict pretreatment NAC response to guide decision-making. We conducted a systematic review and meta-analysis to evaluate the predictive performance of AI models for NAC response in adults with gastric cancer.
Systematic review and meta-analysis in accordance with Preferred Reporting Items for Systematic Reviews and Meta-Analyses (PRISMA) guidelines.
PubMed, Embase, Scopus, Web of Science and ScienceDirect were searched from inception to 30 June 2025, without language restrictions.
Studies that developed or internally/externally validated AI models (deep learning or non-linear machine learning) to predict NAC response in adults (≥18 years) with gastric cancer.
Data extraction followed the CHARMS (CHecklist for critical Appraisal and data extraction for systematic Reviews of prediction Modelling Studies) checklist. Model quality and risk of bias were appraised with the Prediction Model Study Risk of Bias Assessment Tool for AI (PROBAST+AI). Where two or more independent validation datasets reported outcomes-preferably mappable to major pathological response (tumour regression grading 0-1/Becker 1a-1b)-we pooled area under the receiver operating characteristic curve (AUC) using random-effects models and quantified heterogeneity with I². Certainty of evidence was graded with the Grading of Recommendations Assessment, Development and Evaluation (GRADE).
17 studies met inclusion criteria; 16 (94%) were conducted in China and nine were multicentre. 14 cohorts contributed to internal-validation meta-analyses and 10 to external-validation meta-analyses. Pooled AUC was 0.844 (95% CI 0.812 to 0.877, I²=17.3%) for internal validation and 0.812 (95% CI 0.775 to 0.848, I²=52.9%) for external validation. Subgroup analysis indicated that data type was the strongest modifier of pooled area under the curve in external validation (p=0.008, R²=99.8%). Only two studies directly compared AI models against traditional clinical prediction models with AUC (0.823, 95% CI 0.782 to 0.863 vs 0.598, 95% CI 0.521 to 0.675). By PROBAST+AI, all 17 studies raised high or unclear concerns regarding development quality (13 high, 4 unclear), and risk of bias in evaluation was high in 12 studies, low in 2, and unclear in 3. GRADE-rated certainty of evidence was low for internal validation and very low for external validation.
Across 17 studies, AI models demonstrated moderate to good discrimination for predicting NAC response in gastric cancer, with pooled AUCs of 0.844 (95% CI 0.812 to 0.877) for internal validation and 0.812 (95% CI 0.775 to 0.848) for external validation. Model-methodology subgroup analyses did not demonstrate robust differences between deep learning and machine-learning approaches, and AI models significantly outperformed traditional clinical assessment. However, GRADE-rated certainty of evidence was low for internal validation and very low for external validation, reflecting high risk of bias on PROBAST+AI, limited external validation, and geographic concentration of studies (16/17 from China). Pending prospective, multicentre evaluation with harmonised endpoints and routine calibration and decision-curve reporting, these models should serve as decision-support tools rather than standalone arbiters of care.
CRD420251025470."
PubMed,deep learning,Large Language Models as Peer Reviewers: Prompt Sensitivity and Model-Dependent Reproducibility.,Sukru Mehmet Erturk; Mustafa Durmaz,10.1016/j.acra.2026.04.046,2026-09,Academic radiology,"To evaluate the reproducibility of editorial re--ations by Large Language Models, agreement across different models, prompt-sensitivity, and fidelity of critique statements to source manuscripts in a simulated peer-review setting.
Fifteen open-access radiology manuscripts were anonymized and reviewed by eight large language models (LLMs) across four developer families (ChatGPT, DeepSeek, Gemini, Grok) with two different prompts. Each manuscript-model-prompt condition was repeated across three independent runs, yielding 720 reviews. Intra-model stability was defined as identical decisions across runs. Inter-model agreement was assessed with Fleiss' kappa. A stratified random sample of 128 reviews underwent manual verification against the source manuscripts and was categorized as grounded, distorted, or hallucinated.
Across all reviews, decisions were Minor Revision in 51.3% (369 of 720), Major Revision in 43.9% (316 of 720), Accept in 4.9% (35 of 720), and Reject in 0% (0 of 720). Prompt strictness shifted decision severity (p < 0.001): Prompt 1 yielded 9.7% Accept, 64.7% Minor Revision, and 25.6% Major Revision, whereas Prompt 2 eliminated Accept and increased Major Revision to 62.2%. Inter-model agreement was fair (Fleiss' κ = 0.25). In the audit, 94.0% of statements were grounded and 6.0% were distorted, with no hallucinated statements observed.
Large language model editorial re--ations were prompt sensitive and showed fair agreement across models despite critique statements that were largely grounded in manuscript text, supporting assistive use with human oversight."
PubMed,deep learning,"Emerging Research Trends in the Application of Artificial Intelligence, LLMs, Machine Learning, and Deep Learning in Ophthalmic Diseases: A Bibliometric and Visual Analysis.",Yue Zhong; Min Feng; Rawaz D Tawfeeq; Jun Cheng,10.1016/j.pdpdt.2026.105628,2026-08-20,Photodiagnosis and photodynamic therapy,"To examine global research activity in the application of artificial intelligence, large language models, machine learning, and deep learning in ophthalmic diseases from 2015 to 2025.
The study retrieved relevant publications from the Web of Science Core Collection. Bibliometric indicators were analysed using VOSviewer, CiteSpace, and Bibliometrix. Annual publication numbers, citation distribution, countries, institutions, journals, co-cited journals, author productivity, co-authorship networks, keyword frequency, burst terms, and thematic clusters were assessed.
A total of 1,997 articles were included in this analysis based on the inclusion criteria. Annual publication numbers increased after 2018 and remained high from 2020 to 2025. The United States, China, and the United Kingdom showed the highest research output.The University of California System, the University of London and University College London were leading institutions in terms of publication output. The most common keywords included deep learning, optical coherence tomography, diabetic retinopathy, and macular degeneration. Citation burst analysis identified influential articles on diabetic retinopathy detection, optical coherence tomography biomarker analysis, and residual network models. Visual cluster analysis identified themes related to automated retinal imaging, diabetic retinopathy screening, fluid quantification models, multimodal image analysis, and recent studies using large language models.
Artificial intelligence and deep learning research in ophthalmology has increased significantly, with imaging-based studies contributing the highest output. Publications on LLM-based applications have also increased during recent years. This bibliometric analysis summarizes the distribution of publications, research themes, and methodological trends in ophthalmic artificial intelligence and provides a basis for future clinical and research applications."
PubMed,deep learning,A physics-constrained Bayesian framework for QSM with uncertainty quantification and variational susceptibility source separation.,Khondakar Ashik Shahriar; Maruf Ahmed,10.1088/1361-6560/ae9c82,2026-08-20,Physics in medicine and biology,"Quantitative Susceptibility Mapping (QSM) requires inversion of a convolutional dipole operator whose null-space renders the reconstruction problem severely ill-posed, such that small perturbations in the measured field can induce large variations in the estimated susceptibility distribution. While recent deep learning approaches improve empirical reconstruction quality, they typically produce deterministic estimates and treat susceptibility source separation as an independent post-processing step, without modeling inversion uncertainty or enforcing structured physical consistency. In this work, we formulate QSM as a physics-constrained probabilistic inverse problem and propose a Bayesian reconstruction framework that performs susceptibility estimation and uncertainty quantification. The susceptibility distribution is modeled using a heteroscedastic Gaussian posterior parameterized by a neural network, yielding voxel-wise posterior mean and variance. A dipole-domain consistency term enforces fidelity to the physical forward model, acting as an implicit null-space regularizer that stabilizes the learned inversion operator. The estimated posterior is further incorporated into a sign-constrained variational formulation to decompose total susceptibility into paramagnetic and diamagnetic components in a post-processing step, enabling uncertainty-aware source separation. This coupling between probabilistic reconstruction and variational decomposition mitigates error accumulation inherent in sequential pipelines. Experiments on a multi-session Head and Neck QSM repeatability dataset demonstrate competitive reconstruction accuracy, meaningful uncertainty calibration, and stable susceptibility decomposition, further validated on a simulated dataset. The proposed approach establishes a physics-consistent probabilistic inversion paradigm for QSM, providing an interpretable and uncertainty-aware solution to dipole inversion."
PubMed,deep learning,HARU-Net: Hybrid Attention Residual U-Net for Edge-Preserving Denoising in Cone-Beam Computed Tomography.,Khuram Naveed; Ruben Pauwels,10.1088/2057-1976/ae9c46,2026-08-20,Biomedical physics & engineering express,"Cone-beam computed tomography (CBCT) is widely used in dental and maxillofacial imaging, but low-dose acquisition introduces strong, spatially varying noise that degrades soft-tissue visibility and obscures fine anatomical structures. Classical denoising methods struggle to suppress noise in CBCT while preserving edges. Although deep learning-based approaches offer high-fidelity restoration, their use in CBCT denoising is limited by the scarcity of high-resolution CBCT data for supervised training. This study aims to develop an efficient deep learning framework for high-quality CBCT denoising that effectively suppresses noise while preserving fine anatomical structures and maintaining computational efficiency for practical clinical deployment.
To achieve this objective, we propose a novel Hybrid Attention Residual U-Net (HARU-Net) for high-quality denoising of CBCT data, trained on a cadaver dataset of human hemimandibles acquired using a high-resolution protocol of the 3D Accuitomo 170 (J. Morita, Kyoto, Japan) CBCT system. The novel contribution of this approach is the integration of three complementary architectural components: (i) a hybrid attention transformer block (HAB) embedded within each skip connection to selectively emphasize salient anatomical features, (ii) a residual hybrid attention transformer group (RHAG) at the bottleneck to strengthen global contextual modeling and long-range feature interactions, and (iii) residual learning convolutional blocks to facilitate deeper, more stable feature extraction throughout the network.
HARU-Net\footnote{https://github.com/DrKay87/HARU-Net--Hybrid-Attention-Residual-U-Net-for-Denoising-in-Cone-Beam-Computed-Tomography} consistently outperforms state-of-the-art (SOTA) methods achieving the highest PSNR (37.52 dB), the second-highest SSIM (0.9557), and the lowest GMSD (0.1084). Compared with transformer-based methods, the proposed network achieves superior denoising performance while maintaining substantially lower computational complexity.
The proposed HARU-Net provides an effective balance between noise suppression, anatomical structure preservation, and computational efficiency. These characteristics make it a promising and practical solution for improving image quality and supporting reliable diagnosis in low-dose CBCT imaging."
PubMed,deep learning,Deep mapping of structural perturbations to energetics enables precise TCR design.,Shifu Luo; Songming Zhang; Ying Shi; Junjie Li; Jiaxin Cai; Ning-Yi Shao; Yi Pan; Jinyan Li,10.1016/j.crmeth.2026.101569,2026-08-20,Cell reports methods,"Affinity optimization and cross-reactivity profiling are pivotal for T cell receptor (TCR) engineering but remain hindered by repertoire diversity and limited structural insights. We present mpTCRai, a deep learning framework that predicts residue-level structural interactions by simulating the sequential mechanics of antigen presentation and T cell recognition. Through a hotspot-based scoring mechanism, mpTCRai explicitly maps structural perturbations to energetic changes, revealing that these perturbations strongly correlate with experimental affinities (r = -0.88). The model captures the structural dependencies of key molecular switches and computationally screens against cross-reactive mutations like Y5W to evaluate structural off-target risks. Guided by these insights, we computationally prioritized four A6-TCR variants for adult T cell leukemia. Overall, this work establishes a unified computational platform integrating structural and energetic constraints to accelerate the downstream experimental validation and rational design of engineered TCRs."
PubMed,deep learning,AI-automated portable FRET platform for ultra-sensitive and rapid on-site lead sensing using a bacterial biosensor.,Yu-Sheng Liu; Pei-Yun Xie; Hung-Chi Hsu; Wei-Qun Lai; Yu-Fen Chang; Pei-Ying Chiang; Yu-Ling Chiang; Chia-Yi Su; Meng-Jer Wu; De-Ming Yang,10.1016/j.bios.2026.119121,2026-08-17,Biosensors & bioelectronics,"Rapid on-site monitoring of lead (Pb) contamination is often limited by the fragility of mammalian-cell biosensors in an environmental setting and the manual image analysis that is labor intensive. This work demonstrates a stable, on-site portable sensing platform based on E. coli that expresses the high-sensitivity Met-lead 1.44 M1 FRET sensor and is encapsulated in a protective gelatin hydrogel matrix. To address data processing constraints, we present a novel AI-assisted pipeline combining feature extraction and Cellpose-SAM DL segmentation. This procedure for automated pixel-shift correction and high-accuracy ROI determination (with average precision, AP of 0.945 at threshold intersection over unit, IoU of 0.5) is integrated in this work allowing us to speed up analysis time drastically by a factor of over 47 compared to laborious manual processing. Our bacterial sensor has a high linearity (R2 > 0.93) and it performs consistently well in both aqueous and hydrogel forms. More importantly, the system exhibited a LOD of 2.0 ppb within 15 min, which is significantly below the WHO drinking water limit (10 ppb), and also all the functions remained intact after 4 h of warm environmental exposure. This AI-powered method can be used for both smartphone and microscopy imaging, allowing for real-time detection in a range of applications. Finally, a predictive ""traffic-light"" risk model was implemented for an easy interpretation of water quality. By closing the gap between laboratory-based sensing and field operation, this work provides a high throughput, real time, mobile solution for next generation environmental safety monitoring."
PubMed,deep learning,SFLFEM: A frequency-enhanced mamba framework for selective personalized federated breast ultrasound diagnosis.,Xu He; Xiaohu Xu; Funan Xiao; Jingwu Ma; Runqiu Cai; Lizhi Cao; Jian Liu; Yu Yan,10.1016/j.media.2026.104264,2026-08-14,Medical image analysis,"Breast ultrasound is essential for lesion assessment and early cancer screening. However, deploying robust deep learning models in clinical practice faces two primary challenges. The first is intrinsic: lesions often exhibit complex textures, speckle-corrupted appearances, and indistinct boundaries. The second is extrinsic: the data is distributed across isolated medical centers with significant heterogeneity. To address these coupled challenges, this study introduces SFLFEM, a unified framework that combines advanced feature representation with personalized federated optimization for privacy-preserving multi-center breast ultrasound diagnosis. FEMamba, a dual-domain backbone, integrates the long-range modeling capacity of State-Space Models with a wavelet-based frequency pathway. This architecture captures global contextual dependencies as well as frequency-sensitive boundary and textural cues. Both are critical for distinguishing challenging lesions. At the optimization level, the pFedBM algorithm introduces a Bidirectional Gradient Masking mechanism to mitigate client heterogeneity and cross-site distribution shift in federated learning. This approach adaptively separates model parameters into globally shared and locally preserved components. Locally sensitive shared parameters are promoted into personalized subspaces, and weakly client-specific parameters are demoted back to the shared global subspace. This design reduces negative transfer and improves site-specific adaptation. Comprehensive evaluations on four datasets demonstrate that SFLFEM achieves strong overall performance, with an average accuracy of 85.14%, AUC of 92.35%, and MCC of 70.62%. It achieves competitive performance against representative centralized classification backbones and consistently improves over the evaluated federated learning baselines. The largest gains of pFedBM were observed under heterogeneous and data-limited settings."
PubMed,deep learning,Artificial intelligence-based monitoring of multiple sclerosis: A comprehensive survey.,Nehal Khaled; Ahmed Nousir; Manar Mohamed; Habiba Ashraf; Ziad Saeed; Ahmed Haytham; Yassa Nazeer; Mohamed Gamal,10.1016/j.msard.2026.107446,2026-08-11,Multiple sclerosis and related disorders,"Multiple Sclerosis (MS) is a chronic, highly heterogeneous neurological disease whose fluctuating course is poorly captured by infrequent clinic visits and subjective scales such as the Expanded Disability Status Scale (EDSS). Advances in artificial intelligence (AI), inertial sensing, smartphones, and computer vision now enable continuous, objective, and remote monitoring of motor, cognitive, and behavioural function. This paper surveys 74 peer-reviewed studies, published up to 2025, that apply AI and machine learning (ML) to MS monitoring, organizing them by data-acquisition modality: smartphone-based assessment, wearable sensors, multimodal platforms, video and computer vision, digital screen interaction, and longitudinal clinical and registry-based modeling. For each modality we summarize the monitored tasks, signals, models, ground-truth measures, and validation strategies, and synthesize the characteristic strengths and limitations. Across the extracted review dataset, Random Forest is the most frequently reported model and EDSS the dominant ground-truth measure, while deep-learning and multimodal approaches are growing rapidly after 2021. A central finding is that external validation is critically underused: among studies with extractable validation-strategy information (n = 74), only 5.41% report external validation against an independent cohort. We distil cross-study trends, research gaps, and concrete future directions toward clinically validated, interpretable, multimodal, and privacy-aware MS monitoring systems."
PubMed,deep learning,Breast tumor detection in ultrasound images using adaptive hierarchical pruning of non-tumor regions.,Seyed Hamid Khatami; Nasser Mehrshad; Seyed Hamid Zahiri,10.1016/j.ctarc.2026.101374,2026-08-20,Cancer treatment and research communications,"The development of deep learning techniques has greatly improved tumor detection and analysis in breast ultrasound images. Despite their impressive performance, deep networks often face several challenges, including high computational complexity, large model sizes, limited generalization, and reliance on large labeled datasets. This research presents a simple, training‑free method that achieves highly competitive accuracy compared to state‑of‑the‑art deep learning models, while eliminating the need for large annotated datasets, high‑performance GPUs, and lengthy training procedures.
We present a perception-inspired hierarchical pruning method that aims to accurately detect tumor regions in medical images by removing non-tumor regions based on the statistical distribution of intensities. The automatic pruning stops when the mean and median intensities of the remaining pixels converge, and a candidate tumor region remains.
The proposed algorithm demonstrated excellent performance on both the BUSI and UDAIT datasets. On the BUSI dataset, it achieved an accuracy of 99%, a sensitivity of 93%, a specificity of 99%, and an F1-score of 94%. Similarly, on the UDAIT dataset, it reached an accuracy of 99%, a sensitivity of 91%, a specificity of 97%, and an F1-score of 92%. These results highlight the algorithm's strong ability to minimize both false positive and false negative rates, offering performance comparable to that of expert-level analysis.
This study demonstrates that a simple, perception-inspired algorithm can effectively address the challenges of breast tumor segmentation, achieving accuracy and efficiency comparable to those of complex deep neural networks, while offering decisive advantages in interpretability, speed, and independence from annotated training data. Our findings support the design of training-free diagnostic aids that are particularly well-suited for resource-constrained clinical environments, where large datasets and advanced GPUs are not readily available. This research emphasizes the importance of designing algorithms that replicate the systematic diagnostic processes used by human experts."
PubMed,deep learning,The Prognostic Value of Paramagnetic Rim Lesions in People With Multiple Sclerosis.,Markus Lauerer; Cui Ci Voon; Julian McGinnis; Dominik Sepp; Jakob Meineke; Tun Wiltgen; Ronja C Berg; Christine Preibisch; Benedikt Wiestler; Christina Engl; Paula Uibel; Achim Berthele; Jan S Kirschke; Bernhard Hemmer; Mark Mühlau,10.1212/WNL.0000000000218428,2026-09-22,Neurology,"Paramagnetic rim lesions (PRLs) have been established as a radiologic surrogate for chronic active inflammation in multiple sclerosis (MS). Although associations between PRLs and disability have been observed, data on their prognostic value for long-term risk of clinical worsening, especially in the form of progression independent of relapse activity (PIRA), remain limited. In this study, we assessed the association of PRLs with future disability accumulation over a median follow-up of 5 years and their relation to other (para) clinical parameters.
From a large, ongoing single-center cohort study, people with MS were included according to the availability of susceptibility-sensitive MRI. PRLs were segmented on reconstructed quantitative susceptibility mapping scans using a deep learning-based segmentation model, visually inspected for plausibility, and corrected if necessary. Multivariable Cox proportional hazards models were used to investigate the prognostic value of PRLs for disability outcomes, including confirmed disability accumulation (CDA) and PIRA. Sensitivity analyses based on PRL count, MS diagnosis, prior disability accumulation, and treatment during follow-up were performed to evaluate the robustness of our findings. In addition, associations between PRL status and CSF parameters as well as future brain atrophy, measured by annual percentage brain volume change, were assessed in an exploratory manner.
Among 862 participants (mean age 40.3 years, 64.7% female), 395 (45.8%) had at least 1 PRL. Over a median follow-up of 5.1 years, 142 of 801 individuals with clinical follow-up for longitudinal analysis experienced CDA (17.7%), and 104 of these CDA events (73.2%) occurred as PIRA. The presence of PRLs was associated with a higher risk of PIRA (adjusted hazard ratio 1.8, 95% CI 1.1-2.8; p = 0.02). Exploratory subgroup analyses showed increased markers of chronic intrathecal inflammation in individuals with PRLs as well as a correlation between the number of PRLs and future brain atrophy (PBVC: β = -0.012%, 95% CI -0.018% to -0.005%; p < 0.001).
PRLs are associated with an increased risk of future PIRA and accelerated rates of brain atrophy. These findings emphasize their potential as a prognostic biomarker for risk stratification in MS."
PubMed,deep learning,"Deep thoughts about ""deep"" learning.",Thi Cao,10.1080/08998280.2026.2720844,2026-08-20,Proceedings (Baylor University. Medical Center),
PubMed,deep learning,Clinical Laboratory Terminology Standardization for Semantic Interoperability Using a Large Language Model-Based Agent: Methodological Study.,Lijuan Wu; Jinxin Huang; Hongnian Wang; Liyi Mai; Xueyun Zhan; Xinrong He; Xiaotang Zhang; Huiying Liang; Xin Li; Abdelouahab Bellou,10.2196/92499,2026-08-20,Journal of medical Internet research,"Semantic interoperability, the ability of disparate health information systems to exchange and consistently interpret clinical data, is a cornerstone of modern digital health, underpinning cross-institutional research, real-world evidence generation, and global health surveillance. Laboratory tests constitute one of the richest clinical data sources, yet multilingual variation and institution-specific naming conventions severely impede their standardized integration across systems.
We propose LabBridge, a large language model (LLM)-based agentic framework designed to standardize laboratory tests to the Logical Observation Identifiers Names and Codes (LOINC) standard, enabling cross-lingual semantic interoperability while minimizing reliance on language-specific rules and manual curation.
LabBridge integrates linguistic normalization, hybrid retrieval (combining domain-adapted embeddings with the LOINC ontology structure), and constrained LLM reasoning within an agentic workflow that enforces terminological consistency and traceability. We evaluated the framework on 2 real-world laboratory datasets from emergency department patients, one in Chinese and one in English, representing cross-lingual and cross-institutional heterogeneity. Performance was assessed across 5 LLMs and compared with vector-based baseline (BGE-M3, Beijing Academy of Artificial Intelligence) and retrieval-augmented generation (RAG) approaches, using mapping accuracy against a curated reference set of clinically relevant LOINC core codes as the primary metric.
At full coverage (Top@100%), LabBridge achieved 81% to 90% LOINC mapping accuracy across 5 LLMs on both Chinese and English datasets, outperforming all baseline methods (P<.01). On the Chinese dataset, it improved over BGE-M3 by 66 percentage points (90% vs 24%) and over the best RAG method by 41 percentage points (90% vs 49%). On the English dataset, gains ranged from +4 to +19 percentage points over RAG baselines. The framework maintained robust performance across frequency strata, including the relatively lower-frequency stratum within the selected evaluation datasets. Notably, on the Guangdong Provincial People's Hospital (GDPH) dataset, LabBridge achieved 85% accuracy on high-frequency terms (Top@30%) compared to 93% on low-frequency terms (Bottom@30%). The highest accuracy, 90% in both the languages, was achieved using DeepSeek-V3 (Hangzhou DeepSeek Artificial Intelligence Co, Ltd), with GPT-4o (OpenAI; 88%-89%) and GPT-4o-mini (OpenAI; 87%-90%) showing comparable results.
LabBridge demonstrates that embedding LLMs with an ontology-aware, agent-coordinated architecture enables effective standardization of laboratory data. By unifying semantic retrieval, linguistic normalization, and constrained reasoning, the framework accelerates the terminology standardization process by transforming expert effort from manual code lookup to candidate verification. These findings offer a practical pathway toward scalable, auditable semantic interoperability in health care ecosystems."
PubMed,deep learning,Modality-specific neurovascular coupling via layer-segregated arteriole networks.,Antoine Malescot; Milene R Malheiros-Lima; Laurianne Zana; Michael C Bennett; Éric Martineau; Franca Schmid; Ravi L Rungta,10.1126/science.aeb5077,2026-08-20,"Science (New York, N.Y.)","The brain's vascular system dynamically regulates energy supply through neurovascular coupling. In this study, we show that in mice, neurovascular coupling is modality-dependent: Distinct sensory inputs recruit specific arteriole types, producing differential laminar blood flow patterns. Using multiscale optical imaging, we compared neuronal and vascular responses to touch, nociception, motor-sensory feedback, and spontaneous activity. Shallow arteriole dilation emerges with increasing superficial-layer activity, whereas deep arterioles integrate signals broadly across input conditions. Arteriole type-specific dilation decouples the magnitude of local neuronal activity from capillary blood flow responses, with flow patterns shaped by vascular topology and recapitulated in silico. Together, these findings reveal how interactions between laminar circuit activity and vascular network architecture dynamically shape the spatial profile of blood flow delivery across the cortex."
PubMed,deep learning,A hypersensitive neuromorphic airflow sensor inspired by vision-compensatory scorpion mechanoreceptors for respiratory pattern analysis.,Pinkun Wang; Yuechun Ding; Bo Li; Changchao Zhang; Xiancun Meng; Guangjun Chen; You Chen; Ruijuan Du; Qingsong Fan; Junqiu Zhang; Shichao Niu; Zhiwu Han; Luquan Ren,10.1073/pnas.2617376123,2026-08-25,Proceedings of the National Academy of Sciences of the United States of America,"Efficient acquisition of spatial airflow information is vital for organisms to orient within complex environments and detect predators. For scorpions with degraded vision, specialized mechanosensory trichobothria provide a crucial vision-compensatory mechanism, enabling hypersensitive perception of subtle airflow fluctuations. Inspired by this evolutionary adaptation, we present a biomimetic neuromorphic airflow sensor (BNAS) integrating a bioinspired lever-amplification structure with a pressure-induced ionic enrichment mechanism. This synergistic design inherits the hypersensitive anemosensation and neural response features of scorpion. The BNAS demonstrates a superior sensitivity of 18.22% (m/s)-1 at low velocities and maintains high performance across a broad dynamic range (0.1 to 10.27 m/s), along with omnidirectional detection capability. The integration of this neuromorphic hardware with AlexNet deep-learning algorithm enables the efficient extraction of human respiratory patterns, achieving 95.56% accuracy in identifying individual ""breathing fingerprints."" Our work underscores the potential of bioinspired neuromorphic systems to bridge the gap between biological perception and artificial sensing, establishing a neuromorphic front-end design paradigm that advances next-generation brain-inspired computing."
PubMed,deep learning,CLDN18.2 antibody design with protein language models: A deep learning optimization framework.,Tao Qu; Lingyan Yuan; Weiran Cui; Jiatian Tang; Zhitong Bing; Xianghong Xu; Jizheng Duan; Qiong Yang; Hui Cai,10.1371/journal.pcbi.1014499,2026-08-20,PLoS computational biology,"CLDN18.2 is a promising tumor-specific antigen; however, the development of therapeutic antibodies against it is challenged by the need for simultaneous optimization of affinity and developability. To address this, we present cdrGPT, a deep learning framework based on GPT-2 for de novo generation of complementarity-determining region H3 (CDRH3) sequences. Our approach integrates pre-training on the Observed Antibody Space (OAS) database with structural templating derived from the known antibody zolbetuximab. Generated sequences were iteratively refined through rejection sampling and fine-tuned against a multi-parameter objective function encompassing predicted affinity and MHC class II binding risk. From an initial set of 50,000 sequences, this screening pipeline yielded 313 high-confidence candidates. Subsequent analysis using evolutionary scale modeling 2 (ESM2) embeddings, principal component analysis (PCA), and clustering revealed three structurally distinct clusters, with intra-cluster cosine similarities exceeding 0.99. Validation of seven representative sequences from the dominant cluster using AlphaFold3 confirmed high structural fidelity to the zolbetuximab template, demonstrating a root mean square deviation (RMSD) of 1.331 Å for the CDRH3 loop and positional deviations of less than 0.4 Å for key paratope residues. These results indicate that the designed variants preserve the core binding mode of the parent antibody. This study establishes a feasible pipeline for integrating AI-generated CDRH3 loops into functional antibody scaffolds, providing a foundation for the accelerated development of therapeutics targeting CLDN18.2 and other clinically relevant antigens."
PubMed,deep learning,LEXF-ATT-XLM: A hybrid lexicon-enhanced attention model for hate speech detection in low-resource language Roman Urdu.,Jaweria Jalil Awan; Muhammad Hamid; Tagrid Abdullah N Alshalali,10.1371/journal.pone.0354875,2026,PloS one,"Hate speech detection in low-resource and informally written languages remains a significant challenge due to the lack of annotated corpora, orthographic variability, and complex code-mixing. Roman Urdu a non-standardized variant of Urdu written in the Latin script exemplifies these linguistic hurdles. In this paper, we propose LEXF-ATT-XLM, a novel hybrid deep learning architecture that synergizes contextual language modeling with explicit domain knowledge. Our model leverages XLM-RoBERTa for deep contextual embeddings, passed through a two-layer Bidirectional Gated Recurrent Unit (BiGRU) and a multi-head attention mechanism to capture both sequential and salient linguistic patterns. Crucially, the pooled representations are fused via a learnable gating layer (Linear + tanh) before final classification. Furthermore, we integrate a domain specific Roman Urdu hate lexicon as an auxiliary regression supervision signal within a multi task learning framework to guide the model's focus. Evaluated on the RU-HSD-30K dataset using 3-fold stratified cross-validation, the proposed model achieves an average accuracy of 88.83% and a weighted F1 score of 88.83%, with fold wise weighted F1-scores of 88.58%, 89.19%, and 88.71%. Extensive ablation studies confirm that the lexicon-guided auxiliary supervision significantly enhances the model's ability to handle lexical variations, negations, and informal spelling. These findings demonstrate the robust effectiveness of our approach in addressing the unique linguistic challenges of Roman Urdu hate speech detection."
PubMed,deep learning,Synthetic data augmentation for CT-based emphysema subtype classification: A comparative evaluation of generative and classical approaches.,Nicholas Dietrich; David McShannon,10.1371/journal.pone.0355850,2026,PloS one,"Data scarcity is a persistent challenge in medical image analysis. Synthetic data generation using deep generative models has been proposed as a potential approach to address this limitation, yet its performance in small-data settings remains poorly characterized. This study compared three class-conditional generative approaches, a conditional variational autoencoder (cVAE), a conditional shallow-decoder VAE variant (cSD-VAE), and a conditional Wasserstein GAN with gradient penalty (cWGAN-GP), against classical geometric augmentation for emphysema subtype classification on 168 CT patches (three classes: normal tissue, centrilobular emphysema, and paraseptal emphysema). Each method was evaluated at three synthetic-to-real ratios (0.5x, 1.0x, 2.0x) using patient-level 70/30 splits across 10 random seeds, with an ImageNet-pretrained ResNet18 as the downstream classifier. No individual augmentation strategy produced a statistically significant improvement in balanced accuracy over the unaugmented baseline (0.522 ± 0.067). The conditional WGAN-GP at 1.0x achieved the highest individual balanced accuracy (0.548 ± 0.068, Cohen's d = 0.47 versus baseline), but did not reach statistical significance (p = 0.084). A pre-specified ensemble combining all four augmentation methods at the 1.0x multiplier did not significantly improve balanced accuracy over baseline (0.541 ± 0.088 versus 0.522 ± 0.067; Cohen's d = 0.32, Wilcoxon p = 0.275). Neither pixel-space nor feature-space distributional fidelity was associated with downstream classification performance. Overall, no benefit was detected from class-conditional generative augmentation in this small-data, texture-driven setting. Future work should focus on improving generative modeling under small-data conditions, including task-aware objectives and pathology-constrained synthesis."
PubMed,deep learning,Use of machine learning to detect Escherichia coli in drinking water in Bangladesh.,Iqramul Haq; Md Yusuf Hossain Ador; Diego Nobrega,10.1371/journal.pone.0343606,2026,PloS one,"Escherichia coli (E. coli) is a key indicator of fecal contamination in freshwater and can signal the presence of other harmful bacteria and viruses. The aim of the study is to evaluate the performance of machine learning (ML) tools to detect E. coli in drinking water in Bangladesh using surveillance data under two scenarios: an imbalanced dataset and a balanced dataset. We utilized data from the 2019 Bangladesh Multiple Indicator Cluster Survey, which included a total of 6,069 household drinking water samples. We used agglomerative hierarchical clustering with Ward's linkage to identify district-level hotspots. Extreme Gradient Boosting with SHapley Additive exPlanations values were used for feature selection, and the Synthetic Minority Over-sampling Technique (SMOTE) was used to address class imbalance in the classification task. We applied nine classical ML models in this study: Adaptive Boosting (AdaBoost), Decision Trees (DT), Gradient Boosting Algorithm (GBA), k-Nearest Neighbors (KNN), Light Gradient-Boosting Machine (LightGBM), Logistic Regression (LR), Naïve Bayes (NB), Random Forest (RF), and Support Vector Machine (SVM), along with a Deep Learning Multi-Layer Perceptron (DL-MLP) model to predict the risk of E. coli contamination (REcC) in water. Model performance was evaluated using accuracy, precision, recall, F1 score, Cohen Kappa, area under the curve (AUC), and a violin plot. E. coli contamination in drinking water was detected in 39.2% (95% CI: 37.4-41.2) of households. Bandarban district had the highest REcC. After applying SMOTE and 10-fold cross-validation with hyperparameter tuning, model performance was more consistent across algorithms. In terms of model evaluation, AdaBoost slightly outperformed the others with an accuracy of 81.6%, Cohen kappa statistic of 19.4%, precision of 82.2%, recall of 99%, F1-score of 89.8%, and an AUC of 68.6%. Ensemble model for example AdaBoost and GBA models had ability to accurately classify drinking water samples with respect to the presence of E. coli using surveillance data than others selected model in this study."
OpenAlex,aortic stenosis,Relationship between baseline patient-reported health status and patient-centered outcomes after Transcatheter Aortic Valve Replacement.,Daijiro Tomii; Jonas Lanz; Dik Heg; Holger Thiele; Won-Keun Kim; Michael Joner; Helge Möllmann; Lenard Conradi; Christian Thilo; Stefan Toggweiler; Bernard Prendergast; Stephan Windecker; Thomas Pilgrim,10.48620/98197,2026-10-01,Open Access CRIS of the University of Bern,"Background Aortic stenosis (AS) impairs health-related quality of life but the prognostic impact of patient-reported health status prior to transcatheter aortic valve replacement (TAVR) is not fully established.Objectives To investigate the association of patient-reported health status at baseline with clinical outcomes and health status after transfemoral TAVR in patients with symptomatic severe AS.Methods In the investigator-initiated, multicenter SCOPE I randomized trial, patients underwent TAVR who provided baseline Kansas City Cardiomyopathy Questionnaire (KCCQ) assessment were included in this post-hoc analysis. An integrated patient-centered outcome was defined as being alive with good health status (KCCQ overall summary score [KCCQ-OS] ≥75 without a decline of &gt;10 points from baseline).Results Of 739 patients enrolled in SCOPE I, 692 were included in the present analysis. Median baseline KCCQ-OS was 54.9 [39.6-71.9] distributed as follows: KCCQ-OS &lt;25 - 74 (10.7%), 25-49 - 222 (32.1%), 50-74 - 271 (39.2%), ≥75 - 125 (18.1%). At 3 years after TAVR, higher baseline KCCQ-OS was associated with a greater likelihood of being alive with good health status (KCCQ-OS 50-75 vs. 0-25: adjusted odds ratio 2.25, 95% CI 1.12-4.54; 75-100 vs. 0-25: adjusted odds ratio 5.15, 95% CI 2.33-11.3). Restricted cubic spline modelling demonstrated an approximately linear relationship between baseline KCCQ-OS and all-cause mortality, and alive with good health status.Conclusions In this post-hoc analysis of SCOPE I, better baseline patient-reported health status was associated with a higher probability of being alive with good health status up to 3 years after TAVR.Clinical Trial Registration https://www.Clinicaltrials gov. NCT03011346."
OpenAlex,aortic stenosis,Invasive and echocardiographic gradients of self- and balloon-expandable valves in failing aortic bioprostheses,Sraman Chatterjee; Mark van den Dorpel; Rik Adrichem; Ben Ren; Isabella Kardys; Rutger-Jan Nuis; Joost Daemen; Alexander Hirsch; Marcel L. Geleijnse; Nicolas M. Van Mieghem,10.1007/s12471-026-02061-7,2026-08-18,Netherlands Heart Journal,"Abstract Background Transcatheter aortic valve implantation (TAVI) is an established treatment for a failing aortic bioprosthesis. The hemodynamics of TAVI in degenerated transcatheter or surgical aortic valves (TAV-in-TAV or TAV-in-SAV) are unknown. We aimed to investigate hemodynamic differences between self- and balloon-expandable TAV-in-TAV and TAV-in-SAV groups, and transthoracic echocardiography-derived (TTE) versus invasive transaortic pressure gradients. Methods Patients ≥ 18 years with a self-expanding EVOLUT (SEV) or balloon-expandable SAPIEN3 (BEV) valve for TAV-in-TAV or TAV-in-SAV were included. Transaortic gradients were determined invasively and by TTE within 48 h post-intervention. Results We identified 56 patients with SEV ( n = 36) or BEV ( n = 20) TAV in a failing aortic bioprosthesis. Fourteen cases involved failing transcatheter valves and 42 surgical bioprostheses. Invasive mean gradients were similar after BEV and SEV (median (25th–75th percentile): 6.0 (1.5–6.5) vs 7.0 (2.0–10.0) mm Hg, p = 0.109). Mean gradients by TTE were higher for BEV than SEV at discharge (16.0 (10.8–19.8) versus 10.0 (7.0–12.0) mm Hg, p = 0.003) and 12-month follow-up (13.0 (11.0–15.5) versus 9.0 (7.0–12.3) mm Hg, p = 0.025). The discrepancy between TTE and invasive mean gradients was significantly larger for BEV than SEV (13.0 (6.3–14.0) vs 3.0 (1.5–8.3) mm Hg, p = 0.001) and most pronounced in TAV-in-SAV (BEV 13.0 (6.3–17.0) vs SEV 3.0 (1.0–8.5) mm Hg, p = 0.004). Conclusion Mean gradient after TAV in a failing bioprosthesis is similar for BEV and SEV, when measured invasively, but higher with BEV than SEV by TTE. The discordance between invasive and TTE-derived mean gradients is the largest in BEV."
OpenAlex,aortic stenosis,LACHT syndrome with branchial cyst in a female infant; case report and review of literature,Amal Osman; Tarek Desoky; Safa Eksail; Hawra Salman; Zahra Salman,10.1186/s12887-026-07209-3,2026-08-18,BMC Pediatrics,"Lung agenesis is a rare congenital malformation. The combination of lung agenesis, congenital heart defects, and thumb anomalies characterizes LACHT syndrome, an extremely rare condition with an unclear genetic basis. To date, only 15 cases have been reported in the literature. We report a new case of LACHT syndrome and review previously published cases of this rare association. Our patient was a three-month-old female infant who presented with the typical features of LACHT syndrome and an associated ipsilateral branchial cleft cyst, which has not been previously reported in patients with this syndrome. This previously unreported association expands the clinical spectrum of LACHT syndrome and highlights the importance of careful evaluation for additional congenital anomalies in affected patients."
OpenAlex,aortic stenosis,"A Review of Sex Differences in Patients with Aortic Stenosis: A Focus on Diagnostic and Treatment Differences, a Narrative Review",Hilal Khan; Sophia Das; Rajiv Das,10.3390/jcm15166362,2026-08-18,Journal of Clinical Medicine,"Severe aortic stenosis represents a growing burden of disease globally with a high risk of death if untreated. There are sex differences in the pathophysiological disease process affecting the aortic valve, patients’ clinical presentation, progression of valve disease, ventricular adaptation, timing of symptom onset, delays in diagnosis, and treatment strategies. Female patients are more likely than male patients to have preserved left ventricular function with concentric left ventricular hypertrophy and smaller left ventricular cavity sizes, which consequently produce low stroke volumes and more paradoxical low flow low gradient severe aortic stenosis. These differences can lead to diagnostic uncertainty resulting in delays to treatment and associated morbidity and mortality. The higher mortality rate reported in women in observational cohorts is multifactorial. It is influenced by delayed diagnosis, lower referral rates, older age at intervention and frailty; rather than female sex alone. There exist variations in the treatment and management of aortic stenosis with women being underdiagnosed and conservatively managed compared to men. A better understanding of the differences in pathophysiology, ventricular adaptation and haemodynamic effects between the sexes are key to improving diagnostic accuracy and referral for timely intervention. Women may require a more tailored approach to their lifetime management of aortic stenosis due to their smaller anatomy and greater comorbidity burden at presentation. This narrative review explores the epidemiology, pathophysiology, presentation, diagnosis and management of aortic stenosis in female patients."
OpenAlex,aortic stenosis,Comparative study of Newtonian and non-Newtonian flow inside a compliant aortic bifurcation model,Benedikt Harald Johanning-Meiners; Dominik Krug; Michael Klaas,10.1007/s00348-026-04293-0,2026-08-18,Experiments in Fluids,"Abstract Shear-thinning properties of non-Newtonian fluids such as blood significantly affect the flow in compliant vessels. In particular, under physiologically realistic pulsatile inflow conditions, these shear-thinning properties can alter the flow field and thus the fluid–structure interaction. Yet, non-Newtonian effects are frequently neglected in in vitro experiments due to increased experimental complexity. This study aims to provide a comparative analysis of the combined influence of pulsatile flow conditions and non-Newtonian fluid properties on the flow field and fluid–structure interaction in a compliant abdominal aortic bifurcation model. Therefore, a fully transparent compliant bifurcation phantom was manufactured from two-component PDMS (RTV-615) using a wax-based lost-core technique to ensure dimensional accuracy and smooth internal surfaces. The model was integrated into a pulsatile flow loop, and time-resolved three-dimensional velocity fields were acquired by three-dimensional particle-tracking velocimetry (3D PTV) using the Shake-the-Box algorithm. The flow field, static pressure, wall dilatation, and volume flux were measured for both a Newtonian fluid and a blood-analogue non-Newtonian fluid across three Reynolds numbers and two Womersley numbers, representing physiologically relevant flow regimes. The flow measurements indicate that for both fluids an increase of the Womersley number yields broader and more uniform high-velocity cores and smoother axial transitions. Results for the non-Newtonian fluid consistently exhibit wider velocity distributions and more synchronized fluid–structure interaction dynamics in all cases that were investigated. Overall, the findings suggest that the shear-thinning rheology of the non-Newtonian fluid shifts the temporal response characteristics of the coupled system toward behavior observed at higher Womersley numbers. This indicates an altered phase relationship between the flow field and wall deformation. Thus, the present measurements indicate that non-Newtonian properties significantly influence both the flow field and the fluid–structure interaction in compliant vascular models under pulsatile conditions. Combining compliant, optically transparent phantoms with time-resolved 3D PTV provides a powerful platform for quantifying these coupled effects, advancing the understanding of physiological hemodynamics, and improving the reliability of in vitro studies and simulation validation efforts."
OpenAlex,aortic stenosis,Frédéric Chopin's illness: a clinicopathological Conference 176 years after his death,Pedro Jose Negreiros Andrade; Fabio Tavora,10.1186/s42047-026-00256-1,2026-08-18,Surgical and Experimental Pathology,"Abstract This article revisits, in the format of a clinicopathological conference, the illness that led to the death of Frédéric Chopin at the age of 39 in 1849. Although tuberculosis has been historically accepted as the most likely cause, the authors propose an alternative hypothesis based on the integration of clinical, iconographic, and pathological evidence: chronic heart failure secondary to pulmonary hypertension, most likely resulting from rheumatic mitral stenosis. From early adulthood, Chopin exhibited recurrent respiratory symptoms, including chronic cough, dyspnea, and hemoptysis, initially attributed to bronchitis and later presumed to be tuberculosis, though never definitively confirmed. The disease followed a prolonged course with periods of relative stability, which is atypical for progressive pulmonary tuberculosis. Furthermore, the absence of digital clubbing and the lack of transmission to close contacts argue against this diagnosis. Over time, systemic features consistent with heart failure became evident, including exercise intolerance, lower extremity edema, cyanosis, and dyspnea at rest. Notably, severe hoarseness may be explained by Ortner’s syndrome, resulting from compression of the recurrent laryngeal nerve by an enlarged left atrium. Episodes of fever, pharyngitis, and cervical lymphadenopathy during adolescence suggest prior acute rheumatic fever, a known precursor of chronic valvular heart disease. Iconographic analysis of Chopin’s portraits reveals features consistent with “mitral facies.” In addition, indirect autopsy reports and modern examination of his preserved heart demonstrate cardiomegaly, predominantly right ventricular enlargement, and fibrinous pericarditis, findings compatible with chronic heart failure and cor pulmonale. A Bayesian-based diagnostic system further supports this interpretation, ranking heart failure as the most probable diagnosis, ahead of tuberculosis and other pulmonary or genetic conditions. In conclusion, the available evidence appears more consistent with a primary cardiac etiology, most likely rheumatic mitral stenosis, as the underlying cause of Chopin’s death. While tuberculosis cannot be entirely excluded, a critical reappraisal of the traditional diagnosis is warranted in light of modern clinicopathological analysis."
OpenAlex,aortic stenosis,Systematic Cardiac Phenotyping of Patients With Copy Number Variants in the 15q11.2 Breakpoint 1 to Breakpoint 2 Region: A Retrospective Cohort Study From Nine Pediatric Cardiac Centers,Morgan B. Wright; Maria B. Padua; Lindsey R. Helvaty; Kim L. McBride; Gabrielle C. Geddes; Vidu Garg; Seema R. Lalani; Stephanie Burns Wechsler; Jennelle C. Hodge; Benjamin J. Landis; Stephanie M. Ware,10.1002/ajmg.a.70273,2026-08-18,American Journal of Medical Genetics Part A,"Microdeletions impacting 15q11.2 breakpoint (BP) 1 to BP2, adjacent to the Prader-Willi critical region, have previously described neuropsychiatric associations, with potential low penetrance presentations of congenital heart disease (CHD) also identified. Four highly conserved genes in the region (NIPA1, NIPA2, CYFIP1, and TUBGCP5) have been proposed to be involved in cardiac development, yet further exploration is needed to better define cardiac phenotypes of patients with copy number variants (CNVs) in the 15q11.2 BP1-BP2 region. This study examines cardiac defects in 50 patients with microdeletion (n = 37) or microduplication (n = 13) in 15q11.2 BP1-BP2, utilizing data from the Cytogenomics of Cardiovascular Malformations (CCVM) Consortium registry, composed of patients with both abnormal echocardiogram and chromosomal microarray findings. The microdeletion was found to be enriched in the registry compared to prevalence in a control population (OR = 3.9; p < 0.0001), with a significant increase of total anomalous pulmonary venous return (TAPVR) in patients who were carriers of the microdeletion (OR = 13.0; p < 0.0001). Left ventricular outflow tract obstruction (LVOTO) was increased in individuals with the microduplication (OR = 3.9; p = 0.02). Our results provide evidence for association of CHD with 15q11.2 BP1-BP2 CNVs, with novel associations reported."
OpenAlex,aortic stenosis,Pathological remodeling driven by the cardiac autoantigen-dendritic cell-CD4&lt;sup&gt;+&lt;/sup&gt; T-cell axis under sustained mechanical stress load,Zongze Bai; Mingzhi Zhou; Peng Qu; Jiao Shi; Yao Gu; Danyang Zhao; Juanjuan Lyu; Panke Cheng; Qian Lei,10.20517/2574-1209.2026.38,2026-08-18,Vessel Plus,"Pressure overload-induced cardiac remodeling is a shared pathological basis in the progression of hypertension, aortic stenosis, aortic coarctation, and related diseases, and represents an important antecedent stage in the development of heart failure. This process is not driven by a single injurious event, but evolves gradually from early compensatory hypertrophy to late decompensated remodeling. In the early phase, the heart can maintain short-term hemodynamic stability through cardiomyocyte hypertrophy, ventricular wall thickening, and a certain degree of contractile compensation. However, when abnormal loading persists, mechanical stretch, perfusion imbalance, and metabolic stress progressively accumulate, leading to a decline in the intrinsic adaptive capacity of cardiomyocytes. This is followed by ventricular structural rearrangement, reduced compliance, aggravated interstitial fibrosis, and impaired systolic and diastolic function. Thus, pressure overload-induced cardiac remodeling is not merely a mechanical adaptation, but a dynamic pathological process that progresses from limited compensation to sustained injury and functional imbalance. Recent studies have shown that the progression of this disease process cannot be explained solely by hemodynamic burden, as immune responses are also involved. The chronically overloaded myocardium is not a passive recipient of stress. Rather, under sustained stress, it continuously releases danger signals, reshapes the local inflammatory milieu, and increases the likelihood that cardiac components will be recognized by the immune system. Therefore, immune involvement is not simply a secondary phenomenon following pressure overload, but an important factor that drives the transition from compensation to decompensation. Compared with acute and transient inflammatory responses, a more critical issue is whether local injury signals can be converted into a sustained adaptive immune response, because this step determines whether remodeling evolves from a relatively confined tissue reaction into a persistent chronic pathological process."
OpenAlex,aortic stenosis,Case Report: De Winter electrocardiographic pattern associated with acute total left main coronary artery occlusion,Jian Wang; Peiran Yan; FaMing Ding; Yiwen Wang; Min Feng,10.3389/fcvm.2026.1865719,2026-08-18,Frontiers in Cardiovascular Medicine,"Background The de Winter electrocardiograph (ECG) pattern is a well-established ST-elevation myocardial infarction (STEMI) equivalent, most commonly associated with acute occlusion of the proximal left anterior descending (LAD) artery. Case presentation A 54-year-old man presented to the emergency department with two hours of chest pain, sweating, and nausea. The 12-lead ECG showed upsloping J-point depression in leads V2–V6 and lead I, with tall, symmetrical T waves in leads V2–V5, ST-segment elevation in lead aVR, and ST-segment depression in the inferior leads, consistent with the de Winter pattern. Emergency coronary angiography revealed total occlusion of the left main coronary artery (LMCA), and a drug-eluting stent was implanted. Due to refractory heart failure and worsening hemodynamics, the patient underwent intra-aortic balloon pump (IABP) and extracorporeal membrane oxygenation (ECMO) treatment. The patient was discharged 40 days later. Conclusion This case demonstrates that the de Winter ECG pattern may occasionally indicate LMCA occlusion rather than isolated LAD occlusion. In the setting of a de Winter ECG pattern accompanied by inferior lead ST-segment depression and ST-segment elevation in lead aVR, clinicians should raise clinical suspicion for LMCA occlusion—particularly in hemodynamically unstable patients—to facilitate timely and comprehensive intervention."
OpenAlex,aortic stenosis,AI-Derived Pericardial Effusion Volume and Long-Term Mortality After Transcatheter Aortic Valve Implantation,Gretha Hecke; Nikolaus Clodi; Bernhard Scharinger; Matthias Hammerer; Luther E. Preuss; Uta C. Hoppe; Klaus Hergan; Elke Boxhammer; Christoph Knapitsch; Nikolaos Schörghofer,10.3390/jcm15166388,2026-08-18,Journal of Clinical Medicine,"Background: Pericardial effusion is a common finding on pre-procedural computed tomography (CT) in patients undergoing transcatheter aortic valve implantation (TAVI). However, its clinical significance remains uncertain. Using artificial intelligence (AI)-based image analysis, we sought to determine whether pericardial effusion represents an incidental imaging finding, a marker of hemodynamic burden, or a prognostically relevant phenotype. Methods: This retrospective single-center study included 470 consecutive patients undergoing TAVI for severe aortic stenosis. Pericardial effusion volume was quantified using an AI-based CT segmentation workflow and categorized as no effusion (0 mL), trace effusion (>0–<5 mL), small effusion (5–<30 mL), or larger effusion (≥30 mL). Associations with baseline clinical and echocardiographic characteristics were assessed. Long-term mortality was evaluated using Kaplan–Meier analysis, Cox regression models, and restricted cubic spline analyses. Results: Detectable pericardial effusion was present in 276 patients (58.7%), although larger effusions were uncommon (5.1%). Increasing pericardial effusion volume was associated with a higher prevalence of atrial fibrillation (p = 0.001), higher systolic pulmonary artery pressure (p = 0.004), and lower TAPSE/sPAP ratios (p = 0.007). In contrast, left ventricular ejection fraction and transvalvular gradients did not differ across effusion categories. During long-term follow-up, no significant differences in mortality were observed between pericardial effusion groups (log-rank p = 0.46). Pericardial effusion volume was not associated with mortality when analyzed as a continuous variable (HR 1.00, 95% CI 0.996–1.01; p = 0.842), after logarithmic transformation (adjusted HR 0.91, 95% CI 0.76–1.08; p = 0.293), or in restricted cubic spline analyses. Conclusions: AI-derived pericardial effusion volume identifies a hemodynamic phenotype characterized by atrial fibrillation, pulmonary hypertension, and impaired right ventricular–pulmonary arterial coupling. Despite these associations, pericardial effusion volume does not independently predict long-term mortality after TAVI, suggesting that it reflects cardiovascular congestion and remodeling rather than a prognostically relevant phenotype."
OpenAlex,aortic stenosis,3D-printed meta-matching layer for enhanced ultrasound transmission through calcified plaques: a phantom study,Ashkan Ghanbarzadeh-Dagheyan; Edward Dong; Maral Ghanami; Chen Shen; Nicholas X. Fang,10.1038/s41598-026-63870-9,2026-08-17,Scientific Reports,"Abstract Calcified plaques strongly reflect ultrasound waves, limiting visualization of structures located behind them. This proof-of-concept work presents one of the first demonstrations of a directly 3D-printed meta-matching layer (MML) designed for medical ultrasound frequencies (4 MHz) to improve transmission through calcified plaque-like structures. The MML employs subwavelength microstructures to create a gradient acoustic impedance, reducing reflections and enhancing acoustic transmission. Numerical optimization and experimental validation demonstrated strong agreement. At 4 MHz, the optimized 10- $$\mu$$ m-resolution MML increased relative transmission by approximately 192% and reduced relative reflection by approximately 77% compared with the aberrating layer alone. Ultrasound imaging confirmed improved signal penetration into the vessel lumen and preservation of downstream vessel visibility. Although image artifacts introduced by the structured interface currently limit robust flow quantification, this proof-of-concept study demonstrates the feasibility of patient-specific, add-on metamaterial layers for enhancing ultrasound transmission through highly reflective vascular structures."
OpenAlex,aortic stenosis,Tetralogy of Fallot in Cats,Alper NİŞANCI,10.30546/3135-8276.2026.002.2026.183,2026-08-17,Hasvet Journal of Veterinary Medicine,"etralogy of Fallot (TOF) is a complex congenital cardiac anomaly consisting of ventricular septal defect (VSD), pulmonic stenosis, overriding aorta, and right ventricular hypertrophy.The combination of these abnormalities leads to right ventricular outflow obstruction and right-to-left shunting, resulting in systemic hypoxemia.Although rare in cats, it may present clinically with cyanosis, exercise intolerance, growth retardation, and secondary polycythemia.This report describes clinical findings, echocardiographic characteristics, pathophysiology and therapeutic approaches based on current veterinary cardiology literature."
OpenAlex,aortic stenosis,Prognostic Impact of Kidney Function before Transcatheter Aortic Valve Implantation - A Nationwide study,Martha Meibom; Jeppe Kofoed Petersen; Victoria Mikkelsen; Louise Marqvard Sørensen; Jonas Agerlund Povlsen; Christian Juhl Terkelsen; Ashkan Eftekhari; Ole de Backer; Morten Schou; Lars Køber; Emil Fosbøl,10.1093/ehjvshd/xwag074,2026-08-17,European Heart Journal - Valvular and Structural Heart Disease,"Abstract Background Prognosis after transcatheter aortic valve implantation (TAVI) keeps improving, yet some high-risk groups persist with chronic kidney disease being one. Contemporary data on the prognostic importance of pre-TAVI kidney function are sparse, leaving uncertainty regarding which patients derive limited benefit from TAVI. Aim To describe the association between pre-procedural kidney function and long-term outcomes in TAVI patients. Methods We used Danish nationwide registries to identify patients with aortic stenosis undergoing TAVI between 2015 and end 2022. Patients were categorized by baseline eGFR: ≥60, 30-59, and &amp;lt;30 mL/min/1.73m2 or recent dialysis. We examined one-year all-cause mortality and hospitalization burden after TAVI and estimated relative risks using multivariable cox and logistic regression. Results We included 3,888 (60.7%) patients with eGFR ≥60 (58.4% male; median age, 80 years), 2,185 (34.1%) with eGFR 30–59 (55.5% male; median age, 83), and 336 (5,2%) with eGFR &amp;lt;30 or recent dialysis (58.0% male; median age, 81). One-year all-cause mortality was 5.6% for eGFR ≥60, 9.1% for eGFR 30-59, and 19.6% for eGFR &amp;lt;30 or dialysis. Adjusted hazard ratio was significantly higher for eGFR 30–60 (aHR, 1.45; 95%CI, 1.19–1.78, p=0.0003) and eGFR &amp;lt;30 or dialysis (aHR, 3.07; 95%CI, 2.32–4.08, p&amp;lt;0.0001) than eGFR ≥60. Cumulative rehospitalization &amp;gt;14 days after TAVI was most frequent among patients with eGFR &amp;lt;30 or dialysis (18.4%). Conclusion We observed a stepwise association between pre-TAVI kidney function and post-TAVI one-year mortality as well as hospitalization burden. Kidney impairment potentially has substantial prognostic impact and should be incorporated into lifetime TAVI patient management."
OpenAlex,aortic stenosis,Factors Associated with Gestational Week of Diagnosis Among Pregnancies with Prenatally Recognized Congenital Heart Disease: A Tertiary Referral-Centre Cohort Study,Olivia Lili Szepesi; Virág Bartek; Gréta Kiss; Réka Hodula; István Szabó; Artúr Beke,10.3390/children13081090,2026-08-17,Children,"Background: Prenatal diagnosis of congenital heart defects (CHD) is important for perinatal planning, yet the gestational week at which CHD is diagnosed varies considerably. In referred cohorts, diagnostic timing may be influenced by maternal, fetal, temporal, and lesion-specific factors. This study examined factors associated with the gestational week of prenatal diagnosis among pregnancies with prenatally recognized and subsequently confirmed CHD referred to a national tertiary fetal cardiology centre. Methods: This study analyzed 833 pregnancies with confirmed CHD managed between 2005 and 2020. The primary outcome was the gestational week of prenatal diagnosis. Univariable associations with binary predictors were assessed using Student’s t-test, Welch’s t-test, or the Mann–Whitney U test according to distributional assumptions. A primary fully adjusted multivariable linear regression model with heteroscedasticity-robust standard errors was used to evaluate variables associated with the gestational week of diagnosis. The model included maternal age, calendar year as a continuous variable, twin pregnancy, amniotic fluid abnormalities, chromosomal status, and selected lesion-specific diagnoses. Chromosomal status was modelled hierarchically as no chromosomal abnormality, Down syndrome, or other chromosomal abnormality. Results: In univariable analyses, advanced maternal age, Down syndrome, and chromosomal abnormalities were associated with earlier diagnosis, whereas oligohydramnios was associated with later diagnosis. In the primary fully adjusted multivariable model, increasing maternal age was associated with earlier diagnosis (β = −0.169 weeks per year, 95% CI −0.238 to −0.099; p &lt; 0.001), as was later calendar year (β = −0.211 weeks per year, 95% CI −0.311 to −0.111; p &lt; 0.001). Coarctation of the aorta/aortic arch stenosis (β = 2.276 weeks, 95% CI 0.787 to 3.764; p = 0.003), pulmonary stenosis (β = 1.996 weeks, 95% CI 0.376 to 3.617; p = 0.016), and oligohydramnios (β = 2.097 weeks, 95% CI 0.228 to 3.965; p = 0.028) were associated with later prenatal diagnosis. Down syndrome showed a borderline association with earlier diagnosis (β = −1.350 weeks, 95% CI −2.702 to 0.002; p = 0.050). The model explained 12.2% of the variability in the gestational week of diagnosis, with an adjusted R2 of 0.107. Conclusions: In this tertiary referral-centre cohort of pregnancies with prenatally recognized and confirmed CHD, the gestational week of prenatal diagnosis was associated with maternal age, calendar year, oligohydramnios, and selected lesion-specific diagnoses. These findings should be interpreted as observational associations within an already recognized referral cohort rather than determinants of prenatal CHD detection in the general pregnant population. Future studies should incorporate referral pathways, screening history, ultrasound quality, operator experience, fetal position, and lesion-specific imaging characteristics to better characterize factors influencing the timing of prenatal CHD diagnosis."
OpenAlex,aortic stenosis,Decoding the causes of ischemic stroke despite ongoing oral anticoagulation and their clinical impact: the ASPERA-R study,Federico De Santis; Matteo Foschi; Francesca Gabriele; Lucio D’Anna; Andrea Zini; Matteo Paolucci; Stefano Forlivesi; Ludovica Migliaccio; Maria Maddalena Viola; Angelo Cascio Rizzo; Maria Sessa; Ghil Schwarz; Rachele Tortorella; Soma Banerjee; Gaurav Desai; Kazi Farhad Ahmed; Gabriele Prandin; Leonardo Pantoni; Francesco Mele; Giuseppe Scopelliti; Ilaria Cova; Mariarosaria Valente; Domenico Maisano; Luca Antonelli; Maria Rosaria Bagnato; Giovanni Di Mauro; Francesca Bernocchi; Martina Gaia Di Donna; Barbara Casolla; Souleymane-M.-Bara Diallo; Baptiste Alvarez; Julie Contenti; Laura González-Martìn; Ricardo Rigual; Blanca Fuentes; Carlos Hervás-Testal; Paolo Candelaresi; Vincenzo Andreone; Antonio De Mase; Emanuele Spina; Diana Aguiar de Sousa; Mariana A de Souza; Alberto Fior; Miguel Serôdio; Pietro Caliandro; Aurelia Zauli; Giuseppe Reale; Ahmed Abdelalim; Sandra Ahmed; Samah Ali Ismail; Liqun Zhang; Tara Latimer; Muhammad Elboghdady; Ahmed Elbassiouny; Tamer Roushdy; Hossam Shokri; Federica Ferrari; Nicola Davide Loizzo; Federico Mazzacane; Maria Guarino; Valentina Barone; Paola Forti; Giuseppe Rinaldi; Marco Vito Rossi; Vincenzo Laterza; Giovanni Frisullo; Pier Andrea Rizzo; Aldobrando Broccolini; Marina Mannino; Valeria Terruso; Marcella Caggiula; Annalisa Rizzo; Ana Catarina Fonseca; Bernardo Antunes; Ana M. Barbosa; Hrvoje Budincevic; Petra Crnac; Giovanna Viticchi; Mauro Silvestrini; Lorenzo Barba; Viktoria Musienko; Markus Otto; Piergiorgio Lochner; Benjamin Landau; Sandeep Buddha; Roumeisa Khalil; Maria Grazia Piscaglia; Elena Minguzzi; Marialuisa Zedde; Ahmed Nasreldein; Luisa Vinciguerra; Luís Rufo Costa; Ahmed Elsayed; Mona AlBanna; Laura Tudisco; Maria Giulia Mosconi; Alexandros A. Polymeris; Giovanni Merlino; Simona Sacco; Raffaele Ornello,10.1007/s00415-026-14039-x,2026-08-17,Journal of Neurology,"BACKGROUND: Oral anticoagulants (OACs), including vitamin K antagonists and direct OACs, reduce stroke risk in atrial fibrillation (AF), yet breakthrough ischemic stroke still occurs in 1-2% of patients annually despite adequate therapy. The mechanisms underlying these events remain unclear. We aimed to identify potential causes of breakthrough ischemic stroke and assess their impact on outcomes, with a focus on drug interactions. METHODS: ASPERA-R is a multicenter retrospective study including patients with ischemic stroke despite ongoing OAC therapy for AF (February 2020-February 2025). Ongoing treatment was defined by DOAC last intake within 48 h or therapeutic INR levels for VKAs. Potential causes included interacting drugs, active cancer, and competing etiologies. Ninety-day outcomes were compared between patients with and without ≥ 1 potential cause using adjusted Cox regression. Inverse probability-weighted analyses (IPW) evaluated the impact of interacting drugs. RESULTS: Among 1649 patients (median age 80.4 years [IQR 73.2-85.6]; 860 [52.2%] female), most were on DOACs (1275; 77.3%), and 724 (43.9%) had ≥ 1 potential cause. Interacting drugs were identified in 28.4%, competing etiologies in 24.3%, and cancer in 4.4% cases. Patients with one or more potential cause had a higher risk of recurrent ischemic stroke at 90 days (HR 2.04, 95% CI 1.18-3.53) compared with those without, with no differences in other outcomes. In the IPW analyses, interacting drugs were associated with increased myocardial infarction risk (HR 3.26, 95% CI 1.30-8.17). CONCLUSIONS: Potential causes are identifiable in about half of breakthrough strokes and are associated with higher risk of recurrence compared with those without. Improved detection and management of these factors may reduce recurrence risk, warranting individualized approaches."
OpenAlex,aortic stenosis,Clinical Outcomes and Factors Associated with MACCE in Chinese Patients Undergoing Single-Hospitalization PCI and Transfemoral TAVR,Tong Tan; Alimujiang Awakeri; Hao Cui; Enjun Zhu; Yongqiang Lai,10.3390/jcdd13080394,2026-08-17,Journal of Cardiovascular Development and Disease,"Background: The incidence and predictors of major adverse cardiovascular and cerebrovascular events (MACCE) in patients undergoing percutaneous coronary intervention (PCI) and transcatheter aortic valve replacement (TAVR) during the same hospitalization remain poorly characterized, particularly in Asian populations. Methods: This single-center retrospective study included 164 consecutive patients who underwent PCI and transfemoral TAVR during the same hospitalization at Beijing Anzhen Hospital between June 2018 and October 2023. The primary objective was to evaluate the incidence of MACCE, and logistic regression analyses were used to identify its predictors. Results: Among 164 patients, the mean age was 73.9 ± 7.2 years, and 57.9% were male. Device success was 97.6% and procedural success was 89.6%. MACCE occurred in 28 patients (17.1%) within the index hospitalization or 30 days after discharge. Independent predictors of MACCE were lower baseline left ventricular ejection fraction (LVEF; OR = 0.955, 95% CI 0.920–0.992; p = 0.017) and mixed aortic stenosis and regurgitation (AS + AR; OR = 6.360, 95% CI 1.035–38.993; p = 0.038). Conclusions: A single-hospitalization PCI and TAVR strategy appeared feasible and was associated with acceptable short-term clinical outcomes in carefully selected Chinese candidates, with lower baseline LVEF and mixed AS and AR as independent predictors of MACCE. The observed clinical outcomes should be interpreted descriptively because of the lack of a contemporaneous comparator group; large-scale prospective studies are needed to further evaluate the safety and clinical benefit of this “one-stop” paradigm."
OpenAlex,aortic stenosis,Beyond lipids: a precision prevention blueprint for China's residual risk,Ming Chi; Taoming Qian; Jirong Zhang; Weiqing Qiao; Juan Jin,10.3389/fmed.2026.1929544,2026-08-17,Frontiers in Medicine,"Despite achieving guideline-recommended lipid levels, patients with atherosclerotic cardiovascular disease (ASCVD) retain substantial residual risk arising from heterogeneous biological pathways, including persistent inflammation and genetically determined atherogenic susceptibility. High-sensitivity C-reactive protein (hs-CRP) provides a pragmatic measure of potentially modifiable inflammatory activity, whereas lipoprotein(a) [Lp(a)] identifies relatively stable, genetically mediated risk that is not adequately captured by standard lipid panels. The 2025 American College of Cardiology Scientific Statement highlights hs-CRP as a clinically useful inflammatory-risk marker and supports consideration of low-dose colchicine in appropriately selected secondary-prevention patients. The 2026 ACC/AHA multisociety dyslipidemia guideline further provides a Class I recommendation for once-in-a-lifetime Lp(a) measurement, creating a complementary multimodal framework for residual-risk assessment. In China, where cardiovascular disease accounts for a substantial proportion of deaths and the national cardiovascular burden continues to increase, implementation of this framework remains limited. Routine hs-CRP measurement is uncommon, cardiovascular use of colchicine remains negligible, and Lp(a) testing is still concentrated in selected tertiary centers. Emerging East Asian data and a recent Chinese expert advisory suggest that an hs-CRP threshold of approximately 1.0 mg/L may improve inflammatory-risk discrimination in Chinese patients with coronary artery disease; however, this threshold should not yet be interpreted as a stand-alone treatment threshold for colchicine. In this perspective, we compare international recommendations with current Chinese practice, analyze barriers related to infrastructure, safety, education, standardization, and evidence localization, and propose a multimodal implementation framework. Short-term priorities include once-in-a-lifetime Lp(a) measurement, context-specific hs-CRP assessment, intensified management of modifiable atherosclerotic risk factors, and carefully selected use of low-dose colchicine in secondary prevention. Elevated Lp(a) should prompt comprehensive risk-factor intensification and, when appropriate, family-based evaluation, but should not by itself constitute an indication for colchicine. Medium- and long-term priorities include pragmatic trials, real-world registries, assay standardization, cost-effectiveness studies, and policy initiatives to integrate residual-risk assessment into Chinese cardiovascular prevention pathways."
OpenAlex,aortic stenosis,Triglyceride-glucose index is associated with the severity of coronary artery disease,Di Wang; Ying Wang; Fangfang Li; Zhenyu Wang; kangde zeng; Shujun Yan; Danyang Liu; degen pei; Ling Weng; Enze Jin,10.1371/journal.pone.0356426,2026-08-17,PLoS ONE,"Cardiovascular disease(CVD) remains a leading cause of mortality worldwide. Among CVDs, coronary heart disease (CHD) is the most prevalent and represents the primary contributor to chronic disease-related deaths globally. The triglyceride-glucose (TyG) index has been shown to correlate significantly with both mortality and cardiovascular events, indicating its potential as an independent prognostic marker for cardiovascular outcomes. This study aimed to investigate variations in the TyG index among patients stratified by disease severity using Gensini scores and to evaluate the association between the TyG index and disease severity, as well as its diagnostic efficacy in combination with serum biomarkers. A total of 861 patients diagnosed with CHD who underwent coronary angiography were included. All participants were admitted to the Fifth Ward, Department of Cardiovascular Medicine, at the Fourth Affiliated Hospital of Harbin Medical University between June 2022 and June 2024. Comprehensive data, including demographics, laboratory findings, and medical history, were collected from medical records. Based on the Gensini scores derived from coronary angiography, patients were categorized into three groups-low, moderate, and high stenosis-representing the severity of coronary artery occlusion. Multivariate logistic regression analysis was performed to assess the relationship between the TyG index and coronary artery disease severity. TyG levels differed significantly between the mild and severe stenosis groups (p = 0.0021), and between the moderate and severe groups (p = 0.0173). The TyG index, treated as a continuous variable, was significantly associated with coronary stenosis (odds ratio [OR] = 1.591; 95% confidence interval [CI]: 1.237-1.866). After adjusting for confounding factors including age, sex, diabetes, and hypertension, individuals in the second, third, and fourth TyG quartiles exhibited higher odds ratios for severe coronary stenosis compared to the reference group (OR = 0.932; 95% CI: 0.642-1.351; OR = 1.045; 95% CI: 0.691-1.581; OR = 1.101; 95% CI: 0.605-2.004). These findings indicate that the TyG index is positively associated with the extent of coronary artery stenosis and may serve as an indicator of atherosclerosis severity."
OpenAlex,aortic stenosis,Using a Consensus Reference Standard to Achieve High Reliability in Grading Aortic Stenosis in an Academic Pediatric Echo Lab,Bethan Lemley; Peter Koenig; Angira Patel; Shivani Patel; Joshua Robinson; Pei-Ni Jone,10.1007/s00246-026-04408-8,2026-08-17,Pediatric Cardiology,"Accuracy and reliability are important in grading aortic stenosis (AS) by echocardiogram. There are no pediatric-specific consensus guidelines for grading AS by echo. Our objective was to adopt a consensus reference standard for AS and evaluate resulting interrater reliability in a pediatric echo laboratory. A reference standard for grading AS was derived from published adult guidelines. Measurements for mean gradient and aortic valve area as determined by the continuity equation were included. Comparisons were made between AS grades on 20 historic echo reports and AS grades using the new reference standard. Additionally, 6 readers used the reference standard to grade 10 studies prospectively and interrater reliability was evaluated for measurements required for grading AS and overall AS grade. Twenty echo studies were included (median subject age 7 IQR 4-16 years, median weight 32.2 IQR 13.8-44.8 kg). AS grade on historic echo reports and AS grade using new reference standard were in agreement 85% of the time. In the prospective portion of the study there was substantial agreement between raters on overall AS grade (Fleiss' kappa statistic 0.76 95% CI 0.54-0.98). There was excellent interrater reliability in measures of peak gradient (ICC 0.92, 95% CI 0.82-0.98), mean gradient (ICC 0.95, 95% CI 0.88-0.98), left ventricular outflow tract diameter (ICC 0.96, 95% CI 0.92-0.99), and left ventricular outflow tract velocity time integral (ICC 0.94, 95% CI 0.75-0.99). Using a consensus reference standard for grading AS may result in high interrater reliability in pediatric echo labs. Measurements of the mean gradient and measurements needed for the continuity equation for aortic valve area have high interrater reliability."
OpenAlex,aortic stenosis,The association of cerebral embolic protection during transcatheter aortic valve replacement with periprocedural neurological outcomes,Funda Baysal; Kira Osipenko; Severin Laengle; Irene Steiner; Amila Kahrovic; P. Werner; Philipp Bartko; Daniel Zimpfer; Martin Andreas; Iuliana Coti,10.3389/fcvm.2026.1881371,2026-08-17,Frontiers in Cardiovascular Medicine,"Abstract Objective Cerebral Embolic Protection Devices (CEPs) have been designed to minimize the risk of periprocedural stroke. The clinical significance of these devices, however, is still under debate. Aims We aimed to compare periprocedural neurological outcomes and mortality in patients undergoing transfemoral transcatheter aortic valve replacement (TF-TAVR) with versus without CEP. Methods A single-center retrospective analysis of 1101 patients undergoing transfemoral TAVR from August 2017 to May 2025 was performed. CEPs were used routinely at our institution whenever feasible beginning with October 2019. The primary outcome was defined as the incidence of ischemic stroke occurring within 3 days postoperatively. Secondary endpoints included overall neurological outcomes defined as a combined endpoint of stroke, transient ischemic attack (TIA) and delirium within 3 days and short-term all-cause mortality. Results Overall, 809 underwent TF-TAVR with CEP, while 292 were treated without. The primary endpoint of clinical ischemic stroke occurred less frequently in the CEP group (1.4% vs. 4.1%), and the group difference revealed a significant result in a univariable Cox regression analysis (p = 0.007). No clinically relevant differences were observed in the incidence of TIA (0.5% vs. 0.7%, p = 0.71) and postprocedural delirium (1.6% vs. 2.4%, p = 0.39). Although the 30-day mortality rate in the control group was higher, the difference did not reach statistical significance (3.9% vs. 1.9%, p = 0.06). Conclusions The use of neuroprotection during TAVR was associated with a reduced early periprocedural ischemic stroke."
OpenAlex,mitral regurgitation,Transcatheter Edge-to-Edge Repair in Functional Mitral Regurgitation,Marco Zuin; Marina Ureña; Pinak Shah; Claudio Bilato; Gianluca Rigatelli; Benjamin E. Peterson; Gregory Piazza,10.1016/j.jacadv.2026.103164,2026-08-19,JACC Advances,
OpenAlex,mitral regurgitation,Cardiac screening of amyloid TTR pathogenic variant carriers: complementary value of echocardiographic global longitudinal strain imaging and bone scintigraphy,Sandra Sanders‐van Wijk; Sebastiaan H.C. Klaassen; Jerremy Weerts; Anouk Achten; Marish I. F. J. Oerlemans; Hendrea S A Tingen; Michelle Michels; Paul A. van der Zwaag; Riemer H. J. A. Slart; Mathijs van Gemert; Dirk J. van Veldhuisen; Hans L. A. Nienhuis; Christian Knackstedt; Maarten P. van den Berg,10.1007/s00392-026-02998-0,2026-08-17,Clinical Research in Cardiology,"BACKGROUND: Cardiac involvement is the major determinant of mortality in variant TTR amyloidosis (ATTRv). Treatment options have recently become available, which make early diagnosis important. Several imaging modalities for screening are proposed including bone scintigraphy, conventional, and strain echocardiography but data on their relative value is limited in this population. OBJECTIVES: To investigate the value of left ventricular global longitudinal strain (LV-GLS) for screening for cardiac involvement in a population of transthyretin (TTR) pathogenic variant carriers. METHODS: Fifty-three TTR pathogenic variant carriers from two Dutch academic hospitals underwent transthoracic echocardiography (TTE) and bone scintigraphy as part of routine out-patient care to assess cardiac involvement. LV-GLS was measured by two blinded reviewers. Abnormalities in LV-GLS (cut-off - 21.5%) and other TTE parameters were evaluated in bone scintigraphy positive (≥ grade 1) and negative cases. RESULTS: Carriers with a positive bone scintigraphy (n = 20/53) were 16 years older than those with a negative scan (n = 33/53). In 17 out of 20 (85%) of patients with a positive bone scintigraphy, LV-GLS was abnormal. When bone scintigraphy was negative, LV-GLS was abnormal in 11 cases (38%). Although most of these patients had no obvious alternative explanation for the reduced LV-GLS, the clinical significance of this finding remains uncertain. LV-GLS as a single echo parameter was equally sensitive to detect an abnormal bone scintigraphy versus all other TTE parameters together. CONCLUSIONS: LV-GLS and bone scintigraphy provided complementary information in TTR pathogenic variant carriers. Discordant findings between both modalities warrant further evaluation, as abnormal LV-GLS may reflect early ATTRv-related changes but is not disease-specific. These findings are exploratory and hypothesis-generating and warrant confirmation in prospective studies incorporating additional reference standards.LV-GLS was the most sensitive single echo parameter, making it useful for repeated assessment in this population."
OpenAlex,mitral regurgitation,Prospective Validation of a Deep Learning Model to Detect Structural Heart Disease from Apple Watch ECGs: The WATCH-SHD Study,Arya Aminorroaya; Sumukh Vasisht Shankar; M Carter; Mariam Khan; Lovedeep Singh Dhingra; Akshay Khunte; Philip M Croon; Bernardo Lombo; Robert L McNamara; Evangelos K. Oikonomou; Aline F Pedroso; Rohan Khera,10.64898/2026.08.13.26360395,2026-08-17,medRxiv,"Importance: Consumer wearables such as the Apple Watch can record single-lead electrocardiograms (ECGs) but are used mainly to detect rhythm disorders. Artificial intelligence-enhanced ECG (AI-ECG) could extend these real-world recordings for detecting structural heart disease (SHD), yet prospective validation remains limited. Objective: To prospectively validate a previously developed, noise-adapted AI-ECG model for detecting severe SHD from single-lead Apple Watch ECGs. Design: Prospective cohort study. Setting: Yale New Haven Hospital echocardiography laboratory. Participants: Adults aged &gt;=18 years undergoing outpatient transthoracic echocardiography (TTE) as part of routine clinical care. Exposure: A 30-second, single-lead Apple Watch ECG recorded during the TTE visit and processed through an end-to-end, HIPAA-compliant platform for real-time AI-ECG inference. Main Outcomes and Measures: The primary outcome was discrimination for TTE-defined severe SHD, a composite of left ventricular systolic dysfunction (left ventricular ejection fraction &lt;40%), severe left-sided valvular disease, and/or severe left ventricular hypertrophy, assessed by the area under the receiver operating characteristic curve (AUROC). Secondary measures were sensitivity, specificity, negative predictive value (NPV), and positive predictive value (PPV) at prespecified thresholds, and screening efficiency, assessed by the number needed to test (NNT) under usual-care versus AI-ECG-guided strategies. Results: Among 596 participants with analyzable Apple Watch ECGs (median age, 62 years [IQR, 46-72]; 51.2% women), severe SHD was present in 30 (5.1%). The model discriminated severe SHD well (AUROC, 0.841; 95% CI, 0.761-0.921), with a sensitivity of 76.7% (59.1-88.2), specificity of 83.2% (79.9-86.1), NPV of 98.5% (97.0-99.3), and PPV of 19.7% (13.5-27.8) at the prespecified threshold. An AI-ECG-guided strategy reduced the NNT to identify one case by more than 60% versus usual care across the composite and individual SHD phenotypes. Conclusions and Relevance: In this prospective cohort, a noise-adapted AI-ECG algorithm identified SHD phenotypes from real-world single-lead Apple Watch ECGs and improved screening efficiency. These findings support a potential role for wearable ECG-based screening in the scalable identification of clinically actionable SHD."
OpenAlex,mitral regurgitation,Polymeric mitral valve replacement in rheumatic heart disease: hemodynamic and early clinical outcomes from a dedicated sub-analysis of the India Surgical Trial,J. Ryan Stanfield; Isaac George; Brian Whisenant; Anil Jain; Dasari Prasada Rao; Kaushal Pandey,10.3389/fcvm.2026.1870108,2026-08-17,Frontiers in Cardiovascular Medicine,"Background Rheumatic heart disease (RHD) is a leading cause of cardiovascular morbidity in low- and middle-income countries (LMICs), disproportionately affecting young patients and women of childbearing age. Current valve options—mechanical and bioprosthetic—result in significant challenges in these populations, including the need for intensive anticoagulation monitoring or accelerated structural deterioration. This study evaluates a novel polymeric heart valve designed to overcome these limitations. Methods The India Mitral Surgical Trial (CTRI/2023/02/049837) was a prospective, multicenter, single-arm trial involving 67 adult patients requiring mitral valve replacement. Patients were implanted with the polymer surgical mitral valve and followed for one-year with safety and hemodynamic assessments. Vitamin K antagonists were administered for a target INR of 2.5. This subgroup analysis focuses on patients with RHD. Results The RHD subgroup, included 49 patients with a mean age of 39 years, of whom 33 (67%) were female. The trial achieved 100% technical success defined as successful implantation of the study valve with immediate satisfactory valve function and no intraoperative valve-related complications. At one-year, all-cause mortality for the RHD subgroup was 10.2% with no valve-related deaths and no incidence of structural valve deterioration or valve reintervention. The mitral inflow gradient decreased from 9.9 ± 5.1 mmHg at baseline to 4.2 ± 1.5 mmHg at discharge and 4.4 ± 1.7 mmHg at 1 year while the echo defined effective orifice area increased from 0.9 ± 0.5 cm 2 at baseline to 1.6 ± 0.6 cm 2 at discharge and remained stable at 1.5 ± 0.4 cm 2 at 1 year. Thromboembolic events were comparable to commercial valves in the setting of a high percentage of patients requiring anticoagulation for preoperative atrial fibrillation. Conclusion The polymeric valve demonstrated an acceptable safety profile and excellent hemodynamic stability at one-year. Further studies are needed to confirm durability and study anticoagulation reduction. Polymeric valves may be a promising option for patients with RHD."
OpenAlex,mitral regurgitation,Endoscopic Removal of Non-Eroding Gastric Bands Post Silastic Ring Vertical Gastroplasty Using Lumen-Apposing Metal Stents—a Case Series,Amir Luchtenstein; Relly Reicher; Shai Meron Eldar; Adam Abu-Abeid; Danit Dyan; Sigal Fishman; Mati Shnell,10.1007/s11695-026-08902-z,2026-08-17,Obesity Surgery,"INTRODUCTION: Endoscopic removal of gastric bands after silastic ring vertical gastroplasty (SRVG) has emerged as a viable alternative to surgical revision. Most endoscopic removals require prior spontaneous band erosion into the gastric lumen. For non-eroded bands, self-expanding metal/plastic stents (SEMS/SEPS) have been used to induce erosion but carry risk of migration. We hypothesized that lumen-apposing metal stents (LAMS), with their antimigration flanged design, could safely induce controlled erosion with fewer complications. This study evaluates the feasibility and short-term outcomes of LAMS-assisted band removal. METHODS: We retrospectively analyzed 10 patients with non-eroding silastic bands and obstructive symptoms (emesis, dysphagia, or regurgitation) who underwent endoscopic band removal using LAMS. LAMS placement was performed to induce controlled erosion and migration of the band into the gastric lumen. A second endoscopy was scheduled at 1-3 months to remove the stent and band. Clinical success was defined as successful band removal without periprocedural complications. RESULTS: All 10 patients underwent successful endoscopic band removal without periprocedural complications and were discharged within 24 h. Four patients (40%) required additional endoscopic balloon dilatations for gastric stenosis. Emesis, reported preoperatively in all 10 patients (100%), was resolved in 8 patients (80%) following the procedure. Mean Eckardt symptom score improved from 4.3 ± 1.8 to 1.4 ± 2.2. CONCLUSION: LAMS-induced erosion is a feasible and technically successful endoscopic technique for removal of non-eroding gastric bands in SRVG patients, with a favorable short-term complication profile. KEY POINTS: • LAMS achieved 100% technical success for non-eroding band removal (n = 10). • No periprocedural complications; all patients discharged within 24 h. • Emesis resolved in 80%; mean Eckardt score improved from 4.3 to 1.4. • LAMS offers a minimally invasive alternative to surgical band revision."
OpenAlex,mitral regurgitation,"Sodium–Glucose Cotransporter 2 Inhibitors in Valvular Heart Disease: Cardiovascular Benefit, Valve-Specific Effects, and Evidence Gaps—A Structured Narrative Review",Maria Rada; Maria-Laura Craciun; Ana-Maria Pah; Gheorghe Stoichescu Hogea; Daniela Gurguş; Milan Daniel Velimirovici; Dan Surducan; Abdeldayem Mahmoud; Diana Uţu; Adina Avram,10.3390/jcm15166355,2026-08-17,Journal of Clinical Medicine,"Background/Objectives: Native valvular heart disease (VHD) lacks established lesion-modifying pharmacotherapy. Sodium–glucose cotransporter 2 inhibitors (SGLT2is) improve heart-failure and cardiorenal outcomes, but their relevance to VHD differs by phenotype and treatment setting. Methods: MEDLINE/PubMed, Scopus, Web of Science Core Collection and Cochrane CENTRAL were searched from inception to 27 July 2026, together with trial registries, conference proceedings and reference lists. Evidence was synthesized by clinical setting, study design and mechanistic proximity to valve tissue. Results: Functional/secondary mitral regurgitation (MR) currently provides the most convincing valve-related signal: EFFORT and DEFORM showed concordant reductions in MR severity with favorable remodeling surrogates, consistent with HF-directed unloading rather than a primary leaflet effect. DapaTAVI provides the strongest hard-outcome evidence after the mechanical correction of aortic stenosis, reducing the 1-year death/worsening-HF composite in selected high-risk patients. In 28,940 HF patients from the SHEBAHEART registry, SGLT2i use was associated with reduced death/HF hospitalization and a 28% lower adjusted risk of tricuspid-regurgitation progression, but these data remain observational. Native aortic-stenosis progression is supported only by target-trial emulation, and no dedicated clinical evidence exists for native aortic regurgitation. Conclusions: SGLT2is should be integrated into guideline-directed HF therapy when indicated. In secondary MR, reassessment after optimized therapy should precede mitral intervention when clinically appropriate. A post-TAVI benefit should be interpreted as cardiorenal/HF protection, not valve modification. The current evidence does not justify SGLT2is solely to modify an untreated native valve lesion."
OpenAlex,mitral regurgitation,"A Scoping Review of Interpretable AI Model Approaches in Echocardiography: Frameworks, Model Types, Explanation Strategies, and Evaluation Practices",Ryoma Ishii; Roger Edwards; Patrick E. Gelbach; Joe Alexander,10.1007/s10278-026-02172-y,2026-08-17,Journal of Imaging Informatics in Medicine,"Echocardiography is a central modality for cardiac diagnosis; rising clinical demand and advances in machine learning have accelerated AI development for automated analysis. As these systems may influence high-stakes decisions, model interpretability is essential for clinical trust and accountability. In this review, we define interpretable AI model approaches as strategies that improve interpretability through intrinsically interpretable components within transparent models or post hoc explainable AI (XAI) for black-box models. We synthesized 170 echocardiography studies using interpretable AI model approaches and mapped model types, explanation strategies, and evaluation practices. To compare approach-specific patterns, studies were categorized into multistep and end-to-end frameworks, representing intermediate representation versus direct prediction. Multistep studies were more prevalent and typically combined convolutional neural network (CNN)-based upstream models with intrinsically interpretable downstream approaches. End-to-end studies included more complex architectures, with the most common pairing being CNN-based models with class activation mapping-based visualizations. Evaluation practices also differed by framework. Multistep studies more frequently reported quantitatively defined clinical metrics and included several studies demonstrating prospective, application-level implementation. In contrast, at the model-approach instance level, end-to-end instances relied more often on qualitative-grounded evaluation than multistep upstream instances (23/57, 40.4% vs. 2/122, 1.6%). Collectively, these findings highlight the distinct challenges and promising research directions for each approach: multistep models may benefit from more advanced architectures, whereas end-to-end models require more deliberate post hoc explanation methods and stronger quantitative evaluation to support clinical translation. This work, therefore, provides a structured foundation and classification approach to meaningfully evaluate and advance interpretable AI model approaches in echocardiography."
OpenAlex,mitral regurgitation,Interventional treatment options for elderly patients with mitral regurgitation,Dominik Felbel; Wolfgang Rottbauer; Mirjam Keßler,10.1080/14796678.2026.2718644,2026-08-17,Future Cardiology,"The prevalence of mitral regurgitation (MR), particularly degenerative MR (DMR), rises with advancing age. Elderly patients frequently carry increased surgical risk due to frailty and comorbidities, leading to a prohibitive risk of conventional surgery. For such patients, mitral transcatheter edge-to-edge repair (M-TEER) provides a minimally invasive alternative to surgical repair. Data from large registries, including TRAMI (Transcatheter Mitral Valve Interventions) and EXPAND (The MitraClip™ EXPAND Study of the Next Generation of MitraClip™ Devices), demonstrate high procedural success, low 30-day mortality (2-3%) and stroke rates (<1%), and durable improvements in functional status and quality of life (QoL) in elderly cohorts. Although definitions of ""elderly"" vary between studies (≥75, ≥80, or ≥85 years) and benefits are consistently observed, elderly was defined ≥75 years within this review. For selected patients unsuitable for M-TEER, transcatheter mitral valve replacement (TMVR) can achieve effective MR elimination, with reported 1-year mortality ranging from 7% to 17% in early transfemoral, transseptal experiences and up to 29% after transapical TMVR. This review summarizes current evidence on safety, functional outcomes, QoL, survival, emerging replacement strategies, and conservative management in elderly patients with MR."
OpenAlex,mitral regurgitation,Evaluating sex bias in artificial intelligence-based echocardiographic analysis: a retrospective study on individuals with normal cardiac function and patients with systolic and diastolic dysfunction,Filippa Fredlund Blixt; Anna Bjällmark,10.1186/s12947-026-00380-8,2026-08-16,Cardiovascular Ultrasound,"BACKGROUND: Artificial intelligence (AI) has the potential to improve echocardiography. However, AI systems may exhibit sex bias, reproducing societal stereotypes and performing worse for certain groups, potentially leading to unequal healthcare outcomes. Therefore, the aim of this study was to investigate whether there are sex-related differences in the agreement between a fully automated AI-based analysis and routine echocardiographic report generated by the interpreting cardiologist in patients undergoing transthoracic echocardiography. METHODS: This retrospective study evaluated seven echocardiographic parameters in 95 women and 88 men by comparing AI-generated values with clinical assessments. Participants included individuals with normal cardiac function (34 women, 31 men) and patients with systolic (30 women, 29 men) or diastolic dysfunction (31 women, 28 men). Parameters included ejection fraction, left ventricular volume, left atrial volume, é velocities (septal and lateral), tricuspid valve regurgitation, and E/é ratio. Potential sex-based differences were assessed by comparing agreement between clinical and AI-generated values in women and men using correlations, absolute errors, Bland-Altman analyses and AUC values. RESULTS: Correlation coefficients in women ranged from 0.67 to 0.93 and in men from 0.32 to 0.93. Absolute errors did not differ significantly between sexes for five of the seven evaluated parameters. However, men showed a higher absolute error for TR velocity (0.15 vs. 0.07, p = 0.001), whereas women showed a higher absolute error for the E/é ratio (0.76 vs. 0.39, p < 0.001). Bland-Altman analysis showed larger mean differences in men for five of seven parameters. The magnitude of the differences in AUC values between women and men was small, ranging from 0.017 (TR velocity) to 0.048 (left ventricular ejection fraction). CONCLUSIONS: This study did not demonstrate systematic sex-related differences in AI performance, but the findings require confirmation in larger cohorts. Continued monitoring for bias remains important as AI integration in echocardiography expands."
OpenAlex,mitral regurgitation,Double-Port Totally Endoscopic Mitral Valve Replacement Through a Prosthesis-Sized Working Incision with Posterior Subvalvular Preservation,Cao Dang Khang; Tran Duc Quang; Phan Quang Thuan; Vuong Ngoc Minh; Pham Tran Viet Chuong; Nguyen Hoang Dinh,10.37616/2212-5043.1517,2026-08-16,Journal of the Saudi Heart Association,"Objective: To evaluate the feasibility and early outcomes of totally endoscopic non-robotic mitral valve replacement using a double-port DCT approach with posterior subvalvular preservation. Methods: In this single-center retrospective observational study, 76 consecutive patients underwent totally endoscopic non-robotic mitral valve replacement between November 2023 and December 2025. The DCT approach was defined by exclusive endoscopic visualization, no rib spreading, a camera port and prosthesis-sized working incision placed in the same intercostal space, and thoracoscopic intracardiac instrumentation. Posterior ventricular-annular continuity was preserved whenever feasible by posterior leaflet preservation, native chordal preservation, or artificial chordal reimplantation after leaflet resection. Outcomes were reported descriptively with 95% confidence intervals. Results: Mechanical prostheses were implanted in 46 patients (60.5%) and bioprostheses in 30 (39.5%). Mean skin incision length was 3.8 ± 0.5 cm. Mean cardiopulmonary bypass and aortic cross-clamp times were 148.3 ± 38.6 and 101.9 ± 32.0 minutes, respectively. There was 1 early non-cardiac death (1.3%; 95% CI, 0.03%-7.1%), no late death, and no mitral valve reoperation (0%; 95% CI, 0%-4.7%). No moderate or severe paravalvular regurgitation was observed during early echocardiographic follow-up. Mean follow-up was 9.7 ± 6.0 months. Freedom from prosthetic valve-related adverse events was 98.6% (95% CI, 90.6%-99.8%) at 6 months and 95.2% (95% CI, 80.1%-98.9%) at 12 months. The 24-month estimate was identical but was based on few patients at risk and should be interpreted cautiously. Conclusions: The double-port DCT approach was technically feasible and was associated with acceptable early clinical and echocardiographic outcomes. Because of the retrospective single-center design, small sample size, absence of a comparator group, and short follow-up, these findings should be interpreted as feasibility data rather than evidence of superiority."
OpenAlex,mitral regurgitation,A structured 5-question approach for echocardiographic evaluation of undifferentiated shock,Claire Colebourn; Richard Fisher,10.1186/s44156-026-00129-z,2026-08-16,Echo Research and Practice,"Shock is the clinical state whereby the patient's circulation fails to meet the body's metabolic demands. Both acute illnesses that lead to shock and therapies employed to support the shocked patient (including intravenous fluids, vasoactive infusions and ventilatory support) may result in changes to the normal function of the heart. The conventional approach to interpretation of echocardiography in the steady physiological state needs modification when this test is applied to the shocked patient. In this paper we explain when and why modifications are required, and provide echocardiographers already established in outpatient practice with a practical approach to performing and reporting echocardiograms in shocked patients."
OpenAlex,mitral regurgitation,Associations of Atrial Cardiomyopathy Markers with Incident Heart Failure,Hang Guo; Mingxiao Li; Hui Xu; Yang Xu; Haoyue Hu; Huan Yao; Junyi Wei; Jianding Peng; Yuning Jiao; Yuetian Li; Anqi Liu; Tianyi Lin; Jianzeng Dong; Changsheng Ma; Xin Du; Chao Jiang,10.21203/rs.3.rs-10417487/v1,2026-08-15,Research Square,
OpenAlex,mitral regurgitation,Concomitant Aortic Valve Neocuspidization and Resection of a Cardiac Calcified Amorphous Tumor in a Hemodialysis Patient: A Case Report,Satoru Murata; Osamu Kinoshita; Takahiro Ohki; Takashi Murakami,10.7759/cureus.114576,2026-08-15,Cureus,"Cardiac calcified amorphous tumor (CAT) is an uncommon nonneoplastic intracardiac lesion associated with end-stage renal disease; mobile lesions carry an embolic risk and are generally resected. A 62-year-old man on maintenance hemodialysis was found to have a mobile verrucous mass 17 mm long on the anterior mitral leaflet and a separate immobile calcified lesion, 19 × 12 mm, at the base of the posterior mitral leaflet, together with moderate aortic regurgitation, left ventricular dilatation, a left ventricular ejection fraction of 41%, and pulmonary hypertension. Infective endocarditis was considered unlikely because blood cultures were negative and there was no inflammatory response; a noninfective thrombotic lesion was suspected, but four months of warfarin produced no regression of either lesion. Because open-heart surgery was required for the mobile mass, the aortic valve was addressed at the same operation. Each prosthetic option carried a disadvantage: a bioprosthesis could undergo accelerated structural deterioration in the same calcifying environment, and a mechanical valve would require lifelong anticoagulation, which in dialysis carries a bleeding hazard and may itself promote calcification. Aortic valve neocuspidization with glutaraldehyde-treated autologous pericardium was therefore chosen as an individualized alternative, with transaortic resection of the mobile mass; the immobile lesion was left unresected because of its proximity to the atrioventricular groove and left circumflex artery. Histology confirmed CAT. Aspirin was continued while warfarin was not resumed. Over three years of echocardiographic and 45 months of clinical follow-up, the reconstructed valve remained free of stenosis and paravalvular leak, ventricular function improved, the unresected lesion did not enlarge, and no thromboembolic or bleeding event occurred, although aortic regurgitation progressed to a mild-to-moderate degree."
OpenAlex,mitral regurgitation,Successful surgical treatment of a giant left ventricular pseudoaneurysm. A case report,R. S. Knyazev; A. I. Davletbaeva; V. A. Surkov; I. V. NIKOLAEVA,10.15829/1560-4071-2026-6746,2026-08-15,Russian Journal of Cardiology,"Introduction . This paper presents the results of surgical treatment of a left ventricular pseudoaneurysm in a 75-year-old female patient after bioprosthetic mitral valve replacement. Brief description . This life-threatening condition is extremely rare after heart surgery and is not part of the routine practice of cardiac surgeons. Discussion . Surgical treatment is the only radical option for saving this category of patients, although it is associated with a high risk. The aim was to demonstrate the successful surgical treatment of a left ventricular pseudoaneurysm in an elderly patient."
OpenAlex,mitral regurgitation,RE-LOCK and TRACK: a reproducible minimally invasive repair for bileaflet mitral disease,Giuseppe Nasso; Giuseppe Speziale,10.1093/ejcts/ezag211,2026-08-15,European Journal of Cardio-Thoracic Surgery,"Complex bileaflet and Barlow-type degenerative disease is among the most demanding substrates in reconstructive mitral surgery, where durable repair-preserving the subvalvular apparatus and left ventricular geometry-remains the goal [1]. Through a right mini-thoracotomy, limited exposure amplifies every source of intraoperative variability. Two pitfalls in bileaflet repair may compromise durability: leaving excessive height of the posterior leaflet, which displaces the coaptation line anteriorly and drives residual regurgitation and systolic anterior motion; and inappropriately sized anterior chordae, in which a small error in length may produce residual prolapse, restriction or recurrence. RE-LOCK and TRACK is a two-component, posterior-first protocol designed to control both, reproducibly, in the minimally invasive field (Fig. 1)."
OpenAlex,mitral regurgitation,Angiographic and early in-hospital profile of primary percutaneous coronary intervention in patients with substance use disorder presenting with ST-segment elevation myocardial infarction,Khaled M. Elmaghraby; Abdalla A. Gamal; Hatem Helmy; Yousra Ghzally,10.1038/s41598-026-65981-9,2026-08-15,Scientific Reports,"Acute myocardial infarction is increasingly recognized in younger adults, but the angiographic and early clinical profile of ST-segment elevation myocardial infarction among patients with substance use disorder remains incompletely defined. This single-center prospective observational cohort study evaluated the angiographic and early in-hospital profile after primary percutaneous coronary intervention in patients with and without substance use disorder. A total of 175 patients formed the final analytic cohort, including 75 patients with substance use disorder confirmed by DSM-5 criteria supported by point-of-care urine toxicology screening and 100 patients without substance use disorder. Patients with substance use disorder were younger, exclusively male, and had fewer traditional cardiometabolic co-morbidities. In unadjusted analyses, they more often had single-vessel coronary disease and more frequent glycoprotein IIb/IIIa inhibitor use, whereas angiographic thrombus presence was similarly frequent in both groups. After multivariable adjustment, the associations with single-vessel disease and glycoprotein IIb/IIIa inhibitor use were not statistically robust. Patients with substance use disorder presented with a distinct baseline and procedural profile, but adjusted analyses did not support an independent association with the principal angiographic or procedural outcomes assessed, supporting careful toxicology assessment and thrombus-focused procedural planning while avoiding causal interpretation."
OpenAlex,mitral regurgitation,"Heart Failure Overview: Risk Factors, Cardiac Remodeling, and Symptom Pathways",Saja Said,10.5281/zenodo.18927668,2026-08-15,Zenodo (CERN European Organization for Nuclear Research),"This infographic is part of a comprehensive academic series on heart failure, designed to provide a clear, structured visual overview of the progression, pathophysiology, risk factors, and clinical manifestations of heart failure. The series integrates the major concepts of heart failure from Stage A through Stage C, showing how patients progress from risk factors and predisposition to structural and functional cardiac abnormalities, laboratory abnormalities, and finally clinical symptoms and hemodynamic profiles. Sections Covered in the Series 1. Risk Factors for Heart Failure Hypertension Diabetes mellitus Dyslipidemia Obesity Metabolic syndrome Family history of cardiomyopathy 2. Cardiotoxic DrugsCardiotoxic medications and substances are organized according to their potential mechanisms: Direct cardiotoxicity Chemotherapy and other cardiotoxic substances Drugs with unknown mechanisms Drugs causing sodium and water retention 3. Stage B — Structural Cardiac AbnormalitiesStructural abnormalities are organized according to the level of cardiac involvement: Valvular level: aortic stenosis, mitral regurgitation, and other significant lesions Myocyte/cellular level: previous myocardial infarction and myocyte hypertrophy Whole-heart/chamber level: left ventricular hypertrophy, dilated cardiomyopathy, and hypertrophic cardiomyopathy 4. Stage B — Functional AbnormalitiesThe major functional abnormalities are divided into: Systolic dysfunction (EF <50%) Reduced LVEF Regional wall-motion abnormalities Major underlying causes Diastolic dysfunction (EF ≥50%) Impaired relaxation Reduced ventricular compliance Major underlying causes 5. Laboratory and Other Biomarkers Elevated BNP or NT-proBNP Mildly elevated troponin Other laboratory abnormalities reflecting underlying risk factors and cardiac disease 6. Stage C — Clinical SymptomsSymptoms are organized according to the major pathophysiological pathways: Right Heart / Venous Congestion Pathway Peripheral edema Ascites Jugular venous distension Hepatomegaly Left Heart / Low Cardiac Output Pathway Pulmonary edema → shortness of breath, orthopnea Brain → confusion Muscles → fatigue, weakness Skin → cold extremities, pallor Heart → chest pain, reduced exercise tolerance 7. Stage C — Symptoms According to Speed of Development Chronic / Stable Heart Failure Gradual development and persistence of symptoms Functional limitation classified using NYHA Classes I–IV Acute Decompensated Heart Failure (ADHF) Sudden development or rapid worsening of symptoms Symptoms may develop over hours to days Classified into four hemodynamic profiles: Warm–Dry: no congestion + adequate perfusion Warm–Wet: congestion + adequate perfusion Cold–Dry: no congestion + poor perfusion Cold–Wet: congestion + poor perfusion Design Concept The entire series uses a clean academic medical infographic style, with a white background, calm professional colors, consistent typography, and small 3D medical icons representing each major concept. The visual structure is designed to make complex heart failure concepts easier to understand, connect, and memorize. The series emphasizes the continuum of heart failure, linking risk factors → cardiac abnormalities → biomarkers → clinical symptoms → functional limitation and acute hemodynamic profiles. Purpose:To provide medical students, pharmacists, clinicians, and healthcare professionals with a concise and visually organized reference for understanding the development and clinical presentation of heart failure."
OpenAlex,mitral regurgitation,"Cardiac involvement in Wilson disease: pathophysiology, clinical spectrum, and multimodality imaging assessment",Daiping Hua; Lanting Sun; Shang XIANG; Ye Yuan; Chunsheng Xu; Qiaoyu Xuan; Wenming Yang; Han Wang,10.3389/fcvm.2026.1884519,2026-08-14,Frontiers in Cardiovascular Medicine,"Cardiac involvement in Wilson disease (WD), a rare autosomal recessive disorder of copper metabolism, has been historically underrecognized but is increasingly shown to be clinically significant. This review synthesizes the current understanding of the pathophysiology, clinical presentations, and the important but still evolving role of multimodality imaging in assessing cardiac disease in WD. Myocardial copper deposition directly and via secondary oxidative stress leads to cardiomyocyte injury, fibrosis, and electrical instability. The clinical spectrum ranges from subclinical abnormalities to overt cardiomyopathy, life-threatening arrhythmias, and sudden cardiac death. Electrocardiography often reveals conduction abnormalities and repolarization changes. Echocardiography, including advanced techniques like speckle-tracking, can detect subtle systolic and diastolic dysfunction, often before a decline in ejection fraction. Cardiovascular magnetic resonance (CMR) offers unique advantages for non-invasive tissue characterization and has shown promise in detecting myocardial abnormalities in WD, with studies consistently demonstrating increased extracellular volume, native T1/T2 values, and late gadolinium enhancement—particularly at the right ventricular insertion points and interventricular septum—indicating diffuse fibrosis and inflammation; however, its role in routine clinical practice remains to be standardized. Recent CMR studies also suggest concomitant coronary microvascular dysfunction. This review underscores the importance of systematic cardiac evaluation in WD patients, integrating clinical assessment with multimodality imaging to enable early detection, risk stratification, and timely intervention."
OpenAlex,valvular heart disease,Genetics-Informed Mapping Identifies a CRIM1-Associated Endocardial Inflammatory Remodeling State in Acute Myocardial Infarction,Ruyi Ruan; Xiaofeng Xu; Quan Liu; Xiang Fu; Lan Luo; Lijie Shi; Quankun Yang,10.12659/msm.953619,2026-08-18,Medical Science Monitor,"Background:Acute myocardial infarction (AMI) reflects inherited susceptibility and inflammatory remodeling, but the cellular contexts linking genetic risk to disease remain unclear. Material/Methods:We integrated a meta-transcriptome-wide association study (TWAS) with a human cardiac single-nucleus RNAsequencing atlas contained 11 individuals (5 AMI and 6 donor) to identify genetics-informed cellular programs.Composite program states were defined by global score quartiles.A fixed 5-gene panel was evaluated for nucleus-level endocardial low-transcriptional-state (Endo_LTS) vs endocardial high-transcriptional-state (Endo_HTS) discrimination within the AMI endocardium using 5-fold leave-1-patient-out cross-validation.Functional followup used CRIM1 silencing in hypoxia-treated human induced pluripotent stem cell (hiPSC)-derived endocardial endothelial-like cells and complementary peripheral blood analyses. Results:The endocardium exhibited the most prominent infarction-associated increase in TWAS-anchored program activity, with expansion of program-high states and higher CytoTRACE scores.A consensus 5-gene panel (RPS8, PLEC, CFDP1, CRIM1, TNS2) was identified.Among 2163 AMI endocardial nuclei from 5 patients, the state classifier included 364 Endo_LTS and 751 Endo_HTS nuclei; 1048 Endo_MTS nuclei were excluded.Pooled out-offold ROC-AUCs ranged from 0.665 to 0.831.The panel also showed discriminatory value in an independent peripheral-blood AMI-vs-control cohort.CRIM1 was prioritized as a candidate linked to the remodeling program.CRIM1 silencing attenuated ACTA2/a-SMA, vimentin, LDHA, CCL2, and VEGFA and partially restored CD31, whereas TGF-b remained elevated. Conclusions:These findings identify a genetics-informed endocardial inflammatory remodeling state in AMI and define a 5-gene surrogate of its activated state.CRIM1 is prioritized as a candidate linked to selected inflammatory, metabolic, and structural outputs.Persistent TGF-b elevation after CRIM1 silencing argues against a simple linear regulatory model and indicates that further mechanistic validation is required."
OpenAlex,valvular heart disease,HSD-Net: a dual-branch CNN-BiLSTM network with hybrid cepstral fusion for heart sound classification,Caijian Hua; Ye Tian; Liuying Li; Xia Zhou,10.3389/fmedt.2026.1883548,2026-08-18,Frontiers in Medical Technology,"Introduction Cardiovascular diseases (CVDs) represent a major global health threat, making early detection crucial. While cardiac auscultation is cost-effective, its reliance on clinical expertise leads to significant variability in diagnostic accuracy. Existing automated heart sound classification methods suffer from inadequate feature representation and limited model performance due to constraints imposed by the randomness, nonstationarity, and complex acoustic environment of phonocardiogram (PCG) signals. Methods In this paper, an improved dual-branch CNN-BiLSTM network with hybrid cepstral fusion, named HSD-Net, is proposed for automated heart sound classification. To overcome feature representation limitations, we introduce a hybrid cepstral fusion feature set that combines Mel-Frequency Cepstral Coefficients (MFCC) and Inverse Mel-Frequency Cepstral Coefficients (IMFCC) with their first-order delta coefficients, capturing complementary low-frequency and high-frequency acoustic information. This feature set is processed by a dedicated dual-branch architecture: a convolutional neural network (CNN) branch extracts localized spectrotemporal patterns, while a bidirectional Long Short-Term Memory (BiLSTM) branch models long-range temporal dependencies. A Squeeze-and-Excitation (SE) attention mechanism is integrated to adaptively recalibrate feature importance. Results Extensive evaluations on two public datasets demonstrate that the proposed HSD-Net achieves superior performance compared with existing methods. On the PhysioNet/Computing in Cardiology Challenge 2016 dataset, the model achieved an accuracy of 96.25%, a sensitivity of 95.85%, and a specificity of 96.50%. On the additional five-class Yaseen dataset, the model achieved an average accuracy of 99.32% in valvular heart disease classification. Ablation studies quantitatively confirmed that both the hybrid features and the dual-branch architecture contribute significantly to the overall performance. Discussion The proposed HSD-Net provides an effective framework for automated heart sound analysis. This work offers a reliable technical foundation for developing clinical decision-support systems, with significant potential for application in early screening and telemedicine."
OpenAlex,valvular heart disease,[Efficacy of rescue extracorporeal membrane oxygenation combined with delayed left ventricular assist device implantation for in-hospital sudden cardiac arrest in end-stage heart failure patients].,Y Shen; Y Dong; Q S Wu; X F Dai; G C Zhang; L W Chen,10.3760/cma.j.cn112137-20260202-00364,2026-08-18,PubMed,"The data of eight patients with end-stage heart failure who experienced in-hospital sudden cardiac arrest and received cardiopulmonary resuscitation (CPR), followed by extracorporeal membrane oxygenation (ECMO) combined with delayed left ventricular assist device (LVAD) implantation in Fujian Medical University Union Hospital from January 2022 to June 2025 were retrospectively reviewed. Among them, there were seven males and one female, with a median age of 56 (50, 63) years. The etiologies included ischemic cardiomyopathy (five cases), dilated cardiomyopathy (two cases) and low cardiac output syndrome after severe valvular heart disease surgery (one case). All patients were stabilized by ECMO rescue before LVAD implantation, with an ECMO support time of 9.5 (6.5, 12.0) days. All surgeries were performed under general anesthesia with cardiopulmonary bypass. Postoperatively, six cases discharged smoothly, two cases died in hospital, and one case developed cerebral infarction which recovered after interventional thrombectomy. For discharged patients, follow-up was conducted at 1, 3, 6 and 12 months, the mechanical pump functioned normally, and cardiac function was significantly improved. The study suggests that ECMO can stabilize the condition of these high-risk patients, and bridging to LVAD can relieve the pressure on the donor heart and improve prognosis."
OpenAlex,valvular heart disease,"Blood pressure variability between radial artery and finger is influenced by haemodynamic factors, age, and insulin resistance",Manoj Kumar Choudhary; Tuomas Saarinen; Matti Oivo; Johanna Tietäväinen; Antti Tikkakoski; Jukka Mustonen; Ilkka Pörsti; Jenni K. Koskela,10.1080/08037051.2026.2703350,2026-08-17,Blood Pressure,"Background In clinical practice, blood pressure (BP) is typically assessed using brachial measurements, whereas finger plethysmography is widely used in vascular physiology research. However, agreement between BP levels at the finger and more proximal sites is not straightforward because of interindividual differences in BP gradients along the arterial tree.Methods We investigated factors associated with the mean arterial pressure (MAP) difference between non-invasive radial artery and finger measurements in 574 normotensive and hypertensive individuals without cardiovascular disease, diabetes, or antihypertensive medication. Recordings included pulse wave analysis from radial BP, plethysmographic finger BP, and whole-body impedance cardiography. Radial BP signals were calibrated using oscillometric contralateral brachial artery measurements.Results Simultaneous mean radial and finger BP (systolic/diastolic) were 131/75 and 122/69 mmHg, respectively (p < 0.001). When examined in quartiles of the radial–finger BP gradient, the average MAP difference was –7, 4, 10, and 20 mmHg, respectively. In linear regression analysis (enter method), a greater MAP difference was significantly associated with higher radial MAP (p < 0.001), age (p = 0.001), and stroke index (p = 0.015); and with lower pulse wave velocity (p < 0.001), pulse pressure amplification (p = 0.002), and insulin sensitivity check index (p = 0.022).Conclusions High mean arterial pressure is a major factor contributing to greater blood pressure difference between the radial and finger sites. However, the difference is also more pronounced in the presence of lower large artery stiffness, lower pulse pressure amplification, and higher stroke index, older age, and greater insulin resistance."
OpenAlex,valvular heart disease,Assessment of health-related quality of life: A systematic review of the psychometric properties of HeartQoL,Suéllen Rodrigues de Oliveira Maier; Paolla Algarte-Fernandes; Cézar Augusto da Silva Flores; Ida Carrau i Bueno; Renata Cristina de Campos Pereira Silveira; Rosana Aparecida Spadoti Dantas; Carina Aparecida Marosti Dessotte,10.36560/19520262255,2026-08-17,Scientific Electronic Archives,"To analyze the evidence of the validity of HeartQoL in studies evaluating patients with heart disease who underwent clinical or surgical treatments. Systematic review of the literature for the analysis of psychometric properties reported from PRISMA. The analyses of the findings were carried out following the recommendations of the Joanna Briggs Institute. The synthesis of the findings revealed the psychometric properties of the HeartQoL in different countries. The two-dimensional model of the questionnaire, initially proposed by the authors, was confirmed in some studies through the verification of structural validity, content validity and convergent construct validity, through correlations, and discriminant validity, through the method of known groups using sociodemographic and clinical data. However, it was possible to highlight that in several adaptation studies, they were restricted to translation and back-translation. Although dimensionality has been fragile in some studies because of the loading of items in two domains, we observed the validity and reliability of the HeartQoL. However, we suggest that HeartQoL be adapted prior to its use in cultures other than its original version so that the analysis of psychometric properties is not impaired."
OpenAlex,valvular heart disease,A genome-wide in vivo screen reveals fitness pathways required for streptococcal infective endocarditis,Liang Bao; Jennifer Bradley; V. Anandan; Katarzyna M. Tyc; Zan Zhu; Josephina A. Vossen; Valery Francine Assi; Jasmine Benbei; Nicai Q. Zollar; Todd Kitten; Ping Xu,10.1371/journal.ppat.1014156,2026-08-17,PLoS Pathogens,"Abstract Infective endocarditis (IE) is a life-threatening disease most often caused by blood-borne bacteria that infect previously damaged cardiac tissue. Despite the importance of this disease, the genetic basis for IE virulence remains poorly defined. Here, we present the first genome-wide in vivo analysis of bacterial fitness in a vertebrate model of IE. We identified 146 genes in Streptococcus sanguinis required for IE fitness, the majority of which had not previously been linked to endocarditis. These determinants cluster into conserved metabolic, cell envelope, transport, and regulatory pathways, representing a vast reservoir of potential targets for novel antimicrobial intervention. A subset of these genes was examined in Streptococcus mutans ; all were found to be essential for IE fitness in this distantly related oral species as well, suggesting broad conservation. Using experimental evolution, we further show that disruption of key fitness pathways triggers reproducible compensatory “bypass” mechanisms that reveal the inherent physiological constraints of the IE fitness landscape and identify vulnerable nodes for multi-target drug strategies. Together, these findings redefine streptococcal infective endocarditis as a disease shaped by conserved bacterial fitness networks that may be exploited for therapeutic development. Highlights A genome-wide in vivo screen identified 146 Streptococcus sanguinis genes required for infective endocarditis fitness. 94% of these genes represent previously unrecognized determinants of endocarditis. Multiple pathways—including CoA biosynthesis, the shikimate pathway, and rhamnan synthesis—are required for cardiac colonization. A subset of infective endocarditis fitness factors are conserved between S. sanguinis and S. mutans , with species-specific adaptations. Experimental evolution revealed compensatory metabolic networks that buffer IE fitness defects."
OpenAlex,valvular heart disease,A narrative review of stellate ganglion block in management of post-operative atrial fibrillation with focus on immunomodulatory mechanisms,Dandan Zhu; Misty A. Radosevich; Aneta Szofer-Sendrowska; Maciej M. Kowalik; Wen Li; Erica Wittwer; Daniel Diedrich; Krzysztof Laudański,10.3389/fanes.2026.1898474,2026-08-17,Frontiers in Anesthesiology,"Stellate ganglion blockade (SGB) is an uncommon but increasingly relevant therapy used to modulate the autonomic nervous system and reduce the risk of atrial fibrillation (AF). This narrative review focuses specifically on the potential therapeutic role of SGB in new-onset perioperative atrial fibrillation (POAF), a complication associated with adverse long-term outcomes that may diminish the overall benefits of surgery. SGB may reduce AF through several inflammation-mediated mechanisms, including attenuation of direct sympathetic activation and modulation of perioperative inflammatory responses. Because the clinical effects of SGB may persist beyond the expected duration of local anesthetic nerve blockade, we emphasize immunomodulation as a potential mechanism sustaining its beneficial effects and influencing longer-term outcomes. In this review, we examine the immunological effects of SGB in the context of postoperative AF, with particular emphasis on human studies most relevant to clinical practice. Available evidence suggests that, beyond nonspecific inflammation, several less commonly studied cellular components, including mast cells and T cells, may contribute to the initiation and persistence of POAF. These findings support the hypothesis that SGB may reduce POAF by limiting stellate ganglionitis driven by perioperative localized leukocyte activation. Future studies should define the extent, timing, and frequency of this inflammatory process and determine whether specific inflammatory or autonomic phenotypes can identify patients most likely to benefit from SGB."
OpenAlex,valvular heart disease,Community-based infections and its association with mental disorder onset: a nationwide matched cohort study,Amit Kramer; Orly Weinstein; Noga Givon-Lavi; Yonat Shemer Avni; Amit Nachman; Or Keynan; Arnon D. Cohen; Livia De Picker; Violette Coppens; Chloë Trippaers; Ingrid Torp Johansen; Dimitrios Andreou; Ole A. Andreassen; Helga Ask; Nils Eiel Steen; Benedetta Vai; Marco Paolini; Federica Colombo; Francesco Benedetti; Sara Poletti; Dana Tzur Bitan,10.1038/s41398-026-04384-w,2026-08-17,Translational Psychiatry,"Most studies assessing the association between infection accumulation and mental disorders focus on hospitalization-based severe infections. However, most infections are more common, and community acquired. This study aimed to evaluate the effects of community-based infection accumulation on risk to develop a mental disorder, and risk factors modulating this association. A nationwide population-based matched cohort study was conducted, utilizing the registries of Clalit Health Services, the largest healthcare organization in Israel. Individuals born between the years 1995–2005 with history of specific infections (n = 35 020) were propensity score matched to an unexposed group with no such history (n = 35 020). These individuals were followed up until 2024 for a mental disorder onset. Serology, nasal and saliva-based tests for cytomegalovirus, herpesviruses, hepatitis, influenza, or toxoplasma gondii starting from birth were identified, and patients were followed for onset of anxiety, depression schizophrenia and bipolar disorders. Individuals with history of infection accumulation demonstrated higher risk to develop a mental disorder, with risk gradually increasing after one (HR, 1.08, 95%CI, 1.01–1.17, p = 0.036), two (HR, 1.19, 95%CI, 1.09–1.30, p < 0.001) and three or more infections (HR, 1.81, 95%CI, 1.32–2.48, p < 0.001) up to first five years post-infection. These associations were stronger in females, individuals of older age and individuals with larger families. The findings suggest that community-based immune challenges might shape vulnerability for mental disorders, and stress the need to consider infection history in future efforts to develop patient-tailored prevention and intervention strategies."
OpenAlex,valvular heart disease,One-Click CT-Based Pipeline for Regional Quantification of Aortic Valve Fibrocalcific Degeneration,Marta Liberotti; Anna Palmisano; Alberto Colombo; Davide Vignale; Federica Piccione; Marco Bruno Ancona; Matteo Montorfano; Antonio Esposito,10.1007/s10439-026-04272-w,2026-08-17,Annals of Biomedical Engineering,"PURPOSE: Aortic Stenosis (AS) involves progressive fibrocalcific degeneration of the aortic valve. Current imaging methods for valve tissue quantification remain semi-automated and lack detailed spatial tissue characterization. We present a CT-based pipeline that fully automates the quantification of fibrotic and calcific components and enables semi-automated regional tissue analysis. METHODS: We developed a standardized pipeline that performs automatic multiplanar reconstruction of pre-TAVI cardiac CT scans, automatic fibrocalcific volume quantification, and semi-automated regional volume assessment requiring only a single user input. We evaluated the accuracy of the pipeline by comparing each module with manual analyses performed independently by two radiologists with different levels of expertise. Agreement between automated and manual results was assessed using Bland-Altman analysis and standard similarity metrics. RESULTS: We analyzed 25 patients with severe AS (13 females/12 males; median age 82 years, IQR 78-86). The pipeline processed for each patient in ≤ 2.5 min. Multiplanar reconstruction showed an angular error of 5.38° (IQR 3.29-8.33) between the expert user and the pipeline. Bland-Altman analysis revealed minimal bias for fibrocalcific volume and density, comparable to inter-user variability. Expert-pipeline Dice coefficients for regional divisions were high (0.86-0.89), and entropy of fibrocalcific ratio demonstrated substantial tissue heterogeneity among patients. CONCLUSION: The proposed pipeline enables accurate assessment of aortic valve disease severity by integrating fibrotic and calcific quantification with spatial distribution, offering potential to inform TAVI planning and clinical decision-making with minimal user input and analysis time. TRIAL REGISTRATION: NCT06029400, registered on 1 September 2023."
OpenAlex,valvular heart disease,Effectiveness of Multidomain Cardiac Rehabilitation After Myocardial Infarction by Patient Frailty: Prespecified Subgroup Analysis of the PIpELINe Trial,Beatrice Dal Passo; Elisabetta Tonet; Andrea Raisi; Silvia Zagnoni; Giorgio Chiaranda; Giovanni Pasanisi; Rita Pavasini; Paolo Cimaglia; Tommaso Piva; Gianni Casella; Serena Caglioni; Valentina Zerbini; Marta Helena Cocco; Erica Menegatti; Simona Mandini; Gianni Mazzoni; Simone Biscaglia; Stefano Volpato; Giovanni Grazzi; Gianluca Campo,10.1161/circoutcomes.126.013410,2026-08-17,Circulation Population Health and Outcomes,"BACKGROUND: Frailty is common among older patients surviving myocardial infarction, is associated with adverse outcomes, and is often perceived as a barrier to cardiac rehabilitation (CR). The aim of this study is to determine whether frailty influences prognosis after myocardial infarction, and whether frailty modifies the clinical benefit of multidomain CR. METHODS: We performed a prespecified subgroup analysis of the PIpELINe (Physical Activity Intervention in Elderly Patients With Myocardial Infarction) randomized clinical trial conducted in Italy, which enrolled 512 patients aged ≥65 years recovering from myocardial infarction and randomized them in a 2:1 ratio to CR or usual care. Frailty was assessed using the Fried Frailty Phenotype, and patients were categorized as nonfrail (robust) or prefrail/frail. Time-to-event outcomes were analyzed using Kaplan-Meier estimates and Cox proportional hazards models, including treatment-by-frailty interaction terms to evaluate effect modification of the multidomain CR. The primary outcome was a composite of cardiovascular death or unplanned hospitalization for cardiovascular causes within 1 year after randomization. RESULTS: Overall, 350 patients (68.4%) were classified as prefrail/frail, of whom 232 were randomized to intervention arm (66%). Frail patients were older (median age, 80 [75–85] years) and more frequently female (41.7% versus 24.7%). Compared with robust patients, prefrail/frail patients had a higher risk of the primary outcome (16 [9.9%] versus 62 [17.7%]; hazard ratio, 1.59 [95% CI, 0.89–2.82]; adjusted P =0.117). Among prefrail/frail patients, assignment to multidomain CR was associated with a lower risk of the primary outcome compared with usual care (hazard ratio, 0.57 [95% CI, 0.34–0.94]; P =0.028), with no statistically significant interaction in the treatment effect on the primary end point ( P =0.57). CONCLUSIONS: Among older patients recovering from myocardial infarction, frailty is associated with worse prognosis but does not diminish the benefit of multidomain CR. These findings support the use of frailty assessment to guide rather than limit access to CR. Clinical Trial Registration: ClinicalTrials.gov; Unique identifier: NCT03772743."
OpenAlex,valvular heart disease,The safety and clinical utility of stress echocardiography in valvular and heart muscle disease: A systematic review.,Sadie Bennett; Jacopo Tafuro; Chun Shing Kwok,10.17605/osf.io/62dx4,2026-08-17,Open Science Framework,"This scoping review aims to evaluate the safety and clinical utility of stress echocardiography in patients with valvular heart disease and heart muscle disease. While stress echocardiography is well established in the assessment of ischaemic heart disease, its role in structural heart disease has expanded considerably in recent years. However, the evidence base remains fragmented, with substantial variation in stress protocols, patient populations, outcome definitions and prognostic markers. This project was undertaken to systematically identify, synthesise and critically appraise the available evidence examining both the safety profile and prognostic value of stress echocardiography across a wide range of valvular heart disease and heart muscle disease conditions."
OpenAlex,deep learning,The Role of Collective Bricolage in Creating University Governance Structures: The Example of the Galileo Observatory,Ariel Méndez; Amandine Pascal,,2050-01-01,Cairn.info,"This study investigates the concept of “collective bricolage” within the framework of creating a universe science observatory in France. In the face of significant transformations in higher education and research, this article examines how university stakeholders can employ collective bricolage to adapt to institutional mandates for restructuring. Drawing on Lévi-Strauss’s notion of bricolage and the theoretical contributions of Duymedjian and Rüling (2010), this research investigates how this bricolage can be implemented in the absence of conventional or normative space to support the process, and particularly within a context characterized by conflictual relationships. The case study analyzes the collective bricolage process and its components, demonstrating that the dialectical nature of collective bricolage facilitates the creation of robust governance structures through the negotiation and recombination of resources and rationales from the diverse actors involved."
OpenAlex,deep learning,The nature and tensions of environmental management control in local authorities,Christophe Maurel; Christophe Favoreu; London Proofreaders,,2050-01-01,Cairn.info,"This exploratory research aims to characterize, on the one hand, the concept of environmental management control (EMC) through the practices that underpin it, and, on the other hand, the tensions associated with it and the implementation of these practices in public organizations. Although EMC is attracting growing interest within the public sector, it seems to be facing technical and governance difficulties. A grid for analyzing management tools and the theory of organizational paradoxes is used to address the issue of characterizing EMC practices and the associated tensions in the local public sector. Various municipalities were mobilized to explore and characterize their first experiences of implementing EMC. Our results enable us to characterize both the tools used and the tensions generated between the objectives pursued in terms of resource management, dialogue with the socio-economic environment, and behavioral orientation."
OpenAlex,deep learning,Genesis of Organizational Innovation in Healthcare,Sabrina Grandclaude; Didier Grandclaude; Thierry Nobre; Cadenza Academic Translations,,2050-01-01,Cairn.info,"Based on the analysis of 96 organizational innovation in healthcare (OIH) projects and 52 interviews conducted with project leaders initiating these innovations, this research identifies the phenomena underlying the genesis of OIHs. The results highlight the major role played by factors such as patient empathy, international inspiration, academic inspiration, technological inspiration, serendipitous encounters, and the desire for organizational transformation in driving the generation of OIHs. Furthermore, our findings emphasize the dual nature of the research and development process for these innovations, characterized as both ex nihilo and ex materia."
OpenAlex,deep learning,"Depth of Processing, learner aptitude, and the acquisition of L2 English grammatical structures",Shweta Nigam,10.48683/1926.00128861,2031-01-01,CentAUR (University of Reading),"Depth of Processing (DoP) is central to several models of instructed second language acquisition (ISLA) (Leow, 2015). While DoP has been extensively examined in vocabulary learning (e.g., Laufer &amp; Hulstijn, 2001), its role in the acquisition of grammatical structures, particularly through oral and audio-visual modalities remains comparatively underexplored. Drawing on the Levels of Processing framework (Craik &amp; Lockhart, 1972), this study investigated whether task-induced processing depth influences the acquisition of third conditionals and comparatives, and whether language aptitude (LLAMA B, D, F) predicts learning gains. Using a pretest–posttest design, four intact classes involving 108 Grade 8 EFL learners in India were assigned to one of the three experimental conditions differing in level and type of processing: Low DoP, High DoP Explicit, and High DoP Implicit. The treatment task required the participants to listen to an audio-visual story containing the target structures (third conditionals and comparatives) and complete analytic tasks (varying in different groups) before listening to the story for a second time. The oral performance of the participants was analysed for accuracy, and frequency of use of the target structures. A grammaticality judgement test (GJT) and an elicited imitation task (EIT) were used to assess the participants’ gains in the knowledge of the target structures. In addition, language aptitude (LLAMA B, D, F) was measured and modelled as a predictor of gain scores. Results showed a significant effect of processing condition on GJT performance with the High DoP Implicit group outperforming the High DoP Explicit group on total scores and comparatives. In contrast, ANCOVA analyses indicated no significant group differences on EIT outcomes once pretest performance was controlled, with pretest scores strongly predicting posttest performance. In oral production, processing effects were structure-specific: the Low DoP group showed greater accuracy gains for comparatives, while both High DoP groups revealed increased frequency of use of third conditionals. However, across all four measures, multiple regression analyses indicated that LLAMA B, D, and F did not significantly predict gain scores. Overall, the findings support a processing-by-structure pattern: deeper processing benefits were most evident for the more salient structure (comparatives) on an explicit, written measure, whereas complex, low-salience forms (third conditionals) showed limited accuracy change but increased frequency of use under deeper processing."
OpenAlex,deep learning,Combating Data and Target Shifts in Visual Tasks,Zhaorui Tan,10.17638/03194353,2031-01-01,Open MIND,"The rapid advancement of deep learning models for visual tasks has led to significant progress in many domains. However, a key challenge remains: ensuring that models can generalize effectively to unseen samples or novel classes, especially in real-world scenarios where training data-target pairs are often limited or unavailable, and test data may exhibit shifts in both data and targets. This thesis addresses the problem of shifts across data and targets, proposing novel methods to improve model generalization and transferability in complex settings. The thesis identifies the different shift scenarios for visual tasks and presents their problem forms. The research first relaxes the static target distribution assumption in Multi-Domain Generalization (mDG) tasks, introducing the General Multi-Domain Generalization (GMDG) objective to improve generalization under varying data shifts. Specifically, Extensive experiments validate that GMDG is feasible for classification, segmentation, and regression tasks. Further considering extreme target distribution shifts where even unknown novel classes emerge, the study also explores logical regularization techniques for tasks such as Generalized Category Discovery (GCD), mDG+GCD, and Class Incremental Learning (CIL), proposing a sample-based logical regularization term (L-Reg) to enhance data-, target-, and all-shift generalization. Additionally, a partial logic framework is introduced to address challenges in CIL, enabling models to retain room for unknown classes during training. This is further extended by the Partial-Logic Regularization (PL-Reg), which improves generalization across GCD, mDG+GCD, and transferability for CIL tasks. Furthermore, the thesis proposes a novel Semantic-aware Data Augmentation (SADA) framework for cross-modality generalization in text-to-image synthesis (T2Isyn), text-image retrieval (TIR), and image-text retrieval (ITR) tasks. This framework ensures semantic preservation across text and image modalities, improving both semantic consistency and image quality in cross-modality tasks. The methods proposed in this thesis offer significant advancements in visual generalization and transfer scenarios, providing theoretical insights and practical solutions for handling data shifts, target shifts, and multi-modalities in complex scenarios. Extensive experiments validate the effectiveness of the proposed methods, demonstrating their superior performance across a range of tasks."
OpenAlex,deep learning,Antecedents and consequences of Green-tech FDI in emerging markets,Zhuoran Liu,10.17638/03195308,2031-01-01,Open MIND,"As environmental pressures intensify, attracting sustainable foreign direct investment (FDI), particularly green-tech FDI, has become a critical pathway for emerging markets to achieve environmental sustainability. However, existing research remains fragmented, offering limited insights into why green-tech FDI enters emerging markets and how it affects regional green innovation. This thesis addresses these gaps by systematically examining both the antecedents and consequences of green-tech FDI through three empirical studies using regional data from China. Study 1 and Study 2 focus on the antecedents of green-tech FDI. Study 1 examines how host-country conditions can attract green-tech FDI, highlighting the role of environmental management information disclosure (EMID) by domestic firms in reducing information gaps and strengthening green market–seeking motives. Study 2 shifts attention to the active decision-making of green-tech FDI, showing that under uncertainty, green-tech foreign investors engage in identity-based bandwagon learning by imitating peers with similar green identities, thereby mitigating investment risks. Study 3 turns to the consequences of green-tech FDI. It demonstrates that, due to the technological complexity of green innovation and limited absorptive capacity in emerging markets, green-tech FDI may generate crowding-out effects rather than purely positive spillovers. Adopting a network perspective, the study further finds that universities play a key moderating role: through broad linkages and deep collaborations, they help mitigate negative spillovers and facilitate the diffusion of green technologies. Together, the three studies advance the literature on sustainable FDI by differentiating green-tech FDI from general FDI and identifying the specific mechanisms that shape its entry decisions and local innovation outcomes. Practically, the findings provide guidance for emerging-market governments and firms on how to attract and manage sustainable investment, balance growth with environmental objectives, and strengthen local innovation ecosystems."
OpenAlex,deep learning,Deep learning design of programmed enhancer pairs,Salil Garg; Blake M Torres; Joanna Wypasek,10.5281/zenodo.19477875,2030-04-08,Zenodo (CERN European Organization for Nuclear Research),
OpenAlex,deep learning,Deep learning design of programmed enhancer pairs,Salil Garg; Blake M Torres; Joanna Wypasek,10.5281/zenodo.19463376,2030-04-08,Zenodo (CERN European Organization for Nuclear Research),
OpenAlex,deep learning,Deep learning design of programmed enhancer pairs,Salil Garg; Blake M Torres; Joanna Wypasek,10.5281/zenodo.19463375,2030-04-08,Zenodo (CERN European Organization for Nuclear Research),
OpenAlex,deep learning,A UAV-Based Framework for Community-Scale Residential Building Energy Modelling in China,Mengfan Jin,10.17638/03195460,2029-01-01,Open MIND,"With increasing emphasis on energy efficiency and carbon emission reduction in the building sector, rapid and scalable energy modelling of existing buildings is critical for retrofit projects and policy development. Conventional surveys, data collection and energy modelling processes remain labour-intensive and impractical for large-scale applications, and energy modelling often dominates project time and cost. Unmanned Aerial Vehicles (UAVs) equipped with high-resolution and infrared cameras now offer fast and safe exterior surveys, showing great potential in building energy assessments. Yet, a systematic framework for UAV integration, from image capture through processing to inputs for building energy simulation, has not been established. This research addresses these challenges by developing a structured framework for community-scale building energy modelling, which integrates UAV photogrammetry to accelerate data acquisition, reduce labour, and shorten energy modelling time for retrofit projects. The framework is designed to minimise prior data requirements while maximising automation and retaining sufficient accuracy and reliability. It also addressed systemic issues, such as the lack of data necessary to fully exploit the potential of available technologies in the context of this study. To achieve this research objective, a mixed-methodology approach, combining desk studies and fieldwork, was adopted. First, a comprehensive review of UAV-based building energy studies mapped the current applications and available tools, proposing a preliminary framework. Fieldwork then encompassed a pilot study and a detailed case study. In the pilot test, a single building was surveyed to identify an optimal toolchain for flight planning, image capture, photogrammetric reconstruction, model generation, and selection of a simulation platform. The resulting refined framework was applied to a case study of a 39-building community, and it was demonstrated that further automation was necessary. The potential for automation was then further explored. Geomatic algorithms, machine learning, and deep learning techniques were compared, and the combination that best balanced accuracy and processing time was selected for 3D model generation and window-to-wall ratio (WWR) extraction. In parallel, an archetype library of residential buildings in the Hot Summer Cold Winter (HSCW) zone in China was compiled to facilitate the assignment of thermal parameters. Finally, a reusable community-scale building energy modelling (CBEM) workflow was assembled in Grasshopper using Ladybug Tools components to process the aforementioned inputs. In conclusion, this study integrates UAV photogrammetry, GIS-based geomatic algorithms, machine learning, and graphical programming to develop an UAV-CBEM framework. The outcomes establish a foundation for scalable UAV-based building energy assessments, enhancing applicability in data-limited and large-scale settings worldwide."
OpenAlex,deep learning,Data Augmentation Application in Deep Learning Drug Discovery by Utilizing Relationships Between Biological and Medical Entities,Tianjun Wang,10.17638/03195452,2029-01-01,Open MIND,
OpenAlex,deep learning,Spectral Materialism: Encounters with land-time-scapes,Sam Nightingale,10.25602/gold.00040593,2029-01-01,Goldsmiths (University of London),"This transdisciplinary, practice-based PhD introduces spectral materialism through art-based research encounters with ecologically and historically stratified land-time-scapes shaped by hypersalinity and colonial terraforming. Centred in the semi-arid Mallee (southeastern Australia) and read through echoes with California’s Imperial Valley, the project examines how spectral time—the co-presence and haunting of other temporalities—manifests in the material conditions of salt, soil, water, plants, and infrastructures. It asks how learning from geological, First Nations, colonial, and ecological pasts can orient responsibilities in unsettled futures. Treating the present as a crisis of time as much as a crisis of matter, the thesis critiques linear-progressive temporalities bound to Western modernity and extractive regimes. In response, spectral materialism is developed as both a conceptual framework and a critical creative methodology. Through alchemical media experiments with salt crystals, hypersaline soils, and halophytes, photography is reconfigured as a site-responsive, process-oriented practice. Salt is engaged as a material agent and ‘time-crystal’ whose phase shifts—dissolution, saturation, precipitation, crystallisation, evaporation—form a meta-chemistry that refracts deep-marine pasts, settler-colonial irrigation infrastructures, and contemporary dust into processual renderings of time. Methodologically, the project advances attunement as a mode of sensing and responsiveness to forces that are not always immediately perceptible yet are materially active. Field notes appear as para-writing, interrupting linear narration so that heterogeneous times co-present themselves within the text. The thesis is guided by First Nations temporalities—time as relational and in place—while remaining accountable to ethical limits and protocols. The contribution is twofold: a theoretical articulation of spectral materialism as a way to think time otherwise, and a set of site-responsive methods for engaging elemental media in saline environments. Together, they generate materially grounded accounts of spectral presences and open alternative pathways for knowing, sensing, and relating within land-time-scapes marked by enduring colonial and ecological afterlives amid planetary change."
OpenAlex,deep learning,DEVELOPMENT AND COMMERCIALIZATION OF COMPUTATIONAL METHODS TO ACCELERATE DERMATOLOGICAL DISCOVERY,Jasson Makkar,10.7273/000008421,2028-02-26,Washington State University,"The skin is the largest and outermost organ that surrounds the human body and provides a physical barrier that protects the more delicate internal tissues from the harsh surrounding environment. Over the course of evolution, specialized structures have also arisen in the skin, including sweat and sebaceous glands, nails and claws, and hair follicles. The hair follicle is a multi-lineage mini-organ that is a critical component in defining mammalian species. The gain of function derived from hair and fur benefited these species for millennia due to its insulative and protective properties, mechanosensing function, and ability to serve as camouflage. Current approaches to assess these fibers are generally non-quantitative or are low throughput due to technical limitations of ‘splitting hairs’. We developed a novel deep learning-based computer vision approach for the high throughput quantification of individual hair fibers at a high resolution. Our innovative computer vision tool can distinguish and extract overlapping fibers for quantification of multivariate features including length, width, and color to generate single-hair phenomes (shPhenome) of diverse conditions across the lifespan of mice. Using our tool, we explored the effects of hormone signaling, genetic modifications, and aging on hair follicle output. These analyses revealed novel hair phenotypes as a result of endocrinological, developmental, and aging-related alterations in the fur coats of mice. This tool was then adapted to capture more nuanced hair phenotypes, such as curvature, in a variety of mouse models harboring genetic perturbations. Commercialization of the deep hair phenomics technology presented a unique opportunity to pursue research translation, transforming fundamental biological research into marketable products. Much like the traditional academic route, the path to commercialization requires consistent and continuous iteration, testing of hypotheses, and allowing data to influence and lead subsequent actions. However, as opposed to the pursuit of knowledge, translating research into market-ready solutions requires a focus on consumer needs and the identification of market opportunities. Additionally, the shift in incentive structure requires commercial ventures to prioritize intellectual property protection, alter capital and resource allocation, and seek alternative fundraising sources. The entrepreneurial foundation built through this process culminated in the filing of a provisional patent and establishment of a startup company, kerat Inc. This journey illuminated the multifaceted challenges inherent in closing the gap between academic innovation and commercially viable goods, requiring simultaneous advancement of technical capabilities, adaptation to market dynamics, and fabrication of business infrastructure. Overall, the culmination of work presented in this dissertation sheds light on the importance of quantitatively assessing hair fiber properties to capture the biological phenomena that underlie this fundamental feature of mammalian skin. These findings also highlight the capabilities of this methodology for identifying perturbations in normal growth, potentially indicative of disease or dysfunction. Lastly, this showcased the potential of this technology’s commercial use cases in both the cosmetics and diagnostics industries."
OpenAlex,deep learning,Deep learning image analysis of donor red blood cells to predict deformability and transfusion efficacy,Erik S. Lamoureux,10.14288/1.0451932,2028-01-01,cIRcle (University of British Columbia),"The full abstract for this thesis is available in the body of the thesis, and will be available when the embargo expires."
OpenAlex,deep learning,Deep q-learning aided k-means clustering protocol for optimizing network lifetime in wireless sensor networks,Flynn Dowey,10.14288/1.0451106,2028-01-01,Open Collections,"The full abstract for this thesis is available in the body of the thesis, and will be available when the embargo expires."
OpenAlex,deep learning,Cost-Grounded Reward Scaling for Deep Reinforcement Learning in Zero-Buffer Flow-Shop Maintenance - DATA,Valentina Popolo; Silvestro Vespoli,10.17632/t73ckh3f7k,2027-07-09,Mendeley Data,
OpenAlex,deep learning,Cost-Grounded Reward Scaling for Deep Reinforcement Learning in Zero-Buffer Flow-Shop Maintenance - DATA,Valentina Popolo; Silvestro Vespoli,10.17632/t73ckh3f7k.1,2027-07-09,Mendeley Data,
OpenAlex,deep learning,"LeafMicroDefect-TR: A Digital Microscope-Based Dataset of Microscopic Leaf Surface Images for Defect Detection, Region-wise Analysis, and Explainable Deep Learning",HIDIR SELCUK NOGAY,10.17632/tvxkgj69kg,2027-01-12,Mendeley Data,
OpenAlex,deep learning,"LeafMicroDefect-TR: A Digital Microscope-Based Dataset of Microscopic Leaf Surface Images for Defect Detection, Region-wise Analysis, and Explainable Deep Learning",HIDIR SELCUK NOGAY,10.17632/tvxkgj69kg.1,2027-01-12,Mendeley Data,
OpenAlex,deep learning,Business Model Innovation among Startups and Its Future Research Trends: A Systematic Review and Bibliometric Analysis of Relevant Literature,Salsabil Thabti; Waleed Omri; Audrey Bécuwe; Abdelwahed Omri,,2027-01-01,Cairn.info,
