source,keyword,title,authors,doi,publication_date,journal,abstract
PubMed,aortic stenosis,"Myocardial remodeling in valvular heart disease: pathophysiology, multimodality imaging and treatment implications.",Maximilian Autherith; Laurenz Hauptmann; Raghuram Palaparti; Philipp E Bartko; Christian Nitsche,10.1007/s10741-026-10660-0,2026-07-30,Heart failure reviews,"Valvular cardiomyopathy has emerged as a key concept linking valvular heart disease (VHD) with myocardial remodeling and the development of heart failure (HF). This state-of-the-art review provides a comprehensive overview of pathophysiological mechanisms, multimodality imaging, and implication for valve interventions across the spectrum of VHD. We systematically address HF in the context of aortic valve disease, including aortic stenosis and aortic regurgitation, mitral valve disease with a particular focus on mitral regurgitation, and tricuspid valve regurgitation. For each valvular lesion, we integrate evidence on pathophysiological mechanisms on myocardial (mal)adaptation leading to myocardial fibrosis and ultimately HF and death. Additionally, we highlight the role of multimodality imaging for early detection of myocardial remodeling and discuss implications for patient selection and timing of valve interventions. Beyond single-valve disease, we further explore the complex interplay of multiple and mixed valvular heart disease and review emerging data on the interaction between VHD and cardiac amyloidosis, an increasingly recognized and clinically relevant overlap. Overall, this state-of-the-art review underscores that outcomes in VHD are not solely determined by severity of valvular lesions but critically depend on the extent of associated myocardial damage. A deeper understanding of valvular cardiomyopathy may improve risk stratification, refine patient selection, and support the implementation of tailored therapeutic strategies."
PubMed,aortic stenosis,Comparative environmental life cycle assessment between transfemoral transcatheter aortic valve implantation and isolated surgical aortic valve replacement.,Herman J Friedericy; Maëlle J Lustig; Florine I de Haes; Frank van der Kley; Lauran F C M van Oers; Anne C van der Eijk; Frank Willem Jansen,10.1136/heartjnl-2026-328011,2026-07-29,Heart (British Cardiac Society),"Comparisons between transfemoral transcatheter aortic valve implantation (TF-TAVI) and surgical aortic valve replacement (SAVR) in severe aortic stenosis have demonstrated a consistent mortality benefit, lower 1 year costs and greater quality-adjusted life years in favour of TF-TAVI. However, the differences in the environmental impact of these two interventions have not yet been sufficiently investigated. The aim of the present study was to compare the intraprocedural environmental impact of these two procedures and to identify emission hotspots in order to mitigate their environmental impact.
In this prospective, observational, single-centre study, usage data were collected from 15 TF-TAVI and 15 SAVR procedures. All products, energy and water consumed during the procedures were identified and were used in a comprehensive comparative environmental life cycle assessment to quantify the intraprocedural environmental impact of these two interventions.
Material use in SAVR amounted to 17.7 kg compared with 8.7 kg in TF-TAVI, consisting of 84% and 69% plastics, respectively. Electricity use in TF-TAVI was 52% less than in SAVR; in both interventions, energy consumption was dominated by the use of electronic devices. In SAVR, water consumption was 30 times higher than in TF-TAVI (5800 vs 194 L), mainly due to the heating cooling system of the cardiopulmonary bypass in SAVR. In all 10 calculated environmental impact categories, SAVR had a greater life-cycle impact. Its carbon footprint was 181.2 kg CO2-eq, compared with 68.6 kg CO2-eq per TF-TAVI.
TF-TAVI outperformed SAVR in all environmental impact categories and had a carbon footprint of 38% that of SAVR. In TF-TAVI, 51% less material, 52% less energy and 97% less water were used. Despite these impressive results, there is still room for improvement in the environmental impact of TF-TAVI by using fewer disposable items, powering down idle imaging systems and introducing reusable/remanufactured valve delivery systems."
PubMed,aortic stenosis,The feasibility of the introduction of the Ross program in adults: early safety and quality outcomes in a single center.,Nabil Saouti; Anthonie L Duijnhouwer; Tim J Ten Cate; Arie P J van Dijk; Robin H Heijmen,10.1007/s12471-026-02062-6,2026-07-29,Netherlands heart journal : monthly journal of the Netherlands Society of Cardiology and the Netherlands Heart Foundation,"The optimal valve substitute for young and middle-aged patients with severe symptomatic aortic valve disease remains a subject of debate. In this patient group, prosthetic valves are associated with reduced survival, impaired hemodynamics, and lifelong risk of valve-related complications. The Ross procedure has re-emerged as the most optimal valve substitute following surgical refinements and improved perioperative care. The current study describes the feasibility in terms of safety and early outcomes of a newly initiated Ross program using the patient-tailored total root technique.
All patients who underwent the Ross procedure at the Radboud University Medical Center between April 2024 and December 2025 were included. Baseline characteristics, operative details, and postoperative outcomes were extracted from the electronic medical record.
A total of 32 patients were included, with a median age of 39 years; 65% were male, and 94% had a bicuspid aortic valve. The predominant pathology was pure stenosis in 63%. All procedures were elective except one. There was no operative or 30-day mortality. Complications included one conversion to a Bentall procedure for leaflet retraction and one urgent percutaneous coronary intervention, probably due to right coronary button kinking. No patient had more than mild aortic regurgitation at discharge.
The Ross procedure in young and middle-aged adults was associated with favorable short-term outcomes in this initial cohort. These results support the feasibility and safety of the Ross procedure when performed in a dedicated expert center. Ongoing follow-up will be essential to assess medium- and long-term durability."
PubMed,aortic stenosis,Health Status Outcomes 7 Years After Transcatheter or Surgical Aortic Valve Replacement in Low-Surgical Risk Patients With Aortic Stenosis.,Michael I Brener; David J Cohen; Susheel K Kodali; Rebecca T Hahn; Vinod H Thourani; Raj R Makkar; Philippe Pibarot; Xiao Yu; Bradley Lubich; Michael J Mack; Martin B Leon; Suzanne V Arnold,10.1016/j.jacc.2026.06.022,2026-07-17,Journal of the American College of Cardiology,"Transcatheter aortic valve replacement (TAVR) results in early improvements in health status outcomes relative to surgical aortic valve replacement (SAVR) in low-surgical risk patients with symptomatic severe aortic stenosis. However, long-term data comparing the detailed health status outcomes of these 2 treatments are lacking.
The purpose of this study was to compare long-term health status outcomes between TAVR and SAVR in low-risk patients and explore heterogeneity of treatment effect.
The PARTNER 3 (Placement of Aortic Transcatheter Valves) trial randomized patients with severe aortic stenosis and low surgical risk 1:1 to TAVR with a balloon-expandable valve vs SAVR. Health status was evaluated with the Kansas City Cardiomyopathy Questionnaire (KCCQ) and Short Form-36 Heath Survey at baseline and 1 month, 6 months, and annually from years 1 to 7. Between treatment group differences in health status scores over time were examined with mixed effects models for repeated measures adjusted for baseline.
The analytic cohort included 943 patients enrolled in the PARTNER 3 trial who had baseline KCCQ assessments and underwent their assigned procedure (494 TAVR, 449 SAVR; mean age: 73.5 ± 5.9 years; 69.2% men; mean Society of Thoracic Surgeons-Predicted Risk of Mortality: 1.9% ± 0.6%; mean KCCQ-overall summary [KCCQ-OS] score: 70.9 ± 20.5). TAVR and SAVR both resulted in significant improvements in KCCQ and Short Form-36 Heath Survey summary scores relative to baseline through 7-year follow-up. KCCQ-OS scores were substantially higher at 1 month after TAVR vs SAVR (mean treatment difference: +16.2 points; 95% CI: 14.3-18.1) and remained modestly higher through 2 years of follow-up (mean difference at 2 years: +1.9 points; 95% CI: 0.2-3.7), but there were no significant between-group differences in years 3-7. At 7 years, ∼60% of patients in both treatment groups had an excellent outcome (alive, KCCQ-OS ≥75; no KCCQ-OS decline ≥10 from baseline).
Patients with severe aortic stenosis at low surgical risk had substantial improvement in patient-reported health status with either TAVR or SAVR that was sustained through 7 years. Patients had earlier recovery with TAVR, but health status outcomes after 2 years were similar between treatment groups. (PARTNER 3 Trial: Safety and Effectiveness of the SAPIEN 3 Transcatheter Heart Valve in Low Risk Patients With Aortic Stenosis; NCT02675114)."
PubMed,aortic stenosis,Protamine-Exacerbated Right Ventricular Failure After TAVR in Critical Aortic Stenosis.,Jaideep Menda; Jiun-Ruey Hu; Christy Slingwine; Sabah Skaf; Meshe Chonde; Wen Cheng; Suhail Dohad; Raj R Makkar; Tarun Chakravarty,10.1016/j.jaccas.2026.109339,2026-07-20,JACC. Case reports,"Protamine is routinely administered for heparin reversal after transcatheter aortic valve replacement (TAVR), but protamine reaction is an under-recognized and potentially catastrophic complication.
A 79-year-old man with critical aortic stenosis, baseline severe right ventricular (RV) dysfunction, and 2-vessel coronary artery disease underwent TAVR. Immediately following protamine administration for heparin reversal, he developed abrupt hemodynamic collapse with acute RV pressure overload on echocardiography requiring cardiopulmonary resuscitation. Despite inhaled nitric oxide, inotropes, and intra-aortic balloon pump, he remained hypotensive. Insertion of Impella RP resulted in immediate improvement in hemodynamics, with drop in central venous pressure from 31 to 20 mm Hg and improvement in oxygenation and RV contractility.
Early initiation of RV support with Impella RP should be considered in patients with acute RV failure secondary to protamine reaction.
Patients with preexisting RV dysfunction may be susceptible to catastrophic type III protamine reaction because of limited physiologic reserve."
PubMed,aortic stenosis,Aortic Valve and Left Ventricular Outflow Tract Calcification as Predictors of Early Complications After Transcatheter Aortic Valve Implantation: A Prospective Single-Center Study.,Abubakr Muhamed Bakr; Mansour Mohamed Mostafa; Mohamed Adel Attia; Ahmad E Mostafa; Diaa Kamal; Ayman Ahmed Gad; Waseem Omar Ahmed; Sariya Khan; Muhammad Saad Reihan,10.14740/cr2247,2026-08,Cardiology research,"The prognostic implications of aortic valve and left ventricular outflow tract (LVOT) calcification following transcatheter aortic valve implantation (TAVI) are uncertain. The aim of the study was to assess the influence of aortic valve and LVOT calcification on early TAVI outcomes.
From October 2021 to May 2024, in this single-center prospective cohort study, preoperative aortic valve calcium score via the Agatston method was determined by multidetector computed tomography (MDCT), and LVOT calcification was semi-quantitatively assessed in 95 consecutive symptomatic severe aortic stenosis patients who underwent TAVI. Primary endpoints assessed within 30 days after TAVI were paravalvular leak (PVL > grade 2), permanent pacemaker implantation (PPM) for high-grade atrioventricular (AV) block, and requirement for postimplantation balloon dilatation.
The mean calcium score was 2,658 ± 1,799. Five patients (5.2%) required PPM, and 14 (14.7%) developed transient PVL > grade 2, all of which improved after dilatation. The aortic valve calcium score was associated with PVL (area under the curve (AUC) = 0.70; P < 0.01), high-grade AV block (AUC = 0.66; P = 0.02), and postimplantation dilatation (AUC = 0.64; P = 0.03). LVOT calcification predicted high-grade AV block (P = 0.027).
Quantitative LVOT and aortic valve calcification grading is a reliable predictor of early conduction and valvular dysfunction complications after TAVI and demonstrates the value of comprehensive preprocedural computed tomography (CT) imaging for procedural planning and risk stratification."
PubMed,aortic stenosis,Does severe pulmonary hypertension affect long-term survival after TAVI for severe aortic stenosis?,Hasan Mohiaddin; Kevin Mohee; Robert Ambrogetti; Sanjay S Bhandari; Jan Kovac; Elved Roberts,10.5837/bjc.2026.003,2026,The British journal of cardiology,"Pulmonary hypertension (PH) is common in patients with severe aortic stenosis (AS). Severe PH has been associated with mortality up to two years following transcatheter aortic valve implantation (TAVI). Data on longer-term outcomes in TAVI patients with severe PH are limited. We aimed to compare all-cause mortality at five years post-TAVI in patients with and without severe PH and to identify any patient factors associated with reduced long-term survival. TAVI patients meeting our inclusion criteria between January 2013 and October 2017 at a specialist cardiac centre in the UK were retrospectively analysed. Severe PH was defined as a systolic pulmonary arterial pressure >40 mmHg, estimated on transthoracic echocardiography. Data on patient demographics, comorbidities and mortality were obtained from routinely collected registry data. Kaplan-Meier and Cox-proportional hazards analyses were performed. The median ages of the patients were 84 and 83 years in the group without severe PH and the group with severe PH, respectively. Severe PH was present in 95 out of 219 patients (43%). Patients with severe PH had higher levels of disability, left ventricular impairment and serum creatinine. On multi-variate analysis, the presence of severe PH was not associated with an increased mortality (adjusted hazard ratio [HR]=1.23, p=0.29). Peripheral vascular disease (PVD) was associated with a significantly increased risk of death at five years' follow-up (adjusted HR=2.24, p=0.002). A lower body mass index (BMI) was also independently associated with reduced survival (adjusted HR=0.96, for an increase of 1 kg/m2, p=0.038). In conclusion, our data show that severe PH in patients with AS did not affect five-year survival post-TAVI. Reduced BMI and PVD were significantly associated with long-term all-cause mortality in patients undergoing TAVI."
PubMed,aortic stenosis,"Impact of the 2019 Low-Risk Indication Expansion on Transcatheter Aortic Valve Replacement Utilization, Outcomes, and Disparities: A National Interrupted Time Series Analysis.",Mohamed Hamouda Elkasaby; Alaa Ayyadhah Alanazi; Hussam Al Hennawi; William H Frishman; Wilbert S Aronow,10.1097/CRD.0000000000001404,2026-07-29,Cardiology in review,"In August 2019, the U.S. Food and Drug Administration extended the indication for transcatheter aortic valve replacement (TAVR) to low-surgical-risk patients with severe aortic stenosis. We evaluated the impact of this policy on national utilization, clinical outcomes, and access equity using an interrupted time series analysis of 81,142 unweighted TAVR hospitalizations (405,710 survey-weighted) from the National Inpatient Sample (2016-2022) across 2955 hospitals. The primary exposure was the third-quarter 2019 low-risk expansion, and the primary outcome was in-hospital mortality. Segmented linear regression measured level and slope changes at the policy inflection point; secondary analyses included Oaxaca-Blinder decomposition of racial mortality disparities and inverse probability of treatment weighting. Annual TAVR volume increased 134%, from 33,545 in 2016 to 78,405 in 2022, while mean patient age fell from 79.7 to 78.2 years, and the low-risk proxy prevalence tripled from 2.0% to 6.0%. In-hospital mortality declined from 1.58% to 0.84%, with a significant favorable postexpansion slope change ( P < 0.001); stroke, permanent pacemaker implantation, vascular complications, and length of stay also improved (all P < 0.001), whereas acute kidney injury was unchanged. Access increased modestly for racial minorities and lower-income patients. The 2019 low-risk expansion was associated with substantial volume growth, a shift toward younger, lower-acuity patients, and improved or stable outcomes, but emerging racial disparities warrant targeted surveillance."
PubMed,aortic stenosis,Stepwise Percutaneous Management of a Giant Coronary Pseudoaneurysm.,Carmen Lluch-Requerey; Félix Rosa-Longobardo; Jessica Roa-Garrido; Antonio Enrique Gómez Menchero,10.1002/ccd.70769,2026-07-28,Catheterization and cardiovascular interventions : official journal of the Society for Cardiac Angiography & Interventions,"Coronary pseudoaneurysms are rare but potentially life-threatening complications following coronary interventions. Their management presents significant technical challenges, particularly in frail patients with contraindications to surgery. This report describes the sequential percutaneous management of a giant acquired coronary pseudoaneurysm in a 74-year-old male with several comorbidities, including atrial fibrillation, aortic stenosis, and contraindication for open-heart surgery. Exclusion was achieved using covered stents, followed by left atrial appendage closure to allow withdrawal of anticoagulation. Moreover, during follow-up, transcatheter aortic valve implantation (TAVI) was performed due to severe symptomatic aortic stenosis. This case represents one of the largest coronary pseudoaneurysms reported in the literature and highlights the feasibility of an integrated imaging-guided percutaneous approach for the management of giant coronary pseudoaneurysms in high-risk patients. Left atrial appendage closure may have facilitated pseudoaneurysm thrombosis by enabling safe discontinuation of long-term anticoagulation, a hypothesis that warrants further investigation."
PubMed,aortic stenosis,De Ritis (AST/ALT) ratio as a predictor of early adverse outcomes following transcatheter aortic valve replacement.,Haitham Abu Khadija; Jebrin Alkrinawi; Ali Abdullah; Omar Ayyad; Ammar Barakat; Salma Najjar; Alexander Kogan; Leonid Sternik; Alaa Shehady; Mohammad Masu'd; Duha Najajra; Mohammad Alnees,10.1371/journal.pone.0354267,2026,PloS one,"Simple biochemical markers that capture systemic stress could refine short-term risk stratification after TAVR. We evaluated whether an elevated AST/ALT ratio predicts early adverse outcomes following transfemoral TAVR.
We retrospectively analyzed 733 consecutive patients undergoing transfemoral TAVR. The exposure was the preprocedural AST/ALT ratio categorized as low (<1.4; n = 478) or high (≥1.4; n = 255). Baseline characteristics were compared using t/Wilcoxon tests and χ²/Fisher's exact tests. Thirty-day endpoints included all-cause mortality, acute kidney injury (AKI), stroke, and new-onset atrial fibrillation (NOAF). Kaplan-Meier failure curves were compared by the log-rank test. Cox models estimated hazard ratios (HRs) with 95% CIs; candidate covariates were prespecified and further refined with LASSO (10-fold cross-validation). Model assumptions were checked with Schoenfeld residuals.
High AST/ALT was associated with greater 30-day risk of AKI (adjusted HR 3.18, 95% CI 1.80-5.63), stroke (adjusted HR 2.73, 95% CI 1.31-5.69), and NOAF (adjusted HR 2.35, 95% CI 1.57-3.51). For mortality, the crude association was not statistically significant (HR 2.07, 95% CI 0.91-4.68; p = 0.082) and remained non-significant after adjustment (HR 1.74, 95% CI 0.75-4.04; p = 0.197). Additional adjusted associations included higher AKI risk with high-intensity statins (HR 3.51, 95% CI 1.75-7.06) and baseline complete right bundle-branch block (HR 3.77, 95% CI 1.49-9.57).
An elevated preprocedural AST/ALT ratio independently identifies TAVR recipients at increased 30-day risk of AKI, stroke, and NOAF, but not mortality. Incorporating this inexpensive marker into routine assessment may help tailor periprocedural strategies and early surveillance after TAVR."
PubMed,aortic stenosis,PHACE syndrome with severe aortic arch tortuosity: a case report.,Yasuyuki Masuda; Kayo Ogino; Tomohiro Hayashi; Kenji Waki,10.1093/ehjcr/ytag486,2026-07,European heart journal. Case reports,"PHACE syndrome is a neurocutaneous syndrome characterized by posterior fossa malformations, haemangiomas (primarily on the face, scalp, and neck), arterial anomalies, cardiac abnormalities/coarctation of the aorta, and eye abnormalities. Cardiac abnormalities associated with PHACE syndrome typically present with coarctation of the aorta. Cases presenting with severe aortic arch tortuosity are rare.
The patient was delivered by caesarean section at 37 weeks and 0 days of gestation with a weight of 2546 g. She was diagnosed with a right aortic arch, aberrant left subclavian artery and left ductus arteriosus during the foetal period and was admitted to the neonatal intensive care unit for further evaluation. Echocardiography raised suspicion of aortic arch hypoplasia. A contrast-enhanced computed tomography showed severe aortic arch tortuosity. Cardiac catheterization performed at 3 months of age showed extremely elevated left ventricular pressure. An extra-anatomical bypass was performed at 4 months of age. A diagnosis of PHACE syndrome was made based on the combination of specific aortic arch anomalies, cerebral carotid artery anomalies, and haemangioma in the deep neck space.
In this case, severe aortic arch tortuosity detected immediately after birth resulted in stenosis. If this distinctive aortic morphology is present, PHACE syndrome should be considered in the differential diagnosis."
PubMed,aortic stenosis,Four-Chamber Deformation Remodeling and Atrial Fibrillation After Septal Myectomy for Obstructive Hypertrophic Cardiomyopathy.,Olga N Kislitsina; Lubna Choudhury; Kifah Hussain; James D Thomas; Seokyung An; Abigail S Baldridge; Daniel J Romary; Beth Whippo; James L Cox; Patrick M McCarthy; Douglas R Johnston,10.1111/echo.70567,2026-08,"Echocardiography (Mount Kisco, N.Y.)","Septal myectomy treats hypertrophic obstructive cardiomyopathy (HOCM), but its effect on myocardial deformation across cardiac chambers is incompletely defined. We evaluated chamber-specific strain remodeling 1 year after septal myectomy and examined whether atrial strain was associated with atrial fibrillation (AF) during follow-up.
We retrospectively studied 187 consecutive patients undergoing surgical septal myectomy for HOCM. Conventional echocardiography and speckle-tracking strain analysis were used to assess left ventricular (LV), right ventricular (RV), left atrial (LA), and right atrial (RA) deformation preoperatively and at 1-year follow-up. Paired analyses compared preoperative and postoperative strain values. Multivariable logistic regression evaluated associations between baseline strain measures, AF, and all-cause mortality.
Among 187 patients, 85 had analyzable 1-year strain studies. At 1 year, LA contractile strain (CS) improved from 10.4±5.9% to 13.6±7.1% (p = 0.005), whereas LA reservoir strain (RS) did not significantly change. In contrast, RA-RS decreased from 36.0±10.6% to 28.0±11.6% (p = 0.001), RV free-wall strain worsened from -26.3±7.0% to -21.1±6.8% (p = 0.001), and RV global longitudinal strain (GLS) worsened from -21.3±5.1% to -17.3±5.5% (p = 0.001). LV-GLS was unchanged. Higher LA-CS was associated with lower odds of AF after adjustment (aOR 0.92, 95% CI 0.85-0.99; p = 0.018), as was higher LA-RS (aOR 0.95, 95% CI 0.91-0.99; p = 0.035). LA-RS was associated with mortality in unadjusted analysis but not after multivariable adjustment.
Septal myectomy is followed by nonuniform, chamber-specific deformation remodeling. LA-CS improves, LA-RS and CS identify patients at higher AF risk, LV-GLS remains unchanged, and right-sided longitudinal deformation worsens at 1 year. Four-chamber strain analysis may augment post-myectomy surveillance."
PubMed,aortic stenosis,"Non-Invasive Myocardial Work Indices (GWI, GCW, GWW, and GWE) as Predictors of Clinical Outcomes Across Cardiac Diseases: A Systematic Review and Meta-Analysis.",Jeevarathinam Thirumalai; Mohamed Sahal; Priyanka Bai,10.1111/echo.70544,2026-08,"Echocardiography (Mount Kisco, N.Y.)","Non-invasive myocardial work (MW) indices derived from pressure-strain loop analysis, including global work index (GWI), global constructive work (GCW), global wasted work (GWW), and global work efficiency (GWE), have emerged as novel predictors of clinical outcomes across a broad spectrum of cardiac diseases. The purpose of this systematic review and meta-analysis was to comprehensively synthesize published evidence examining the prognostic value of MW indices for predicting clinical outcomes and their diagnostic performance for identifying disease-specific abnormalities across cardiac conditions, including heart failure, acute coronary syndrome, valvular heart disease, cardiomyopathy, cardiotoxicity in oncology, and cardiac resynchronization therapy response.
A systematic search of PubMed, EMBASE, Cochrane Library, and Web of Science (up to May 2026) identified 24 eligible studies encompassing 4,710 participants. Random-effects inverse-variance models with restricted maximum likelihood (REML) estimation and Hartung-Knapp confidence interval correction were applied. Direction-harmonized hazard ratios (HR), odds ratios (OR), and standardized odds ratios (sOR) were pooled as an exploratory summary of ratio-based effects, such that values exceeding 1.0 consistently indicated higher clinical risk with an adverse MW profile, while the HR-only model was retained as the principal prognostic sensitivity analysis. Quality was assessed using the Newcastle-Ottawa Scale and the GRADE framework.
The primary pooled analysis yielded a random-effects estimate of 1.12 (95% CI: 0.99-1.27); however, substantial heterogeneity was observed (I2 = 82.1%), reflecting important differences across cardiac disease populations. The all-estimates sensitivity analysis (18 estimates; n = 3,536) achieved statistical significance (RE: 1.19; 95% CI: 1.04-1.35). The HR-only sensitivity analysis yielded a similar effect estimate (RE: 1.18; 95% CI: 0.99-1.41) and represented the most clinically interpretable prognostic analysis. Disease-specific analyses demonstrated heterogeneous effect sizes: the cardiomyopathy subgroup showed the largest associations (HR up to 5.46 for GWI in dilated cardiomyopathy), while heart failure and valvular disease demonstrated consistent moderate associations. Prognostic analyses primarily evaluated mortality, MACE, hospitalization, and other time-to-event outcomes, whereas diagnostic analyses assessed the ability of MW indices to identify disease-specific abnormalities such as CTRCD and impaired microvascular perfusion. GCW demonstrated the highest diagnostic accuracy for cardiotoxicity detection (AUC: 0.97), substantially superior to global longitudinal strain (AUC: 0.73) in the same study population. GRADE certainty was moderate for advanced heart failure and asymptomatic aortic stenosis, and low to very low for other disease categories.
MW indices may provide prognostic and diagnostic information across multiple cardiac diseases; however, individual indices appear to reflect distinct physiological mechanisms and may demonstrate disease-specific prognostic utility. Given the substantial heterogeneity across disease populations, disease-focused interpretation may be more informative than reliance on an overall pooled estimate. These non-invasive echocardiographic indices may offer incremental value beyond LVEF and GLS for cardiovascular risk stratification and monitoring in selected clinical settings, including chronic cardiovascular disease and cancer therapy-related cardiotoxicity. Prospective multicenter studies are required to standardize optimal cut-off values and support future clinical guideline incorporation."
PubMed,aortic stenosis,Outcomes of balloon aortic valvuloplasty in contemporary practice: A single-center observational study.,Zofia Kampka; Wojciech Żakiewicz; Kamil Jabłoński; Aleksandra Golec; Kamil Górny; Julia Jung; Emilia Koziara; Katarzyna Szlachetka; Marek Grabka; Michał Lelek; Tomasz Bochenek; Damian Hudziak; Radosław Gocoł; Katarzyna Mizia-Stec; Krystian Wita; Maciej T Wybraniec,10.33963/v.phj.113887,2026-07-28,Kardiologia polska,"Balloon aortic valvuloplasty (BAV) remains a vital tool as a bridge to definitive treatment, a palliative therapy, or a stabilizing procedure for hemodynamically unstable patients.
Our aim was to characterize patients undergoing BAV and identify predictors of procedural success, major adverse cardiovascular and cerebrovascular events, and in-hospital mortality.
This retrospective, single-center registry embraced consecutive patients undergoing BAV between 2010 and 2022. Procedural success was defined as mean pressure gradient reduction > 10 mm Hg. Major adverse cardiovascular and cerebrovascular events was the primary composite endpoint.
Among 136 patients (57 men [41.9%]; mean [standard deviation] age 78.5 [8.9] years), BAV was performed as: a bridge to transcatheter aortic valve implantation (n = 42, 30.9%), palliative procedure (n = 49, 36.0%), prognostic procedure during transcatheter aortic valve implantation qualification (n = 33, 24.3%). Sixteen patients underwent percutaneous coronary intervention (14 before [10.3%] and 2 during BAV [1.5%]). Procedural success was reported in 60 patients (44.1%) and independently associated with a higher mean pressure gradient (odds ratio [OR], 1.09; 95% confidence interval: 1.002-1.19; P = 0.04). Major adverse cardiovascular and cerebrovascular events occurred in 23 patients (16.9%), was independently predicted by a higher maximal aortic valve gradient (OR, 1.02; P = 0.014) and need for intubation (OR, 15.5; P = 0.003). In-hospital mortality was 6.6%, with precedent percutaneous coronary intervention being its independent predictor (OR, 32.0; P = 0.015). Patients after successful BAV more frequently underwent subsequent aortic valve replacement.
Balloon aortic valvuloplasty remains a valuable procedure, particularly as a bridge to definitive treatment. Major adverse cardiovascular and cerebrovascular events and mortality risk remains significant, highlighting the fragile nature of the patients' population."
PubMed,aortic stenosis,"Endoscopic mitral and tricuspid valve repair in a patient with dextrocardia, hypoplastic right lung, and scimitar syndrome: a case report.",Victoria Ennen; Daniel Höfer; Felix Nägele; Markus Theurl; Nikolaos Bonaros,10.1093/ehjcr/ytag508,2026-07,European heart journal. Case reports,"The treatment of primary mitral and secondary tricuspid regurgitation (MR, TR) in the setting of lung agenesis poses major technical challenges, and data on the feasibility of endoscopic tricuspid valve repair in adult congenital anatomy remain limited.
We report the case of a 76-year-old male with severe primary MR due to Barlow's disease, torrential secondary TR, biatrial dilatation, persistent atrial fibrillation, and post-capillary pulmonary hypertension. Anatomical anomalies included dextrocardia, hypoplastic right lung, and scimitar vein syndrome. The patient had a history of surgical correction of an aortic coarctation at the age of 32 with residual stenosis but no proof of residual gradients in invasive assessment. Transcatheter repair was deemed unsuitable due to the massive dextrocardia, extensive leaflet pathology, and annular dilatation. The patient underwent endoscopic mitral and tricuspid repair with dual arterial and venous cannulation to avoid malperfusion of the upper body during extracorporeal circulation. Mitral valve repair included a surgical edge-to-edge repair, along with an implantation of an annuloplasty ring; secondary TR was repaired by ring annuloplasty too. Postoperatively, the patient experienced prolonged weaning and renal support. He was ultimately transferred to rehabilitation for uneventful recovery. Discharge echocardiography revealed good surgical results for the mitral valve and a residual moderate-to severe TR.
The present case highlights that an endoscopic approach for the treatment of mitral and tricuspid valve pathologies can be used in selected patients with dextrocardia. Tricuspid annuloplasty may reduce but not abolish tricuspid regurgitation in a combination of primary, congenital, and secondary aetiologies."
PubMed,aortic stenosis,Emergency Valve-in-Valve Transcatheter Aortic Valve Implantation in a Patient With a Degenerated Surgical Xenograft and High Body Mass Index Presenting With Recurrent Pulseless Electrical Activity Arrest.,Zanobia Sameer,10.7759/cureus.111457,2026-06,Cureus,"Degeneration of bioprosthetic aortic valves is a recognised late complication that may present with severe stenosis, regurgitation, or acute haemodynamic compromise. Redo surgical aortic valve replacement in patients with obesity and multiple comorbidities carries substantial perioperative risk, making valve-in-valve transcatheter aortic valve implantation (ViV-TAVI) an important alternative. We report a middle-aged man with obesity and a prior bovine xenograft aortic valve replacement who presented with progressive heart failure, severe prosthetic aortic stenosis, and recurrent pulseless electrical activity arrest. He was stabilised with vasopressor support and emergency balloon aortic valvuloplasty before undergoing successful left transfemoral ViV-TAVI with coronary protection and common femoral artery repair. His postoperative course was complicated by delayed vascular infection and bleeding, requiring further surgical and endovascular intervention. This case highlights the role of urgent ViV-TAVI in critically unwell patients, the technical challenges of reintervention in obesity, and the importance of multidisciplinary management in complex structural heart disease."
PubMed,aortic stenosis,Integrated lumped parameter modeling of cardiac-vascular interaction with valve dynamics and ventricular pressure-volume.,Prashant Kishor Sharma; Wen Kai Yang; Chia-Yuan Chen,10.3389/fbioe.2026.1841734,2026,Frontiers in bioengineering and biotechnology,"Lumped-parameter cardiovascular models provide a useful framework for analyzing cardiac hemodynamics and valve-related flow disturbances. In this study, a lumped-parameter model was developed to investigate the hemodynamic response of the left ventricle and its interaction with aortic valve dynamics under physiological and pathological conditions.
The model incorporated time-varying ventricular elastance, valve flow relations, and vascular resistance-compliance effects to simulate pressure, flow, and volume variations over a cardiac cycle. The predicted waveforms were compared with a reference model to evaluate arrangement in magnitude, waveform shape, and phase synchronization. A systematic sensitivity analysis was also performed to assess the effects of arterial compliance (Csat), minimum elastance (Emin), and stenosis severity (θmax) on stroke volume (SV) and peak transvalvular pressure gradient (ΔPpeak).
The predicted pressure, flow, and volume waveforms showed good agreement with the reference model in terms of magnitude, waveform pattern, and timing. Arterial compliance had only a minor effect on both SV and ΔPpeak, mainly acting as a buffering parameter. Minimum elastance exerted a moderate influence on ventricular filling and pressure generation. In contrast, stenosis severity had the dominant effect on ΔPpeak, while its influence on SV was limited. This response reflected the nonlinear pressure-flow relationship across a restricted aortic valve.
The findings demonstrated that vascular compliance, myocardial elastance, and valve geometry contributed differently to cardiovascular dynamics. The model also showed that lumped-parameter approaches can be used to study ventricular-valvular interaction and may support diagnostic analysis and patient-specific cardiovascular assessment."
PubMed,aortic stenosis,Case Report: Dual molecular diagnosis in complex congenital heart disease in an Ecuadorian patient with supravalvar aortic stenosis and pulmonary valve stenosis carrying pathogenic variants in ELN and BRAF gene.,Santiago Cadena-Ullauri; Viviana A Ruiz-Pozo; Rafael Tamayo-Trujillo; Patricia Guevara-Ramírez; Elius Paz-Cruz; Rodrigo Bossano R; Miguel Hinojosa; Paul Onofre-Ruiz; Ana Karina Zambrano,10.3389/fped.2026.1868988,2026,Frontiers in pediatrics,"Congenital heart diseases (CHDs) are the most common inherited anomalies worldwide and remain a major cause of mortality in pediatric populations. Advances in genomic medicine have improved the ability to identify molecular mechanisms underlying complex CHD phenotypes, including cases not fully explained by a single-gene disorder.
This case presents an Ecuadorian girl with the coexistence of congenital supravalvar aortic stenosis and congenital valvar pulmonary stenosis. Molecular analysis identified pathogenic variants in ELN and BRAF, together with a NOTCH1 p.(Leu2429Arg) variant of uncertain significance (VUS). Ancestry analysis revealed an admixed background with predominant European ancestry, followed by Native American and African components.
Findings are consistent with a multilocus in which ELN and BRAF variants may biologically plausibly contribute to the observed phenotype; however, this should be taken cautiously as more evidence, and studies must be performed to understand the impact of these variants. This case also highlights the importance of generating cardiogenetic evidence from underrepresented Latin American populations.
Comprehensive genomic evaluation can refine etiologic diagnosis, reveal blended mechanisms in CHD, and support precision medicine approaches. This report contributes to the growing role of advanced genetic testing in the future management of CHD."
PubMed,aortic stenosis,Transcatheter Aortic Valve Replacement in Patients Aged 65 Years and Younger: Unresolved Issues and Future Directions.,Julius Jelisejevas; Giacomo Maria Cioffi; Ioannis Skalidis; Serban Puricel; Ali Husain; David A Wood; Mariama Akodad; Peter Wenaweser; Pascal Meier; Mario Togni; Stéphane Cook,10.3390/life16071075,2026-06-27,"Life (Basel, Switzerland)","Transcatheter aortic valve replacement (TAVR) has become the predominant treatment for severe aortic stenosis across all surgical risk categories. However, its role in patients aged 65 years and younger remains uncertain, and current guideline recommendations continue to favor surgical aortic valve replacement (SAVR) in this population. Despite this, contemporary real-world data demonstrate a marked increase in TAVR utilization among younger patients, creating an important gap between guidelines and clinical practice.
This review synthesizes contemporary observational evidence evaluating TAVR in patients ≤65 years, with a focus on patient selection, clinical outcomes, and lifetime management considerations.
Available studies demonstrate that younger patients undergoing TAVR often represent a highly selected and clinically complex population with greater comorbidity burden, higher surgical risk, and shorter life expectancy than age-matched SAVR recipients, yet substantial hospital-level variation in TAVR utilization exists even after risk adjustment. Mid-term observational data suggest higher mortality and heart failure readmission rates following TAVR compared with SAVR, although these findings are likely influenced by substantial baseline differences between treatment groups. No randomized controlled trial has specifically compared TAVR and SAVR in patients ≤65 years. Furthermore, long-term issues including valve durability, coronary access, redo-TAVR feasibility, and THV optimization remain incompletely understood.
TAVR recipients ≤65 are often a clinically distinct group characterized by significantly heavier comorbidity burdens than SAVR recipients of the same age with standard surgical risk models possibly underestimating the true clinical risk. Despite this, significant hospital-level variation in TAVR utilization persists even after risk adjustment, suggesting that institutional practice patterns and other non-clinical factors continue to influence treatment selection."
PubMed,aortic stenosis,Feasibility and Outcomes of Percutaneous Coronary Intervention After TAVI: A Comparison Between BEV and SEV Platforms.,Ziad Arow; Omar Oliva; Juri Iwata; Akiko Masumoto; Arthur Clement; Vittorio Zuccarelli; Antonella Millin; Abid Assali; Nicolas Dumonteil; Didier Tchetche; Chiara De Biase,10.3390/jcm15145616,2026-07-17,Journal of clinical medicine,"Background: Transcatheter aortic valve implantation (TAVI) has become an established therapy for severe aortic stenosis and is increasingly performed in younger and lower-risk patients. Coronary access following TAVI may be technically challenging, particularly with long stent supra-annular self-expandable platforms. We aimed to evaluate the procedural characteristics and clinical outcomes of percutaneous coronary intervention (PCI) after TAVI, comparing patients treated with balloon-expandable valves (BEVs) and self-expandable valves (SEVs) at our center. Methods: In this retrospective single-center study, we included consecutive patients who underwent TAVI with BEVs (Edwards Sapien 3 and sapien 3 Ultra platforms) or SEVs (Medtronic Evolut R, Evolut Pro, Evolut Pro+, Evolut Fx and Abbot Navitor platforms) between 2016 and 2024 and subsequently underwent PCI in the index procedure post valve implantation, or returned for PCI due to chronic coronary syndrome (CCS) or acute coronary syndrome (ACS). Simple diagnostic coronary angiography without PCI was not considered in this analysis. The primary outcome was PCI success and procedural characteristics according to valve platform. A prespecified subgroup analysis was performed according to clinical presentation (CCS vs. ACS). Clinical outcomes were analysed in the whole population. Results: A total of 73 patients underwent PCI after TAVI, including 34 with balloon-expandable (Sapien) and 39 with self-expandable (33 Evolut and 6 Navitor) valves. The mean age was 81 ± 6 years, and 64% were male. The median time from TAVI to PCI was 470 days. LAD PCI was numerically more frequent in the BEV group (59% vs. 41%, p = 0.129), whereas LCX PCI was more common in the SEV group (54% vs. 29%, p = 0.035). PCI success was high overall (95%) and did not differ significantly between BEV and SEV platforms (97% vs. 92%, p = 0.374). Final TIMI 3 flow was achieved in 99% of cases. Intraprocedural coronary complications were infrequent (5%) and did not differ significantly between platforms. At 1 year, overall mortality was 8%, with no significant difference between BEV and SEV platforms. In a subgroup analysis, PCI success was high in CCS and ACS presentations (97% vs. 91%, p = 0.218), with a trend of higher 1-year mortality in ACS compared with CCS (15% vs. 3%, p = 0.061). Conclusions: PCI after TAVI is highly feasible, with excellent angiographic success and low complication rates. Procedural and clinical outcomes were comparable between BEV and SEV platforms."
PubMed,mitral regurgitation,Twenty-Five-Year Follow-Up of Quantified Mitral Regurgitation.,Anastasiia Karadzha; Hartzell V Schaff; Brian D Lahr; Vuyisile T Nkomo; Behrooz Banivaheb; Maurice Enriquez-Sarano,10.1001/jamacardio.2026.2389,2026-07-29,JAMA cardiology,"Current guidelines recommend consideration of surgical treatment for asymptomatic patients with severe mitral valve regurgitation, but the long-term prognosis and optimal treatment of those with moderate mitral regurgitation (MR) remain uncertain.
To evaluate the long-term prognostic value of baseline MR severity and the association of surgery with survival outcomes in asymptomatic patients.
This was a prospective cohort study with extended follow-up among 449 asymptomatic patients with holosystolic degenerative MR enrolled between January 1991 and November 2000 and followed up with through May 2025 (median [IQR] follow-up, 26 [14-29] years; maximum, 34 years) at a single tertiary referral center (the Mayo Clinic, Rochester, Minnesota).
Baseline MR severity quantified by effective regurgitant orifice area (ERO). Patients were monitored under medical therapy and, when applicable, after subsequent surgical correction.
All-cause mortality, assessed according to baseline ERO using Cox proportional hazards models adjusted for cardiovascular risk factors.
Among the 449 patients included, the mean (SD) age was 64 (14) years, and 278 participants (62%) were male. At baseline, 127 patients (28%) had ERO <20 mm2, 128 (28%) had ERO 20-39 mm2, and 194 (43%) had ERO ≥40 mm2. During follow-up, 254 patients (57%) underwent mitral valve surgery. Ten-year cumulative incidence of surgery was 18% for ERO <20 mm2, 64% for 20-39 mm2, and 88% for ≥40 mm2. Survival of medically treated patients declined progressively with increasing ERO category (5-year rate: 88% [<20 mm2], 72% [20-39 mm2], and 55% [≥40 mm2]; P = .01), and multivariable analysis confirmed the incremental risk of higher ERO on a continuous scale (adjusted hazard ratio per IQR increase, 2.53; 95% CI, 1.30-4.93; P = .01). When extending the analysis through subsequent surgical follow-up, the survival difference between patients who did vs did not undergo operation widened with ERO (χ23 = 8.4; interaction P = .04), starting at values above 30 mm2.
In this 25-year follow-up cohort study, increasing ERO was associated with an increase in risk of mortality under medical therapy. Patients with upper-moderate MR (ERO 30-39 mm2) at baseline demonstrated a significant association between surgical treatment and improved long-term survival."
PubMed,mitral regurgitation,"Echocardiographic imaging for transcatheter edge-to-edge repair: evaluation, guidance, and follow-up.",Yuji Itabashi,10.1007/s12574-026-00748-9,2026-07-29,Journal of echocardiography,"Transcatheter edge-to-edge repair (TEER) requires precise echocardiographic guidance because the operator cannot directly visualize the mitral valve. Intraprocedural transesophageal echocardiography (TEE) is indispensable for safe and accurate device positioning and manipulation, whereas transthoracic echocardiography (TTE) plays a central role in preprocedural evaluation and serial postprocedural follow-up as part of comprehensive echocardiographic assessment. Before the procedure, echocardiography is essential for assessing the underlying mechanism and severity of mitral regurgitation (MR), determining anatomical suitability for TEER, and estimating procedural difficulty. Measurements such as mitral valve area, transmitral pressure gradient, tethering height, coaptation length, prolapse width and gap, as well as lesion location, leaflet morphology, and calcification distribution are crucial for predicting feasibility and technical complexity. During TEER, TEE must rapidly provide optimal views to guide each procedural step-from transseptal puncture to leaflet grasping and device deployment. Although X-plane imaging and three-dimensional reconstruction are now standard in many centers, live multiplanar reconstruction allows optimal imaging planes to be reconstructed in real time from acoustically favorable probe positions chosen to minimize device-related shadowing, thereby facilitating accurate and efficient intraprocedural guidance. Intraprocedural TEE is also vital for the early detection of complications, including pericardial effusion, leaflet injury, and clinically significant iatrogenic atrial septal defect with right-to-left shunting, as well as for immediate post-deployment hemodynamic assessment. In the postprocedural period, TTE focuses on detection of residual MR, evaluation for iatrogenic mitral stenosis, identification of single-leaflet device attachment or leaflet perforation, and serial assessment of cardiac function. Recent risk scores for patient selection and prognostication underscore the importance of comprehensive, evidence-informed echocardiographic evaluation that integrates both morphological and hemodynamic information."
PubMed,mitral regurgitation,Epidemiology and Mortality of Valvular Heart Disease in Brazilian Adults: Findings from the ELSA-Brasil Cohort.,Guilia Bevilacqua Schmitz; Eduardo Gatti Pianca; Maria Do Carmo Pereira Nunes; Bruce Bartholow Duncan; Murilo Foppa; Angela Barreto Santiago Santos,10.36660/abc.20260060,2026,Arquivos brasileiros de cardiologia,"Most of the current evidence on valvular heart disease (VHD) comes from high-income countries. Access to treatment and the impact of VHD on quality of life may vary substantially across nations, largely due to socioeconomic differences.
This study aimed to estimate the burden of VHD and its association with mortality in a middle-income country.
We included participants from the ELSA-Brasil cohort who underwent transthoracic echocardiography at baseline (3,267 participants; 1,539 males; mean age 60.6 ± 8.8 years) across six Brazilian states. Participants were categorized into three groups-no VHD, trace/mild VHD, and moderate/severe VHD-and their characteristics and associated factors were analyzed. P-values < 0.05 were considered statistically significant.
Among all participants, 2.4% had moderate/severe VHD (including 7 participants with prosthetic valves), and 43.6% had trace/mild VHD. The most prevalent moderate/severe VHD was mitral regurgitation, followed by aortic and tricuspid regurgitation, with 56 participants (86%) presenting isolated valvular regurgitation. Moderate/severe VHD was more common in older individuals and was associated with a higher prevalence of most cardiovascular comorbidities, but with lower obesity rates. It was also associated with greater cardiac remodeling and reduced systolic function, with phenotypic variations depending on the affected valve. Moderate/severe VHD was linked to increased 10-year mortality (HR: 3.7; 95% CI [2.17-6.31]), independent of age, sex, and hypertension.
VHD is common among community-dwelling adults in this middle-income country and increases with age. Participants with moderate/severe VHD exhibited a greater burden of comorbidities, more pronounced cardiac remodeling, worse systolic function, and substantially reduced long-term survival."
PubMed,mitral regurgitation,Surgical Treatment of Hypertrophic Obstructive Cardiomyopathy: Results of Extended Septal Myectomy in 24 Patients.,Erturk Karaagac; Hasan Iner; Suat Ozdal; Hidayet Onur Selcuk; Seray Deniz Gurbuz; Yuksel Besir; Orhan Gokalp; Levent Yilik,10.6515/ACS.202607_42(4).20251124D,2026-07,Acta Cardiologica Sinica,"Hypertrophic obstructive cardiomyopathy generally responds well to medical therapy. However, about 5% of patients require invasive procedures. There is no clear consensus on the invasive treatment for these patients. Therefore, we aimed to analyze and present the results of our experience with surgical treatment between 2014 and 2024.
A total of 24 patients who underwent extended septal myectomy were retrospectively analyzed. Preoperative demographic and comorbid factors were assessed. The patients underwent echocardiography 12 months after surgery. Preoperative and postoperative functional capacity in the first year and the results of the echocardiographic examinations were analyzed.
Nineteen (79.1%) patients were in New York Heart Association (NYHA) class III-IV before surgery, while none were in NYHA class III-IV after surgery (p < 0.001). The septal thickness (mm) was 19.7 ± 2.34 before surgery compared to 10.9 ± 1.38 after surgery; the left ventricular outflow tract gradient (mmHg) was 90.6 ± 15.4 before surgery compared to 21.3 ± 4.48 after surgery, and the decrease was statistically significant (p < 0.001). No statistically significant differences were found between left ventricular ejection fraction (%), left ventricular end-diastolic diameter (mm), left ventricular end-systolic diameter (mm) and mean pulmonary artery pressure (mmHg) values before and after surgery.
Extended septal myectomy performed after evaluation by the heart team for the treatment of hypertrophic obstructive cardiomyopathy led to satisfactory results in suitable patients. A surgical treatment option could be considered in symptomatic patients despite optimal medical therapy."
PubMed,mitral regurgitation,Association between the E-wave propagation index and left ventricular thrombus formation in systolic heart failure.,Caroline Løkke Bjerregaard; Morten Sengeløv; Peter Godsk Jørgensen; Niels Eske Bruun; Thomas Fritz-Hansen; Rajat Mittal; Tor Biering-Sørensen; Flemming Javier Olsen,10.1016/j.ijcard.2026.134703,2026-07-28,International journal of cardiology,"The E-wave propagation index (EPI) has been proposed as a simple risk marker of left ventricular (LV) thrombus (LVT) formation. We sought to investigate the association between EPI and LVT in patients with heart failure with reduced ejection fraction (HFrEF).
This was a retrospective cohort study on 768 patients with HFrEF. The EPI was measured as the velocity time integral of the transmitral E-wave divided by the LV length. The endpoint was LVT formation. Logistic regression was applied to investigate the association between EPI and LVT. Multivariable adjustments were made for age, mitral regurgitation, apical aneurysm, prior myocardial infarction, and LV ejection fraction (LVEF). Area under receiver operating characteristic curves was used to assess the optimal cut-off value for EPI.
Of 768 HFrEF patients, 24 (3%) had developed LVT. The mean age was 66 years, 73% were men, and the mean LVEF was 28%. EPI was lower among those who had developed LVT (1.1 vs 1.3, p = 0.018), and EPI was significantly associated with LVT formation in univariable logistic regression (OR = 1.16 (1.0-1.3), per 0.1 decrease). This finding was unchanged after multivariable adjustments. The EPI provided an area under the curve of 0.68 with an optimal cutoff of 1.2. This cutoff had a sensitivity of 75%, specificity of 60%, positive predictive value of 6%, and negative predictive value of 99%. Patients with an EPI <1.2 had a four-fold increased risk of LVT (OR = 4.42 (1.73-11.25), p = 0.002).
In patients with HFrEF, the EPI was independently associated with LVT formation. Additionally, an EPI > 1.2 indicates a low likelihood of developing LVT."
PubMed,mitral regurgitation,Value of Cardiac Structural Metrics in Identifying Cardioembolic Stroke: A Cross-Sectional Study.,Guojuan Chen; Ling Ling; Peng Ding; Chao Zhang; Yuling Yang; Jingjing Li; Tong Zhang; Ruihua Guan; Jing Liu; Yibin Cao; Wei Yue,10.1097/NRL.0000000000000685,2026-07-28,The neurologist,"Paroxysmal atrial fibrillation (AF) is often challenging to detect in the acute phase of ischemic stroke. This study aimed to assess the diagnostic value of readily available cardiac structural metrics in identifying cardioembolic stroke etiology.
In a single-center cohort study, we enrolled patients who underwent transthoracic echocardiography within 7 days of stroke onset. We measured the left atrium diameter (LAD), right atrium diameter (RAD), left ventricular internal diameter, right ventricular internal diameter, interventricular septal thickness at end-diastole (IVSd), left ventricular posterior wall thickness, and assessed for mitral and aortic regurgitation. The predictive performance of these metrics for cardioembolic stroke was evaluated by calculating the area under the receiver operating characteristic curve (AUC).
Among the 1357 enrolled patients, 101 (7.4%) were diagnosed with cardioembolic stroke. After adjusting for potential confounders, LAD, RAD, and IVSd remained independently associated with cardioembolic stroke in both the full population and in patients without AF. LAD demonstrated the highest discriminative ability, with an AUC of 0.744 (95% CI: 0.682-0.806). The AUCs for RAD and IVSd were 0.583 (0.510-0.657) and 0.584 (0.516-0.652), respectively.
LAD is a good predictor for identifying cardioembolic stroke, independent of AF status. Cardiac structural metrics, particularly LAD, may aid in etiologic subtyping during the acute phase of ischemic stroke."
PubMed,mitral regurgitation,Ventricular Perspective of MitraClip Integration in an Explanted Human Heart.,Stefan Elde; Moeed Fawad; Chris Huynh; Y Joseph Woo; Joon Bum Kim,10.1016/j.shj.2026.101071,2026-09,Structural heart : the journal of the Heart Team,•This piece offers direct visualization of MitraClip integration into mitral leaflets and chordae tendineae in a human heart.•MitraClip integration into the mitral apparatus may alter valvular biomechanics and function.•Alterations of mitral valve biomechanics may have implications for long-term durability of transcatheter edge-to-edge repair (TEER).
PubMed,mitral regurgitation,Advancements in finite element modeling of myocardial infarction: a review.,Rahatul Islam; Sara Bakhtiari; Gokul G Anugrah; Mohammad Mehri; Jonathan F Wenk,10.1007/s10237-026-02107-0,2026-07-28,Biomechanics and modeling in mechanobiology,"Myocardial infarction (MI) remains one of the leading causes of mortality worldwide, with significant long-term consequences on cardiac structure and function. Over the past decades, computational modeling techniques have advanced substantially, providing powerful tools to improve the understanding, diagnosis, and treatment of MI. Among these techniques, the finite element method (FEM) has emerged as a framework for investigating the complex biomechanical, electrophysiological, and structural alterations that occur following infarction. This review provides an overview of the diverse applications of FEM in myocardial infarction research across multiple interconnected areas. Initially, image-based geometric reconstruction and kinematic analysis of the left ventricle are discussed which enable patient-specific modeling. Then, electrophysiological and electromechanical simulations are addressed that capture infarct-induced alterations in electrical conduction and mechanical contraction. The estimation of myocardial material properties, including passive and active constitutive behavior, is reviewed as a critical component for accurate model prediction. Furthermore, growth and remodeling models are analyzed to highlight how infarct progression and ventricular adaptation can be computationally characterized. The role of FEM in studying ischemic and functional mitral regurgitation is also presented, emphasizing valve-ventricle interaction. Finally, FEM-based treatment strategies, including surgical, device-based, and biomaterial interventions, have been reviewed. This review provides a comprehensive overview of current FEM applications in myocardial infarction and highlights key challenges and future research directions for advancing translational and patient-specific cardiac mechanics."
PubMed,mitral regurgitation,Systemic Inflammation and Outcomes After Mitral Edge-to-Edge Repair: Insights From the OCEAN-Mitral Registry.,Kazunori Omote; Masanori Yamamoto; Atsushi Sugiura; Tetsuro Shimura; Shunsuke Kubo; Yuki Izumi; Mike Saji; Masahiko Asami; Yusuke Enta; Shinichi Shirai; Masaki Izumo; Shingo Mizuno; Yusuke Watanabe; Makoto Amaki; Kazuhisa Kodama; Hisao Otsuki; Toru Naganuma; Hiroki Bota; Yohei Ohno; Masahiro Yamawaki; Daisuke Hachinohe; Hiroshi Ueno; Gaku Nakazawa; Toshiaki Otsuka; Kentaro Hayashida; OCEAN‐Mitral Investigators,10.1161/JAHA.125.048726,2026-07-28,Journal of the American Heart Association,"Systemic inflammation is increasingly recognized as an important contributor to cardiovascular outcomes. High-sensitivity CRP (C-reactive protein) is an established biomarker, but its prognostic value after mitral transcatheter edge-to-edge repair remains unclear. Clinical parameters such as body temperature may also reflect systemic inflammation; however, their prognostic role in this setting is uncertain. We sought to investigate the association between baseline inflammation makers and long-term outcomes in patients undergoing mitral transcatheter edge-to-edge repair.
We analyzed 3511 patients from the OCEAN (Optimized Catheter Valvular Intervention)-Mitral registry with available CRP, categorized by Centers for Disease Control and Prevention/American Heart Association cutoffs: <1.0 mg/L (n=1216), 1.0-3.0 mg/L (n=988), and >3.0 mg/L (n=1307). Body temperature was also assessed as an exploratory inflammatory marker.
During a median follow-up of 13 (interquartile range, 10-26) months, 826 deaths and 911 composite event of cardiovascular death or hospitalization for heart failure were observed. In multivariable models, both CRP and body temperature were associated with higher risk of death (CRP: hazard ratio [HR], 1.98 [95% CI, 1.63-2.40]; and body temperature: HR, 1.49 [95% CI, 1.25-1.78]). Patients with both elevated CRP (>3.0 mg/L) and high temperature (≥37.0 °C) had the highest risk. Sequential Cox analyses showed an incremental value of CRP beyond clinical, laboratory, and echocardiographic variables. The prognostic effect was most pronounced in patients without preprocedural inotrope use.
Elevated CRP is an independent and incremental predictor of death and heart failure outcomes after mitral transcatheter edge-to-edge repair, with its prognostic impact amplified by higher body temperature. These findings highlight the importance of incorporating systemic inflammation into risk stratification for structural heart interventions.
URL: https://www.umin.ac.jp/ctr/; Unique identifier: UMIN-ID: UMIN000023653."
PubMed,mitral regurgitation,The Expanding Therapeutic Armamentarium for Mitral Regurgitation: Surgical and Transcatheter Interventions.,Argyro Kalompatsou; Dimitris Tousoulis; Charilila-Loukia Ververeli; Ioannis Kachrimanidis; Yannis Dimitroglou; Sotirios Tsalamandris; Maria Drakopoulou; Konstantinos Aznaouridis; Kyriakos Dimitriadis; Markos Koukos; Aggelos Papanikolaou; Vasilis Lozos; Konstantinos Toutouzas; Konstantinos Tsioufis; Constantina Aggeli,10.3390/biomedicines14071539,2026-07-09,Biomedicines,"Background: Mitral regurgitation (MR) is one of the most prevalent valvular heart diseases, with a rising global incidence. The 2025 European Society of Cardiology (ESC) guidelines introduced updated pathophysiological and morphological concepts for secondary MR, distinguishing ventricular and atrial mechanisms. Concurrent advances in cardiovascular imaging and therapeutic technologies have transformed the diagnostic and management landscape of MR. Methods: This review summarizes current evidence on the diagnosis and treatment of MR, with a focus on the updated ESC classification, multimodality cardiovascular imaging, minimally invasive surgical techniques, and contemporary transcatheter repair strategies. Recent literature was evaluated to highlight advances in anatomical assessment and individualized therapeutic approaches. Results: Multimodality imaging provides comprehensive evaluation of mitral valve anatomy, ventricular remodeling, and disease mechanisms, enabling accurate patient selection and procedural planning. Surgical management has evolved from conventional repair or replacement to minimally invasive approaches, including video-assisted right thoracotomy and robotic-assisted surgery, which have demonstrated favorable perioperative and clinical outcomes. In parallel, transcatheter interventions have expanded the therapeutic armamentarium for patients at high surgical risk or with complex anatomy. These include direct and indirect annuloplasty, transcatheter edge-to-edge repair, and emerging catheter-based repair technologies targeting specific structural abnormalities of the mitral valve apparatus. Conclusions: Contemporary management of MR requires an integrated understanding of disease pathophysiology, advanced imaging, and patient-specific anatomical characteristics. The combination of minimally invasive surgical techniques and rapidly evolving transcatheter interventions has broadened treatment options and supports a tailored, multidisciplinary approach to improve clinical outcomes and expand access to effective therapy for patients with severe MR."
PubMed,mitral regurgitation,Leaflet Morphology Is More Strongly Associated with Atrial Functional Mitral Regurgitation Severity than Annular Dilation: A Three-Dimensional Transesophageal Echocardiographic Study.,Andrei-Alexandru Nour; Diana-Ruxandra Hădăreanu; Despina-Manuela Toader; Călin-Dinu Hădăreanu; Maria-Livia Iovănescu; Anca Mihu-Marinescu; Georgică-Costinel Târtea; Ionuț Donoiu; Oana Munteanu-Mirea; Petre-Alexandru Cojocaru; Marius-Bogdan Novac; Octavian Istrătoaie; Cristina Florescu,10.3390/diagnostics16142228,2026-07-16,"Diagnostics (Basel, Switzerland)","Background: Atrial functional mitral regurgitation (AFMR) results from left atrial (LA) remodeling and mitral annular dilation in patients with atrial fibrillation and preserved left ventricular function. While annular dilation is considered the primary mechanism, the role of leaflet morphology in determining regurgitation severity remains incompletely characterized. We hypothesized that leaflet morphology, rather than annular dilation alone, is more strongly correlated with AFMR severity. Methods: We prospectively studied 113 consecutive patients with persistent atrial fibrillation and AFMR who underwent comprehensive three-dimensional transesophageal echocardiography (3D TEE). Mitral valve geometry was analyzed using dedicated software (EchoPAC v.206, 3D MVQ Analysis). Patients were classified according to MR severity: non-significant (grade 0-1) versus moderate or severe (grade 2-3). Logistic regression identified predictors of moderate or severe AFMR. Results: Moderate or severe MR was present in 57 patients (50.4%). Compared with patients with non-significant MR, those with moderate or severe regurgitation exhibited larger annular dimensions (3D annular area 12.7 vs. 11.4 cm2, p = 0.005), reduced non-planar angle (145° vs. 149°, p = 0.027), greater leaflet areas, and increased tethering parameters. Anterior leaflet length was markedly greater in the moderate/severe group (2.7 vs. 2.4 cm, p = 0.001). In different multivariable analyses models adjusting for age, sex, LA diameter, and 3D annular area, anterior leaflet length (OR 3.16 per SD, 95% CI 1.65-6.61, p = 0.001), anterior leaflet area (OR 3.42 per SD, 95% CI 1.48-8.74, p = 0.006), and posterior leaflet length (OR 0.39 per SD, 95% CI 0.15-0.86, p = 0.043) remained independently associated with moderate or severe AFMR. ROC analysis demonstrated good discriminative ability for anterior leaflet length (AUC 0.746, with an optimal threshold of 2.55 cm, sensitivity 75%, specificity 68%), and anterior leaflet area (AUC 0.680, and an optimal cut-off value of 5.75 cm2, sensitivity 70.2%, specificity of 64.3%). Conclusions: In patients with AFMR, anterior leaflet dimensions assessed by 3D TEE are the strongest independent predictors of moderate or severe regurgitation, outperforming annular parameters. These measurements may represent practical tools for risk stratification and patient selection for intervention."
PubMed,mitral regurgitation,Biatrial Inflammatory and Profibrotic Remodeling in Severe Mitral Regurgitation: A Comparative Tissue and Echocardiographic Study Versus CABG Comparator Group.,Adrian-Grigore Merce; Daniel-Dumitru Nișulescu; Anca Hermenean; Oana-Maria Burciu; Iulia-Raluca Munteanu; Adrian-Petru Merce; Daniel-Miron Brie; Anikó Mornoș; Dragoș Constantin Cozma; Raluca Coifan; Cristian Mornoș,10.3390/diagnostics16142183,2026-07-13,"Diagnostics (Basel, Switzerland)","Background/Objectives: Severe mitral regurgitation (MR) is associated with chronic atrial stretch, chamber enlargement, pulmonary pressure elevation, and atrial fibrosis, yet the relationship between tissue inflammatory/profibrotic signaling, histologically quantified fibrosis, and echocardiographic remodeling remains incompletely characterized. This study aimed to compare biatrial tissue remodeling in patients with severe MR undergoing mitral valve surgery with a practical non-valvular surgical comparator group undergoing isolated coronary artery bypass grafting (CABG). Methods: This single-center, observational, cross-sectional comparative study included 36 elective cardiac-surgery patients: 22 with severe MR and 14 undergoing isolated CABG without significant valvular disease. Left- and right-atrial tissue samples were collected intraoperatively. IL-6, TNF-α, and TGF-β expression was assessed by quantitative real-time PCR using pooled atrial samples stratified by atrial side and study group, whereas atrial fibrosis was quantified histologically on individual tissue specimens using Masson's trichrome staining and digital image analysis. Clinical, laboratory, and echocardiographic parameters were compared between groups, and exploratory associations were assessed with cautious interpretation. Results: Compared with the CABG comparator group, patients with severe MR showed a pooled molecular profile compatible with higher aggregate atrial expression of IL-6, TNF-α, and TGF-β; because qPCR was performed on pooled tissue preparations, these molecular findings were interpreted descriptively and were not used for patient-level inferential statistics. Histologically quantified fibrosis was significantly increased in severe MR in both the left atrium (29.69 ± 12.26% vs. 12.17 ± 4.56%, p < 0.0001) and the right atrium (25.25 ± 11.33% vs. 9.01 ± 4.46%, p < 0.0001). The MR group also showed more pronounced echocardiographic remodeling, including larger estimated left atrial volume, higher pulmonary artery systolic pressure, and greater right ventricular diameter. Exploratory individual-level analyses were restricted to histological fibrosis and echocardiographic variables. Conclusions: Severe MR was associated with marked echocardiographic remodeling and significantly greater histologically quantified biatrial fibrosis compared with a CABG surgical comparator group. Pooled qPCR findings support an aggregate inflammatory/profibrotic signal, but they should be interpreted descriptively because individual-level molecular variability could not be assessed. These findings are hypothesis-generating and do not establish causality."
PubMed,mitral regurgitation,Association Between Preoperative Gait Speed and Mortality in Patients with Transcatheter Edge-to-Edge Mitral Repair.,Hirotaka Fukuda; Akihisa Sugawa; Takashi Miyamoto; Akira Nonoue; Terumi Fujimoto; Kazuki Tobita; Tomoyuki Arai,10.3390/diseases14070261,2026-07-20,"Diseases (Basel, Switzerland)","Transcatheter Edge-to-Edge Repair (TEER) is a therapeutic option established for older patients with heart failure and concomitant mitral regurgitation. Frailty is associated with prognosis after transcatheter valve interventions. However, despite clinical potential, evidence for gait speed as a simplified prognostic marker in patients undergoing TEER remains insufficient.
This study aimed to investigate the association between preoperative gait speed and mid- to long-term mortality after TEER.
We conducted a single-center retrospective cohort study of 97 patients (mean age: 78.9 ± 8.7 years; 56.7% male) who survived the first 7 days after TEER and had available preoperative gait speed data. Preoperative gait speed was assessed, and clinical data were obtained from medical records. Cox regression analysis was performed to elucidate the association between preoperative gait speed and mortality.
In Cox proportional hazards models, higher gait speed (per 0.1 m/s increase) was associated with lower mortality after adjustment for the Society of Thoracic Surgeons risk score and handgrip strength (hazard ratio: 0.81; 95% confidence interval: 0.68-0.97; p = 0.02). In time-dependent receiver operating characteristic curve analysis, gait speed showed moderate discriminative ability for mortality, with area under the curve values of 0.749 at 1 year and 0.710 at 2 years. A gait speed of 0.8 m/s was used as an exploratory threshold for survival stratification, and patients with gait speed < 0.8 m/s had lower survival than those with gait speed ≥ 0.8 m/s (log-rank p < 0.01).
Lower preoperative gait speed was associated with higher mid- to long-term mortality after TEER. Preoperative gait speed may provide clinically useful information for exploratory risk stratification, although the cutoff-based findings require external validation."
PubMed,mitral regurgitation,Evaluation of the effect of mavacamten on left ventricular function in obstructive hypertrophic cardiomyopathy using myocardial work.,Linlin Wan; Xixi Chen; Ziwei Huang; Junyi Ren; WenJuan Lu; Hong Ran,10.1111/cpf.70084,2026-07,Clinical physiology and functional imaging,"To evaluate the effect of 12-week Mavacamten on left ventricular function in obstructive hypertrophic cardiomyopathy (oHCM) using myocardial work analysis, and explore its role in myocardial energy metabolism.
Thirty-five oHCM patients and 35 matched healthy controls were enroled. Patients received Mavacamten for 12 weeks. At baseline and post-treatment, we measured LVOT gradient, LVEF, GLS, myocardial work parameters [GWI, GCW, GWW, GWE], mitral regurgitation severity, and SAM.
Myocardial work parameters showed good reproducibility (ICCs > 0.75). After 12 weeks, resting and provoked LVOT gradients significantly decreased (both p < 0.001). Proportions of moderate/severe mitral regurgitation and SAM reduced. GWI, GCW, and GWW decreased (p < 0.001), while GWE increased (p < 0.001). NT-proBNP decreased and NYHA functional class improved (p < 0.001). LVEF, GLS, and left atrial diameter showed no significant changes. Compared with controls, baseline oHCM patients had lower GWI, GCW, GWE and higher GWW (all p < 0.001). After treatment, GWE remained lower than controls (p < 0.001), and GWW remained higher (p < 0.001).
Twelve-week Mavacamten reduces LVOT obstruction in oHCM, accompanied by decreased GWI and increased GWE, while preserving systolic function and improving symptoms. Myocardial work parameters may serve as novel non-invasive references for treatment evaluation."
PubMed,mitral regurgitation,Transient Cardiac Dysfunction Due to New-Onset Mitral Chordal Rupture With Concomitant Congenital Absence of the Right Coronary Artery: A Case Report.,Songyan Zhang; Ying Cui; Shucheng Li,10.12659/AJCR.952798,2026-07-27,The American journal of case reports,"BACKGROUND Congenital absence of the right coronary artery (RCA) is a rare anomaly often identified incidentally. We report a case of transient left ventricular systolic dysfunction followed by recovery of ejection fraction and new-onset mitral chordal rupture, which became the primary driver of pronounced N-terminal pro-B-type natriuretic peptide (NT-proBNP) elevation. The coexistence of 2 distinct pathologies complicated causal attribution; we discuss proposed mechanisms while recognizing their limitations. CASE REPORT A 58-year-old woman presented with exertional chest pain. At initial admission, she exhibited sinus tachycardia, elevated NT-proBNP (910 pg/mL), and reduced left ventricular ejection fraction (LVEF; 43% [M-mode]) with hypokinesis of the anterior wall and anteroseptum. Symptoms improved with anti-ischemic therapy. Three weeks later, LVEF recovered to 56% (biplane Simpson method), but NT-proBNP increased to 2440 pg/mL. Echocardiography revealed rupture of a small chord of the anterior mitral leaflet with mild-to-moderate regurgitation and elevated filling pressures (E/e'=13.8). Coronary angiography demonstrated congenital absence of the RCA ostium, with an enlarged left circumflex artery supplying the RCA territory and no evidence of atherosclerotic stenosis. Retrospective quantitative mitral regurgitation indices from archived images were examined. Management was conservative; symptoms resolved and NT-proBNP levels decreased during follow-up. CONCLUSIONS In patients with rare coronary anomalies, newly acquired common valvular disease may dominate the clinical presentation. Transient systolic dysfunction and subsequent chordal rupture occurred in our patient; a direct causal relationship remains speculative. Multimodality imaging is essential to accurately attribute hemodynamic changes and guide therapy. Long-term surveillance of coronary anatomy and valve function is recommended."
PubMed,mitral regurgitation,Study Design of the EDGEFIRM Trial: TEER Versus GDMT in Atrial Functional Mitral Regurgitation and HFpEF.,Can Öztürk; Lukas Böhm; Enes Altintac; Johanna Vogelhuber; Marcel Weber; Sebastian Zimmer; Georg Nickenig,10.1093/eschf/xvag203,2026-07-18,ESC heart failure,"Over the past decade mitral valve transcatheter edge-to-edge repair (M-TEER) has become an established interventional treatment option for functional mitral regurgitation. One subtype that has recently gained increasing scientific attention is atrial functional mitral regurgitation (aFMR) occurring in patients with heart failure with preserved ejection fraction (HFpEF). Randomized trials to date have largely excluded patients with HFpEF, leading to limited data in this cohort.
The randomized evaluation of transcatheter edge-to-edge repair in patients with atrial functional mitral regurgitation and heart failure with preserved ejection fraction compared with GDMT (EDGEFIRM) is a prospective, open-label, randomized, multicentre trial evaluating the additive effect of M-TEER in patients with aFMR and HFpEF compared to guideline directed medical therapy (GDMT) only. Eligible patients must be symptomatic under stable GDMT with significant aFMR (> grade II or grade II with hemodynamic relevance) and HFpEF and considered high risk for surgical therapy by Heart Team evaluation. Randomization will be conducted in a 2:1 manner M-TEER + GDMT vs. GDMT only. The primary combined endpoint consists of cardiovascular mortality, heart failure hospitalization/worsening heart failure, improvement < 10 points in KCCQ-Score after one year. Secondary endpoints include reduction of mitral regurgitation, device safety, functional capacity as well as the individual components of the combined endpoint.
The EDGEFIRM trial aims to evaluate the additive effect of M-TEER compared with GDMT only in patients with symptomatic aFMR and HFpEF."
PubMed,mitral regurgitation,Valve-in-Ring TMVR Following Antegrade Base-to-Tip LAMPOON With ELASTIC on VA-ECMO Support: A Case Report.,Chantal Y Asselin; Mostafa Naguib; Christopher Song; Konstantinos Koulogiannis; Robert M Kipperman; Howard Axelrod; Linda D Gillam; Philippe Généreux; Gennaro Giustino,10.1016/j.jscai.2026.105394,2026-07,Journal of the Society for Cardiovascular Angiography & Interventions,"Transcatheter mitral valve replacement (TMVR) in failed surgical rings with an Alfieri stich represents a therapeutic challenge. A 70-year-old man with prior robotic surgical mitral valve repair with an incomplete ring and an Alfieri stich presented with acute decompensated heart failure and was found to have severe mitral regurgitation and pulmonary hypertension. He was deemed not to be suitable for redo surgery. Preprocedural computed tomography demonstrated anterior mitral leaflet length of 29 mm, indicative of high-risk for dynamic left ventricular outflow tract obstruction. This case described the successful combination of antegrade laceration of the anterior mitral valve leaflet to prevent outflow obstruction and electrosurgical laceration of Alfieri stitch to facilitate valve-in-ring TMVR while on venoarterial extracorporeal membrane oxygenation support to prevent hemodynamic compromise during high-risk valve-in-ring TMVR."
PubMed,mitral regurgitation,"Transcatheter Mitral Valve Replacement in Valve-in-Valve, Valve-in-Ring, and Valve-in-Mitral Annular Calcification: A Case-Based Review.",Antonella Millin; Ioannis Skalidis; Lorenzo Fargione; Neila Sayah; Mauro Boiago; Thierry Lefèvre; Mariama Akodad,10.1016/j.amjcard.2026.07.018,2026-07-25,The American journal of cardiology,"Transcatheter mitral valve replacement (TMVR) has emerged as a viable alternative to surgery in patients with failed mitral bioprostheses, annuloplasty rings, or native disease with mitral annular calcification (MAC). This case-based review explores the evolving TMVR landscape through three illustrative cases, emphasizing key aspects of preprocedural planning, technical features, and postprocedural management. Valve-in-valve (ViV) procedures remain the most predictable, with encouraging mid-term outcomes. In contrast, valve-in-ring (ViR) and valve-in-MAC (ViMAC) procedures pose greater challenges due to more complex baseline patient characteristics, anatomical intricacy, and higher procedural risk including valve embolization and paravalvular leak. Advances in dedicated TMVR systems and refined procedural strategies have begun to address these limitations, particularly for ViMAC. Continued progress in imaging, device design, and patient selection-supported by data from ongoing pivotal trials-will be essential to safely and effectively expand the benefits of TMVR to this anatomically and clinically high-risk population."
PubMed,valvular heart disease,[Transcatheter closure of intracristal ventricular septal defect using eccentric occluders in 39 children].,T H Xia; Y Feng; W J Zhang; X R Lin; S Y Zhang; X Rong; R Z Wu,10.3760/cma.j.cn112140-20251226-01146,2026-08-02,Zhonghua er ke za zhi = Chinese journal of pediatrics,"Objective: To evaluate the efficacy and clinical outcomes of transcatheter closure of intracristal ventricular septal defect (VSD) using an eccentric occluder. Methods: In this case series study, 39 children with intracristal VSD who underwent attempted transcatheter closure using an eccentric occluder at the Second Affiliated Hospital of Wenzhou Medical University from January 2011 to December 2021 were included. All children were regularly followed up at 1, 3, 6, 12, 24 and 36 months after the procedure. Echocardiography, electrocardiography and treadmill exercise testing were used for postoperative follow-up evaluation. The main outcomes included occlude morphology and position, residual shunt, valvular regurgitation, cardiac function, arrhythmia and postoperative exercise capacity. Comparisons among different follow-up time points were performed using the paired t-test or repeated-measures analysis of variance, Friedman test or Wilcoxon signed-rank test. Results: Device implantation was successful in 38 of 39 children (97%). One child underwent surgical repair because the aortic valve prolapse protruded into the VSD shunt orifice, making transcatheter closure unsuitable. No severe complications occurred after the procedure. Follow-up showed that residual shunt was observed in 7 children (18%) after the procedure and disappeared within 24 months of follow-up. Valvular regurgitation occurred in 9 children (24%) and did not worsen during follow-up; in 7children, valvular regurgitation disappeared within 36 months. Arrhythmia occurred in 6 children (16%), including incomplete right bundle branch block in 2 children and premature ventricular contractions in 4 children. Five children resolved within 12 months, and the remaining 1 child resolved by 36 months of follow-up. Compared with baseline, the Z scores of left ventricular end-diastolic diameters and left atrial diameters showed a progressive decrease during the first 1 to 6 months after transcatheter closure (both P<0.05), and remained stable after 24 months. Right ventricular diameter and left ventricular ejection fraction showed no significant changes before and after the procedure (all P>0.05). A total of 20 children underwent treadmill exercise testing 1 year after the procedure, and 19 children (95%) had negative results. Conclusion: Transcatheter closure of intracristal VSD using an eccentric occluder is effective and feasible, with favorable safety and efficacy during short-and mid-term follow-up."
PubMed,valvular heart disease,"Retraction notice to ""Construction of cirRNA-miRNA-mRNA network and MAPK1 protein signaling pathway in patients with valvular disease affected by artificial heart valve replacement surgery"" [Int. J. Biol. Macromol. 278 (2024) 134243].",Fan Pan,10.1016/j.ijbiomac.2026.153702,2026-07-29,International journal of biological macromolecules,
PubMed,valvular heart disease,Biocompatibility Assessment of a Hybrid Material Based on Epoxy-Treated Pericardium and Polyvinyl Alcohol Cryogel in a Rat Vascular and Subcutaneous Implantation Model.,E A Ovcharenko; T V Glushkova; E A Senokosova; K Yu Klyshnikov; T N Akentieva; A A Klyueva; A V Mironov; A E Kostyunin,10.17691/stm2026.18.3.03,2026,Sovremennye tekhnologii v meditsine,"The aim of the study was to evaluate the biocompatibility of a hybrid material based on epoxy-treated bovine pericardium and cryostructured polyvinyl alcohol (PVA) after implantation into the rat aortic wall and subcutaneous tissue.
The study evaluated hybrid material patches based on epoxy-treated bovine pericardium and cryostructured PVA; unmodified ""KemPeriplasNeo"" pericardial patches served as controls. The samples were implanted into the abdominal aortic wall and subcutaneously in male Wistar rats. The vascular implantation periods were 5 and 20 days, and the subcutaneous implantation periods were 60 and 120 days. The specimens were excised from the aorta and studied histologically using Russell-Movat staining and immunostaining for neutrophil myeloperoxidase (MPO) and the macrophage marker CD68. The calcium content in subcutaneously implanted samples was assessed by spectrophotometry and alizarin red S staining. The quantitative data were presented as the median, percentiles, minimal and maximal values (Me [25%-75%; min-max]).
After implantation into the abdominal aortic wall, the hybrid material samples showed a lower tendency toward thrombotic deposit formation on the surface compared to the pericardium. On day 5 of implantation, the thrombus thickness was 49.1 [34.7-64.6; 27.4-71.6] μm in the experimental group vs 170.3 [158.1-210.3; 124.4-217.0] μm in the controls (p<0.001). By day 20 of implantation, the macrophage density was lower in the peri-implant area of the modified samples compared to the controls: 219 [187-275; 112-362] vs 301 [244-338; 194-433] CD68+ cells per field of view (p<0.001), respectively. The neutrophil density at all experimental time points, as well as the macrophage density on day 5 of implantation did not differ significantly between the tested materials (p>0.17). No signs of calcification were detected in either group following the subcutaneous implantation over a period of 60 or 120 days. The control pericardium in the subcutaneous model showed the signs of cell-mediated degradation, whereas the hybrid samples were resistant to immune-cell infiltration and preserved their internal architecture.
The modification of epoxy-treated bovine pericardium with cryostructured PVA cryogel improved its biocompatibility and enhanced resistance to biodegradation in a rat model after aortic-wall and subcutaneous implantation. The developed material may be used to create next-generation heart valve bioprostheses with potentially improved resistance to structural valve degeneration."
PubMed,valvular heart disease,Transcatheter Management of a Mitral Paravalvular Leak and an Adjacent Large Left Ventricular Pseudoaneurysm Using a Covered Stent-Nitinol Occluder Combination.,Pramod Sagar; Puthiyedath Thejaswi; Aashish Chopra; Kothandam Sivakumar,10.1002/ccd.70777,2026-07-28,Catheterization and cardiovascular interventions : official journal of the Society for Cardiac Angiography & Interventions,"Paravalvular leak (PVL) and left ventricular pseudoaneurysm can develop after surgical valve replacement, often as a result of suture dehiscence and annular disruption, potentially causing refractory heart failure. While re-operation poses a high risk, transcatheter PVL management remains equally difficult due to the possibilities of device instability and interference with mechanical prosthesis leaflets. We present an early postoperative mitral PVL that was connected to a large left ventricular pseudoaneurysm, in which standard PVL closure devices would have restricted leaflet movement. A novel transcatheter approach was developed with virtual reality simulation, and implemented through a combined transseptal and percutaneous transapical access to deploy a covered stent across the PVL for exclusion of the pseudoaneurysm, followed by device closure of the stent lumen."
PubMed,valvular heart disease,Right ventricular longitudinal function is associated with exercise capacity in pre-capillary pulmonary hypertension: a multimodality imaging study.,Raluca Jumatate; Ashkan Labaf; Annika Ingvarsson; Mikael Johansson; Ellen Ostenfeld; Anna Werther-Evaldsson,10.1093/ehjimp/qyag116,2026-08,European heart journal. Imaging methods and practice,"Right ventricular (RV) failure is a key determinant of outcome in precapillary pulmonary hypertension (PHprecap). Contemporary four-strata risk assessment incorporates functional capacity and NT-proBNP, yet the relationship between these and RV function remains unclear. We therefore examined these associations in PHprecap.
Patients with PHprecap [n = 49; 69% women, median age 62 (IQR 52,74) years] underwent 6-min walk distance (6MWD), NT-proBNP sampling, right heart catheterization, and comprehensive RV assessment by echocardiography and cardiac magnetic resonance imaging (CMR) most within 24 h. RV function was impaired (RVEFCMR 41%, FWSECHO 15%, and FACECHO 30%), 6MWD was reduced (315 m), and NT-proBNP was elevated (1078 ng/L). In multivariable analysis adjusted for age and sex, 6MWD was associated with RV longitudinal function parameters (adjusted R 2 = 0.33-0.50, all P < 0.05), including FWS (B = -15.2, 95% CI -22.3 to -8; P < 0.001) and TAPSE/sPAP (B = 338.6, 95% CI 179.7-498.7; P < 0.001). In univariable analysis, log10(NT-proBNP) was associated with TAPSE, RV-PA coupling parameters, AVPD, and CMR-derived FWS (all P < 0.05), but only TAPSE/sPAP, S'/sPAP, and CMR-FWS remained significant after adjustment for mean right atrial pressure. Combined models showed minimal incremental explanatory value of RV function for 6MWD, whereas AVPD and age were the only independent predictors (adjusted R 2 ≈ 0.50).
Impaired RV longitudinal function is significantly associated with exercise capacity independent of imaging modality and confounders, whereas NT-proBNP provides a moderate reflection of right-sided filling pressures. Resting RV assessment may underestimate disease severity, and stress-based evaluation could better capture functional impairment in PHprecap."
PubMed,valvular heart disease,"Prevalence of atrial fibrillation and associated factors among adult cardiac patients at Ambo University Referral Hospital, West Shewa, Ethiopia, 2024/2025.",Debela Ejeta; Megersa Negesa; Bayisa Abdissa,10.1016/j.ahjo.2026.100832,2026-08,American heart journal plus : cardiology research and practice,"Atrial fibrillation is most the common arrhythmia in the world. Its incidence and prevalence have increased over the last 20 years and will continue to increase over next 30 years, becoming one of the largest epidemics challenges. Its presence leads to morbidity and mortality, posing a considerable burden on patients, public health, and healthcare economy.
Institution based cross sectional study was conducted between September 2, 2024 and January 30, 2025 on 376 cardiac patients. Data were entered to Epidata 3.1v then exported to SPSS 27v for analysis. Both bivariable and multivariable logistic regression analysis was used. Statistical significance was declared at p value < .05 then interpreted using adjusted odd ratio (AOR) with 95% confidence interval (CI).
In this study, overall prevalence of atrial fibrillation was 29.8% (95% CI: 25.2%-34.7%). Factors including age > 60 years (AOR = 3.04, 95% CI: (1.07-8.66)); p value .037, Heart failure (AOR = 6.72, 95% CI: (3.12-14.44)); p value < .001, ischemic heart disease (AOR = 3.83, 95% CI: (1.40-10.44)); p value .009, valvular heart disease (AOR = 3.53, 95% CI: (1.58-7.92)); p value .002, hypertensive heart disease (AOR = 6.92, 95% CI: (2.02-23.73)); p value .002, pulmonary hypertension (AOR = 8.86, 95% CI: (3.37-23.27)); p value < .001, physical inactivity (AOR = 4.21, 95% CI: (1.99-8.92)); p value < .001, and statin use (AOR = 0.16, 95% CI: (0.06-0.43)); p value < .001 were found to be statistically significant factors associated with atrial fibrillation.
In this study, prevalence of atrial fibrillation was 29.8%. Factors associated with AF were age > 60 years, Heart failure, ischemic heart disease, valvular heart disease, hypertensive heart disease, Pulmonary hypertension, physical inactivity, and Statin use. Therefore, optimizing physical activity, screening and treating at-risk patients is important."
PubMed,valvular heart disease,"Molecular frequency of Coxiella burnetii, Tropheryma whipplei, Brucella, and Bartonella in heart valve tissues from patients with infective endocarditis: A cross-sectional study from Tehran, Iran.",Arezoo Dehghan; Mohammad Hossein Ahmadi; Saber Esmaeili; Mohammad Ali Boroumand; Mahshid Hesami,10.1016/j.nmni.2026.101800,2026-08,New microbes and new infections,"Infective endocarditis (IE) is a life-threatening condition caused by diverse microbial agents and remains a major diagnostic and therapeutic challenge, particularly in cases of blood culture-negative IE (BCN-IE).
In this cross-sectional study, 405 formalin-fixed paraffin-embedded heart valve tissue samples from 232 patients with pathologically and clinically confirmed IE who underwent valve replacement were collected between March 2021 and March 2025 from two tertiary referral hospitals in Tehran, Iran. Following DNA extraction, Coxiella burnetii, Brucella spp., and Bartonella spp. were detected using TaqMan real-time PCR, while Tropheryma whipplei was identified by SYBR Green real-time PCR. Species-level identification of Brucella and Bartonella in positive samples was performed using conventional and multiplex real-time PCR.
Overall, C. burnetii, Brucella spp., Bartonella spp., and T. whipplei were detected in 6.9%, 8.6%, 5.6%, and 3.0% of patients, respectively. The study population comprised 156 males (67.2%) and 76 females (32.8%), with a mean age of 47 years. The aortic (40.3%) and mitral (39.1%) valves were the most frequently involved sites. Bartonella quintana, Brucella melitensis, and Brucella abortus were identified among positive samples. Dyspnea was significantly associated with C. burnetii (P = 0.02), Bartonella (P = 0.04), and Brucella infections (P = 0.009), while fever (P = 0.03) and sweating (P = 0.001) were significantly associated with Brucella infection.
Fastidious and intracellular pathogens are important but overlooked causes of BCN-IE in Iran. Molecular analysis of heart valve tissues represents a valuable diagnostic strategy and supports the need for improved surveillance, prevention, and targeted management of zoonotic and fastidious agents in IE."
PubMed,valvular heart disease,Post-transplant diabetes is associated with late systolic left ventricular dysfunction after heart transplantation.,Anna Werther Evaldsson; Ashkan Labaf; Grunde Gjesdal; Raluca Jumatate; Oscar Östberg Braun; J Gustav Smith; Annika Ingvarsson,10.1016/j.jhlto.2026.100622,2026-08,JHLT open,"Post-transplant diabetes mellitus (PTDM) is common after orthotopic heart transplantation (OHT), but its long-term impact on myocardial function is unclear. We aimed to evaluate the effects of PTDM on left ventricular (LV) systolic function.
We prospectively studied 102 OHT recipients with echocardiographic follow-up at 1-, 3-, and 5-year post-transplant. Patients were classified according to PTDM status at 1 year. LV systolic function was assessed using ejection fraction (EF) and global longitudinal strain (GLS). Linear mixed-effects models were used to evaluate longitudinal associations, adjusting for age, sex, systolic blood pressure, and cardiac allograft vasculopathy (CAV).
PTDM was present in 36% of patients. At 1-year, EF and GLS were similar between groups. At 3 years, patients with PTDM exhibited significantly lower systolic function as assessed by GLS (-14.9±2.8 vs. -16.0±3.0%, p=0.022), and at 5 years, EF was also significantly lower (52±4 vs. 57±7%, p=0.002). In longitudinal analyses, PTDM was associated with persistently impaired GLS without a significant interaction with time (p=0.192). In contrast, EF demonstrated a significant PTDM×time interaction (p=0.039), reflecting a greater decline over time in patients with PTDM. These associations remained significant after adjustment for CAV, which was not independently associated with GLS or EF.
PTDM after OHT is associated with early and persistent impairment in myocardial deformation, followed by a progressive decline in systolic function. These findings suggest a metabolically mediated myocardial effect independent of chronic graft failure and highlight the importance of early detection and management of PTDM in heart transplant recipients."
PubMed,valvular heart disease,Antithrombotic Therapy after Structural Heart Disease Intervention.,Hidehiko Hara,10.5797/jnet.ra.2025-0166,2026,Journal of neuroendovascular therapy,"Structural heart disease interventions, including transcatheter aortic valve implantation (TAVI), transcatheter edge-to-edge repair (TEER), patent foramen ovale (PFO) closure, and left atrial appendage closure (LAAC), have transformed the management of valvular and congenital heart disease. However, antithrombotic therapy following these procedures remains a major challenge, as clinicians must balance the prevention of thromboembolic events with the risk of bleeding. Evidence from randomized trials and registries has provided guidance, yet optimal strategies are still evolving.
This review synthesizes current evidence regarding antithrombotic therapy in structural heart disease. We examined published randomized controlled trials, observational studies, and guideline recommendations from mainly 2015 to 2025. The focus was on post-procedural antithrombotic regimens, including single antiplatelet therapy (SAPT), dual antiplatelet therapy (DAPT), and oral anticoagulation, as well as their impact on clinical outcomes such as stroke, systemic embolism, device-related thrombosis, and major bleeding.
In TAVI, early studies favored DAPT to reduce thromboembolic complications, but subsequent trials demonstrated increased bleeding without significant benefit compared to SAPT. Current guidelines increasingly recommend SAPT in patients without concomitant indications for anticoagulation. In TEER, antithrombotic therapy is less standardized; anticoagulation is generally continued in patients with atrial fibrillation, while antiplatelet therapy is used in sinus rhythm. For PFO closure, short-term DAPT (3-6 months) followed by SAPT is widely adopted to prevent device-related thrombosis, with long-term therapy tailored to stroke risk. In LAAC, anticoagulation combined with antiplatelet therapy is typically prescribed for 45 days to 3 months until device endothelialization occurs, after which SAPT is sufficient. Across all interventions, bleeding risk remains a critical determinant of therapy duration and intensity, particularly in older and comorbid populations.
Antithrombotic therapy in structural heart disease requires individualized decision-making that integrates procedural type, patient comorbidities, and bleeding risk. Recent evidence supports a trend toward simplified regimens, with SAPT increasingly favored over DAPT in TAVI and tailored strategies in TEER, PFO closure, and LAAC. Despite advances, significant heterogeneity persists, underscoring the need for further randomized trials to refine optimal regimens. Clinicians must remain vigilant in balancing thromboembolic protection with bleeding avoidance, as antithrombotic therapy continues to play a pivotal role in the success of structural heart interventions."
PubMed,valvular heart disease,The Shifting Boundary Between Invasive and Non-Invasive Angiographic Investigation in Contemporary Cardiology and Cardiac Surgery: An Up-to-Date Narrative Review.,Justin Ren; Colin Royse; William Chan; Dion Stub; Garry W Hamilton; Jason E Bloom; Tobias Fruehwald; Nilesh Srivastav; Alistair Royse,10.3390/jcm15145723,2026-07-21,Journal of clinical medicine,"Background: Invasive coronary angiography has historically been the reference standard for coronary, valvular, and structural heart disease. Over the past decade, coronary computed tomography angiography (CCTA), CT-derived fractional flow reserve (CT-FFR), photon-counting detector computed tomography (PCCT), and cardiac magnetic resonance (CMR) have expanded the range of clinical questions answerable without an intra-arterial catheter, but this shift has been uneven across clinical domains. Methods: We performed a narrative review and synthesis of randomized trials, registries, society guidelines, and consensus documents (2009-2026) identified through PubMed and major cardiovascular guideline databases, written from a joint cardiology and cardiac-surgical standpoint. Results: The boundary has shifted asymmetrically, by which we mean a domain-dependent rather than uniform displacement of invasive angiography. Non-invasive imaging is now established as the first-line approach for stable chest pain at low-to-moderate pretest probability, for pre-transcatheter aortic valve replacement (TAVR) and structural procedural planning, and for aortic disease. It remains contested for stable multivessel disease and pre-coronary artery bypass grafting (CABG) planning, where CCTA- or CT-FFR-only planning is still investigational. Invasive angiography stays first-line for ST-elevation myocardial infarction (STEMI), cardiogenic shock, and complex percutaneous coronary intervention (PCI), where diagnosis and therapy are inseparable. Conclusions: Invasive and non-invasive modalities are complementary rather than competing. The appropriate first-line investigation depends on the disease domain, pretest probability, anatomical complexity, imaging quality, and whether diagnosis and treatment can be separated. We propose a complexity-stratified, heart-team framework and identify the surgical research gaps that remain."
PubMed,valvular heart disease,Transcatheter Versus Mechanical and Bioprosthetic Surgical Aortic Valve Replacement in Retrospective Patient Cohorts with Aortic Stenosis <75 Years.,Xi Wang; Lijun Zeng; Yuanweixiang Ou; Xueli Zhang; Yong Peng; Xin Wei; Wei Meng; Yuan Feng; Ole De Backer; Mao Chen,10.3390/jcm15145574,2026-07-16,Journal of clinical medicine,"Background: Comparisons between transcatheter and surgical aortic valve replacement (TAVR or SAVR) in younger aortic stenosis (AS) patients are scarce. The aim of the study was to evaluate the 5-year outcomes of AS patients <75 years undergoing TAVR or SAVR. Methods: This was a single-center study that retrospectively included AS patients <75 years who underwent transfemoral TAVR or SAVR from a Chinese real-world database (2014-2023). The primary outcome was defined as the composite of all-cause death, stroke, and cardiovascular rehospitalization at 5 years post-procedure. Robust risk adjustment was performed using inverse probability weighting (IPTW), multilevel regression models, and competing-risk analysis. Sensitivity analyses included comparison between TAVR and mechanical or bioprosthetic SAVR separately in the overall cohort and patients with bicuspid aortic valve (BAV). Results: A total of 1646 patients undergoing TAVR (n = 808) or SAVR (n = 838) were finally included. At baseline, TAVR patients had an older age [(67.9 ± 5.2) vs. (56.5 ± 9.6) years, p < 0.001] and a higher surgical risk score [(3.1 ± 1.5) vs. (2.1 ± 1.0) %, p < 0.001] than SAVR patients, which was well balanced after IPTW. The 5-year adjusted risk of the primary outcome was similar (TAVR 45.9% vs. SAVR 43.4%, weighted hazard ratio, 1.00, 95% confidence interval, 0.64-1.54, p = 0.986), which stayed comparable between TAVR and mechanical or bioprosthetic SAVR separately. In BAV patients (n = 516), the risk of death was 8.3% in the TAVR group and 3.4% in the SAVR group (p = 0.349). The risk of bioprosthetic structural valve deterioration at 5 years was comparable between groups in the overall cohort (5.7% vs. 8.4%, p = 0.478) and BAV patients (7.8% vs. 13.2%, p = 0.345). Conclusions: In this retrospective study of patients aged <75 years, the risk-adjusted 5-year major clinical outcomes were statistically similar between TAVR and SAVR. However, given the inherent historical imbalances, these exploratory findings should be interpreted with caution, and dedicated prospective studies are still needed in younger and BAV populations."
PubMed,deep learning,Towards Explainability in Deep Learning for Detection of Five Major Intracranial Hemorrhage Subtypes on Head CT Using Multi-window DICOM Imaging and Patient-Level Cross-Validation.,H Sekkat; A El Haouat; O El Mouden; A Khallouqi; Y Madkouri; M Talbi; A Halimi; O El Rhazouani,10.1007/s10278-026-02166-w,2026-07-29,Journal of imaging informatics in medicine,"Intracranial hemorrhage (ICH) is a time-critical neurologic emergency where delayed diagnosis can worsen outcomes. Non-contrast head CT is the first-line imaging modality, and explainable AI tools may enhance rapid detection and subtype classification. This study presents an explainable deep learning framework for multi-label ICH detection using DICOM-native multi-window CT data with leakage-aware validation. A retrospective secondary analysis was performed using the publicly available training dataset from the RSNA 2019 Intracranial Hemorrhage Detection Challenge, comprising 752,803 axial CT images from 18,938 patients and 21,744 studies. Images were processed directly from DICOM, converted to Hounsfield units, and encoded into three channels (brain, subdural, bone windows). Three independent ResNet34-based multi-label models were trained using weighted binary cross-entropy within a threefold patient- and study-level cross-validation framework. The fold-specific models were evaluated separately, without model merging or ensembling, and performance was summarized across folds. Performance was assessed using ROC AUC and PR AUC, along with threshold-dependent metrics (precision, sensitivity, F1 score, and specificity) and the Brier score after class-specific threshold optimization. Explainability was evaluated using Grad-CAM, Integrated Gradients, occlusion sensitivity, quantitative cross-method agreement, window ablation, and deletion-insertion faithfulness analyses. The model showed strong and consistent discrimination. For any hemorrhage, ROC AUC ranged from 0.973 to 0.974 and PR AUC from 0.894 to 0.899. Macro ROC AUC ranged from 0.968 to 0.971 and micro ROC AUC from 0.976 to 0.978. Mean macro precision, sensitivity, and F1 score were 0.640, 0.670, and 0.646, respectively, with a specificity of 0.984 and a Brier score of 0.054. Best F1 scores were observed for any hemorrhage (0.822), intraventricular (0.788), and intraparenchymal hemorrhage (0.767), while epidural hemorrhage remained low (0.203). Across 72 class-specific explanations from 56 CT images, spatial agreement among attribution methods was moderate, window ablation indicated substantial joint dependence on all three CT windows, and the deletion and insertion areas under the curve were 0.185 ± 0.147 and 0.882 ± 0.110, respectively, supporting a functional association between Grad-CAM-highlighted regions and model confidence. This DICOM-native, explainable approach achieved robust ICH detection, though performance for rare subtypes remains limited due to class imbalance."
PubMed,deep learning,A Thyroid Nodule Differentiation Model for Benign-Malignant Identification by Fusing Transfer Learning and Gradient Boosting Decision Tree.,Bo Li; Tingxue Li; Hao Ju; Dingnan Zhang; Yanzhu Zhang; Longxiao Guo,10.1007/s10278-026-02120-w,2026-07-29,Journal of imaging informatics in medicine,"Accurate identification of benign and malignant thyroid nodules is a core link in clinical diagnosis and treatment decision-making, which directly affects the selection of subsequent treatment plans for patients. Aiming at the problems such as the strong subjectivity of traditional ultrasound diagnosis and the insufficient generalization ability of a single artificial intelligence model in small-sample medical scenarios, this study proposes an optimized computer-aided diagnosis model on the basis of the published hybrid diagnosis framework. The model extracts high-level semantic features of ultrasound images through the ResNet50 network with transfer learning and constructs a two-stage diagnosis architecture combined with the XGBoost classifier with optimized parameters, giving full play to the advantages of deep learning in feature representation and the high-efficiency classification ability of gradient boosting decision trees. Experimental results based on a multi-center clinical ultrasound dataset show that the diagnostic accuracy of the optimized model reaches 95 %  , and it outperforms the original hybrid model and traditional single algorithms in key indicators such as precision, recall, and F1-score. The proposed framework demonstrated promising diagnostic performance on the internal retrospective dataset. However, further validation using independent external cohorts is required before broader clinical application. It provides an objective and reliable diagnostic reference for clinicians and has important clinical value for reducing the unnecessary rate of fine-needle aspiration biopsy and improving the efficiency of early diagnosis of thyroid diseases."
PubMed,deep learning,Automated Body Composition from Computed Tomography Scans Improves Survival Prediction in Colorectal Cancer Patients.,Mushfiqus Salehin; Hyunwoo Lee; Vincent Tze Yang Chow; Erin K Weltzien; Long Nguyen; Jia Ming Li; Varun Akella; Bette J Caan; Elizabeth M Cespedes Feliciano; Da Ma; Mirza Faisal Beg; Karteek Popuri,10.1007/s10278-026-02128-2,2026-07-29,Journal of imaging informatics in medicine,"Colorectal cancer is one of the most common cancers, but the current staging system is limited by the variability and paradoxical survival outcomes. Body composition is an accurate predictor of survival and can be extracted from routine computed tomography (CT) scans used in cancer diagnosis. However, despite its potential, the adoption of body composition analysis has been limited due to the challenges in generating the data. In this study, we propose a deep learning-based model that combines clinical and body composition biomarkers to predict the survival of colorectal cancer patients. Our best model, which integrates both clinical and body composition features, achieved a time-dependent concordance-index score of 0.7298 ( p < 0.001  ), demonstrating a significant improvement over models based solely on clinical or body composition biomarkers, indicating that models combining body composition and clinical markers could improve survival prediction. Additionally, we observed that increased skeletal muscle tissue area and radiodensity were associated with reduced mortality risk, while higher radiodensities of visceral and subcutaneous adipose tissues were associated with increased risk."
PubMed,deep learning,Diffusion models for virtual populations and pharmacometric simulations.,Prathamesh Kishor Gadgil; Shamith Manjunath Poojari; Murali Ramanathan,10.1007/s10928-026-10054-7,2026-07-29,Journal of pharmacokinetics and pharmacodynamics,"To evaluate diffusion model-based artificial intelligence approaches for generating virtual populations with physiological determinants of drug dosing (PDODD) and pharmacokinetic (PK) profiles. A denoising diffusion probabilistic model (DDPM) was applied to a 31-variable dataset of PDODD covariates (18 continuous, 13 binary) from the National Health and Nutrition Examination Survey and compared to a tabular variational autoencoder (TVAE). For nivolumab PK data (12,000 patients, 13 time points, 5 covariates), sequence-based diffusion model (SDM) and a time-aware diffusion model (TDM) with temporal self-attention were evaluated. The predictive performance of the TDM was evaluated by imputing masked time points. All models were trained and tested on 80%:20% partitions of the data using univariate, bivariate, and multivariate distributional similarity metrics. The diffusion model satisfactorily approximated the univariate distributions of continuous PDODD biomarkers (mean Kolmogorov-Smirnov D-statistic, KSD = 0.014), disease status frequencies (mean absolute error, MAE = 0.31%), and preserved bivariate correlations (MAE = 0.033). DDPM outperformed TVAE for categorical variables (0.31% vs. 1.07% MAE) and correlation (0.033 vs. 0.091 MAE). For nivolumab PK, SDM has KSD of 0.047 and a relative error of 1.36%. TDM accurately imputed missing PK timepoints (KSD = 0.014), reconstructing masked Day 1, Peak concentration (Cmax) Dose-9, and Terminal phase concentrations with MAE of 0.43%, 0.25%, and 0.76%, and correlations ≥ 0.999. Diffusion models demonstrated strong performance in generating cross-sectional PK covariate data and longitudinal PK profiles, capturing complex distributional and temporal dependencies. Diffusion-based approaches provide a flexible and robust framework for virtual simulations in pharmacometrics."
PubMed,deep learning,"Artificial intelligence for chest radiography: an overview of techniques, challenges, and future directions.",Hidetoshi Matsuo; Mizuho Nishio; Koji Fujimoto; Nicolas Deperrois; Takaaki Matsunaga; Farhad Nooralahzadeh; Michael Krauthammer; Takamichi Murakami,10.1038/s44401-026-00087-y,2026-06-02,npj health systems,"This paper presents a critical analysis of AI advancements in chest radiograph (CXR) analysis, tracing its evolution from conventional machine learning to deep learning and multimodal approaches. Early models relied on hand-crafted features, while recent CNNs and transformer-based architectures now achieve diagnostic accuracies exceeding or comparable to radiologists for various thoracic conditions. The recent integration of large language models and multimodal systems-combining imaging with clinical text-has further improved performance and interpretability. Despite notable success, challenges still remain, including model bias, limited generalisation across institutions, and explainability. Solutions such as data sharing, domain adaptation, and explainable-AI techniques are actively being explored. Looking forward, AI systems trained on diverse patient data streams promise enhanced clinical integration and diagnostic precision."
PubMed,deep learning,Trustworthy AI models to predict prolonged hospital length-of-stay in orthopedic surgery.,Farnaz Rezvani; Michael R Kann; Fengyi Gao; Puneet Gupta; Nicole Myers; Armin Kashefi; Shyam Visweswaran; Yanshan Wang; MaCalus V Hogan; Johannes F Plate; Ahmad P Tafti,10.1038/s44401-026-00124-w,2026-07-01,npj health systems,"We developed and validated a trustworthy and uncertainty-aware artificial intelligence (AI) and machine learning (ML) framework for predicting prolonged hospital length-of-stay (LOS) in orthopedic inpatient surgery using exclusively preoperative clinical and procedural data from the National Surgical Quality Improvement Program (NSQIP). LOS prediction was formulated as a binary classification task using two clinically relevant thresholds (LOS > 2 days and LOS > 5 days), with primary emphasis on the 5-day cutoff due to its greater clinical interpretability. Random Forest, Multilayer Perceptron, Deep Neural Network, and XGBoost models were trained using CPT-based procedure groupings and evaluated using five-fold stratified cross-validation within the 85% training cohort, with final independent evaluation performed on a completely unseen 15% hold-out test set. Model performance was assessed using accuracy, macro-averaged precision, recall, F1-score, area under the receiver operating characteristic curve (AUC), and area under the precision-recall curve (AUPRC). Across models, the 5-day threshold demonstrated the most stable and clinically meaningful performance, while results under the 2-day threshold confirmed robustness to alternative outcome definitions. The Optuna-optimized XGBoost model achieved the strongest discrimination, favorable calibration, and narrow uncertainty bounds. Algorithmic fairness was evaluated across age, sex, and race using selection rates and true positive rates, with broadly consistent subgroup performance across demographic groups. Model explainability using SHAP and LIME identified case type, CPT category, anesthesia type, and baseline physiologic status (e.g., ASA class and hematocrit) as key drivers of prolonged LOS, while patient-level explanations supported clinical plausibility. This preoperative-only and trustworthy AI framework enables transparent and equitable risk stratification to support perioperative planning, optimized bed and discharge management, and data-driven utilization management and prior authorization workflows in orthopedic care."
PubMed,deep learning,Decomposition-Enhanced Network for financial time series forecasting.,Jinyuan Huang; Qianqian Sun; Xinghua Zhang; Hong Du; Zheng Xu,10.1038/s41598-026-63484-1,2026-07-29,Scientific reports,"The extreme non-stationarity, high noise levels, and multi-timescale coupling in financial futures markets pose major challenges for time series forecasting. Existing models often struggle to disentangle localized shocks from global trends due to incompatible inductive biases. To address this issue, we propose a Decomposition-Enhanced Network (DENet). Following a divide-and-conquer paradigm, DENet adopts a multi-stream architecture: the main path extracts stable trends via moving averages and dual-path linear projections, while Auxiliary Stream I captures seasonal and local cyclical patterns using depthwise separable convolutions, and Auxiliary Stream II models high-frequency dynamics through a nonlinear autoregressive-style mapping. These components are integrated via an adaptive fusion mechanism, balancing global robustness and local structural sensitivity. Experiments on real-world futures data demonstrate that DENet outperforms a wide range of state-of-the-art benchmarks. Compared with seven state-of-the-art baselines, DENet achieves an average reduction of 10.15% in RMSE for daily forecasting on iron ore futures, and an average reduction of 22.57% in MAE under the 5-min, 12-step forecasting horizon. Furthermore, we integrate DENet's dual-scale predictions into the R-Breaker strategy with parameter switching and dynamic position sizing. Backtesting results reveal that the annualized return of iron ore futures outperforms the baseline strategy by an average of 7.6 percentage points across five backtesting windows. Ultimately, DENet effectively bridges advanced structural modeling and actionable algorithmic trading."
PubMed,deep learning,Gene regulatory innovations from transposable elements in primate cerebellum development.,Tetsuya Yamada; Mari Sepp; Ioannis Sarropoulos; Henrik Kaessmann,10.1038/s41467-026-75700-7,2026-07-30,Nature communications,"Transposable elements are hypothesized to have driven gene regulatory innovation, yet their contributions to primate brain development at the cell type level remain underexplored. Here, we use single-cell multiomics data from human, macaque, marmoset, and mouse cerebella to show that transposable element contributions to different cell types are shaped by varying degrees of constraints across cell types, as well as the preferential co-option of certain transposable elements in specific cell states. Using a sequence-based deep-learning model that predicts cell-type-specific chromatin accessibility, we systematically assess the co-option potential of transposable elements into cerebellar gene regulatory networks, identifying twelve transposable element subfamilies with complex regulatory sequences in their ancestral states that facilitate their co-option as cell-type-specific cis-regulatory elements. Preservation of these ancestral regulatory sequences, as well as the active chromatin environment surrounding the insertion site, is the major determinant of the accessibility of extant copies. Lineage-specific accessible copies contribute to human-specific gene expression. Broadly, we demonstrate how transposable elements can be flexibly co-opted into cell-type-specific gene regulatory networks, and introduce a generalizable analytical framework for dissecting their contribution to mammalian regulatory evolution."
PubMed,deep learning,Uncertainty-Aware Risk Stratification in Pediatric Low-Grade Glioma Using Multimodal Data.,Fadel Batal; Bhavyasri Vunnava; Adam Kraya; Deep Gandhi; Ariana Familiar; Komal Rathi; Sanaz Varshochi; Dimosthenis Chrysochoou; Somaye Rezaei; Ommay Farah; Anshul Kollur; August Blatney; Peter Madsen; Phillip B Storm; Adam Resnick; Arastoo Vossough; Ali Nabavizadeh; Anahita Fathi Kazerooni,10.3174/ajnr.A9550,2026-07-29,AJNR. American journal of neuroradiology,"Risk stratification in pediatric low-grade glioma (pLGG) remains challenging due to biological and clinical heterogeneity. We developed an uncertainty-aware multimodal survival framework that integrates deep learning features from T2-weighted MRI, molecular subtype, and clinical information.
Data from the Children's Brain Tumor Network included 360 subjects with imaging data and 493 with molecular subtype information derived from tumor tissue genomic profiling; clinical data were available for all patients. A pretrained deep learning model was fine-tuned for tumor segmentation using a pediatric brain tumor cohort (n=752) and subsequently used to extract imaging features from T2-weighted MRI. A regularized survival model integrating imaging and clinical features (clinico-ResNet; DL-M1) and a separate clinical-molecular survival model were trained and validated on discovery cohorts and evaluated on independent replication cohorts. A multimodal model (DL-M2), combining risk scores from the clinico-ResNet and clinical-molecular models through late fusion, was developed in the subsect of patients with both imaging and molecular data (n=294). Bootstrap resampling was used to quantify per-patient prediction uncertainty.
DL-M1 achieved Harrell's C-indices of 0.73 (95% CI: 0.68-0.78) and 0.70 in the discovery and replication cohorts, respectively, with performance statistically comparable to a multiparametric radiomic pipeline (p>0.05). Adding molecular subtype information improved performance in the replication cohort (C-index: 0.68 vs 0.63, p=0.016) but not in the discovery cohort (0.79 vs 0.78, p=0.26). The multimodal model reclassified 18 patients in a manner consistent with established BRAF-associated prognostic biology. Uncertainty analysis showed a marked reduction in bootstrap confidence interval widths following late fusion with the molecular model, decreasing from a median of 2.37 to 0.57 in the discovery cohort and from 2.32 to 0.60 in the replication cohort, corresponding to relative reductions of 75.8% and 75.2%, respectively.
Integrating molecular subtype into a clinical-imaging survival framework improved risk stratification in pLGG. Deep learning features extracted from T2-weighted MRI achieved performance comparable to a multiparametric radiomics pipeline without complex tumor segmentation. These findings support uncertainty-aware multimodal survival modeling as a streamlined and more transparent approach for pLGG risk stratification."
PubMed,deep learning,A Decision Support System for Major Depressive Disorder Detection Using EMD and CNN-BiLSTM-Based Analysis of Human Voice.,Nadide Gulsah Gulenc; Mahmut Ozturk,10.1016/j.jvoice.2026.07.013,2026-07-29,Journal of voice : official journal of the Voice Foundation,"Major depressive disorder (MDD) is a serious mental health disorder that is understood to affect an individual's speech signals, including observed variations in acoustic, prosodic, and laryngeal characteristics of a person's speech. There is a need for noninvasive, objective, and automated diagnostic methods for the diagnosis of depression. In this study, after applying the Empirical Mode Decomposition (EMD) to speech signals, it is proposed to classify the extracted features using a hybrid deep learning model (CNN-BiLSTM) for the early diagnosis of MDD. Nonstationary speech signals were decomposed into 7 intrinsic mode functions (IMF) using the EMD method. A total of 325 acoustic features (MFCC, LPCC, formant frequencies, jitter, shimmer, spectral entropy, glottal parameters, etc) were extracted from both the raw speech signal and the 7 IMF segments and classified using the CNN-BiLSTM model. Performance of the proposed method was compared with the performances of five different machine learning models for the MODMA dataset: Fine Tree, Linear SVM, Ensemble Boosted Trees, Kernel Logistic Regression, and Narrow Neural Network. The results show that EMD-based adaptive features significantly improve classification performance compared with features extracted without EMD. The study demonstrated better performance than MFCC or spectrogram-based studies in the literature, with 94.7% accuracy and an average F1-score value of 0.95. The results of 20% hold-out validation and 5-fold cross-validation demonstrate that the proposed method offers high accuracy, stability, interpretability, and generalizability. Additionally, a MATLAB-based clinical decision support interface supporting the CNN-BiLSTM model for MDD diagnosis from speech signals has been developed."
PubMed,deep learning,A multimodal artificial intelligence method for accurate diagnosis of autoimmune gastritis.,Yuqi Cao; Xinao Jin; Yining Zhao; Gangzhi Zhang; Weiting Ge; Jianbo Zhou; Yongpan Liu; Pingjie Huang; Guangxin Zhang; Yuehua Han,10.1016/j.dld.2026.07.005,2026-07-29,Digestive and liver disease : official journal of the Italian Society of Gastroenterology and the Italian Association for the Study of the Liver,"Autoimmune gastritis (AIG), a chronic inflammatory disease associated with various comorbidities and complications, is often subject to missed or delayed diagnoses.
The objective of this study was to develop an artificial intelligence (AI) system to assist in the diagnosis of AIG by integrating multimodal information, including endoscopic images, biopsy pathological reports, and laboratory test results.
Multimodal data were collected from 590 patients diagnosed with AIG, H. pylori positive, and H. pylori negative chronic atrophic gastritis at three medical centers. A multimodal AI system was developed to diagnose AIG and other types of chronic gastritis. The performance of the AI system was evaluated using both internal and external datasets. Six endoscopists were invited to perform three-category classification for comparison. The SHapley Additive exPlanations (SHAP) framework and EigenCAM were used to improve the interpretability of the AI system.
The proposed multimodal AI system achieved a sensitivity of 0.931, specificity of 0.963, and accuracy of 0.954, significantly outperforming unimodal models (all P<0.001) and the best-performing invited expert endoscopist under controlled conditions. SHAP analysis indicated that the three modalities provided complementary and synergistic information.
This multimodal AI system has the potential to enable practical AI-assisted diagnosis of AIG with exceptional accuracy."
PubMed,deep learning,Applications of Deep Learning in Endocrine Neoplasms.,Siddhi Ramesh; James M Dolezal; Alexander T Pearson,10.1016/j.cll.2026.06.014,2026-09,Clinics in laboratory medicine,"Machine learning methods have been growing in prominence across all areas of medicine. In pathology, recent advances in deep learning (DL) have enabled computational analysis of histological samples, aiding in diagnosis and characterization in multiple disease areas. In cancer, and particularly endocrine cancer, DL approaches have been shown to be useful in tasks ranging from tumor grading to gene expression prediction. This review summarizes the current state of DL research in endocrine cancer histopathology with an emphasis on experimental design, significant findings, and key limitations."
PubMed,deep learning,USP15 mutation associated with autism spectrum disorder alters progenitor fate and neuronal maturation in human brain organoids.,Tae-Hwan Park; In Gyeong Koh; Seoyoung Sung; Hayoon Park; Jieun Kim; Sebin Lee; Yun Jin Lee; Hyunsoo Ko; Jae Hyun Han; Guiyoung Bong; Hee Jeong Yoo; Jaesang Kim; Joon-Yong An; Ji Yeoun Lee,10.1016/j.mocell.2026.100387,2026-07-29,Molecules and cells,"De novo variants in the ubiquitin-proteasome pathway are linked to autism spectrum disorder (ASD), yet their functional impact on neurodevelopment remains poorly understood. We investigated USP15, a deubiquitinating enzyme with rare damaging variants identified in individuals with ASD, using isogenic human iPSC-derived brain organoids and single-cell transcriptomics. USP15-mutant organoids showed genotype-dependent, progenitor-centered alterations during corticogenesis. Heterozygous organoids modeling haploinsufficiency displayed a shift toward later pseudotime states together with altered maturation and synaptic organization of deep-layer neurons. In contrast, homozygous organoids showed broader phenotypes, including mitotic suppression, aberrant HOX gene expression, and stress-response activation. Regulon analysis showed reduced activity of progenitor-associated regulons, including SOX2, NR2F1, and NR2F2, in heterozygous organoids, whereas homozygous organoids exhibited broader changes in transcriptional regulatory networks. Furthermore, USP15 mutant-associated gene expression patterns were significantly enriched for established ASD risk genes. Comparison with the mouse brain perturbation atlas showed that the transcriptional signature of the USP15 mutant showed notable overlap with those of Fezf2 and Foxp1 mutants, key regulators of deep-layer projection neuron identity. These findings characterize genotype-dependent neurodevelopmental phenotypes associated with reduced USP15 dosage and provide a human neural framework for investigating ASD-relevant developmental mechanisms in the context of a rare ubiquitin-pathway variant."
PubMed,deep learning,"Comparative Phylogenomics and Transcriptional Regulatory Networks of AQPs, HSPs, and LEA Proteins in Salt-Stressed Portulaca oleracea.",Thalliton Luiz Carvalho da Silva; Ítalo de Oliveira Braga; Letícia Fonseca Barbosa; André Pereira Leão; Wellington Rangel Dos Santos; Roberto Coiti Togawa; Natália Florêncio Martins; Carlos Antonio Ferreira de Sousa; Manoel Teixeira Souza Júnior,10.1016/j.plantsci.2026.113347,2026-07-29,Plant science : an international journal of experimental plant biology,"Soil salinization severely threatens global food security, necessitating systematic investigations of halophytes like Portulaca oleracea to decode the molecular mechanisms of environmental resilience. Utilizing an integrated framework of deep learning-based genome annotation (58,817 predicted genes; 96.5% BUSCO completeness), multi-tissue RNA-Seq, phylogenomics, and gene regulatory network (GRN) inference, the synergistic orchestration of 78 aquaporins (AQPs), 525 heat shock proteins (HSPs), and 119 late embryogenesis abundant (LEA) proteins was elucidated. The active transcriptome, encompassing 39,065 expressed loci, revealed a systemic growth-defense trade-off. Tissues displayed distinct adaptive mechanisms: leaves modulated intracellular water balance via specialized AQPs, whereas adult roots maintained proteostasis through robust HSP20/HSP70 induction. Phylogenomic clustering across 154 species demonstrated that salinity tolerance constitutes an evolutionary mosaic, identifying 81 halophyte-exclusive orthogroups and 1,129 species-specific clusters. Comparative topology across six independent GRNs (4.2M-5.3M edges) unmasked a highly modular transcriptional reprogramming strategy governed by a core apparatus of 22 stress-exclusive regulators, with functional enrichment heavily prioritizing protein dimerization and chromatin remodeling. Theoretically, the distinct convergence of Trihelix transcription factors with guard cell differentiation pathways offers a candidate transcriptomic framework to explain the plant's characteristic C4-CAM photosynthetic plasticity under severe osmotic pressure. Practically, these evolutionary blueprints and specific master switches transcend single-gene transgenic limitations. Utilizing these root-sustained and stress-inducible targets under localized promoters provides a naturally optimized, network-level precision engineering roadmap to transfer robust, compartmentalized halotolerance to sensitive glycophytic crops."
PubMed,deep learning,"An Explainable Cryobiopsy AI Model, CRAI, to Predict Progression in Interstitial Pneumonia.",Wataru Uegami; Ethan N Okoshi; Kris Lami; Yuichiro Nei; Mutsumi Ozasa; Kensuke Kataoka; Yuka Kitamura; Yasuo Kohashi; Lee A D Cooper; Hidenori Sakanashi; Yuji Saito; Yasuhiro Kondoh; study group on CRYOSOLUTION; Junya Fukuoka,10.1016/j.modpat.2026.101047,2026-07-29,"Modern pathology : an official journal of the United States and Canadian Academy of Pathology, Inc","Interstitial lung disease (ILD) encompasses diverse pulmonary disorders with varied prognoses. Current pathological diagnoses suffer from inter-observer variability, necessitating more standardized approaches. We developed an ensemble AI model for cryobiopsy, CRAI, to analyze transbronchial lung cryobiopsy (TBLC) specimens and predict patient outcomes. CRAI comprises seven modules for detecting histological features, generating 17 pathologically significant findings. A downstream XGBoost classifier was developed to predict disease progression using these findings. The model's performance was evaluated using respiratory function changes and survival analysis in cross-validation and external test cohorts. In the internal cross-validation (135 cases), the model predicted 105 cases without disease progression and 30 with disease progression. The annual Δ%FVC was -1.293 in the non-progressive group versus -5.198 in the progressive group, a difference that was significant for CRAI while only five of 19 pathologists achieved significant differentiation using usual interstitial pneumonia (UIP) diagnosis. Survival analysis demonstrated significantly shorter survival times in the progressive group (p = 0.038). CRAI provides a comprehensive, interpretable approach to analyzing TBLC specimens, offering potential for standardizing ILD diagnosis and predicting disease progression. The model could facilitate early identification of progressive cases and guide personalized therapeutic interventions."
PubMed,deep learning,Diagnostic features predicted by deep learning improve human object recognition in simulated prosthetic vision.,Elsa Scialom; Ben Lonnqvist; Alban Bornet; Michael H Herzog,10.1088/1741-2552/ae9227,2026-07-29,Journal of neural engineering,"Cortical visual prostheses aim to partially restore vision by electrically stimulating V1. Yet, their effectiveness is constrained by the limited number of simultaneously elicitable phosphenes. Identifying sparse but informative visual features for object recognition is therefore crucial to enable functional prosthetic vision. In this study, we aim to target diagnostic features for object recognition. &#xD;Approach: We combined a deep learning pipeline with bioplausible phosphene simulation to optimize phosphene placement for object recognition. The phosphene renderings were presented to 63 participants who performed an object recognition task under simulated prosthetic vision with varying electrode densities. &#xD;Main results: Performance in the proposed DNN phosphene placement strategy was compared to contour-based and luminance-based phosphene placements. Results demonstrate that the DNN-based approach significantly reduces the number of phosphenes required for object recognition. Importantly, this advantage was especially pronounced at low level electrode densities. &#xD;Significance: These findings indicate that deep neural networks can effectively identify diagnostic object features and enhance recognition under simulated prosthetic vision. The proposed pipeline provides a principled method for optimizing visual representations in cortical visual prostheses, highlighting the importance of task-relevant feature selection imposed by constraints on simultaneous stimulation capacity."
PubMed,deep learning,Development and validation of an integrated machine learning model for recurrence-free survival prediction in clear cell renal cell carcinoma.,Yun-Lian Wang; Feng Liu; Qian-Biao Gu; Qiang Liu; Ying Yang; Fang Cheng,10.1016/j.tranon.2026.102937,2026-07-29,Translational oncology,"Integrated multimodal systems improve recurrence-free survival (RFS) prediction in surgically resected clear cell renal cell carcinoma (ccRCC) to overcome traditional model limitations.
A total of 1284 patients were enrolled and divided into training (n = 738), internal validation (n = 317), and external test (n = 229). A machine learning (ML)-based model combined clinical data, radiomics signature (Rad-sign), and deep learning signature (DL-sign) to predict recurrence at 3-, 5-, and 7-year post-surgery. Radiomics features were extracted from CT images using ML, with the Rad-sign showing the best performance. A three-dimensional vision transformer (3D-ViT) for volumetric feature extraction outperformed ResNet models.
Cox regression identified clinical features associated with RFS (p < 0.05). An optimal clinical-DL nomogram was chosen from 8 ML algorithms via 5-fold cross-validation. Clinical features alone had limited predictive power (external test AUC: 0.576, 95% CI: 0.472-0.672), while radiomics modeled by Naive Bayes (NB) performed better (AUC: 0.728). Rad-sign's C-index was 0.729, and the 3D-ViT model achieved an external test AUC of 0.846. The nomogram's AUCs for predicting 3, 5, and 7-year RFS post-surgery were 0.920, 0.935, and 0.938, with C-indices of 0.890 and 0.910, respectively. It effectively stratified risk groups, outperforming UISS and SSIGN via calibration and decision curve analysis.
The ML-based clinical-DL model shows promise for accurate ccRCC RFS prediction, which may aid in personalized risk assessment and decision-making."
PubMed,deep learning,Species-aware prediction of fish acute toxicity improves hazard screening and prioritization of environmentally detected pharmaceuticals.,Wang Liu; Shuhan Xin; Zhitong Li; Le Zhang; Juan Wang; Saihong Yan; Xiangsheng Hong; Jinmiao Zha,10.1016/j.jhazmat.2026.143104,2026-07-27,Journal of hazardous materials,"Widespread contamination of surface waters by active pharmaceutical ingredients (APIs) leads to ubiquitous exposure in fish, critical sentinels in aquatic food webs. However, ecotoxicity assessment remains constrained by pronounced interspecies differences in sensitivity and by the scarcity of toxicity data for fish species representative of distinct ecoregions. To support hazard screening of environmentally detected APIs, we developed an ensemble model integrating Deep Neural Networks (DNN) with six other machine learning models. Trained on 10,054 acute toxicity data points (4190 groups, 1651 organic compounds, 24 freshwater fish species), the model achieved a test-set R2 of 0.72 and an RMSE of 0.83. Ablation analysis showed that the model trained on a feature space integrating chemical, biological, and exposure-related descriptors outperformed the model based solely on chemical descriptors, indicating that biological and experimental factors provide complementary information for predicting fish acute toxicity. Feature interaction analysis revealed that Salmoniformes exhibited heightened sensitivity to lower-MW compounds, whereas under static exposure conditions, higher MW was associated with attenuated toxicity. Applied to 714 environmentally detected APIs lacking experimental fish acute toxicity data, the framework showed that applicability-domain definitions strongly influenced scenario coverage and downstream species sensitivity distribution construction. This work provides a predictive strategy that helps address the limitations of disparate and ecologically unrepresentative testing data that compromise regional relevance, thereby enabling proactive and ecologically grounded chemical prioritization in freshwater ecosystems."
PubMed,deep learning,Deep learning-based prediction of drug-target interactions between antiviral drugs and SARS-CoV-2 proteins using an image-based representation approach.,Jackson G de Souza; Marcelo A C Fernandes; Raquel de Melo Barbosa,10.1016/j.compbiolchem.2026.109264,2026-07-28,Computational biology and chemistry,"Drug repurposing offers a time-efficient strategy for identifying therapeutics against emerging pathogens such as SARS-CoV-2. In this study, we apply MPS2IT-DTI (Molecule and Protein Sequence to Image Transformer for Drug-Target Interaction), a deep learning framework that represents molecular (SMILES) and protein (FASTA) sequences as images using k-mer frequency encoding, enabling convolutional neural networks to capture spatial compositional patterns associated with biochemical interactions. A curated dataset (BindingDB-FDA) containing 83,165 binding interactions from 1640 FDA-approved ligands and 3270 targets was constructed from BindingDB, with binding scores derived from the KIBA scoring system. An enhanced variant, MPS2IT+MN, incorporating max-norm regularization, was introduced to improve generalization. The model was applied to predict binding affinities between 33 FDA-approved antiviral drugs and six key SARS-CoV-2 non-structural proteins. Results consistently identified five antivirals - MK-5172 (Grazoprevir), Simeprevir, Lopinavir, Etravirine, and Atazanavir - as top-ranked candidates across all targets. Comparative analysis with the MT-DTI model demonstrated competitive and, in several cases, superior ranking performance despite a simpler architecture. Importantly, these predictions are supported by independent experimental and clinical evidence, highlighting the potential of image-based representations as a computationally efficient and biologically meaningful approach for drug-target interaction prediction and drug repurposing."
PubMed,deep learning,Development and Application of Automated Preoperative Planning System for Developmental Dysplasia of the Hip via Keypoint Selective Integration.,Jinghui Yao; Xiaoyou Fan; Yijian Wang; Zijun Gao; Xiuming Huang; Baoxue Sha; Yun Chen; Haiyan Zhang; Daozhang Cai,10.1007/s10278-026-02149-x,2026-07-29,Journal of imaging informatics in medicine,"This study developed and prospectively validated a deep learning-based automated preoperative planning system for developmental dysplasia of the hip (DDH) to guide osteotomy. Using 3544 anteroposterior pelvic radiographs, a selective keypoint integration strategy combining YOLOv11-Pose, YOLOv11, and YOLOv13 models achieved a mean pixel error of 9.68 pixels with 100% keypoint recall. The system automatically calculates acetabular index, neck-shaft angle, and center-edge angle, and recommends PHP plates based on predefined geometric rules and patient weight. In a multicenter randomized controlled trial with 30 DDH patients and six surgeons, AI planning reduced time from 170.5 ± 4.7 s (manual) to 0.0606 s (P < 0.001), matched expert acetabular index accuracy (P = 0.327), showed slightly higher but clinically acceptable neck-shaft angle error (P < 0.001), and achieved 92.3% plate recommendation concordance (P = 0.106). This first prospective RCT demonstrates expert-level DDH planning in seconds, advancing AI toward surgical guidance. Clinical trial registration: ChiCTR2600119719 (registered on 2026-03-03)."
OpenAlex,aortic stenosis,AorticStenOmics: Xenium spatial transcriptomics of human aortic stenosis valve slide B15XO,(:unkn) unknown,,2028-01-01,Open MIND,"This deposit contains Xenium spatial transcriptomics data from human aortic valve tissue from slide B15XO. The slide includes spatially matched regions selected to represent areas of relative high and low in vivo [⁶⁸Ga]FAPI-46 PET signal within the same patient, enabling comparison of features associated with regional FAPI uptake."
OpenAlex,aortic stenosis,"AorticStenOmics: single-nucleus, single-cell and bulk RNA sequencing of human aortic stenosis valves",(:unkn) unknown,,2027-01-01,Open MIND,"This deposit contains single-nucleus, single-cell and bulk RNA sequencing data from human aortic valves across the spectrum of aortic stenosis. The dataset includes single-nucleus RNA sequencing from 25 aortic valves and bulk RNA sequencing from 39 aortic valves spanning control, mild/moderate and severe disease, as well as single-cell RNA sequencing from 8 valves with matched in vivo [⁶⁸Ga]FAPI-46 PET-CT molecular imaging."
OpenAlex,aortic stenosis,AorticStenOmics: microscopy of human aortic valves,(:unkn) unknown,,2027-01-01,Open MIND,"This deposit contains microscopy imaging data from human aortic valves across the spectrum of aortic stenosis. The dataset includes duplex immunohistochemistry (IHC), multiplexed immunofluorescence (mIF) and haematoxylin and eosin (H&amp;E) staining."
OpenAlex,aortic stenosis,AorticStenOmics: Xenium spatial transcriptomics of human aortic stenosis valve slide BXNFB,(:unkn) unknown,,2027-01-01,Open MIND,"This deposit contains Xenium spatial transcriptomics data from human aortic valve tissue from slide BXNFB. The slide includes spatially matched regions selected to represent areas of relative high and low in vivo [⁶⁸Ga]FAPI-46 PET signal within the same patient, enabling comparison of features associated with regional FAPI uptake."
OpenAlex,aortic stenosis,"Lipoprotein(a) in Coronary Artery Disease and Aortic Stenosis: Pathophysiology, Clinical Impact, Interventional Implications and Emerging Targeted Therapies",Francesco Maria Animati; Simone Proietti; Francesco Auletta; Rocco Antonio Montone; Luigi Cappannoli; Francesco Fracassi; Achille Gaspardone; Francesco Burzotta,10.3390/jcm15155897,2026-07-28,Journal of Clinical Medicine,"Lipoprotein(a) (Lp(a)) is increasingly recognized as a genetically determined and clinically relevant contributor to residual cardiovascular risk. Through pro-atherogenic, pro-inflammatory, pro-thrombotic, and pro-calcific mechanisms, Lp(a) appears to play a significant role in both coronary artery disease and aortic valve disease. In patients undergoing percutaneous coronary intervention, elevated Lp(a) has been associated with worse long-term outcomes, including recurrent ischemic events, repeat revascularization, and in-stent restenosis, even in the setting of controlled low-density lipoprotein cholesterol. In parallel, experimental, genetic, and clinical data support a role for Lp(a) in the initiation and progression of calcific aortic stenosis, while its prognostic significance after transcatheter aortic valve interventions remains less clearly defined. Current guidelines now recognize Lp(a) as a relevant risk-enhancing factor, and emerging targeted therapies are achieving substantial reductions in circulating levels. Overall, Lp(a) should be regarded as both a meaningful biomarker and a promising therapeutic target, although ongoing outcome trials are needed to determine whether selective Lp(a) lowering translates into clinical benefit across interventional cardiovascular settings. The aim of this narrative review is to provide a single, comprehensive account of lipoprotein(a) [Lp(a)] in interventional cardiology, following this lipoprotein from its biology and pathophysiology through to its clinical impact and to the therapies that are now reaching the clinic, with a specific focus on the two most frequent catheter-based procedures in which it may carry prognostic weight: percutaneous coronary intervention (PCI) and transcatheter aortic valve implantation (TAVI). PCI and TAVI are deliberately addressed within the same review since they share a common upstream biology: Lp(a) contributes both to the atherosclerotic process that underlies coronary disease and to the calcific process that underlies aortic valve disease, and the corresponding patient populations overlap considerably in everyday interventional practice. Covering them together offers the interventional cardiologist a single, practical reference on how a patient with elevated Lp(a) may be approached in both scenarios."
OpenAlex,aortic stenosis,Peripheral blood endothelial microparticles (CD144+) as a surrogate marker for coronary microcirculatory dysfunction in patients with stable coronary artery disease,Dao-Kuo Yao; Xiao-Song Ding; Bing Hua; Xiao-quan He; Lei Liu; Xiantao Song,10.3389/fcvm.2026.1900067,2026-07-28,Frontiers in Cardiovascular Medicine,"Objectives In stable coronary artery disease (CAD), coronary microvascular dysfunction (CMD) is a prevalent cause of myocardial ischemia independent of epicardial stenoses. Although the index of microcirculatory resistance (IMR) is the invasive reference standard for CMD assessment, its routine use is limited by procedural demands and cost. We investigated whether circulating endothelial microparticles (EMPs, CD144+) correlate with IMR and could serve as a non-invasive surrogate for CMD in stable CAD. Methods Fifty patients with stable CAD and 20 controls with normal angiograms underwent invasive physiological assessment, including IMR, fractional flow reserve (FFR), and coronary flow reserve (CFR), using a pressure-temperature sensor-tipped guidewire. Peripheral venous blood was analyzed for CD144+ EMPs by flow cytometry. Associations between EMPs and physiological indices were evaluated, with diagnostic utility assessed via ROC curve analyses. Results Demographic and clinical profiles were similar across groups (all P &amp;gt; 0.05). Circulating EMP counts were markedly higher in CAD patients than controls (145.62 ± 101.35 vs. 119.98 ± 71.93 particles/ μ L, P &amp;lt; 0.001), paralleled by elevated IMR values (22.14 ± 7.42 vs. 16.4 ± 4.41, P = 0.002). Within the CAD cohort, EMP levels correlated positively with IMR ( r = 0.684, P &amp;lt; 0.001), but not in controls ( r = 0.066, P = 0.783). Neither FFR nor CFR was associated with EMPs. Patients with IMR ≥ 23 had significantly higher EMP concentrations than those with IMR &amp;lt; 23 ( P &amp;lt; 0.001). For discriminating CMD (IMR ≥ 23), EMPs yielded an AUC of 0.76 (95% CI: 0.62–0.89); at the optimal threshold of 130 particles/μL, sensitivity was 70.0%, specificity 70.6%, and negative predictive value 85.7%. Conclusions Circulating CD144+ EMPs strongly correlate with invasive IMR in stable CAD. The moderate ROC performance (AUC 0.76) and high NPV suggest that peripheral EMP measurement holds promise as a non-invasive screening tool for CMD. However, these findings are exploratory and require prospective validation in larger, multi-center cohorts before clinical translation."
OpenAlex,aortic stenosis,"SGLT2 inhibitor therapy following aortic valve intervention for aortic stenosis: a systematic review and meta-analysis of mortality, heart failure, rhythm, renal, and valve-related outcomes",Hamzah Pratama Megantara; Iwan Dakota; Taofan Taofan; Suci Indrian; Ruth Grace Aurora; Suko Adiarto,10.1186/s13019-026-04572-1,2026-07-28,Journal of Cardiothoracic Surgery,
OpenAlex,aortic stenosis,Identification of pulmonary hypertension with pulmonary vascular surface volume ratio by non-contrast CT,Qing Yu; Yating Zhao; Yini Huang; Mingya Zhang; Gulinigaer Wufulihasimu; Yijia Zhou; JiaJia Zhang; Xiaopeng Xu; Wei Zhang; Yanxi Zeng; Wenhui Peng; Yunshan Cao,10.1186/s12872-026-06078-z,2026-07-28,BMC Cardiovascular Disorders,"The diagnosis of pulmonary hypertension (PH) relies primarily on invasive right heart catheterization (RHC). Although imaging modalities, including echocardiography, computed tomography angiography (CTA) and computed tomography (CT), offer clinical utility, their effectiveness in early detection remains limited. To clarify the relationship between group 1/2 PH and radiomic-morphological features of the pulmonary vasculature derived from non-contrast CT. We retrospectively enrolled control patients and patients with group 1 PH (PAH) and group 2 PH (PH-LHD) from two centers. All participants underwent RHC and chest CT. We extracted the radiomic features from pulmonary arteries and veins, identifying key radiomics markers and further exploring their association with early pathological changes through animal experiments. Subsequently, we analyzed morphological characteristics from 95,197 vascular centerlines. Multivariable models were employed to evaluate their efficacy in identifying PH and discriminating PH-LHD in validation cohort. The training cohort included 49 patients (20 controls, 13 with PAH, 16 with PH-LHD), and validation cohort included 30 patients. Among 212 radiomics features analysis, the pulmonary arterial surface volume ratio (SVR) correlated strongly with mean pulmonary artery pressure (mPAP) ( r = -0.602, P < 0.001), while the venous SVR showed a strong correlation with pulmonary artery wedge pressure (PAWP) ( r = -0.651, P < 0.001). In animal models, venous SVR demonstrated the ability to reflect early pulmonary venous remodeling in PH-LHD prior to hemodynamic changes. Morphologically, PH-LHD patients showed increased distal vessel tortuosity with reduced torsion and curvature (all P < 0.001). SVR and models combining morphological features demonstrated promising performance for identifying PH (AUC 0.895 (95%CI (0.731-1.000)) vs. 0.890 (95%CI (0.736-1.000)) and distinguishing PH-LHD (AUC 0.868 (95%CI (0.672-1.000) vs. 0.846 (95%CI 0.639–0.990)) in validation cohort. CT-based radiomic-morphological analysis provides a basis for identifying PH and distinguishing its subtypes. Specifically, arterial SVR aids in PH detection, while venous SVR helps differentiate PH-LHD from PAH, together forming a clinically useful screening pathway. Preclinical evidence additionally links venous SVR to venous remodeling that may precede hemodynamic changes. These findings require validation in larger PH populations."
OpenAlex,aortic stenosis,"MORPHOMETRIC ANALYSIS OF HUMAN CORONARY ARTERIES: ANATOMICAL VARIABILITY, DIMENSIONAL CORRELATIONS, AND CLINICAL IMPLICATIONS",Felipe Matheus Sant’Anna Aragão; Iapunira Catarina Sant’Anna Aragão; Marcelo Lucas de Lima Prado; Wallance Geovane Alexandre Lima; Arthur Yoja Santos Souza; Akires Matheus Gomes Santos; André Elias Rezende Santos; Giovanna de Oliveira Sá Costa; Mariana de Melo Bezerra; Gilman Gabriel Gomes Mendes Júnior; Deise Maria Furtado de Mendonça; Vera Lúcia Corrêa Feitosa; Francisco Prado Reis; José Aderval Aragão,10.36557/2674-8169.2026v8n7p1052-1070,2026-07-27,Brazilian Journal of Implantology and Health Sciences,"Introduction: Coronary arteries exhibit morphometric variations that may influence the interpretation of cardiovascular imaging and the planning of diagnostic, interventional, and surgical procedures. However, morphometric values described in the literature show considerable variability across different populations and methodologies employed. Objective: To analyze the morphometric characteristics of the right coronary artery and the left main coronary artery in human hearts obtained from formalin-fixed cadavers. Material and methods: An observational, descriptive, cross-sectional anatomical study conducted on 30 hearts from adult male cadavers fixed in 10% formalin. The coronary arteries were dissected, and their length and diameter were measured using a digital caliper. Data were analyzed using descriptive statistics, the Shapiro–Wilk test, and Spearman's correlation coefficient, with statistical significance set at p &lt; 0.05. Results: The right coronary artery had a mean length of 5.45 ± 0.92 cm and a mean diameter of 0.203 ± 0.132 cm, whereas the left main coronary artery had a mean length of 1.13 ± 0.44 cm and a mean diameter of 0.250 ± 0.133 cm. A moderate positive correlation was found between the lengths of the right and left coronary arteries (ρ = 0.457; p = 0.011), and a moderate negative correlation was observed between the length and diameter of the left main coronary artery (ρ = −0.509; p = 0.004). Conclusion: Coronary arteries exhibited marked morphometric variability, with significant associations among selected morphometric parameters. These findings broaden the understanding of coronary anatomy and provide support for the interpretation of imaging examinations and the planning of cardiovascular interventions."
OpenAlex,aortic stenosis,"Coronary Microvascular Dysfunction in Hemodialysis-Dependent End-Stage Renal Disease　― Prevalence, Characteristics, and Prognostic Implications ―",H. Yoshikawa; Tadashi Murai; Taishi Yonetsu; Masao Yamaguchi; Aki Ito; Yoshinori Kanno; Ippei Saito; Atsushi Takahashi; Y Onishi; Hiroyuki Fujii; Hiroyuki Hikita; Tsunekazu Kakuta; Tetsuo Sasano,10.1253/circrep.cr-26-0153,2026-07-27,Circulation Reports,"Background: Coronary microvascular dysfunction (CMD) is an established mechanism in cardiovascular diseases and is associated with adverse outcomes. However, CMD in hemodialysis (HD) patients remains poorly characterized. This study evaluated the prevalence, physiological profiles, and prognostic implications of CMD in this high-risk population."
OpenAlex,aortic stenosis,"Systemic Use of Oral Rapamycin, Prednisone and Colchicine After Coronary Bare-Metal Stent Implantation: Narrative Review of Randomized Clinical Trials",Carlos Fernández-Pereira; Alfredo E. Rodríguez,10.3390/biomedicines14081685,2026-07-27,Biomedicines,"Background: Coronary stenting remains the cornerstone of interventional cardiology. Drug-eluting stents (DES) have reduced restenosis compared to bare-metal stents (BMS), but their high cost and need for prolonged dual antiplatelet therapy (DAPT) limit accessibility in many regions. Recent evidence has revisited the potential role of systemic pharmacologic adjuncts—oral sirolimus (rapamycin), prednisone and colchicine—as cost-effective therapies to mitigate restenosis and adverse events following BMS implantation. Objective: This review critically evaluates the clinical and mechanistic evidence supporting the use of oral immunosuppressive or anti-inflammatory drugs following BMS implantation, with emphasis on their applicability in both resource-limited and general cardiology settings. Three randomized clinical trials comparing this strategy against DES are analyzed and discussed in this review. Conclusions: Oral sirolimus, prednisone, and colchicine demonstrate promising anti-inflammatory and antiproliferative effects that translate into clinical outcomes comparable to DES in a highly select population. Their systemic administration following BMS implantation may provide a feasible, cost-effective alternative where DES use is restricted by cost or clinical contraindications. Larger-scale, long-term trials are warranted to confirm safety, optimize dosing, and identify ideal patient populations for this “pharmacologic stent hybrid” strategy."
OpenAlex,aortic stenosis,Clinical and Angiographic Characteristics of Elderly and Very Elderly Patients With Coronary Artery Disease,Suraj Khanal; Arkaru Pradeep; Basant Kumar; Ravinish Kumar,10.7759/cureus.113459,2026-07-27,Cureus,"Background: Coronary artery disease (CAD) is a major cause of morbidity and mortality worldwide, with an increasing burden among older adults. Very elderly patients (≥80 years) often present with atypical symptoms and more extensive coronary involvement yet remain underrepresented in clinical studies. The aim of this prospective observational study was to compare the demographic, clinical, echocardiographic, and coronary angiographic characteristics of elderly (60-79 years) and very elderly (≥80 years) patients with CAD, with the objective of describing age-related clinical profiles that may assist in the evaluation of this increasingly important patient population. Methods: This prospective, observational, single-center study enrolled consecutive patients aged ≥60 years presenting with CAD, including unstable angina, non-ST-elevation myocardial infarction (NSTEMI), ST-elevation myocardial infarction (STEMI), and chronic stable angina. Clinical characteristics, cardiovascular risk factors, echocardiographic findings, and coronary angiographic data were recorded and compared between elderly (60-79 years) and very elderly (≥80 years) groups. CAD was classified as obstructive (≥50% stenosis) or non-obstructive (&lt;50% stenosis). Results: A total of 57 patients were included, comprising 30 patients aged 60-79 years and 27 patients aged ≥80 years. Hypertension (43, 75.4%), diabetes mellitus (26, 45.6%), and dyslipidemia (25, 44.0%) were the most prevalent cardiovascular risk factors. Dyspnea (36, 63.2%) and angina (29, 50.9%) were the most common presenting symptoms. Echocardiographic findings and left ventricular ejection fraction were comparable between groups. Coronary angiography demonstrated single-vessel disease predominantly in patients aged 60-79 years (19, 63.3%), whereas double-vessel disease was more common among very elderly patients (11, 40.7%). The left anterior descending artery was the most frequently involved vessel in both groups. Percutaneous coronary intervention was the predominant management strategy in both elderly (24, 80.0%) and very elderly patients (19, 70.4%). Conclusion: Our study demonstrates that very elderly CAD patients exhibit more extensive coronary involvement, particularly double-vessel disease, despite similar left ventricular function."
OpenAlex,aortic stenosis,Study protocol for a multicenter randomized controlled trial comparing standby versus prophylactic extracorporeal membrane oxygenation in high-risk percutaneous coronary intervention (ECMO-READY trial),Liangshan Wang; Yuxing Wang; Andong Lu; Kexin Wang; C L Li; F Q Liu; Xiaolin Yu; Dingyu Wang; Liwen Lyu; Wenlong Duan; Xinguang Wei; Eddy Fan; Zhongtao Du; H Y Wang; Yan Liu; J N Li; Xiaotong Hou; the ECMO-READY investigators,10.64898/2026.07.24.26358881,2026-07-27,medRxiv,"Background: Although prophylactic veno-arterial extracorporeal membrane oxygenation (VA-ECMO) may provide hemodynamic stability during high-risk percutaneous coronary intervention (PCI), it is also associated with potential complications and may not be necessary in most cases. In this context, we proposed a pre-cannulated standby ECMO strategy and designed the ECMO-READY trial to evaluate the comparative effectiveness of pre-cannulated standby versus prophylactic ECMO strategies in patients undergoing high-risk PCI. Methods: The ECMO-READY trial is a prospective, multicenter, open-label, randomized controlled trial conducted in 8 sites in China. A total of 176 patients scheduled to undergo high-risk PCI will be randomly assigned in a 1:1 ratio to either a pre-cannulated standby ECMO strategy or a prophylactic ECMO strategy. The primary outcome is the 30-day incidence of major adverse events, including death, myocardial, infarction, repeat revascularization, stroke, PCI failure, limb ischemia, major bleeding, vascular injury requiring intervention, and need for renal replacement therapy. Secondary outcomes include post-procedural hemoglobin decline, post-procedural platelet count decline, red blood cell transfusion rate, peak post-procedural interleukin-6 level, use of intra-aortic balloon pump, duration of ECMO support, length of hospital stay, hospitalization cost, and each component of the composite primary outcome. Enrollment began in March 2025 and is anticipated to be completed by December 2026. Discussion: The ECMO-READY trial will provide prospective randomized evidence regarding ECMO support strategies in patients undergoing high-risk PCI and may help inform future clinical practice. Trial registration: ClinicalTrials.gov NCT06274411 . Registered on February 23, 2024. Keywords Percutaneous coronary intervention, High-risk, Extracorporeal membrane oxygenation, Ready, Standby, prophylactic, Major adverse events"
OpenAlex,aortic stenosis,"Chest packing with negative pressure for refractory mediastinal bleeding after cardiac surgery: a low-cost, simple technique as an alternative to vacuum-assisted closure systems in a retrospective study",Hunbo Shim; Seok Soo Lee; 전창석; Tae Hee Won; Sang-Wan Ryu; Jong Hyun Baek,10.12701/jyms.2026.43.49,2026-07-27,Yeungnam University Journal of Medicine,"BACKGROUND: Refractory mediastinal bleeding after cardiac surgery occasionally requires temporary open sternum and delayed sternal closure. We evaluated the feasibility and short‑term clinical performance of a modified chest‑gauze suction (c‑GSUC) technique that generates negative pressure using readily available materials. METHODS: We retrospectively reviewed 20 patients who underwent chest packing primarily for refractory bleeding following cardiac or thoracic aorta surgery. After routine drainage placement, gauze sponges were packed around the bleeding sites, and an additional temporary chest tube was positioned over the gauze. The open sternotomy was sealed with an adhesive drape and connected to a standard three-chamber drainage bottle to generate negative pressure and collapse the packed gauze. RESULTS: The median patient age was 57.0 years, and 19 patients (95.0%) underwent aorta-related procedures. Definitive chest closure was achieved within 2 days in 18 patients (90.0%). One patient (5.0%) required emergent washout for cardiac tamponade during open chest management. One patient (5.0%) developed mediastinitis after closure. Two patients (10.0%) died during hospitalization, one from septic shock and the other from intracranial hemorrhage. CONCLUSION: Temporary open sternum with negative‑pressure gauze packing using the c‑GSUC technique was feasible in patients with refractory mediastinal bleeding and was associated with acceptable short‑term outcomes. Although less sophisticated than commercial vacuum-assisted closure systems, this simple and inexpensive approach may be a practical alternative in selected cases."
OpenAlex,aortic stenosis,"Too Young, Too Silent: Painless Stanford Type A Aortic Dissection in a Young Adult",Pavithra R; Gomathi Karmegam; Satish Raja M C; Ashwini G; Manisha Shree B; Roshni Subramaniyan; Sahasyaa Adalarasan,10.7759/cureus.113473,2026-07-27,Cureus,"Acute aortic dissection is a life-threatening vascular emergency that classically presents with severe tearing chest pain. However, painless presentations may occur, resulting in delayed diagnosis and potentially catastrophic outcomes. We report a case of a 34-year-old male who presented with sudden-onset left-sided hemiplegia, slurring of speech, facial deviation, and rapidly worsening sensorium, without any chest pain or prior comorbidities. Initial evaluation revealed threatened airway requiring intubation and mechanical ventilation. Point-of-care ultrasound and CT panaortogram demonstrated Stanford Type A aortic dissection extending from the ascending aorta to the abdominal aorta with involvement of the right common carotid artery, resulting in acute ischemic stroke and associated aspiration pneumonitis. Thrombolysis was withheld as aortic dissection is an absolute contraindication. This case highlights the importance of considering aortic dissection in young patients presenting with acute stroke and atypical presentations, as early recognition and prompt imaging are crucial to guide appropriate management and to prevent fatal complications."
OpenAlex,aortic stenosis,PARADIGMAS CONTEMPORÂNEOS NO TRATAMENTO CIRÚRGICO DA CALCIFICAÇÃO EXTENSA DO ANEL MITRAL: UMA REVISÃO NARRATIVA,Jorge Eberson De Oliveira Santana; Artur Cristian de Carvalho Lima; Rebeca Coutinho da Silva; Antonio Victor Fernandes Pinto Maia; Bárbara Rodrigues Ferreira; Ellen Veloso Cipriano Batista; Nayana Marçal Machado; Marcela Teresa Monção Lago; Muris Alberte Cutrim Rates,10.47172/ijhmreview.v12i3.559,2026-07-27,International Journal of Health Management Review,"Introdução: a calcificação extensa do anel mitral (MAC) converte a valvopatia mitral em um problema anatômico e hemodinâmico tridimensional, associado a ruptura do sulco atrioventricular, lesão da artéria circunflexa, refluxo paravalvar, mismatch prótese-paciente e obstrução do trato de saída do ventrículo esquerdo. Objetivo: sintetizar criticamente os paradigmas cirúrgicos contemporâneos, integrando cardiologia especializada, imagem multimodal, estratégia operatória e engenharia ambiental de processos. Métodos: revisão narrativa estruturada de diretrizes, consensos, revisões sistemáticas, coortes e séries técnicas, com ênfase em publicações entre 2015 e julho de 2026. Resultados e discussão: a técnica deve ser compatibilizada com distribuição do cálcio, mobilidade dos folhetos, fluxo transmitral, geometria ventricular e experiência institucional. Estratégias “respect” reduzem disrupção anular, porém podem limitar o tamanho e o selamento protético; estratégias “resect” recriam uma plataforma regular por descalcificação e patch, com maior risco hemorrágico e de ruptura. Desbridamento seletivo, aspiração ultrassônica, substituição híbrida transatrial e terapias transcateter ampliam o arsenal. Tomografia cardíaca e ecocardiografia transesofágica tridimensional são indispensáveis para mapear o anel, a circunflexa e o neo-LVOT. Conclusão: o tratamento deve ser orientado pelo fenótipo, discutido pelo Heart Team e realizado em centros valvares de alto volume, com planos de bailout, seguimento cardiológico longitudinal e sustentabilidade sem concessões à segurança."
OpenAlex,aortic stenosis,Myocardial Lipid Metabolism Imbalance: The Pathological Core and Novel Diagnostic‐Therapeutic Directions of Cardiovascular Diseases,Peiyun Xie; Qun Zeng; H Y Wang; Meihua She,10.1002/jbt.71033,2026-07-27,Journal of Biochemical and Molecular Toxicology,"Cardiac lipid metabolism is fundamental to myocardial energy homeostasis, with fatty acid oxidation (FAO) supplying the majority of ATP in the healthy adult heart. This review synthesizes the core regulatory network governing cardiac lipid metabolism, encompassing lipid droplet dynamics mediated by perilipins (e.g., Plin5, Plin2), fatty acid uptake via CD36, systemic lipid modulation by apolipoproteins (e.g., APOC3), and the central energy-sensing AMPK/PGC-1α/PPARα axis. Dysregulation of this network initiates a self-perpetuating lipotoxic cycle, characterized by the accumulation of toxic lipid intermediates (e.g., diacylglycerols, ceramides), oxidative stress, and inflammatory activation, which serves as a common pathological mechanism across diverse cardiovascular diseases (CVDs), including atherosclerosis, heart failure, diabetic cardiomyopathy, and ischemic injury. Emerging from this mechanistic understanding is a promising landscape of biomarkers-such as specific ceramide species, the ApoB/ApoA-1 ratio, and circulating perilipins-and targeted therapeutic strategies, including APOC3 inhibitors, SGLT2 inhibitors, and Plin5-directed therapies. Future advances will depend on integrating multi-omics technologies and precision medicine approaches to tailor interventions to specific metabolic phenotypes, thereby opening new avenues for the prevention and treatment of CVDs."
OpenAlex,mitral regurgitation,[A novel TPM1 variant causing Dilated cardiomyopathy in a child: A case report and literature review].,S Y Sun; Yongzheng Lou; 黄立新; Min Xie; Haibo Li,10.3760/cma.j.cn511374-20250929-00581,2026-08-10,PubMed,"OBJECTIVE: To explore the clinical manifestations and characteristics of TPM1 gene variants causing Dilated cardiomyopathy (DCM) in children. METHODS: This study focused on a pediatric patient diagnosed with DCM associated with a TPM1 gene variant, who presented at the Pediatric Cardiology Department of Women and Children's Hospital of Ningbo University on October 1, 2024. A retrospective analysis of the clinical data was conducted. Peripheral blood samples were collected from the patient and both parents. Following extraction of genomic DNA, whole exome sequencing was carried out. Candidate variant was validated by Sanger sequencing in the family trio. Structural prediction and analysis of the mutant TPM1 protein were carried out using AlphaFold and PyMOL. In addition, a systematic literature review was conducted to summarize the clinical manifestations and genetic characteristics of DCM cases linked to TPM1 variants. This study was approved by the Medical Ethics Committee of the hospital (Ethics No.: EC2024-143). RESULTS: The patient, a 2-year-old girl, presented with delayed motor development. Colored Doppler ultrasound revealed left ventricular enlargement with slight endocardial thickening, mild-to-moderate mitral regurgitation, and reduced left ventricular systolic function. Whole exome sequencing revealed that she has harbored a heterozygous c.82_84del (p.Asp28del) variant of the TPM1 gene, which was detected in neither parent, suggesting a de novo origin or parental germline mosaicism. The three-dimensional structure of the TPM1 protein predicted by AlphaFold was analyzed in PyMOL, demonstrating that the variant may result in deletion of aspartic acid at position 28 (Asp28) and replacement with lysine (Lys28), forming new hydrogen bond interactions with residues Glu24, Ala31, and Glu32. A literature review has identified 10 English and 1 Chinese publication, collectively reporting 30 patients (including the present case) and 12 distinct TPM1 variants. Except for the deletion variant in this study, all others were missense variants, with the most common one being c.250G>A (p.Asp84Asn). Clinically, affected infants typically manifested as delayed motor/growth development, feeding difficulties, and dyspnea, while adult patients commonly presented with exertional dyspnea, palpitations, and dizziness as initial symptoms. CONCLUSION: This study has identified a de novo TPM1 variant c.82_84del (p.Asp28del) as a novel cause of pediatric DCM. Early genetic testing is crucial for the diagnosis, clinical management, and genetic counseling. Above finding has also enriched the mutational spectrum of TPM1-associated cardiomyopathy."
OpenAlex,mitral regurgitation,Bio-inspired Dual-scale Attention Fusion Network for Explainable Cardiovascular Risk Profiling via Fundus Imaging,Bhupesh Deka; Dipwanita Debnath; G Shyama Chandra Prasad; Vanam Gopinath; Pavan Kumar Varma Kothapalli; Ramireddy Navatejareddy; Sayanti Chatterjee,10.22266/ijies2026.0831.21,2026-07-28,International journal of intelligent engineering and systems,"The Cardiovascular diseases (CVDs) are the major cause of death on the earth and this fact significantly raises the issue of effective and non-invasive systems of early assessment of the risks.The retinal microvasculature offers a special viewing point on the health of the systemic vascularity and has big potential in the cardiovascular risk stratification.Nonetheless, the majority of available deep learning models are based on spatial representation obtained through convolutional neural networks (CNNs), and they simply ignore important frequency-domain representations stored in retinal images.To overcome this weakness, we present DSAF-Net (Dual-Stream Attention Fusion Network), which is an intelligent clinical decision support system that incorporates supplementary spatial and spectral representation in the process of improved evaluation of cardiovascular risk.Its architecture consists of two parallel processing streams (1) a spatial stream using CNNs with Convolutional Block Attention Modules (CBAM) to learn fine-grained vessel morphology, and (2) a spectral stream using multi-level discrete wavelet decomposition to learn discriminative frequency-domain features.A new cross-stream attention fusion mechanism selectively combines spatial and spectral cues that facilitate the enriched representation of features and better predictive accuracy.Experimental results of DRIVE, STARE and CHASEDB1 show performance improvement and the vessel segmentation achieves a Dice coefficient of 0.8823 +-0.0019 and CVD risk classification reaches a high accuracy of 92.34 +-1.15 making it far ahead of the baseline ResUNet (Dice: 0.8489; Accuracy: 84.56%).The suggested system has a real-time functionality (240 ms per image), which enables its practical use in clinical and telemedicine.The findings suggest that dual-domain attention fusion may provide an effective framework for non-invasive cardiovascular risk assessment."
OpenAlex,mitral regurgitation,Minimally invasive or conventional sternotomy for concomitant mitral valve surgery and surgical ablation for atrial fibrillation: propensity score study,Robert Kashapov; Sergey Khrushchev; Ravil Sharifulin; Bashir Tsaroev; M. N. Murtazaliev; Mirzo Mansurov; Anton Zalesov; Igor' Demin; Alexander Bogachev-Prokophiev,10.3389/fcvm.2026.1821864,2026-07-28,Frontiers in Cardiovascular Medicine,"Background Surgical ablation for atrial fibrillation (AF) during mitral valve surgery is performed via minimally invasive (MICS) or conventional sternotomy (CS) approaches, with a paucity of comparative data. Objective This study compared the efficacy and safety of MICS vs. CS for concomitant mitral valve surgery and AF ablation. Methods From January 2012 to December 2024, 496 combined procedures were performed. After exclusions, 457 patients were analyzed (73 MICS, 384 CS). Propensity score matching (PSM) was used to create balanced groups for comparison. Results After PSM (61 MICS, 191 CS). cardiopulmonary bypass time, aortic cross-clamp time, and total operative duration were longer in the MICS group ( p &amp;lt; 0.001). The MICS group also had a longer ICU stay [2 (1–3) vs. 1 (1–2), p &amp;lt; 0.001] and greater postoperative drainage (MICS—IQR 350–750 mL vs. CS—IQR 250–500 mL, p &amp;lt; 0.001). No significant differences were observed in the incidence of major adverse cardiac and cerebrovascular events (MACE) or mortality. At discharge, more MICS patients were in sinus rhythm (95% vs. 70%, p = 0.003). During long-term follow-up (mean 3.15 years), there were no significant differences in overall survival (HR = 0.69, 95% CI: 0.22–2.21, p = 0.53), freedom from atrial tachyarrhythmias (HR = 0.51, 95% CI: 0.25–1.05, p = 0.068), or freedom from permanent pacemaker implantation [HR = 1.13 (0.20–6.49), p = 0.89]. Conclusion Despite longer perfusion times and certain early recovery metrics, the MICS for combined mitral valve and AF surgery offers comparable long-term safety, efficacy, and rhythm control outcomes to CS. MICS should be considered a viable alternative, contingent upon surgical expertise and individualized patient assessment."
OpenAlex,mitral regurgitation,Therapeutic‐dose verapamil‐induced cardiogenic shock in an older patient: a case report,Christopher Thuring; Maria Carey; Timothy Webber; Biswadev Mitra,10.1002/jppr.70091,2026-07-27,Journal of Pharmacy Practice and Research,"Abstract Background Calcium channel blocker (CCB) toxicity most commonly follows deliberate overdose. However, severe toxicity at therapeutic doses may occur in susceptible individuals. Severe CCB toxicity often presents with clinical features of bradycardia, hypotension, hyperglycaemia, and lactic acidosis. Aim To highlight the potential for life‐threatening cardiogenic shock from verapamil at therapeutic doses in susceptible individuals. Emphasise early recognition of the metabolic characteristics and haemodynamic features of CCBs, including reversibility with prompt, focused treatment. Clinical details An independent woman, aged in her 80s, with multiple cardiovascular comorbidities developed severe cardiogenic shock following an increase in dose of sustained‐release verapamil for rapid atrial fibrillation during admission for presumed infective exacerbation of chronic obstructive pulmonary disease. She presented with hypotension, bradycardia, hypothermia, severe lactic acidosis, hyperkalaemia, and marked hyperglycaemia. Bedside echocardiography demonstrated global ventricular systolic impairment. The patient was managed with fluid resuscitation, ephedrine boluses, adrenaline infusion, treatment of hyperkalaemia, and early critical care retrieval. Outcome Haemodynamic stability was rapidly restored with normalisation of ventricular function within 24 h. The patient made a full recovery. Conclusion This case highlights life‐threatening cardiogenic shock occurring at therapeutic dosing of sustained‐release verapamil in a vulnerable patient, and emphasises the importance of early physiological recognition, metabolic pattern awareness, and targeted inotropic support."
OpenAlex,mitral regurgitation,Ruptured Mycotic Aneurysm of the Femoral Bifurcation: A Rare and Life-Threatening Vascular Emergency,Macédoine Nijimbere; François Nduwimana; P. Hakizimana; Clovis Paulin Baramburiye,10.36347/sasjs.2026.v12i07.011,2026-07-27,SAS Journal of Surgery,"Mycotic aneurysms are rare but life-threatening vascular infections caused by microbial destruction of the arterial wall. Femoral artery involvement is uncommon, and mycotic aneurysms arising at the femoral artery bifurcation are exceptionally rare, particularly in children. Their management remains challenging because of the high risk of rupture, sepsis, and limb loss, especially in resource-limited settings. This case highlights the importance of early diagnosis, timely surgical intervention, aggressive infection control, and the challenges of vascular reconstruction in infected fields, particularly in resource-constrained settings where delayed treatment may adversely affect outcomes."
OpenAlex,mitral regurgitation,Case Report: Complete Kawasaki disease in a 2-month-old infant without coronary involvement,Réka Sólyom; Daniela Toma; Lorena Elena Meliţ; Zsuzsanna Papp; Zoltán Derzsi; Henrietta Dimén,10.3389/fped.2026.1865309,2026-07-27,Frontiers in Pediatrics,"Background Kawasaki disease (KD) is a systemic vasculitis, of unknown etiology, that usually occurs in children between the ages of six months and five years. Patients at the extremes of ages rarely meet all the clinical criteria required for the diagnosis of KD. Atypical or incomplete presentation can lead to delayed diagnosis and treatment, resulting in a higher incidence of cardiac complications. Case presentation We describe the case of a 2-month-old female infant who was admitted to our clinic with persistent fever, generalized maculopapular rash and bilateral conjunctivitis. During hospitalization, she developed oral mucosa and extremity changes. On the 7th day from the onset of fever, the diagnosis of KD was established, and she received intravenous immunoglobulin therapy. Serial echocardiographic examinations remained normal throughout hospitalization and follow-up, with no evidence of coronary artery involvement. Conclusions The presented case underscores that even very young infants can develop complete Kawasaki disease. It also highlights the importance of prompt recognition and appropriate treatment in preventing coronary artery lesions."
OpenAlex,mitral regurgitation,Analysis of the clinical features of chest pain in adolescents and children in the Shihezi area of Xinjiang,Yan Guo; Hu Li; Lin Liu; Yonglin Chen; Li Zhang; Muqing Niu; Fengling Zhang; Longlong Zhu; Xueting Guo; Jinyong Pan,10.3389/fped.2026.1890242,2026-07-27,Frontiers in Pediatrics,"Objective To investigate the causes and clinical characteristics of chest pain in adolescents aged 8-17 years in the Shihezi area of Xinjiang, and to provide reference for clinical diagnosis and treatment. Methods A retrospective analysis was conducted on 243 children aged 8-17 years who presented with non-traumatic chest pain at the Pediatric Emergency and Outpatient Department of the First Affiliated Hospital of Shihezi University from January 2023 to December 2024. Clinical data, including medical history, physical examination findings, laboratory tests, and imaging studies, were collected. Continuous variables were compared using one-way analysis of variance or the Kruskal–Wallis test, and categorical variables were compared using the chi-square test or Fisher's exact test, as appropriate. An exploratory multivariable logistic regression analysis was performed to assess factors associated with cardiac chest pain classification. Results Non-cardiac causes were the most common reason for chest pain (47.7%), followed by cardiac causes (20.6%), while the cause remained undetermined in 31.7% of the cases. Work-rest relationship, NRS score, shortness of breath, and palpitations differed significantly among the three groups, whereas chest pain duration, syncope, and fatigue did not. Sex distribution showed a borderline difference among groups ( P = 0.050). Myocardial biomarkers were higher in the cardiac group; however, these findings should be interpreted cautiously because these biomarkers may have contributed to etiological classification. The non-cardiac group showed the highest abnormal rates in chest x-ray and pulmonary function tests. In exploratory multivariable analysis, NLR, HDL-C, CRP, and LDH were associated with cardiac chest pain classification, but the model was limited by a low events-per-variable ratio. Conclusion Clinicians should emphasize detailed history taking and physical examination and select auxiliary tests according to clinical risk features. Chest x-ray and pulmonary function abnormalities were more frequent in patients with respiratory diagnoses, whereas abnormal electrocardiography and elevated myocardial biomarkers were more common in patients classified as having cardiac chest pain. However, these findings indicate associations rather than diagnostic accuracy."
OpenAlex,mitral regurgitation,Oromotor Dyskinesia and Emotional Lability Masquerading as Anti-NMDA Receptor Encephalitis: Authors’ Reply,Ankit Kumar Meena; Lokesh Saini,10.1007/s12098-026-06372-w,2026-07-27,The Indian Journal of Pediatrics,
OpenAlex,mitral regurgitation,Normal CURE and RURE values for displacement encoding with stimulated echoes (DENSE) at 1.5 Tesla MRI,Minna Husso; Mimmi Liukkonen; Elias Ylä-Herttuala; Xiaoying Cai; Suvi Hartikainen; M Hedman; Martin Ugander; Saara Sillanmäki,10.1038/s41598-026-63200-z,2026-07-27,Scientific Reports,"Abstract Assessment of left ventricular (LV) dyssynchrony is important for diagnosing and guiding therapy in heart failure. Displacement encoding with stimulated echoes (DENSE) magnetic resonance imaging (MRI) quantifies myocardial dyssynchrony but lacks robust reference values. Forty healthy Caucasian volunteers (18–60 years) with no history of cardiac diseases underwent CMR at 1.5T MRI scanner using 2D spiral cine DENSE research sequence. Three short-axis slices (basal, mid-ventricular, apical) were acquired from the LV. Phase images were processed with open-source DENSEanalysis software to measure circumferential (E cc ) and radial (E rr ) strains, from which circumferential uniformity estimate (CURE) and radial uniformity estimate (RURE) were computed. Participants were categorized by sex and age into groups (18–30, 31–41, and 42–60 years). DENSE-derived strain values were also compared to those obtained using MRI feature tracking (FT). Males and females differed in average E cc (− 18 ± 4 vs. − 19 ± 5%, p = 0.01) and E rr (44 ± 20 vs. 36 ± 22%, p = 0.001), with no differences due to age. The apical segment of RURE was higher in males ( p = 0.04), and age did not affect RURE. CURE showed no sex‑ or age‑related variation. The lower limit of normal was 0.80 for CURE and 0.64 for RURE. When FT was compared to DENSE, mean E cc was similar (− 20% vs. − 19%), though patient-level agreement was moderate (Intra class correlation (ICC) = 0.588, p = 0.013); FT showed lower E rr (mean 34% vs. 42%; ICC 0.304, p = 0.062). CURE demonstrated stable values across age and sex in healthy volunteers, supporting its use as a robust marker of LV dyssynchrony with a normal threshold of ≥ 0.80. In contrast, RURE showed greater variability, although a lower reference limit of ≥ 0.64 was established."
OpenAlex,mitral regurgitation,Plasma Homocysteine Concentrations in Horses with Left-Sided Valvular Heart Disease,Patricia Egli; Elizabeth Williams Louie; Martina Stirn; Gunther van Loon; Annelies Decloedt; Colin C. Schwarzwald; Katharyn J. Mitchell,10.3390/ani16152307,2026-07-26,Animals,"In human medicine, homocysteine, a sulfur-containing amino acid, is used as a biomarker reflecting endothelial dysfunction, inflammation, thrombogenesis, oxidative stress and cardiovascular disease. An automated enzyme-cycling assay for homocysteine, established for humans, has been validated and reference ranges have been created for horses. In this study the homocysteine assay was further evaluated by assessing short-term stability (whole blood and plasma samples stored at 4 °C and room temperature for 24 h), long-term stability (two years), the effect of different anticoagulants (lithium heparin, sodium citrate, EDTA, no additives) and repeated freeze–thaw cycles (five times). Further, associations between plasma homocysteine concentrations ([HCY]p) and echocardiographic variables of left heart size, left heart function, and left-sided valve regurgitation were investigated. Homocysteine concentrations remained stable in whole blood at room temperature for at least four hours, or longer when plasma is separated and kept at 4 °C. Samples could be collected in serum blood tubes, lithium heparin (LH), or EDTA without affecting homocysteine concentrations ([HCY]). Plasma [HCY] in frozen samples increased slightly with storage time (years), though up to five freeze–thaw cycles did not affect [HCY]p. In a cohort of 169 horses with left-sided valvular regurgitation, plasma creatinine concentrations and age were positively associated with higher [HCY]p, but no association between [HCY]p and changes in cardiac size, function or severity of valvular regurgitation could be established. Homocysteine is not associated with left-sided valvular heart disease in horses and is not a useful biomarker for structural or functional cardiac changes."
OpenAlex,mitral regurgitation,Severe continuous prosthetic mitral regurgitation from chordal rupture after valve-sparing replacement: a case report,Hongxia Wang; Yun Mou; Jiabin Yuan,10.1186/s13019-026-04656-y,2026-07-26,Journal of Cardiothoracic Surgery,"After mitral valve replacement with preservation of the subvalvular apparatus, prosthetic dysfunction resulting from retained native structures is extremely rare. When it occurs, it may directly threaten the patient’s life. We report an unusual case of severe regurgitation resulting from preserved chordal rupture. The key distinction of this case is the presentation of late, severe continuous prosthetic regurgitation and reversibility. A 54-year-old man had undergone double mechanical valve replacement for severe rheumatic mitral stenosis with mild regurgitation and concomitant aortic regurgitation three years earlier. During surgery, the posterior mitral leaflet and its entire subvalvular apparatus were preserved. Current transesophageal echocardiography revealed a mobile, cord-like structure between the lateral occluder and the prosthetic sewing ring, interfering with leaflet excursion and preventing full closure. This was accompanied by severe prosthetic mitral continuous regurgitation. Surgical findings revealed a ruptured chordae tendineae at the papillary muscle attachment, with the remnant preventing leaflet coaptation. Surgical excision of the ruptured chordal remnant successfully restored normal leaflet function, with complete resolution of the regurgitation confirmed on intraoperative transesophageal echocardiography. When obstruction or regurgitation develops after valve replacement with subvalvular preservation, uncommon causes—such as residual subvalvular tissue or ruptured chordal entrapment—should be considered after excluding more common etiologies. This case illustrates the critical role of transesophageal echocardiography in the diagnosis of chordal entrapment after mitral valve replacement and potentially in preventing complications. The potential benefit of preserving the subvalvular apparatus warrants thoughtful deliberation. Surgical removal of the offending tissue or valve replacement remains the definitive treatment."
OpenAlex,mitral regurgitation,Invasive validation of BSE-2024 vs. BSE-2013 using LVEDP and LV pre-A pressure in patients undergoing cardiac catheterization: a multicenter study with a complementary algorithm,Amer Barakat; Ali Khaddam; Mhd Ameen Alkhatib; Rami Alsaadi; Ahmad Rasheed Alsaadi,10.1186/s44156-026-00132-4,2026-07-26,Echo Research and Practice,"OBJECTIVE: To invasively validate the 2024 and 2013 British Society of Echocardiography (BSE) recommendations for diastolic function (DF) and left ventricular filling pressure (LVFP) detection using LV end-diastolic pressure (LVEDP) ≥ 16 mmHg and LV pre-A > 15 mmHg in patients undergoing left heart catheterization (LHC) and to propose a complementary algorithm to improve diagnostic performance. METHODS: In this prospective multicenter study, 716 patients in sinus rhythm underwent echocardiography within 120 min before clinically indicated LHC (401 derivations and 315 temporally independent validation cohort). Patients with conditions that could interfere with the reliability of the algorithms were excluded. Both guidelines and proposed algorithms estimated DF and LVFP. The diagnostic classifications were compared with invasively-measured LVEDP and LV pre-A pressure. RESULTS: BSE-2024 classified patients as (0.7%) indeterminate, (49.1%) normal and (50.1%) impaired DF, compared with (60.6%), (14.2%) and (25.2%), respectively, using BSE-2013. After excluding indeterminate cases, area under the curve (AUC) for detecting LVFP was comparable (e.g. for LVEDP, BSE-2024: 0.602 vs. BSE-2013: 0.630, P = 0.459). Updated guidelines achieved higher specificity for LVEDP (93.5% vs. 81.9%) but substantially lower sensitivity (27.8% vs. 44.2%), similar to that for LV pre-A (specificity: 92.1% vs. 79.4% and sensitivity 38.2% vs. 50.8%). BSE-2024 reclassified (82.3%) of indeterminate cases and (60.8%) of elevated LVFP under BSE-2013 as normal, with no significant change in overall reclassification (NRI: -0.056, P = 0.41; IDI: -0.056, P = 0.40). The proposed algorithm performance results were {LVEDP: (78.8%) sensitivity and (79.8%) specificity, while LV pre-A: (85.5%) sensitivity and (67.3%) specificity}. The independent validation cohort confirmed the robustness and reproducibility of the complementary algorithm {LVEDP: (88.3%) sensitivity and (87.9%) specificity and LV pre-A: (95.7%) sensitivity and (64.3%) specificity}. CONCLUSIONS: BSE-2024 markedly reduced indeterminate classifications but showed reduced sensitivity and modest diagnostic discrimination against invasive reference standards. Comparisons should be interpreted cautiously because BSE-2013 excludes many indeterminate cases from performance analyses, whereas BSE-2024 retains nearly all patients. The complementary algorithm provided a more balanced diagnostic profile and warrants further external validation."
OpenAlex,mitral regurgitation,Should we fix an old heart? - A case of complex cardiac procedure in an octogenarian,Athina Stratou,10.21203/rs.3.rs-10424105/v1,2026-07-25,Research Square,
OpenAlex,mitral regurgitation,Early Post-Discharge Albuminuria Trajectory and Clinical Outcomes After Acute Heart Failure,Mario Galván Ruíz; Patricia Nogueira-Salgueiro; Jonathan Déniz-Rosario; María del Val Groba Marco; Miguel Fernández de Sanmamed Girón; Jesús M. González‐Martín; Daesub Chung-Kwon; Belén Rojas-Escrivá; Marco Antonio Suarez-Benítez; Elvira Martín-Bou; Sara Aladro-Escribano; Juan Carlos Quevedo‐Reina; Casimira Domínguez-Cabrera; Luis Burgos-Ramírez; Antonio García-Quintana; Alicia Conde‐Martel,10.3390/jcm15155825,2026-07-25,Journal of Clinical Medicine,"Background: Albuminuria is a marker of cardiovascular and renal risk and may reflect dynamic haemodynamic changes in acute heart failure (AHF). However, the prognostic value of early urine albumin-to-creatinine ratio (UACR) monitoring during the vulnerable post-discharge phase remains unclear. Methods: We conducted a prospective single-centre study, including 88 patients with hospitalization for AHF. UACR was measured at discharge and at a two-week follow-up visit. Patients were stratified according to UACR trajectory: (1) persistent normoalbuminuria; (2) microalbuminuria with significant reduction (&gt;50%) or normalization; and (3) persistent microalbuminuria without significant reduction or macroalbuminuria. Clinical outcomes included HF readmissions, all-cause mortality and a composite endpoint of HF readmission or all-cause mortality. Results: Albuminuria was prevalent in 64.8% of patients. Group 3 showed a higher burden of comorbidities, worse renal function and higher congestion markers. During a median follow-up of 553 days, group 3 had a higher incidence of HF events and the composite endpoint. In multivariable analysis, group 3 was independently associated with HF hospitalization (HR 3.09, 95% CI 1.19–8.04; p = 0.021) and the composite endpoint (HR 3.31, 95% CI 1.18–9.35; p = 0.024), whereas no independent association was observed for group 2. Renal function remained stable in groups 1 and 2, while group 3 showed worse renal outcomes. Conclusions: Albuminuria is frequently observed during AHF and is closely related to haemodynamic congestion. Persistent albuminuria identifies a high-risk phenotype, whereas early reduction was associated with more favourable unadjusted outcomes. Early post-discharge UACR trajectory may improve risk stratification during the vulnerable phase."
OpenAlex,mitral regurgitation,Cardiac Device-Related Infective Endocarditis Presenting With Suspected Embolic Stroke in a Patient With a Legacy Implantable Cardioverter-Defibrillator: A Case Report,Samuel Schwartz; Abraham E Libman; Ahmad Naimi; Mayesha Ahmed; Roxana Lazarescu,10.7759/cureus.113354,2026-07-25,Cureus,"Cardiac device-related infective endocarditis can evade early recognition when embolic neurologic symptoms obscure the underlying cardiac source. We report the case of an 87-year-old man with a cardiac resynchronization therapy defibrillator (CRT-D) that was not labeled as MRI-conditional. He presented after an unwitnessed fall with acute dysarthria, facial asymmetry, and asymmetric extremity weakness, with a National Institutes of Health Stroke Scale score of 10 during the acute stroke evaluation. Initial cardiovascular examination revealed no murmur, and noncontrast CT of the head showed no acute intracranial abnormality. Diffusion-weighted MRI could not be obtained at the presenting institution because of his non-MRI-conditional cardiac hardware. Over the subsequent hospital course, his condition progressed to multiorgan failure, marked by worsening baseline thrombocytopenia, acute renal dysfunction, and hyperbilirubinemia. Admission blood cultures grew Streptococcus agalactiae, prompting transesophageal echocardiography (TEE), which demonstrated a mobile vegetation attached to the CRT-D lead and confirmed lead-associated infective endocarditis. This case illustrates how a non-MRI-conditional cardiac implantable electronic device (CIED) can limit neuroimaging in patients with suspected cerebral ischemia and systemic infection. Clinicians should consider early TEE when focal neurologic deficits are accompanied by fever, bacteremia, or systemic toxicity in a patient with a CIED, even when the cardiovascular examination and initial CT neuroimaging are unrevealing."
OpenAlex,mitral regurgitation,Association of Iron Deficiency With the Severity of Heart Failure With Preserved Ejection Fraction: A Hospital-Based Comparative Observational Study From Bangladesh,Dewan Mushfiq Raihan; Mohammad Ullah; Hashan Mamunur Rahman; M Mushfequr Rahman,10.7759/cureus.113308,2026-07-24,Cureus,"Background Iron deficiency is a prevalent and clinically significant comorbidity in heart failure with preserved ejection fraction (HFpEF), yet local data from Bangladesh remain scarce. This study aimed to examine the association between iron deficiency and heart failure severity among patients with HFpEF attending a tertiary cardiac center in Dhaka. Methods This hospital-based comparative observational study enrolled 120 adult patients with HFpEF at Dhaka Medical College Hospital between July 2023 and June 2024. Patients were divided into two groups based on iron status: iron-deficient (Group I, n=60) and iron-replete (Group II, n=60). Iron deficiency was defined according to contemporary heart failure guidelines. Heart failure severity was assessed using the New York Heart Association (NYHA) functional classification, serum N-terminal pro-B-type natriuretic peptide (NT-proBNP) level, and echocardiographic diastolic dysfunction grading per the 2016 ASE/EACVI recommendations. Statistical analysis was performed using SPSS version 26.0 (IBM Corp., Armonk, USA), employing the independent-samples t-test for continuous variables and the chi-square or Fisher's exact test for categorical variables, as appropriate. Results Iron-deficient patients were significantly older (66.1±8.66 vs. 57.87±8.16 years; p &lt; 0.001) and had substantially higher anaemia prevalence (63.3% vs. 18.3%; p&lt;0.001). Iron deficiency was significantly associated with higher NYHA functional class (p=0.003), markedly elevated NT-proBNP levels (3256.75 ± 1124.30 vs. 2099.07 ± 987.50 pg/mL; p &lt; 0.001), and more advanced diastolic dysfunction (p=0.028), with Grade 2 diastolic dysfunction predominating and Grade 3 diastolic dysfunction being more frequent in the iron-deficient group. Conclusions Iron deficiency was significantly associated with greater HFpEF severity across functional, biochemical, and echocardiographic domains, though baseline differences in age and anaemia may have contributed to this unadjusted association. These findings support further evaluation of routine iron status assessment in HFpEF management in Bangladesh, warranting confirmation through prospective, multicenter studies with multivariable adjustment."
OpenAlex,valvular heart disease,Reclaiming the Cardiovascular Physical Examination in the AI Era: Why Bedside Context Still Truly Matters,Alireza Arzhangzadeh,10.5281/zenodo.21111432,2026-07-30,Zenodo (CERN European Organization for Nuclear Research),"Abstract Background: Artificial intelligence (AI)–enabled decision-support tools are increasingly embedded in cardiovascular care, improving access to guidelines, diagnostics, and risk stratification. However, growing reliance on algorithm-supported workflows may unintentionally de-emphasize bedside clinical skills, particularly the cardiovascular physical examination, at a time when patient context remains central to safe and effective decision-making. Main text: This narrative perspective reviews historical foundations and contemporary evidence supporting the diagnostic, prognostic, and outcome-related value of cardiovascular physical examination, with particular focus on heart failure and valvular heart disease. We discuss how bedside findings influence risk stratification, therapeutic decisions, and timing of intervention and examine the limitations of AI-driven tools in capturing social, environmental, and hemodynamic context. We propose an “augmented bedside” model in which AI functions as clinical decision support, while physicians retain responsibility as context-aware managers integrating physical examination, patient goals, and real-world constraints. Conclusions: In the AI era, cardiovascular care should not move away from the bedside but return to it with enhanced tools. Re-centering practice on a clinically responsible, context-aware physical examination-augmented rather than replaced by AI offers a practical pathway to improve diagnostic precision and patient outcomes."
OpenAlex,valvular heart disease,Reclaiming the Cardiovascular Physical Examination in the AI Era: Why Bedside Context Still Truly Matters,Alireza Arzhangzadeh,10.5281/zenodo.21111433,2026-07-30,Zenodo (CERN European Organization for Nuclear Research),"Abstract Background: Artificial intelligence (AI)–enabled decision-support tools are increasingly embedded in cardiovascular care, improving access to guidelines, diagnostics, and risk stratification. However, growing reliance on algorithm-supported workflows may unintentionally de-emphasize bedside clinical skills, particularly the cardiovascular physical examination, at a time when patient context remains central to safe and effective decision-making. Main text: This narrative perspective reviews historical foundations and contemporary evidence supporting the diagnostic, prognostic, and outcome-related value of cardiovascular physical examination, with particular focus on heart failure and valvular heart disease. We discuss how bedside findings influence risk stratification, therapeutic decisions, and timing of intervention and examine the limitations of AI-driven tools in capturing social, environmental, and hemodynamic context. We propose an “augmented bedside” model in which AI functions as clinical decision support, while physicians retain responsibility as context-aware managers integrating physical examination, patient goals, and real-world constraints. Conclusions: In the AI era, cardiovascular care should not move away from the bedside but return to it with enhanced tools. Re-centering practice on a clinically responsible, context-aware physical examination-augmented rather than replaced by AI offers a practical pathway to improve diagnostic precision and patient outcomes."
OpenAlex,valvular heart disease,Abstracts of the ERICA ERN research conference,,10.1186/s13023-026-04450-y,2026-07-28,Orphanet Journal of Rare Diseases,MSKCC. ROC AUC were Pan Ran
OpenAlex,valvular heart disease,When Virchow’s Triad Goes on Overdrive: Catastrophic Multi-System Thrombosis in the Setting of New-Onset Heart Failure in a Previously Healthy Man,Bhanu C. Ramachandran; Yolande Mbome; Tanuj Gupta; Karan Bhanushali; John Sabu,10.14740/jmc5312,2026-07-28,Journal of Medical Cases,"Catastrophic multi-territory thromboembolism is an uncommon but life-threatening presentation that often signals an underlying hypercoagulable state or severe cardiac dysfunction. When all three components of Virchow’s triad converge simultaneously in a previously healthy individual, the clinical consequences can be devastating and the diagnostic workup both urgent and complex. We report a 58-year-old man with no prior medical history who presented with progressive dyspnea and was found to have bilateral pulmonary emboli, large mobile thrombi in both the left atrium and left ventricle, and extensive systemic arterial thrombosis culminating in left lower extremity ischemia. Imaging revealed an underlying heart failure with reduced ejection fraction with an estimated ejection fraction of 20% and concurrent atrial flutter. Comprehensive hypercoagulable workup including antiphospholipid antibody syndrome evaluation was negative. The patient required emergent left lower extremity embolectomy at the initial hospital, transfer to a tertiary center for repeat femoral-femoral bypass that subsequently thrombosed, and ultimately a left below-knee amputation. He was discharged on apixaban. Subsequent atrial fibrillation/flutter ablation achieved durable sinus rhythm. Genetic testing revealed a pathogenic TTN (titin) variant, providing a unifying etiology for his dilated cardiomyopathy. Serial echocardiography at 3 months demonstrated resolution of all intracardiac thrombi; repeat imaging at 6 months showed substantial left ventricular ejection fraction recovery to 42%. This case illustrates that new-onset heart failure with reduced ejection fraction with concurrent atrial flutter can serve as a sufficient and independent driver of catastrophic multi-territory thromboembolism without additional systemic hypercoagulable disease. It also demonstrates that with aggressive guideline-directed medical therapy, rhythm control, and sustained anticoagulation, meaningful ventricular recovery is achievable even after severe initial dysfunction. TTN-related cardiomyopathy should be considered in otherwise unexplained dilated cardiomyopathy, and genetic counseling should be offered to first-degree relatives."
OpenAlex,valvular heart disease,"Dietary Inflammatory Index, cardiovascular health, and long-term outcomes in hypertension: external validation in a Chinese percutaneous coronary intervention cohort",Jianchun Zhang; Yuwei Qiang; Ping Li; Qingqing Wu; Jiahui Song; Lu Yang,10.3389/fnut.2026.1880961,2026-07-28,Frontiers in Nutrition,"Background Hypertension frequently coexists with poor cardiovascular health (CVH), yet whether the inflammatory potential of habitual diet, captured by the Dietary Inflammatory Index (DII), relates to CVH and to subsequent adverse cardiovascular events in this population remains unclear. Methods A discovery analysis was performed in 12,376 hypertensive adults from NHANES (2005–2018), with suboptimal CVH defined as a Life’s Essential 8 (LE8) score &amp;lt; 80. External validation used a single-center retrospective cohort of 1,053 Chinese hypertensive patients who underwent percutaneous coronary intervention (PCI); because an LE8 ≥ 80 is rarely attained in this high-risk secondary-prevention population, suboptimal CVH was defined as LE8 &amp;lt; 60. Multivariable logistic regression, restricted cubic spline, subgroup, and mediation analyses examined the DII–CVH association in both cohorts; NHANES analyses incorporated complex survey design weights. In the PCI cohort, Cox proportional-hazards models assessed the associations of DII and LE8 with major adverse cardiovascular events (MACE), all-cause mortality, recurrent myocardial infarction (MI), and repeat revascularization. Results In NHANES, higher DII was independently associated with suboptimal CVH [fully adjusted odds ratio (OR) 1.39, 95% confidence interval (CI) 1.30–1.50; OR 3.84, 95% CI 2.67–5.52 for the highest versus lowest DII tertile], with a linear dose–response. A consistent association was observed in the PCI cohort: each one-unit increase in DII conferred 29% higher odds of suboptimal CVH (fully adjusted OR 1.29, 95% CI 1.19–1.39; OR 2.99, 95% CI 2.11–4.22 for the highest versus lowest tertile), with a linear dose–response. DII independently predicted MACE [hazard ratio (HR) 1.19, 95% CI 1.10–1.28], recurrent MI (HR 1.24, 95% CI 1.10–1.39), repeat revascularization (HR 1.14, 95% CI 1.02–1.28), and all-cause mortality (HR 1.19, 95% CI 1.04–1.35). Conclusion Higher dietary inflammatory potential is linearly associated with poorer CVH across two demographically and clinically distinct hypertensive cohorts and predicts adverse cardiovascular events in patients with established coronary disease, warranting prospective evaluation."
OpenAlex,valvular heart disease,"Commentary: Immunometabolic control of cytokine production by micronutrients in health, aging, and inflammation",ZhiTong Qu; Wenqin Wang; Jie Wang,10.3389/fimmu.2026.1904982,2026-07-28,Frontiers in Immunology,"Ghosh and Chattopadhyay propose a hierarchical immunometabolic framework with five sequential checkpoints: nutrient sensing, epigenetic programming, calcium-redox signaling, inflammasome/lytic cell death, and NAD⁺-CD38-SIRT-mediated immunosenescence [1]. This innovative model reframes micronutrients not merely as passive cofactors but as active metabolic sensors and epigenetic modifiers that dynamically shape immune cell fate and functional polarization across both innate and adaptive immune cell compartments. Here we extend this framework along five complementary dimensions that reveal convergent mechanisms, stress-mediated neuroendocrine inputs, and critical translational implications not addressed in the original model.We reposition the NAD⁺/CD38/SIRT axis from a parallel checkpoint (CP5) to the convergent hub that mechanistically integrates all five checkpoints. NAD⁺ availability governs epigenetic (SAM-dependent methylation at CP2), metabolic (mTORC1/GCN2 via SAMTOR at CP1), and redox (SIRT3/GPX4-mediated ferroptosis suppression at CP4) processes across the entire hierarchy. NAD⁺ depletion impairs SIRT1 deacetylation of NF-κB p65 and histone H3K9, sustaining constitutive pro-inflammatory cytokine expression-a hallmark of inflammaging. In COPD, lactate-induced H4K12 lactylation upregulates CD38, simultaneously disrupting calcium homeostasis (CP3) and amplifying NLRP3 inflammasome activation (CP4); CD38 blockade, p300/CBP inhibition, or NAD⁺ precursor supplementation each reverses this phenotype independently [2], demonstrating that the axis functions as a unified regulatory node rather than an isolated checkpoint. In SLE, the CD38/NAD/SIRT1/EZH2 axis impairs CD8⁺ T cell cytotoxicity through H3K27me3-mediated silencing of perforin and granzyme genes [3]. These convergent effects-spanning epigenetic, metabolic, and redox domains-establish the CD38-NAD⁺-SIRT axis as the highest-priority therapeutic target and the mechanistic backbone unifying the entire checkpoint hierarchy.The original framework omits chronic psychological stress, a pervasive Three epigenetic mechanisms extend the original framework. First, HDAC11 selectively brakes FoxP3⁺ Treg suppressive function; its pharmacological inhibition confers allograft tolerance [5], complementing ATRA-driven histone acetylation and suggesting HDAC11 as a druggable checkpoint regulator with relevance to autoimmunity and transplantation.Second, zinc/copper-dependent EZH2 catalyzes H3K27me3 silencing of Early NMN therapy restored valvular NAD⁺ and attenuated calcification in CAVD, whereas delayed intervention after established pathology proved substantially less effective [7]. This temporal dependency-where early metabolic intervention prevents irreversible tissue remodeling but late intervention cannot reverse fixed calcific damage-likely generalizes broadly across immunometabolic checkpoints.In the context of the convergent hub model, the effective intervention window closes progressively as irreversible epigenetic and metabolic reprogramming accumulates during chronic NAD⁺ depletion, with direct implications for biomarker-guided trial design: serial NAD⁺, CD38, and SAM measurements could define the transition from reversible to fixed metabolic dysfunction and thereby stratify patients most likely to benefit from targeted immunometabolic intervention before irreversible commitment occurs.Phase 1/2 data with low-dose oral NMN (450 mg twice daily) in steroid-refractory ITP demonstrated that 20% achieved platelet counts ≥50 × 10⁹/L and 52% sustained responses at 8 weeks [8], confirming nutritional immunometabolism as a feasible therapeutic strategy in refractory autoimmune disease. Complementary clinical axes include magnesium-mediated LFA-1 activation enhancing CD8⁺ T cell effector responses to immune checkpoint inhibitors in tumor models [9], vitamin D₃ supplementation improving rituximab efficacy via NK cell ADCC augmentation [10], and personalized biomarker-guided micronutrient regimens achieving 33-46% hs-CRP reductions in inflammatory cohorts [11]. Collectively, these data validate the translational viability of multi-checkpoint targeting while underscoring the need for combination approaches that address convergent rather than isolated nodes-consistent with the convergent hub model predicting superior efficacy from simultaneous NAD⁺ restoration and CD38 inhibition across disease contexts.We All the authors agree to publish this manuscript in presentjournal."
OpenAlex,valvular heart disease,Risk Factors for Readmission and Repeated Surgery in Patients Undergoing Transperineal Endoscopic Pudendal Nerve Decompression: A Cohort Study,В. А. Белобородов; И. А. Степанов,10.17816/kmj698198,2026-07-28,Kazan medical journal,"BACKGROUND: Transperineal endoscopic pudendal nerve decompression is an effective and minimally invasive treatment for patients with compressive pudendal neuropathy; however, some patients experience recurrence of symptoms, requiring repeat surgery. AIM: To identify risk factors for readmission and repeated surgeries in patients after transperineal endoscopic pudendal nerve decompression. METHODS: A single-center, retrospective cohort study was conducted (December 2023—October 2025). It included 524 patients (mean age 54.2 years, 48.5% males) who underwent endoscopic pudendal nerve decompression for compressive neuropathy. Within 90 days, 42 (8.0%) patients underwent repeated surgery, and 91 (17.0%) were readmitted for surgery-related reasons. We analyzed demographic, surgical, and comorbidity parameters (over 30 factors, including injury to the internal pudendal artery, valvular heart disease, and fluid and electrolyte imbalances). Univariate analysis was performed. Groups were compared using the t-test and Pearson chi-square test with Bonferroni correction. RESULTS: The 90-day readmission rate was 17.0% (n = 91), and the repeated surgery rate was 8.0% (n = 42). No preoperative or intraoperative factor was significantly associated with repeated surgery (p 0.05). Readmission was associated with injury to the internal pudendal artery (p 0.001), valvular heart disease (p = 0.004), and fluid and electrolyte imbalances (p = 0.038). Postoperative complications included: pain exacerbations (8.2%), surgical site infections (1.5%), urinary tract infections (1.9%), and posthemorrhagic anemia (0.7%). CONCLUSION: No risk factors for repeated surgery were identified. Readmissions were associated with injury to the internal pudendal artery, valvular heart disease, and fluid and electrolyte imbalances."
OpenAlex,valvular heart disease,Fibroblast PIEZO1 Promotes Autoimmune Valvular Carditis 2328060,Charles Roll; Jennifer Auger; Lucas Menéndez; A. B. Peck; Michelle Tallquist; Bryce Binstadt,10.1093/jimmun/vkag141.1763,2026-07-28,The Journal of Immunology,"Abstract Introduction Cardiac valve inflammation accompanies several autoantibody-mediated diseases. Interestingly, this pathology is typically restricted to the higher pressure left side of the heart (mitral and aortic valves), suggesting a link between mechanical stress and inflammation. The K/B.g7 mouse model of autoimmune arthritis and valvular carditis recapitulates key aspects of autoimmune valvular carditis in humans, including attack of the left-sided cardiac valves. We hypothesized that mechanosensing drives this side-specific susceptibility and investigated the role of PIEZO1, a mechanosensitive ion channel, in mediating autoimmune valvular carditis. Methods Using the K/B.g7 mouse model, we conditionally deleted PIEZO1 in endothelial cells (Cdh5-Cre), macrophages (Cx3Cr1-Cre), and fibroblasts (Tcf21-Cre). Cdh5 and Tcf21 Cre-mediated deletion were induced via oral tamoxifen gavage at 4 weeks of age, whereas Cx3cr1 Cre-mediated deletion was constitutive. Hearts were harvested from 8-week-old mice. Valve thickness and pathology were quantified via hematoxylin and eosin (H&amp;E) staining of histological sections. Results Deletion of PIEZO1 in Tcf21+ fibroblasts significantly reduced valve inflammation and thickening (p = 0.0343). In contrast, PIEZO1 deletion in endothelial cells (p = 0.7984) or macrophages (p = 0.9118) did not attenuate pathology. Preliminary experiments show no significant differences in valve adhesion receptor expression, cellular proliferation, or collagen organization following fibroblast-specific loss of PIEZO1. Conclusion These results demonstrate that PIEZO1 expressed by Tcf21+ fibroblasts is a critical contributor to mitral valve inflammation in autoimmune valvular carditis. While specific downstream mechanisms remain to be elucidated, they likely include numerical cell changes, extracellular matrix remodeling, and/or altered intercellular communication. These findings suggest that fibroblast-mediated mechanosensing could underlie the left-sided bias observed in autoimmune valvular carditis. Funding Source 1T32HL166142-01 5T32AI007313-36 5R01HL121093-10 Topic Categories Basic Autoimmunity (BA)"
OpenAlex,valvular heart disease,Right Ventricular Strain Imaging: Present and Future,Parminder Sharma; Arghadip Bose; Basant Kumar,10.1177/26324636261464866,2026-07-28,Indian Journal of Clinical Cardiology,"Right ventricular function has historically received less attention than left ventricular function. Yet, emerging evidence highlights its crucial prognostic role in various cardiovascular diseases, including acute myocardial infarction, pulmonary hypertension, pulmonary embolism, and congenital heart disease. Advances in echocardiography, particularly two-dimensional speckle-tracking echocardiography, have enabled quantitative assessment of right ventricular global longitudinal strain and right ventricular free-wall longitudinal strain, providing greater sensitivity for detecting subclinical right ventricular dysfunction than conventional indices, such as tricuspid annular plane systolic excursion or fractional area change. This review will provide methodology, normal reference values, and clinical applications of right ventricular global longitudinal strain, specifically for the Indian context. It incorporates recent Indian studies across acute myocardial infarction, valvular heart disease, cardiac surgery, heart failure with preserved ejection fraction, and diabetes mellitus. International data provide a comparative context, revealing significant gaps in population-specific normative data for India. Technical challenges, including vendor variability, load dependency, and imaging quality limitations, are discussed alongside emerging technologies such as 3D speckle-tracking, artificial intelligence integration, and telemedicine applications. The review concludes with recommendations for establishing India-specific reference ranges, developing comprehensive training programs, and conducting large-scale prospective outcome studies to facilitate routine clinical integration of right ventricular strain imaging across India’s diverse healthcare landscape."
OpenAlex,valvular heart disease,Age-Specific Multimorbidity Networks and Key Diseases: A Disease-Disease Network Analysis Using Taiwan Biobank Data,Kuo-Fan Liao; San-Fang Chou; Zhuang Zh; Ai‐Ru Hsieh,10.21203/rs.3.rs-9927105/v1,2026-07-27,Research Square,
OpenAlex,valvular heart disease,NAVIGATING SYSTEMIC HEALTH CHALLENGE IN PROSTHODONTIC TREATMENT PLANNING – A NARRATIVE REVIEW,,10.31032/ijbpas/2026/15.8.10424,2026-07-27,International Journal of Biology Pharmacy and Allied Sciences,"Medically compromised patients increasingly seek prosthodontic care due to longer lifespan, improved medical management of systemic diseases, and growing awareness of oral rehabilitation.Systemic diseases influence salivary gland function, mucosal tolerance, bone metabolism, osseointegration, neuromuscular control, bleeding tendency, and healing capacity -all of which impact prosthodontic prognosis.This narrative review examines prosthodontic considerations and treatment modifications for cardiovascular diseases, anticoagulant therapy, diabetes mellitus, thyroid and adrenal disorders, chronic obstructive pulmonary disease (COPD), asthma, tuberculosis, Parkinson's disease, osteoporosis, Paget's disease, fibrous dysplasia, cancer undergoing chemotherapy and radiotherapy, osteoradionecrosis, and implants in irradiated bone.Evidence-based clinical recommendations encompass modifications to impression techniques, the utilisation of soft liners, saliva substitutes, stress-reduction protocols, recall scheduling, and interprofessional communication.Safe prosthodontic rehabilitation is possible with the right evaluation and changes."
OpenAlex,valvular heart disease,Identifying and profiling authoritative cardiology-related key opinion leaders on Xiaohongshu: a social media-based study,Lili Wang; Qi Sun; Yang Wang; Tianyan Yu; Tingting Cai; Lingxiao Ye,10.3389/fpubh.2026.1889294,2026-07-27,Frontiers in Public Health,"Objective To identify and characterize distinct types of authoritative cardiology-related key opinion leaders (ACKOLs) on Xiaohongshu and examine their communication characteristics and engagement patterns. Methods A social media profiling study was conducted on Xiaohongshu. Eligible ACKOLs were identified through manual searches and screened using predefined criteria. We applied a theory-informed 14-indicator profiling framework covering communicator credibility, social network visibility, message production, message expression and communication style, and audience engagement. K-means clustering was performed to classify ACKOLs, and word clouds were generated to visualize thematic characteristics. Results A total of 150 ACKOL accounts comprising 46,616 posts were included. Four distinct types were identified: Public Health Educators, Clinical Narrators, Academic Interactors, and Authoritative Experts. Public Health Educators focused on accessible prevention-related science popularization content. Clinical Narrators emphasized clinical case sharing and psychosocial support. Academic Interactors showed the highest engagement and the strongest academic dissemination profile. Authoritative Experts had the largest follower base and strongest professional authority but relatively lower engagement. Together, these ACKOL types demonstrated complementary roles in information dissemination, emotional support, and audience engagement. Conclusion ACKOLs on Xiaohongshu exhibit substantial heterogeneity in communication strategies and audience engagement. Different ACKOL types jointly form a complementary digital health communication ecosystem that may support cardiovascular disease management and patient-centered health communication."
OpenAlex,valvular heart disease,Cardiovascular Phenotypes Across Major Cancer Types: Distribution and Association with All-Cause Mortality in a Retrospective Cohort Study,Bozhidar Krastev; Natalia Spasova; Desislava Somleva; Angelina Borizanova; George Dimitrov; Elena Kinova; A. Goudev,10.3390/diagnostics16152342,2026-07-27,Diagnostics,"Background/Objectives: Cardiovascular comorbidities are frequent in patients with solid malignancies, but their distribution across tumor types and their association with recorded all-cause mortality remain insufficiently defined. This study assessed clinically defined cardiovascular phenotypes across major cancer groups and examined their association with recorded all-cause mortality. Methods: We performed a retrospective cohort study of 2020 consecutive adult patients hospitalized with malignancies at University Hospital “Tsaritsa Yoanna—ISUL” between September 2023 and December 2025. Patients were classified as having respiratory, gastrointestinal, genitourinary, breast, or other solid malignancies. Four non-mutually exclusive cardiovascular phenotypes were predefined: atherosclerotic, cardiometabolic, structural heart disease, and thromboembolic. Mortality status was ascertained through the National Health Insurance Fund database and hospital electronic records. As complete time-to-event data were unavailable, mortality was analyzed as a binary outcome using multivariable logistic regression. Results: Recorded all-cause mortality occurred in 471 patients (23.3%) and differed significantly across solid tumor types (p &lt; 0.001). Mortality was highest in respiratory cancers (42.3%), followed by gastrointestinal cancers (30.2%), other malignancies (23.5%), genitourinary cancers (14.9%), and breast cancer (9.1%). Cardiovascular phenotypes also differed across tumor groups. In the fully adjusted model, structural heart disease was associated with recorded all-cause mortality status after multivariable adjustment (OR 1.61, 95% CI 1.16–2.23, p = 0.004). The atherosclerotic phenotype showed a borderline association (OR 1.42, 95% CI 1.00–2.02, p = 0.051), whereas cardiometabolic and thromboembolic phenotypes were not associated with recorded mortality after multivariable adjustment. Model AUC was 0.771. When cardiovascular burden was modeled continuously, each additional cardiovascular factor was associated with higher odds of recorded all-cause mortality status (OR 1.12, 95% CI 1.03–1.21, p = 0.005). Conclusions: Cardiovascular profiles differed across cancer types. Structural heart disease was the most consistent cardiovascular phenotype associated with recorded all-cause mortality, while overall cardiovascular burden provided additional but modest mortality-related information. In our cohort, routinely recorded cardiovascular diagnoses helped characterize mortality-related clinical profiles. However, these findings should be viewed as observational and hypothesis-generating, and further longitudinal studies are needed before any clinical use can be recommended."
OpenAlex,deep learning,The Role of Collective Bricolage in Creating University Governance Structures: The Example of the Galileo Observatory,Ariel Méndez; Amandine Pascal,,2050-01-01,Cairn.info,"This study investigates the concept of “collective bricolage” within the framework of creating a universe science observatory in France. In the face of significant transformations in higher education and research, this article examines how university stakeholders can employ collective bricolage to adapt to institutional mandates for restructuring. Drawing on Lévi-Strauss’s notion of bricolage and the theoretical contributions of Duymedjian and Rüling (2010), this research investigates how this bricolage can be implemented in the absence of conventional or normative space to support the process, and particularly within a context characterized by conflictual relationships. The case study analyzes the collective bricolage process and its components, demonstrating that the dialectical nature of collective bricolage facilitates the creation of robust governance structures through the negotiation and recombination of resources and rationales from the diverse actors involved."
OpenAlex,deep learning,The nature and tensions of environmental management control in local authorities,Christophe Maurel; Christophe Favoreu; London Proofreaders,,2050-01-01,Cairn.info,"This exploratory research aims to characterize, on the one hand, the concept of environmental management control (EMC) through the practices that underpin it, and, on the other hand, the tensions associated with it and the implementation of these practices in public organizations. Although EMC is attracting growing interest within the public sector, it seems to be facing technical and governance difficulties. A grid for analyzing management tools and the theory of organizational paradoxes is used to address the issue of characterizing EMC practices and the associated tensions in the local public sector. Various municipalities were mobilized to explore and characterize their first experiences of implementing EMC. Our results enable us to characterize both the tools used and the tensions generated between the objectives pursued in terms of resource management, dialogue with the socio-economic environment, and behavioral orientation."
OpenAlex,deep learning,A collaborative and participatory approach to public service innovation: Health sector dynamics and outlook,Fatima Yatim; Alan Sitkin; Cadenza Academic Translations,,2050-01-01,Cairn.info,"This article explores the dynamics of collaborative and participatory innovations in public health services using Chen et al.’s (2020) typology. Based on a mixed survey of projects awarded under the national “Droits des usagers de la santé” initiative, the study finds that user participation primarily generates operational and capacity-oriented innovations frequently involving external partnerships. The analysis highlights the crucial interactions between internal and external dynamics, identifying essential conditions for successful innovations: effective mobilization of internal resources, robust institutional support, and early and active user involvement. However, the study also identifies limitations in citizen engagement, particularly in the evaluation phase of innovations. The article concludes by suggesting avenues for enhancing full co-creation processes in public services to maximize public value."
OpenAlex,deep learning,Genesis of Organizational Innovation in Healthcare,Sabrina Grandclaude; Didier Grandclaude; Thierry Nobre; Cadenza Academic Translations,,2050-01-01,Cairn.info,"Based on the analysis of 96 organizational innovation in healthcare (OIH) projects and 52 interviews conducted with project leaders initiating these innovations, this research identifies the phenomena underlying the genesis of OIHs. The results highlight the major role played by factors such as patient empathy, international inspiration, academic inspiration, technological inspiration, serendipitous encounters, and the desire for organizational transformation in driving the generation of OIHs. Furthermore, our findings emphasize the dual nature of the research and development process for these innovations, characterized as both ex nihilo and ex materia."
OpenAlex,deep learning,"Depth of Processing, learner aptitude, and the acquisition of L2 English grammatical structures",Shweta Nigam,10.48683/1926.00128861,2031-01-01,CentAUR (University of Reading),"Depth of Processing (DoP) is central to several models of instructed second language acquisition (ISLA) (Leow, 2015). While DoP has been extensively examined in vocabulary learning (e.g., Laufer &amp; Hulstijn, 2001), its role in the acquisition of grammatical structures, particularly through oral and audio-visual modalities remains comparatively underexplored. Drawing on the Levels of Processing framework (Craik &amp; Lockhart, 1972), this study investigated whether task-induced processing depth influences the acquisition of third conditionals and comparatives, and whether language aptitude (LLAMA B, D, F) predicts learning gains. Using a pretest–posttest design, four intact classes involving 108 Grade 8 EFL learners in India were assigned to one of the three experimental conditions differing in level and type of processing: Low DoP, High DoP Explicit, and High DoP Implicit. The treatment task required the participants to listen to an audio-visual story containing the target structures (third conditionals and comparatives) and complete analytic tasks (varying in different groups) before listening to the story for a second time. The oral performance of the participants was analysed for accuracy, and frequency of use of the target structures. A grammaticality judgement test (GJT) and an elicited imitation task (EIT) were used to assess the participants’ gains in the knowledge of the target structures. In addition, language aptitude (LLAMA B, D, F) was measured and modelled as a predictor of gain scores. Results showed a significant effect of processing condition on GJT performance with the High DoP Implicit group outperforming the High DoP Explicit group on total scores and comparatives. In contrast, ANCOVA analyses indicated no significant group differences on EIT outcomes once pretest performance was controlled, with pretest scores strongly predicting posttest performance. In oral production, processing effects were structure-specific: the Low DoP group showed greater accuracy gains for comparatives, while both High DoP groups revealed increased frequency of use of third conditionals. However, across all four measures, multiple regression analyses indicated that LLAMA B, D, and F did not significantly predict gain scores. Overall, the findings support a processing-by-structure pattern: deeper processing benefits were most evident for the more salient structure (comparatives) on an explicit, written measure, whereas complex, low-salience forms (third conditionals) showed limited accuracy change but increased frequency of use under deeper processing."
OpenAlex,deep learning,Combating Data and Target Shifts in Visual Tasks,Zhaorui Tan,10.17638/03194353,2031-01-01,Open MIND,"The rapid advancement of deep learning models for visual tasks has led to significant progress in many domains. However, a key challenge remains: ensuring that models can generalize effectively to unseen samples or novel classes, especially in real-world scenarios where training data-target pairs are often limited or unavailable, and test data may exhibit shifts in both data and targets. This thesis addresses the problem of shifts across data and targets, proposing novel methods to improve model generalization and transferability in complex settings. The thesis identifies the different shift scenarios for visual tasks and presents their problem forms. The research first relaxes the static target distribution assumption in Multi-Domain Generalization (mDG) tasks, introducing the General Multi-Domain Generalization (GMDG) objective to improve generalization under varying data shifts. Specifically, Extensive experiments validate that GMDG is feasible for classification, segmentation, and regression tasks. Further considering extreme target distribution shifts where even unknown novel classes emerge, the study also explores logical regularization techniques for tasks such as Generalized Category Discovery (GCD), mDG+GCD, and Class Incremental Learning (CIL), proposing a sample-based logical regularization term (L-Reg) to enhance data-, target-, and all-shift generalization. Additionally, a partial logic framework is introduced to address challenges in CIL, enabling models to retain room for unknown classes during training. This is further extended by the Partial-Logic Regularization (PL-Reg), which improves generalization across GCD, mDG+GCD, and transferability for CIL tasks. Furthermore, the thesis proposes a novel Semantic-aware Data Augmentation (SADA) framework for cross-modality generalization in text-to-image synthesis (T2Isyn), text-image retrieval (TIR), and image-text retrieval (ITR) tasks. This framework ensures semantic preservation across text and image modalities, improving both semantic consistency and image quality in cross-modality tasks. The methods proposed in this thesis offer significant advancements in visual generalization and transfer scenarios, providing theoretical insights and practical solutions for handling data shifts, target shifts, and multi-modalities in complex scenarios. Extensive experiments validate the effectiveness of the proposed methods, demonstrating their superior performance across a range of tasks."
OpenAlex,deep learning,Assessing the Role of Digital Transformation in Strengthening Customer Engagement: A Case Study of bKash,Abdullah Al Ahad; Majeda Begum,,2031-01-01,RUCforsk (Roskilde University),"In this study, the role of digital transformation in enhancing customer engagement in the mobile financial services (MFS) industry is explored through a case study of bKash in Bangladesh.The research was designed to find out the key digital transformation projects which bKash has done, understanding customer perceptions about digital service, understanding the relationship and analysis between features of digital transformation and customer engagement, and analysing the challenges and opportunities of digital transformation.The research method used was a mixed-method research design, which was a combination of quantitative survey data from 46 respondents and qualitative data from the interviews conducted with 4 participants.The quantitative data were analysed statistically using descriptive statistics, reliability analysis, correlation analysis and multiple regression analysis, and the qualitative data were analysed in themes.The study was adopted primarily based on the Technology Acceptance Model (TAM) with the aid of the Diffusion of Innovation (DOI)Theory.The results propose that digital transformation has a positive impact on customer engagement for bKash.The PU, TR and PS measures had strong direct effects on customer engagement.On the contrary, the POEU and DSQ measures had results were statistically insignificant.Qualitative data discussion specified some factors that influence users experience, and these are convenience, reliability, and trust.Though there are several advantages in using digital platforms like bKash, but there are some cautions and issues of being worried.Fraud and service cost is two key area of being worried.According to the findings of this research project, the significance of ongoing innovation, robust security measures, and customer-focused digital approaches are so crucial and in emerging markets Bangladesh, financial service providers should integrate these issues to succeed in the competition."
OpenAlex,deep learning,Antecedents and consequences of Green-tech FDI in emerging markets,Zhuoran Liu,10.17638/03195308,2031-01-01,Open MIND,"As environmental pressures intensify, attracting sustainable foreign direct investment (FDI), particularly green-tech FDI, has become a critical pathway for emerging markets to achieve environmental sustainability. However, existing research remains fragmented, offering limited insights into why green-tech FDI enters emerging markets and how it affects regional green innovation. This thesis addresses these gaps by systematically examining both the antecedents and consequences of green-tech FDI through three empirical studies using regional data from China. Study 1 and Study 2 focus on the antecedents of green-tech FDI. Study 1 examines how host-country conditions can attract green-tech FDI, highlighting the role of environmental management information disclosure (EMID) by domestic firms in reducing information gaps and strengthening green market–seeking motives. Study 2 shifts attention to the active decision-making of green-tech FDI, showing that under uncertainty, green-tech foreign investors engage in identity-based bandwagon learning by imitating peers with similar green identities, thereby mitigating investment risks. Study 3 turns to the consequences of green-tech FDI. It demonstrates that, due to the technological complexity of green innovation and limited absorptive capacity in emerging markets, green-tech FDI may generate crowding-out effects rather than purely positive spillovers. Adopting a network perspective, the study further finds that universities play a key moderating role: through broad linkages and deep collaborations, they help mitigate negative spillovers and facilitate the diffusion of green technologies. Together, the three studies advance the literature on sustainable FDI by differentiating green-tech FDI from general FDI and identifying the specific mechanisms that shape its entry decisions and local innovation outcomes. Practically, the findings provide guidance for emerging-market governments and firms on how to attract and manage sustainable investment, balance growth with environmental objectives, and strengthen local innovation ecosystems."
OpenAlex,deep learning,Deep learning design of programmed enhancer pairs,Salil Garg; Blake M Torres; Joanna Wypasek,10.5281/zenodo.19477875,2030-04-08,Zenodo (CERN European Organization for Nuclear Research),
OpenAlex,deep learning,Deep learning design of programmed enhancer pairs,Salil Garg; Blake M Torres; Joanna Wypasek,10.5281/zenodo.19463376,2030-04-08,Zenodo (CERN European Organization for Nuclear Research),
OpenAlex,deep learning,Deep learning design of programmed enhancer pairs,Salil Garg; Blake M Torres; Joanna Wypasek,10.5281/zenodo.19463375,2030-04-08,Zenodo (CERN European Organization for Nuclear Research),
OpenAlex,deep learning,A UAV-Based Framework for Community-Scale Residential Building Energy Modelling in China,Mengfan Jin,10.17638/03195460,2029-01-01,Open MIND,"With increasing emphasis on energy efficiency and carbon emission reduction in the building sector, rapid and scalable energy modelling of existing buildings is critical for retrofit projects and policy development. Conventional surveys, data collection and energy modelling processes remain labour-intensive and impractical for large-scale applications, and energy modelling often dominates project time and cost. Unmanned Aerial Vehicles (UAVs) equipped with high-resolution and infrared cameras now offer fast and safe exterior surveys, showing great potential in building energy assessments. Yet, a systematic framework for UAV integration, from image capture through processing to inputs for building energy simulation, has not been established. This research addresses these challenges by developing a structured framework for community-scale building energy modelling, which integrates UAV photogrammetry to accelerate data acquisition, reduce labour, and shorten energy modelling time for retrofit projects. The framework is designed to minimise prior data requirements while maximising automation and retaining sufficient accuracy and reliability. It also addressed systemic issues, such as the lack of data necessary to fully exploit the potential of available technologies in the context of this study. To achieve this research objective, a mixed-methodology approach, combining desk studies and fieldwork, was adopted. First, a comprehensive review of UAV-based building energy studies mapped the current applications and available tools, proposing a preliminary framework. Fieldwork then encompassed a pilot study and a detailed case study. In the pilot test, a single building was surveyed to identify an optimal toolchain for flight planning, image capture, photogrammetric reconstruction, model generation, and selection of a simulation platform. The resulting refined framework was applied to a case study of a 39-building community, and it was demonstrated that further automation was necessary. The potential for automation was then further explored. Geomatic algorithms, machine learning, and deep learning techniques were compared, and the combination that best balanced accuracy and processing time was selected for 3D model generation and window-to-wall ratio (WWR) extraction. In parallel, an archetype library of residential buildings in the Hot Summer Cold Winter (HSCW) zone in China was compiled to facilitate the assignment of thermal parameters. Finally, a reusable community-scale building energy modelling (CBEM) workflow was assembled in Grasshopper using Ladybug Tools components to process the aforementioned inputs. In conclusion, this study integrates UAV photogrammetry, GIS-based geomatic algorithms, machine learning, and graphical programming to develop an UAV-CBEM framework. The outcomes establish a foundation for scalable UAV-based building energy assessments, enhancing applicability in data-limited and large-scale settings worldwide."
OpenAlex,deep learning,Culture Audit - Save a Life Pet Rescue,Grace L Kmak; Kaley A Chriswell; Carter Roberts; Antonio Pizza; Caroline Parrott,,2029-01-01,Journal of International Crisis and Risk Communication Research,"Our project was a culture audit on the non-profit save a life pet rescue. Our goal was to analyze how the group works along with determine if there is any areas of improvement for the organization. Through this, we learned that any ability to give back can make an impact for all things. Whether it be dogs or families."
OpenAlex,deep learning,Data Augmentation Application in Deep Learning Drug Discovery by Utilizing Relationships Between Biological and Medical Entities,Tianjun Wang,10.17638/03195452,2029-01-01,Open MIND,
OpenAlex,deep learning,Spectral Materialism: Encounters with land-time-scapes,Sam Nightingale,10.25602/gold.00040593,2029-01-01,Goldsmiths (University of London),"This transdisciplinary, practice-based PhD introduces spectral materialism through art-based research encounters with ecologically and historically stratified land-time-scapes shaped by hypersalinity and colonial terraforming. Centred in the semi-arid Mallee (southeastern Australia) and read through echoes with California’s Imperial Valley, the project examines how spectral time—the co-presence and haunting of other temporalities—manifests in the material conditions of salt, soil, water, plants, and infrastructures. It asks how learning from geological, First Nations, colonial, and ecological pasts can orient responsibilities in unsettled futures. Treating the present as a crisis of time as much as a crisis of matter, the thesis critiques linear-progressive temporalities bound to Western modernity and extractive regimes. In response, spectral materialism is developed as both a conceptual framework and a critical creative methodology. Through alchemical media experiments with salt crystals, hypersaline soils, and halophytes, photography is reconfigured as a site-responsive, process-oriented practice. Salt is engaged as a material agent and ‘time-crystal’ whose phase shifts—dissolution, saturation, precipitation, crystallisation, evaporation—form a meta-chemistry that refracts deep-marine pasts, settler-colonial irrigation infrastructures, and contemporary dust into processual renderings of time. Methodologically, the project advances attunement as a mode of sensing and responsiveness to forces that are not always immediately perceptible yet are materially active. Field notes appear as para-writing, interrupting linear narration so that heterogeneous times co-present themselves within the text. The thesis is guided by First Nations temporalities—time as relational and in place—while remaining accountable to ethical limits and protocols. The contribution is twofold: a theoretical articulation of spectral materialism as a way to think time otherwise, and a set of site-responsive methods for engaging elemental media in saline environments. Together, they generate materially grounded accounts of spectral presences and open alternative pathways for knowing, sensing, and relating within land-time-scapes marked by enduring colonial and ecological afterlives amid planetary change."
OpenAlex,deep learning,Advocating the potential of AI for syndrome discovery: a scoping review,A C P Ferreira; Aleksandar Anžel; Alexander Ullrich; Georges Hattab,,2029-01-01,Open MIND,"This protocol describes a scoping review to map the landscape of artificial intelligence (AI) applications in syndrome discovery. Specifically, we aim to identify: 1. What AI techniques (e.g., natural language processing, machine learning, deep learning) have been used to detect or characterize syndromes (in the context of Syndromic Surveillance Systems); 2. which clinical data sources (e.g., EHR text, emergency departments data, primary care data) are leveraged."
OpenAlex,deep learning,Deep learning image analysis of donor red blood cells to predict deformability and transfusion efficacy,Erik S. Lamoureux,10.14288/1.0451932,2028-01-01,cIRcle (University of British Columbia),"The full abstract for this thesis is available in the body of the thesis, and will be available when the embargo expires."
OpenAlex,deep learning,Le jeu de rôle ludique : un terrain d’analyse et d’entraînement pour l’acquisition de compétences managériales,Sanne Stijve; David Robert,,2028-01-01,Cairn.info,"Unlike serious role-playing games, which attempt to simulate certain situations and interactions in the business world, tabletop role-playing games set their narrative in a fictional universe. RPG games provide an excellent opportunity to analyse the interaction and thinking patterns of participants and offers the possibility to develop new behaviours and testing them over the course of one or more game sessions, using the “decontextualised” simulation system on a benevolent testing ground, an immersive simulation environment that enables analysis and personal growth work. This activity has been the subject of workshops run by PsychoStratégie SA, which constitute a case study showing how tabletop RPGs can be used in an innovative way to develop the managerial skills of professionals through a deeper understanding of their own interactional and reflexive patterns and the development of new behaviours and tactics."
OpenAlex,deep learning,"The Enlightenment of an Entrepreneur: A Multidisciplinary Exploration of Management, Psychology and Economic Theology",Graziano Mazza,,2028-01-01,Cairn.info,"This conceptual paper explores how Economic Theology’s ideas of calling, oikonomia, and entrepreneurship can enhance entrepreneurs’ ability to navigate sustainability transitions. Integrating concepts from various disciplines, it reimagines entrepreneurship as an iterative learning process that addresses societal challenges. The paper analyses existing Religion of Work theories, providing societal, psychological, and anthropological insights. It elucidates the concept of calling in entrepreneurship, suggesting that work can have transcendent meaning and purpose. Additionally, it examines boundaryless careers and the significance of work, portraying entrepreneurship as a profession with humanitarian and spiritual dimensions. The paper outlines fundamental beliefs and frameworks for societal contribution through entrepreneurship, emphasizing the individual-in-society perspective. It advocates for entrepreneurs as moral agents aligned with community values and proposes a shift from viewing economic actions as mere resource allocation to recognizing entrepreneurial action as an expression of human agency. JEL Codes: B5"
OpenAlex,deep learning,Deep q-learning aided k-means clustering protocol for optimizing network lifetime in wireless sensor networks,Flynn Dowey,10.14288/1.0451106,2028-01-01,Open Collections,"The full abstract for this thesis is available in the body of the thesis, and will be available when the embargo expires."
