source,keyword,title,authors,doi,publication_date,journal,abstract
PubMed,aortic stenosis,Perinatal Diagnosis of Generalized Arterial Calcification of Infancy: First Genetically Confirmed ENPP1 Case in an Egyptian Fetus.,Alshaimaa Tarek; Wael Tohamy; Hanan Hany; Mohamed K Khalifa; Khaled R Gaber,10.1016/j.jgeb.2026.100754,2026-09,"Journal, genetic engineering & biotechnology","Generalized Arterial Calcification of Infancy (GACI) is a rare genetic vascular disease characterized by the early onset (between in utero and infancy) of extensive calcification and stenosis of the large and medium-sized arteries. Presentation is typically with respiratory distress, congestive heart failure, and systemic hypertension. With approximately 300 cases reported worldwide in the medical literature. The prevalence is unknown; however, based on the carrier frequency of the recognized pathogenic variants, a frequency of 1 in 200,000 has been suggested. The autosomal recessive form of GACI disorder is caused by mutations in the ENPP1 or ABCC6 genes. To the best of our knowledge, this study represents the first genetically confirmed case of GACI in an Egyptian fetus detected during the perinatal period. In this report, we describe a case of GACI in a fetus with a pathogenic ENPP1 gene mutation at 29 weeks of gestation. Ultrasound examination revealed aortic and pulmonary valve stenosis, biventricular hypertrophy, and a hypercalcified aorta and ductal arch. Genetic testing identified a homozygous pathogenic variant in the ENPP1 gene: c.749C>T (p.Pro250Leu). In conclusion, early diagnosis of GACI is vital due to its severe prognosis and early symptom onset. Expert fetal echocardiography plays a key role in detecting arterial calcification during pregnancy. Genetic testing enhances diagnostic accuracy, informs treatment strategies, and supports family counselling."
PubMed,aortic stenosis,Associations between specific non-sustained ventricular tachycardia characteristics and sudden cardiac death in hypertrophic cardiomyopathy.,Yu Zhang; Fang Qin; Yunfan Guan; Jie Wang; Lutong Pu; Yu Xia; Channa Zhang; Dong Wang; Xueyi Wu; Mo Zhang; Limei Wang; Wen Jiang; Lianming Kang; Lianjun Xu; Yucheng Chen; Lei Song,10.1093/europace/euag034,2026-09-02,"Europace : European pacing, arrhythmias, and cardiac electrophysiology : journal of the working groups on cardiac pacing, arrhythmias, and cardiac cellular electrophysiology of the European Society of Cardiology","Non-sustained ventricular tachycardia (NSVT) is a well-established risk factor for sudden cardiac death (SCD) in hypertrophic cardiomyopathy (HCM). However, its characteristics have been overlooked. This study evaluates the prognostic value of NSVT characteristics, particularly coupling intervals, for HCM risk stratification.
This retrospective, multicentre study included 2625 HCM patients. Twenty-four-hour Holter recordings were assessed for NSVT and its characteristics (frequency, duration, and coupling intervals). The primary endpoint was SCD; the secondary endpoints were cardiovascular and all-cause death. Two thousand five hundred and eighty-four patients were analysed (49.6 ± 15.2 years; 62.4% male). Non-sustained ventricular tachycardia occurred in 320 (12.4%). During the median follow-up of 4.4 years, there were 221 all-cause deaths (8.6%), 159 cardiovascular deaths (6.2%), and 64 SCDs (2.5%). Among characteristics, the second coupling interval best predicted adverse outcomes (optimal cut-off = 394 ms). Non-sustained ventricular tachycardia frequency and duration were not prognostic. In univariable and multivariable analyses, a second coupling interval < 394 ms markedly increased the risk of SCD [hazard ratio (HR) 8.36, 95% confidence interval (CI) 4.33-16.12, P < 0.001], cardiovascular death (HR 3.64, 95% CI 2.07-6.37, P < 0.001), and all-cause death (HR 3.26, 95% CI 1.97-5.41, P < 0.001) vs. absence of NSVT, whereas a second coupling interval ≥ 394 ms did not. Replacing NSVT with malignant NSVT (NSVT with short second coupling interval) significantly improved SCD risk algorithms.
A short second coupling interval of NSVT poses a higher SCD risk in HCM than a long one. Detailed dissection of NSVT characteristics may improve decision-making for implantable cardioverter-defibrillator implantation in HCM."
PubMed,aortic stenosis,"Left Atrial Volume Index, Left Ventricular Outflow Tract Gradient, and Incident Atrial Fibrillation in Hypertrophic Cardiomyopathy.",Oday Salman; Arun Gajan Pradeep; Sutopa Purkayastha; Valay Parikh; Eric P Stahl,10.1111/echo.70624,2026-09,"Echocardiography (Mount Kisco, N.Y.)","Atrial fibrillation (AF) is a common complication of hypertrophic cardiomyopathy (HCM). Whether left atrial volume index (LAVI) or resting left ventricular outflow tract (LVOT) gradient better identifies patients who develop AF is unresolved.
To compare baseline LAVI and resting LVOT gradient as predictors of incident AF in HCM.
We retrospectively studied 777 patients with HCM identified by ICD-10 code I42.1 (obstructive hypertrophic cardiomyopathy). Patients with pre-existing AF or atrial flutter were excluded, leaving 547 patients. The primary exposure was baseline LAVI (available in 167 patients; 25 incident AF events), analyzed per 10-mL/m2 increment. Incident AF was defined as new AF, AF hospitalization, or cardioversion after the index date, and evaluated using Cox models. Secondary analyses assessed LVOT gradient, LAVI tertiles, time-varying mavacamten exposure, and competing risks.
During a median follow-up of 2.31 years, 60 patients developed incident AF. LAVI was independently associated with incident AF in the prespecified model adjusted for age, sex, and hypertension (adjusted HR per 10 mL/m2, 1.27; 95% CI, 1.03-1.57; p = 0.025). AF risk increased across LAVI tertiles (log-rank χ2 = 9.48; p = 0.0087). Resting LVOT gradient was also independently associated with incident AF after the same adjustment (HR per 10 mm Hg, 1.07; 95% CI, 1.00-1.15; p = 0.042; n = 190, 26 events). In a head-to-head model, neither association remained significant.
In HCM, LAVI and resting LVOT gradient were each independently associated with incident AF, and neither remained significant when modeled together. LAVI may serve as a practical echocardiographic marker to refine AF risk assessment."
PubMed,aortic stenosis,Limiting coronary malperfusion in bioprosthetic aortic root replacement.,Nathaniel Rivard; Jorge Seoane; Yusuf Aboutabl; Spencer Tingey; Zohaib Khawaja; Aaron Gilani; Benjamin Schachner; Madison Hinson; Gabriel Cambronero; Jeanette Stafford; James Jordan; Edward Kincaid; Neal Kon; Bartlomiej Imielski,10.1016/j.surg.2026.110543,2026-09-16,Surgery,"Coronary malperfusion requiring concomitant coronary revascularization is a known complication of aortic root replacement. We predict that coronary malperfusion is rare in porcine xenograft root replacements. The primary aim of this study is to evaluate the incidence of coronary malperfusion following Freestyle aortic root replacement, with a focus on techniques to limit this complication.
Nine hundred sixty-nine patients underwent aortic root replacement with a stentless bioprosthetic valve at our institution from 2012 to 2023. This study analyzed 310 patients who also had concomitant coronary artery intervention (coronary artery bypass grafting or Cabrol procedure). The defined primary outcome was the incidence of coronary malperfusion post-aortic root replacement. Coronary insufficiency was defined as a dysfunctional ventricle requiring unplanned coronary intervention.
The incidence of coronary malperfusion because of coronary insufficiency that required revascularization post-Freestyle aortic root replacement was 1.3% (13/969), compared with 2.6% in our earlier series. Of the patients who underwent coronary intervention, 3.7% (11/299) had revascularization because of coronary artery dissection from type A dissections. Six percent (18/299) of patients required a Cabrol procedure because of calcification or stenosis. We found a significant difference in length of stay and rate of reoperation during index hospitalization for patients with coronary insufficiency.
We demonstrate a low incidence of coronary malperfusion and related complications following stentless bioprosthetic aortic root replacement. Furthermore, we demonstrate a decrease in these adverse outcomes because of improvements in technique, including not oversizing the root and extensive coronary button mobilization. Bioprosthetic aortic root replacement, when performed using a particular series of techniques, is safe and effective."
PubMed,aortic stenosis,Metabolic obesity phenotypes and degenerative valvular heart disease: A cohort study.,Zhixin Yan; Shuang Bing; Yiding Gong; Xiaoqiu Shi; Yu Shen; Shi Zhou; Shuang Yang; Yiying Zhang; Shanjie Wang,10.1093/eurjpc/zwag492,2026-09-16,European journal of preventive cardiology,"We evaluated the association between metabolic obesity phenotypes and degenerative valvular heart disease (VHD) risk, and elucidate underlying molecular pathways via large-scale proteomics.
We categorized 487,443 UK Biobank participants into four phenotypes based on Body Mass Index (BMI) and metabolic syndrome criteria: metabolically healthy normal weight (MHNO), metabolically healthy obese (MHO), metabolically unhealthy normal weight (MUNO), and metabolically unhealthy obese (MUO). Multivariable-adjusted Cox models assessed the risk of VHD and its subtypes. We further integrated polygenic risk scores (PRS) and plasma proteomic profiling to explore gene-environment interactions and biological mechanisms.
Over a median 13.3-year follow-up, 12,793 participants (2.6%) developed degenerative VHD. Compared with MHNO, higher VHD risk was noted in MHO (HR 1.12, 95%CI 1.07-1.17) and MUO (HR 1.30, 95%CI 1.24-1.37) groups, but not MUNO (HR 1.05, 95%CI 0.92-1.19). Associations were most pronounced for aortic stenosis (AS) (MHO: HR 1.42, 95%CI 1.31-1.54; MUO: HR 1.67, 95%CI 1.32-2.11), modest for aortic regurgitation (AR) and insignificant for mitral regurgitation (MR). Individuals with MUO and high genetic risk exhibited the highest AS risk (HR 2.91, 95%CI 2.51-3.36), although no significant interaction was found (P-interaction=0.938). MUO exhibited the most distinct proteomic signatures, characterized by extensive overlap with AS-related proteins and enrichment in immune-inflammation, extracellular matrix remodeling, and MAPK signaling pathways.
Obesity is persistently associated with increased aortic valve pathology risk, indicating that MHO is not entirely benign. Concomitant metabolic dysfunction further compounds this risk, highlighting the need to integrate weight management with metabolic health optimization for VHD prevention."
PubMed,aortic stenosis,The molecular landscape of hypertrophic cardiomyopathy across disease stages and genotypes.,Eleonora Adami; Yuri Kim; Sean L Zheng; Nikolay Shvetsov; Corinna Losert; Henrike Maatz; Syndi Barish; Gabriela Venturini; Natalia López Anguita; Qi Shi; Meraj Neyazi; Martin Beyer; Eric Q Wei; Amanda Adam; Abhilash Suresh; Daniel Reichart; Eric Lindberg; Kemar J Brown; Viktoria Strohmenger; David Saul; Anna Gärtner; Michael Lee; Lukas Mach; Jan Lukas Robertus; Joshua M Gorham; Jan Haas; Laura A Liebig; Christoph Lippert; Benjamin Meder; Anna Myronova; Giannino Patone; Sam N Barnett; James S Ware; Fabio de Robertis; Antonis Pantazis; Jan Gummert; Anissa Viveiros; Huachen Chen; Jorge Ruiz-Orera; Norbert Frey; Barbara A McDonough; Richard N Mitchell; Robert F Padera; Sharlene M Day; Carolyn Y Ho; Neal K Lakdawala; Hendrik Milting; Matthias Heinig; Gavin Y Oudit; Michela Noseda; Jonathan G Seidman; Norbert Hübner; Christine E Seidman,10.1126/scitranslmed.aea2747,2026-09-16,Science translational medicine,"Hypertrophic cardiomyopathy (HCM) is marked by asymmetric cardiac wall thickening, hypercontractility, diastolic dysfunction, and fibrosis. Pathogenic sarcomere gene variants cause HCM, but comparable abnormalities occur in patients with unexplained disease, albeit with fewer adverse events. To investigate stage- and genotype-specific disease mechanisms, we performed single-nucleus RNA sequencing of cardiac tissues from 47 patients with HCM, spanning obstructive HCM with preserved systolic function and end-stage HCM, and compared them with nonfailing donor and dilated cardiomyopathy hearts. We identified transcriptional programs associated with cardiomyocyte hypertrophy, fibrosis, and vascular remodeling. Pathogenic variant-positive early-stage HCM samples showed reduced cardiomyocyte abundance and expansion of a proarrhythmogenic cardiomyocyte state. We identified proline-rich 16 (PRR16) as a cardiomyocyte growth-associated gene in HCM and validated its increased expression by RNA in situ hybridization and in a human induced pluripotent stem cell-derived cardiomyocyte HCM model. In HCM samples, fibroblast compositional shifts were associated with profibrotic activation and adverse extracellular matrix remodeling, accompanied by reduced collagen IV (COL4A1/COL4A2) expression and ultrastructural basement membrane abnormalities. HCM samples also exhibited extensive vascular alterations, including shifts in endothelial cell subpopulations, reduced pericyte abundance suggestive of microvascular dysfunction, and increased lymphangiogenic vascular endothelial growth factor C signaling. Unsupervised and supervised machine learning approaches distinguished HCM from dilated cardiomyopathy and accurately predicted genotype status in early-stage HCM from cell type-resolved transcriptional profiles, revealing widespread genotype-driven remodeling. Together, our findings uncover multicellular, genotype-associated remodeling programs in HCM, providing insight into mechanisms underlying arrhythmia, fibrosis, microvascular dysfunction, and heart failure progression."
PubMed,aortic stenosis,Response to the comment by Yamaguchi et al.: CT-derived extracellular volume and the prediction target in severe aortic stenosis.,Rita Almeida Carvalho; Márcia Presume; Pedro M Lopes; Pedro Freitas; António M Ferreira,10.1007/s10554-026-03828-0,2026-09-16,The international journal of cardiovascular imaging,
PubMed,aortic stenosis,Effectiveness of an Information Platform-Based Multidisciplinary Enhanced Recovery After Surgery Program on Recovery After Transcatheter Aortic Valve Implantation: A Non-Concurrent Controlled Study.,Shaoping Lin; Cuicui Feng; Lian Lin; Jiezhen Liu; Meizhen Guan; Jiaxin Li; Fangfang Lin,10.1002/nop2.70838,2026-09,Nursing open,"To evaluate the implementation effectiveness of a multicomponent multidisciplinary Enhanced Recovery After Surgery pathway integrated with an information platform for patients undergoing transcatheter aortic valve implantation.
A single-center quasi-experimental study with a non-concurrent historical control group.
A single-center quasi-experimental study with a non-concurrent historical control group included 154 patients. Outcomes were assessed using a study-specific transcatheter aortic valve implantation knowledge questionnaire, the Fried frailty phenotype, Barthel Index, 12-Item Short Form Health Survey, 6-min walk test, left ventricular ejection fraction and hospital length of stay. Between-group comparisons used independent-samples t-tests, Mann-Whitney U tests and χ2 tests, as appropriate. Post hoc gamma regression and generalized estimating equations were used in sensitivity analyses addressing measurable temporal differences between treatment periods.
Patients treated after pathway implementation showed greater procedural knowledge, less postoperative frailty, greater functional independence, shorter hospitalization and more favourable functional and health-status outcomes. The association with shorter hospitalization persisted after adjustment for measured patient and procedural characteristics, whereas the longitudinal difference in left ventricular systolic function was attenuated after adjustment.
Implementation of the multicomponent pathway was associated with better functional recovery and shorter hospitalization after transcatheter aortic valve implantation. Component-specific effects and residual temporal confounding cannot be excluded.
Extending structured education and rehabilitation support from hospital to home may help nurses coordinate recovery and continuity of care after transcatheter aortic valve implantation.
This study provides implementation evidence for a digitally supported multidisciplinary recovery pathway after transcatheter aortic valve implantation.
The study was reported in accordance with the Transparent Reporting of Evaluations with Nonrandomized Designs statement.
There was no patient or public contribution to the design, analysis, interpretation, or preparation of this study."
PubMed,aortic stenosis,"""Severe Aortic Regurgitation as the Initial Manifestation of Takayasu Arteritis in a Young Woman: A Case Report"".",Amir Heidari; Azar Nejati; S Enssieh Hashemi; Mohammad Javad Bahadori; Golnaz Houshmand; Amin Fath Tabar,10.1155/carm/5542781,2026,Case reports in medicine,"Takayasu arteritis (TAK) is a rare large-vessel vasculitis primarily affecting young women, characterized by idiopathic inflammation of the aorta and its major branches. While aortic regurgitation (AR) is a recognized complication, it typically occurs in advanced disease stages. Isolated severe AR as the initial manifestation is exceptionally uncommon and poses diagnostic challenges. We present a 39-year-old woman with no prior medical history who presented with progressive exertional dyspnea (NYHA Class II) and exertional chest pain. Physical examination revealed absent upper limb pulses, unmeasurable brachial blood pressure, and a diastolic murmur. Transthoracic echocardiography demonstrated severe AR with left ventricular dysfunction (EF 48%). CT and MR angiography confirmed circumferential aortic wall thickening, subclavian artery occlusions, and ostial right coronary artery stenosis. Elevated inflammatory markers (ESR and CRP) and vascular imaging findings established the diagnosis of TAK based on the 1996 Modified Ishikawa Criteria. Initial treatment included high-dose glucocorticoids and methotrexate for disease control. Due to persistent severe AR, the patient underwent successful mechanical aortic valve replacement. Postoperative recovery was uncomplicated, with significant clinical improvement at 1-year follow-up and no disease recurrence. This case illustrates that severe AR can rarely serve as the initial manifestation of TAK, emphasizing the importance of considering large-vessel vasculitis in young patients with unexplained valvulopathy and systemic inflammation. Early diagnosis, combined medical-surgical management, and careful long-term monitoring are essential for optimizing outcomes in this high-risk population."
PubMed,aortic stenosis,A wide-detector CT protocol for one-stop cardio-cerebrovascular angiography: a technical feasibility study comparing an integrated protocol with conventional two-scan approach.,Jie Yan; Feiyan Wang; Shuixian Huang; Yunhui Chen; Yan Long; Bing Ge; Xiao He,10.3389/fradi.2026.1887780,2026,Frontiers in radiology,"To evaluate the clinical utility of a wide-detector CT protocol with variable helical pitch (vHP) for one-stop cardiovascular and cerebrovascular CT angiography.
This prospective randomized study enrolled 61 patients (25 in the Group A and 36 in the Group B) with suspected cardiovascular and cerebrovascular diseases. Group A underwent the integrated one-stop CTA protocol (which incorporates vHP technology), whereas Group B underwent conventional separate scans (coronary CTA and head-neck CTA). Both groups used automated bolus-tracking triggering. Comparisons included effective scanning time, total operating time, contrast medium volume, radiation dose (dose-length product, DLP), and subjective and objective image quality. Normality was assessed using the Shapiro-Wilk test; continuous variables were compared using independent samples t-test or Mann-Whitney U test as appropriate. The false discovery rate method was applied to correct for multiple comparisons, and analysis of covariance was performed to adjust for potential confounders.
The integrated protocol group (Group A) demonstrated significantly higher contrast-to-noise ratio (CNR) in the coronary arteries and major aortic branches(all FDR-corrected P < 0.001). In the neck region, Group A showed significantly higher SNR in the common carotid arteries (FDR-corrected P < 0.001 for RCCA and P = 0.0044 for LCCA), whereas Group B demonstrated better CNR in the right internal carotid artery (FDR-corrected P < 0.001) and lower image noise in several vessels (FDR-corrected P < 0.05 for RICA SD and LVA SD). Notably, ANCOVA models for SNR exhibited poor fit with adjusted R2 values frequently near zero or negative, warranting cautious interpretation; the primary evidence for protocol-related image quality improvement is therefore based on the robust CNR findings. ANCOVA confirmed that these intergroup differences remained significant after adjustment (all adjusted P < 0.05 for key CNR/SNR comparisons), indicating protocol-related rather than baseline-driven advantages. Subjective image quality was excellent in both groups (median 4, IQR 4-4), with no significant intergroup differences. DLP was higher in Group A (909.00 vs. 694.50 mGy·cm, P < 0.001), but effective scanning time was significantly shorter (8.00 vs. 19.00 s, 57.9% reduction, P < 0.001), and total operating time was markedly reduced (480.00 vs. 1020.00 s, 52.9% reduction, P < 0.001). Contrast medium volume was halved in Group A (50-60 vs. 100-120 mL).
The integrated wide-detector CT protocol evaluated in this study (which incorporates variable helical pitch as a key enabling component) is technically feasible and offers workflow advantages over conventional scanning, including shorter scan time, reduced contrast volume, and maintained image quality, with a somewhat higher radiation dose. However, lacking an independent reference standard, its diagnostic accuracy for detecting significant stenosis remains unproven. Further validation with invasive angiography is needed before routine clinical use. However, because the integrated protocol differs from the conventional protocol in multiple parameters simultaneously (detector configuration, rotation speed, pitch, and trigger threshold), the individual contribution of variable helical pitch cannot be isolated from these combined hardware and protocol differences."
PubMed,aortic stenosis,Prognostic determinants in patients with severe aortic stenosis and moderate fragility following TAVI.,Clara Belmonte Herrera; Daniel Mauricio Rojas Aguirre; Laia Carla Belarte Tornero; Sonia Ruiz Bustillo; Beatriz Vaquerizo Montilla; Sandra Valdivielso Moré,10.24875/RECICE.M25000539,2026,"REC, interventional cardiology",
PubMed,aortic stenosis,Transcatheter aortic valve implantation without immediate cardiac surgery backup. A single-center retrospective analysis.,António Rocha de Almeida; Renato Fernandes; Ângela Bento; David Neves; Diogo Brás; Gustavo Mendes; Rita Rocha; Marta Paralta Figueiredo; Rafael Viana; Rita Louro; Álvaro Laranjeira Santos; Lino Patrício,10.24875/RECICE.M25000549,2026,"REC, interventional cardiology","Transcatheter aortic valve implantation (TAVI) is traditionally performed with on-site cardiac surgery (CS) backup. However, procedural advances enabled TAVI to be performed safely without immediate CS backup. This study describes our single-center experience with TAVI performed in a center without on-site CS backup.
We conducted a retrospective analysis of the first 300 patients undergoing TAVI without on-site CS backup between 2020 and 2024. The primary endpoint was 30-day mortality. Secondary endpoints included procedural and in-hospital mortality, stroke, emergency cardiac surgery (ECS), vascular complications, major hemorrhage, and pacemaker implantation. Outcomes were compared with those from the Portuguese national TAVI registry.
The cohort mean age was 82±5 years (54% women). The median STS risk score was 3.8 [IQR, 2.3-6.6], with 17% high-risk patients (STS > 8). Most procedures were elective (83%). Transfemoral access was used in 99% of cases, and self-expandable valves were implanted in 95%. The 30-day mortality rate was 3.7% (n = 11), while stroke occurred in 2.7% (n = 8). The procedural survival rate was 99% (n = 298). No cases of ECS occurred (n = 0), coronary obstruction, TAVI-in-TAVI deployment as a bailout, or valve embolization were reported. Pericardial tamponade occurred in 0.7% of cases (n = 2). Major hemorrhage and vascular complications occurred in 8%, and pacemaker implantation in 20%. The 1-year mortality rate was 12%, with 4% attributed to cardiovascular causes; among survivors, and 91% reported symptomatic improvement. There were no significant differences in outcomes vs the results from the TAVI national registry.
TAVI was safely and effectively performed without on-site CS, including emergency and complex cases. The non-ECS rate and outcomes comparable to national benchmarks support the feasibility of TAVI in selected non-CS centers. In this context, expanding TAVI access may reduce waiting times and improve the management of severe aortic stenosis while maintaining high procedural quality."
PubMed,aortic stenosis,Working towards the future of transcatheter aortic valve replacement: integrating computational modeling with patient-specific clinical care.,Courtney Ream; Imran Shah; Luis René Mata Quiñonez; Srujana Joshi; Thangam Natarajan; Sanchita S Bhat; Lakshmi Prasad Dasi,10.1080/14779072.2026.2735939,2026-09-16,Expert review of cardiovascular therapy,"Transcatheter aortic valve implantation (TAVR) is rapidly evolving to become the standard of care for all types of aortic stenosis (AS) patients, as opposed to open-heart surgery. The emergence of new commercial TAVR devices, as well as technological advancements in AS diagnosis and procedural planning, combat post-TAVR complications while also posing new challenges with patient selection and optimal timing of valve replacement. Computational modeling is a powerful tool that may help streamline solutions for heart teams when faced with these complexities.
This narrative review outlines the evolving landscape of TAVR patients - with a primary focus on AS - and examines the paradigm shift toward computational modeling in diagnostics, procedural planning, and intraoperative guidance. Highlighted mechanistic and AI-accelerated modeling studies were identified via PubMed search with publication dates ranging from January 2016-April 2026. The remaining sources were also identified via PubMed without a publication date constraint.
TAVR indications and available devices will continue to increase. The development of TAVR devices with improved durability is underway, which is increasingly necessary as the mean age of TAVR patients decreases and the general life expectancy increases. Emerging computational techniques such as radiomics, as well as AI/ML tools to enhance standard imaging modalities, hold promise in identifying who and when to treat for AS or AR. Digital twins may facilitate TAVR planning to ensure the optimal treatment pathway for individual patients, navigating through these compounded complexities."
PubMed,aortic stenosis,Gutter Rotation Technique for Percutaneous Ipsilateral Retrieval of a Ruptured SAPIEN-3 Balloon.,Anne Venkata Ganeshkumar; Guru Chaithanya Kumar Chagalakondu; Naveen Kumar Murki; Siva Sankara Kattinti; Sarat Surapaneni; Somaraju Bhupatiraju,10.1002/ccd.70893,2026-09-15,Catheterization and cardiovascular interventions : official journal of the Society for Cardiac Angiography & Interventions,"Balloon rupture during transcatheter aortic valve replacement (TAVR) with balloon-expandable valves is a rare but potentially serious complication that may result in incomplete valve expansion, difficult device retrieval, and vascular injury. We report the case of an 88-year-old woman with severe calcific aortic stenosis who underwent TAVR using a 20-mm SAPIEN 3 transcatheter heart valve. Balloon rupture during valve deployment resulted in partial valve expansion and significant paravalvular leak. Conventional retrieval attempts were unsuccessful because the crumpled balloon became entrapped within the posterior expandable segment (""gutter"") of the Edwards E-sheath. A novel Gutter Rotation Technique, involving counter-clockwise rotation of the E-sheath with simultaneous clockwise rotation of the Commander delivery system, redirected the balloon toward the rigid portion of the sheath, enabling successful ipsilateral percutaneous retrieval without surgical or contralateral intervention. Valve expansion was subsequently optimized with balloon post-dilatation. This technique may represent a feasible bailout maneuver in selected cases of Type 1 or Type 2 balloon rupture and warrants further evaluation."
PubMed,aortic stenosis,Helical 3D DSA for Whole-Head-and-Neck Vascular Imaging: Technical Development and First-in-Human Application.,Yingkun He; Mengqi Li; Yaping Wu; Yao Tang; Weilong Mao; Baolin Mao; Qingfang Wang; Huikai Liu; Yang Yang; Ranran Ban; Huizhen Peng; Wei Wei; Yan Bai; Yinsheng Li; Xiaojie Lin; Xuming Zhang; Canzhen Ma; Jun Xiang; Meiyun Wang,10.1148/radiol.260398,2026-09,Radiology,"Background Conventional three-dimensional (3D) digital subtraction angiography (DSA) has limited longitudinal coverage, requiring multiple selective injections and acquisitions for head-and-neck vascular assessment, increasing procedural complexity and contrast material use. Purpose To develop and evaluate the feasibility of a helical 3D DSA technique for panoramic 3D angiography of the entire head-and-neck vasculature using a single contrast material injection and a single acquisition. Materials and Methods A continuous helical scanning trajectory was implemented on a robotic C-arm system using 400° rotation with simultaneous axial translation. The technique was evaluated in phantom experiments to assess geometric accuracy and imaging performance, in vivo imaging in two swine to optimize contrast material injection protocols, and a feasibility study in a human patient with bilateral carotid disease. Results The helical scan achieved a longitudinal coverage of 419.4 mm within 7.6 seconds (conventional 3D DSA: 174.0 mm within 5.0 seconds). Spatial resolution was preserved at 11 line pairs per centimeter on Catphan 700 testing, equivalent to that of conventional 3D DSA. In a simulated head-and-neck vascular phantom, the mean absolute percentage error in contrast to noise ratio between the two techniques was 2.18% ± 0.68 (SD). In two swine, undiluted contrast agent injected at 10 mL/sec produced diagnostically adequate image quality, with high interreader agreement among three readers (intraclass correlation coefficient > 0.90). In the human case, helical 3D DSA enabled continuous 3D angiography from the aortic arch to the cranial vertex in a single acquisition. Stenosis rate measurements in the ophthalmic segment of the left internal carotid artery showed strong agreement between methods, with a mean absolute error of 2.57% ± 0.90. Conclusion This study demonstrated the feasibility of a helical scanning trajectory in 3D DSA, achieving panoramic 3D angiography from the aortic arch to the cranial vertex in a single acquisition while preserving high spatial resolution and contrast fidelity. © The Author(s) 2026. Published by the Radiological Society of North America under a CC BY 4.0 license. Supplemental material is available for this article."
PubMed,aortic stenosis,Serial Changes in Left Ventricular Ejection Fraction After Transcatheter Aortic Valve Implantation: Associations With Ischemic Heart Disease and Left Ventricular End-Diastolic Diameter.,Koji Tanaka; Shigetaka Kageyama; Hirofumi Sugiyama; Riho Sano; Takahiro Suzuki; Aya Endo; Miho Kusuyama; Hiromi Takamura; Fumie Sano; Yohei Sumizawa; Sakurako Mizushima; Yusuke Suzuki; Kengo Shigenaga; Kango Sakamoto; Hidekatsu Fujita; Dai Motosugi; Eriko Kojima; Eri Ishikawa; Yoshinori Tokumasu; Muneaki Yamada; Michitomo Kawahito; Koichiro Murata; Masanao Nakai; Ryuzo Nawada; Tomoya Onodera,10.1111/echo.70626,2026-09,"Echocardiography (Mount Kisco, N.Y.)","Left ventricular ejection fraction (LVEF) recovery after transcatheter aortic valve implantation (TAVI) varies among patients with severe aortic stenosis and reduced LVEF. We characterized serial changes in LVEF and examined their associations with ischemic heart disease (IHD) and baseline left ventricular end-diastolic diameter.
Among 685 patients who underwent TAVI between 2014 and 2024, 121 with native-valve severe aortic stenosis and baseline LVEF < 50% were analyzed. Echocardiography was performed before TAVI, early after TAVI (median, 3 days), and at 1, 6, and 12 months. Serial LVEF recovery was evaluated using linear mixed-effects models incorporating all available post-TAVI measurements.
LVEF improved significantly through 1 year, with a model-estimated increase of 12.3 percentage points (p < 0.001); left ventricular end-diastolic diameter, end-systolic diameter, and mass index also decreased. In multivariable mixed-effects models, IHD, baseline LVEF, baseline left ventricular end-diastolic diameter, and baseline mean aortic valve pressure gradient were associated with serial LVEF recovery. Adjusted recovery was greatest in patients without IHD and with smaller left ventricular end-diastolic diameter and most limited in those with IHD and larger left ventricular end-diastolic diameter.
TAVI was associated with serial LVEF improvement and left ventricular reverse remodeling. IHD and larger baseline left ventricular end-diastolic diameter were associated with limited LVEF recovery."
PubMed,aortic stenosis,App-based assessment of neurocognitive changes in patients undergoing transcatheter aortic valve implantation - a prospective cohort study.,Anna Leonie Gaul; Christian Butter; Frank Hölschermann; Michael Hauptmann; Georg Fritz; Anja Haase-Fielitz; Jonathan Nübel,10.26599/1671-5411.2026.07.003,2026-07-28,Journal of geriatric cardiology : JGC,"Transcatheter aortic valve implantation (TAVI) has emerged as an established treatment for severe aortic stenosis in elderly patients. Periprocedural cerebral embolic events are common and may contribute to subtle neurocognitive changes. Conventional neurocognitive assessments are time-consuming and resource-intensive, limiting their routine use. Digitalized, app-based testing with AI-assisted recording may offer a feasible alternative. This study aimed to evaluate the use of app-based cognitive screening with AI-assisted recording in elderly TAVI patients and, building on prior pilot findings, to provide a more comprehensive, norm-referenced evaluation of cognitive function across multiple domains.
Neurocognitive assessments were performed before and after TAVI. Seven validated tests were administered and recorded using the ""Δelta-App"" on a tablet. Patient performance was compared with normative data.
Between October 2020 and March 2022, 141 patients (mean age 81 ± 6 years; 57.5% male) were enrolled, of whom 112 (79%) completed post-TAVI testing. Memory performance improved significantly (Word List Learning + 2.13 (± 3.22) words; P < 0.001; Word List Recall + 1 word; P < 0.001), while executive function, attention and processing speed remained stable. Overall, 37.7% were cognitively impaired pre-TAVI vs. 31.6% post-TAVI, with 59.6% remaining stable. Compared with normative data, performance was reduced but unchanged post-procedure. The app-based assessment proved well applicable in this elderly population.
In this single-center study, TAVI was not associated with a consistent decline in global cognitive performance during the early postoperative period. App-based neurocognitive testing proved to be readily applicable and may represent a valuable tool for routine clinical monitoring, supporting systematic assessment and early detection of cognitive changes to optimize rehabilitation outcomes."
PubMed,aortic stenosis,Predicting left-ventricular recovery and characterizing Cardiorenal risk after Transcatheter aortic valve replacement: A routine-data phenotyping and prediction-model study.,Fuhai Li; Yongchao Zhao; Wei Luo; Jingmin Zhou; Chun Xiao; Junbo Ge,10.1016/j.ijcha.2026.101999,2026-10,International journal of cardiology. Heart & vasculature,"Ejection fraction (LVEF) underpins risk stratification before transcatheter aortic valve replacement (TAVR), yet it does not indicate whether an impaired ventricle will recover once the stenosis is relieved, or what drives death in high-risk patients. We asked whether routine preprocedural data could address both.
Among 1212 consecutive patients (1213 procedures) who underwent TAVR for severe aortic stenosis (2012-2026), unsupervised clustering of 18 routine variables (principal components, Ward linkage) defined four phenotypes: low-risk, elderly preserved-EF, reduced-EF, and cardiorenal. Five-year mortality ranged from 13.5% to 44.2% (P < 0.001). Among 180 patients with a baseline LVEF below 50%, a parsimonious model combining LV end-diastolic diameter, mean gradient, and coronary disease predicted a ≥ 10-point LVEF gain (optimism-corrected AUC, 0.75; 0.65 for LVEF alone, a difference that was not statistically significant in this sample), and an integer TAVR-RECOVER score stratified observed recovery from 69% to 98%. Reduced-EF patients recovered from a mean LVEF of 38% to 59% by 1 year. The cardiorenal phenotype carried a 3.4-fold age-adjusted mortality (95% CI, 2.0-5.6) but died chiefly of noncardiovascular causes (5-year incidence, 32% versus 13% cardiovascular); its excess risk became non-significant after adjustment for renal function and other routine laboratories (hazard ratio, 1.60; 95% CI, 0.61-4.17). Phenotype re-stratified mortality within each LVEF category, with an almost 3-fold gradient among preserved-EF patients.
Routine preprocedural data can estimate which impaired ventricles recover after TAVR and identify a cardiorenal phenotype whose excess, largely noncardiovascular mortality is statistically explained by measurable renal dysfunction rather than captured by ejection fraction. Prospective external validation is warranted."
PubMed,aortic stenosis,Cerebral Infarctions After Transcatheter Aortic Valve Replacement of Horizontal Aorta Versus Non-Horizontal Aorta.,Hanyi Dai; Dao Zhou; Wenjing Sheng; Rongrong Zheng; Jun Chen; Abuduwufuer Yidilisi; Xianbao Liu; Lihan Wang,10.3390/jcm15176715,2026-08-29,Journal of clinical medicine,"Background/Objectives: Horizontal aorta, characterized by a high aortic angle, represents a challenging anatomical feature during transcatheter aortic valve replacement (TAVR), but its association with cerebral ischemic injury remains unclear. This study investigated the association between horizontal aorta and diffusion-weighted magnetic resonance imaging (DW-MRI)-detected cerebral infarctions after TAVR. Methods: We retrospectively enrolled 411 consecutive patients with severe aortic stenosis undergoing transfemoral self-expanding TAVR between March 2017 and May 2022. Aortic angle was defined as the angle between the aortic annular plane and the horizontal plane on preprocedural computed tomography, and horizontal aorta was defined as an aortic angle > 60°. Patients were categorized into horizontal aorta and non-horizontal aorta groups. The incidence, number, and volume of new DW-MRI lesions were compared between groups. Results: The median age was 74.0 years (interquartile range [IQR]: 69.0 to 79.0); 54.5% were male, and the median Society of Thoracic Surgeons score was 3.83% (IQR: 2.29 to 6.39). Horizontal aorta was present in 69 patients (16.8%). Procedural complications were infrequent and comparable between groups. Although the incidence of new cerebral infarctions was similar between groups (89.9% vs. 83.0%; p = 0.157), patients with horizontal aorta had more cerebral infarction lesions (median, 4.0 vs. 3.0; p = 0.031), larger total lesion volume (320.0 vs. 180.0 mm3; p = 0.017), and larger lesion volume per infarction (70.0 vs. 51.7 mm3; p = 0.036). Multivariable analysis identified horizontal aorta as an independent predictor of the number of post-TAVR cerebral infarctions. Conclusions: Horizontal aorta is relatively common among patients undergoing TAVR and is independently associated with a greater burden of DW-MRI-detected subclinical cerebral ischemic injury."
PubMed,aortic stenosis,"Lipoprotein(a) in Personalized Cardiovascular Prevention: Risk Stratification, Coronary Artery Calcium, and Emerging Lp(a)-Lowering Therapies.",Alveena Batool Syed; Samuel Michalak; Indra Kiran Reddy Potulapati; Aravinthan Vignarajah; Gautam V Shah,10.3390/jcm15176640,2026-08-28,Journal of clinical medicine,"Lipoprotein(a) [Lp(a)] is an independent and causal risk factor for atherosclerotic cardiovascular disease (ASCVD) and calcific aortic valve stenosis (CAVS), with plasma levels largely genetically determined and minimally influenced by lifestyle. Contemporary dyslipidemia guidelines now recommend at least one lifetime measurement and increasingly incorporate Lp(a) into personalized cardiovascular risk evaluation. Recent guideline updates integrate traditional risk estimation with risk-enhancing factors and coronary artery calcium (CAC) imaging. The 2026 U.S. multi-society guideline classifies Lp(a) ≥ 125 nmol/L as a risk-enhancing factor and ≥250 nmol/L as a major risk enhancer. The PREVENT equations provide baseline risk estimation, personalized by Lp(a) and refined through CAC-based reclassification when treatment decisions remain uncertain. Despite its established role in risk assessment, current management remains indirect and emphasizes aggressive control of modifiable risk factors, particularly low-density lipoprotein cholesterol (LDL-C). Emerging Lp(a)-targeted therapies, including antisense oligonucleotides, small interfering RNA agents, and oral small-molecule inhibitors, have shown substantial and sustained reductions in Lp(a) levels, although definitive evidence of cardiovascular benefit is still pending. This review provides a practical, evidence-based synthesis of Lp(a) biology, contemporary guideline recommendations, integrated risk stratification using PREVENT and CAC, current management, and emerging Lp(a)-targeted therapies for use across primary care and cardiology practice."
PubMed,valvular heart disease,Clinical Applications of Right Ventricular Strain by Two-Dimensional Speckle-Tracking Echocardiography.,Anca Balinisteanu; Miaomiao Liu; Reza Bahrami Gorji; Karolina Gumiezna; Dragos Vinereanu; Marta Cvijic; Jens-Uwe Voigt,10.1111/echo.70615,2026-09,"Echocardiography (Mount Kisco, N.Y.)","Assessment of right ventricular (RV) function by two-dimensional (2D) echocardiography remains challenging due to complex geometry, limited acoustic windows, and the angle dependency of conventional parameters. RV longitudinal strain, derived from 2D speckle-tracking echocardiography, has emerged as a quantitative, angle-independent marker of myocardial deformation, enabling earlier detection of dysfunction and providing incremental diagnostic and prognostic value beyond traditional indices in selected settings. RV free-wall longitudinal strain is most commonly used in clinical practice, with established reference values and growing applicability across a broad spectrum of cardiovascular and pulmonary diseases, including pulmonary hypertension, heart failure, ischemic heart disease, cardiomyopathies, and valvular heart disease. However, despite growing evidence supporting its clinical utility, its integration into routine decision-making remains limited. Important constraints persist, particularly inter-vendor variability and relatively high test-retest variability, which affect reproducibility and limit standardization. Emerging techniques, including three-dimensional strain, and artificial intelligence-based analysis, once sufficiently validated and standardized, hold potential to improve measurement accuracy and reproducibility."
PubMed,valvular heart disease,Bench Testing of Multiple Valve-in-Valves Within a Large Housing Self-Expanding Pulmonary Valve.,Sebastian Góreczny; Jacek Kusa; Shakeel Qureshi,10.1007/s00246-026-04453-3,2026-09-16,Pediatric cardiology,"Lifetime management of patients with large dysfunctional right ventricular outflow tract (RVOT) should incorporate a predefined strategy for valve-in-valve (ViV) treatment. The choice of the initial self-expanding platform may determine the feasibility, equipment and interventional techniques required for subsequent ViV procedures. This study was performed to demonstrate bench-test feasibility of multiple ViV within a large self-expanding pulmonary platform, the VenusP-valve (Venus Medtech). Bench testing was performed using a modular, human-grade anatomical right heart simulator (SimuPULS Pulmonary platform, Simulands). Continuous real-time monitoring was performed using biplane angiographic system and four synchronized cameras. Sequential ViV implantation was performed using progressively smaller VenusP-valves (34 mm, 32 mm, 30 mm) deployed within the initial 36 mm VenusP-valve. Subsequently, a 29 mm balloon-expandable valve (Vitae, Venus Medtech) was implanted within the multi-layered self-expanding valves. Fluoroscopic measurements of the self-expanding valve frame demonstrated minimal under expansion (~ 2 mm) of the tubular section. Final measurements confirmed appropriate expansion of the balloon-expandable valve within the complex of four previously implanted self-expanding valves. The external diameters of the tubular section at peak balloon inflation and after balloon deflation demonstrated minimal recoil (< 1 mm). Final external diameters did not exceed the nominal diameter of the initial 36 mm valve. Valve-in-valve implantation within a large-frame self-expanding valve, enables sequential implantation of progressively smaller self-expanding valves whilst still preserving the option for subsequent implantation of a large balloon-expandable valve. These bench findings may support clinical decision making and ViV planning for percutaneous lifetime management of patients with dysfunctional RVOT."
PubMed,valvular heart disease,Transcatheter Edge-to-Edge Mitral Valve Repair for Severe Degenerative Mitral Regurgitation With Coexisting Cor Triatriatum Sinistrum.,Shicheng Li; Yubao Hu; Jie Shen; Mengjie Wang; Yucheng Zhong,10.1016/j.jaccas.2026.110331,2026-09-16,JACC. Case reports,"Cor triatriatum sinistrum (CTS) is a rare congenital malformation, and its coexistence with degenerative mitral regurgitation (MR) in older adults is exceptionally rare and creates substantial technical challenges for transcatheter interventions.
We report a 78-year-old woman presenting with progressive dyspnea, palpitations, and lower limb edema secondary to severe MR caused by posterior mitral leaflet prolapse. Preprocedural imaging incidentally identified a complete, nonfenestrated CTS membrane. Three clips were sequentially implanted at the prolapse site, downgrading MR from severe to trace. The final mean transmitral gradient was 3 mm Hg. The patient achieved rapid symptom resolution and was discharged 7 days postprocedure.
This case establishes the feasibility of mitral transcatheter edge-to-edge repair in patients with CTS through meticulous preprocedural planning and controlled transmembranous access. It broadens the therapeutic landscape for anatomically complex, surgically prohibitive older adults with valvular disease.
The mitral transcatheter edge-to-edge repair is feasible and safe in MR with CTS."
PubMed,valvular heart disease,Potential Contribution of DES (p.Leu88Met) and MYH7 (p.Arg787His) Variants to Familial Restrictive Cardiomyopathy.,Mahrokh Bagherimoghaddam; Samira Kalayinia; Amir Farjam Fazelifar; Masomeh Jalilian; Sepideh Taghavi; Zahra Khajali; Majid Maleki; Ahmad Amin; Mahshid Malakootian,10.1155/crp/6363745,2026,Cardiology research and practice,"Restrictive cardiomyopathy (RCM) is a rare, severe cardiac disease with a heterogeneous genetic basis. Both genetic and nongenetic factors contribute to RCM pathogenesis. Identifying the underlying molecular causes is important for diagnosis and family screening. In this study, we investigated the genetic basis of RCM in a 52-year-old woman with a family history of RCM and heart disease.
Genetic predisposition was evaluated using whole-exome sequencing (WES). Candidate variants identified in the proband were validated by Sanger sequencing and interpreted using bioinformatics tools and the American College of Medical Genetics and Genomics/Association for Molecular Pathology (ACMG/AMP) guidelines.
Two heterozygous missense variants were identified: a novel DES c.262C > A (p.Leu88Met) variant and a previously reported MYH7 c.2360G > A (p.Arg787His) variant. The DES variant was absent from population databases and was classified as a variant of uncertain significance, whereas the MYH7 variant has been reported in the cardiomyopathy spectrum, primarily in hypertrophic cardiomyopathy. Although both variants may be relevant to the participant's phenotype, their contribution remains uncertain without segregation and functional studies.
These findings expand the spectrum of DES and MYH7 variants observed in cardiomyopathy and highlight the need for further segregation and functional analyses to clarify their clinical significance in RCM. Identifying the genetic basis of RCM in this family may improve screening strategies and guide clinical management."
PubMed,valvular heart disease,An echocardiographic appreciation of rheumatic heart disease: phenotypic variability of valvular involvement and its prognostic implications.,Maria Carmo P Nunes; Pilly Chillo; Sheila Klassen; Dorah Nampijjad; Fernanda de Azevedo Figueiredo; Nayana Flamini Arantes Gomes; Adson Patrik Vieira Carvalho; Carolina K Soares; Estela Fofano Rodrigues; Antonio Mutarelli; Alexandre Pantaleão; Juan Manuel Díaz; Jacob P Dal-Bianco; Judy Hung; John K McCormick; Robert A Levine; Leducq PRIMA Network: Preventing Rheumatic Injury Biomarker Alliancej; Leducq PRIMA Network: Preventing Rheumatic Injury Biomarker Alliance,10.1016/j.lana.2026.101566,2026-09,Lancet regional health. Americas,"Rheumatic heart disease (RHD) remains a major cause of cardiovascular morbidity and premature mortality in low- and middle-income countries. This review examines RHD from an echocardiographic perspective, emphasizing how valve-specific phenotypes, hemodynamic burden, and disease progression shape clinical presentation, prognosis, and management. The evolution of echocardiography, from M-mode and two-dimensional imaging to Doppler, strain, and three-dimensional techniques, has transformed understanding of rheumatic valve disease and established imaging as central to diagnosis, risk stratification, and therapeutic guidance. Rheumatic mitral stenosis, in particular, served as a model for the development of key echocardiographic principles in valve morphology, hemodynamics, and intervention planning. Beyond anatomical severity, physiological variables such as exercise-induced pulmonary pressure changes and net atrioventricular compliance provide important prognostic information and better reflect functional impairment. Across the spectrum of disease, echocardiography remains fundamental for early detection, phenotypic characterization, longitudinal surveillance, and individualized management of RHD."
PubMed,valvular heart disease,"Medical, interventional, and surgical management of rheumatic heart disease.",Sheila L Klassen; Luiz G Passaglia; Vicente R Silva; Bhagawan Koirala; Kunjang Sherpa; Marcelo Martins; Lucas Lodi-Junqueira; Jacob Dal-Bianco; Maria Carmo P Nunes; Robert A Levine; Leducq PRIMA Network: Preventing Rheumatic Injury biomarker Allianceg; Leducq PRIMA Network: Preventing Rheumatic Injury biomarker Alliance,10.1016/j.lana.2026.101565,2026-09,Lancet regional health. Americas,"Rheumatic heart disease (RHD) is a lifelong chronic condition with complex pathogenesis and major management challenges in regions where it is endemic. Therapeutic difficulties stem from the need for prolonged medical treatment and lifelong surgical planning in a predominantly young population. Gaps in our understanding of optimal medical and surgical treatment strategies persist, in part because clinically apparent RHD has become uncommon in high-income countries, where most therapeutic innovations historically originate, limiting research investment in this population. This review summarizes established and emerging aspects of the medical management of RHD, its major complications, and available surgical and transcatheter interventions with a focus on the mitral valve. Ongoing research continues to expand the evidence base for RHD care, but parallel efforts to strengthen health systems are essential to ensure effective delivery of available therapies. Sustained global collaboration, research partnerships, and policy initiatives are critical to improving outcomes for individuals living with RHD worldwide."
PubMed,valvular heart disease,Transjugular LuX-Valve Plus transcatheter tricuspid valve replacement for torrential tricuspid regurgitation in a patient with a giant right atrium and multiple prior valve interventions: a case report.,Quntai Qiu; Xinlei Wu; Daozhu Wu; Xinmin Zhang; Lianpin Wu,10.1093/ehjcr/ytag658,2026-09,European heart journal. Case reports,"Transcatheter tricuspid valve replacement (TTVR) is an option for selected patients with severe tricuspid regurgitation (TR) who are at high surgical risk, but experience remains limited in those with extreme right-heart anatomy, including a giant right atrium and a markedly enlarged elliptical tricuspid annulus.
A 62-year-old man was admitted with progressive dyspnoea and lower-extremity oedema (NYHA class IV). He had previously undergone mechanical mitral valve replacement and transcatheter aortic valve replacement. Echocardiography and computed tomography angiography (CTA) showed torrential TR, a giant right atrium (11.59 × 7.73 cm), preserved right ventricular systolic function, and a markedly elliptical annulus with a perimeter-derived diameter of 55.5 mm. Persistent TR despite satisfactory left-sided prosthetic valve function prompted transcatheter evaluation. Redo surgery was prohibitive and transcatheter edge-to-edge repair was unsuitable. The Heart Team selected LuX-Valve Plus because its leaflet graspers and septal anchor provide radial force-independent multipoint fixation. A 79.2-mm bend-point-to-annulus distance exceeded the proposed 45-70 mm range, requiring a slightly lateral jugular entry angle and complicating depth control and coaxial alignment. The mechanical mitral prosthesis limited visualization by transoesophageal echocardiography (TEE) but served as a fluoroscopic landmark; TEE and fluoroscopy enabled successful implantation. At 1 month, NYHA class improved to II, with stable prosthetic haemodynamics, no obvious transvalvular regurgitation, and trivial paravalvular leak; findings remained stable at 6-7 weeks.
This case highlights the feasibility of transjugular LuX-Valve Plus TTVR in extreme right-heart anatomy and emphasizes the importance of anatomy-driven device selection, tailored delivery and imaging strategies, and individualized postprocedural management."
PubMed,valvular heart disease,Late Diagnosis of Noonan Syndrome Presenting With Infective Endocarditis: A Multidisciplinary Challenge in an Underserved Population.,Nur Farhanah; Jessica Novia Hadiyanto; Sefri Noventi Sofia; Tania Tedjo Minuljo; Tri Indah Winarni,10.12659/AJCR.952213,2026-09-16,The American journal of case reports,"BACKGROUND Noonan syndrome is a clinically diagnosed genetic disorder frequently associated with congenital and structural cardiac abnormalities such as valvular dysplasia and cardiomyopathy, which may predispose patients to infective endocarditis. Delayed recognition, particularly in underserved populations, can lead to advanced cardiac complications and complex presentations. CASE REPORT A 29-year-old woman from a rural area with no previous medical history presented with severe respiratory distress, weight loss, and newly detected cardiac murmurs. Physical examination revealed dysmorphic features suggestive of Noonan syndrome, including low-set ears, hypertelorism, short stature, and broad thorax, leading to a clinical diagnosis. Echocardiography demonstrated severe mitral regurgitation with mobile vegetations, a pedunculated mass in the right ventricular outflow tract, left atrial enlargement, reduced right ventricular systolic function (Tricuspid Annular Plane Systolic Excursion, 14 mm), and mild pericardial effusion. Blood cultures remained negative after prolonged incubation, consistent with blood culture-negative infective endocarditis. Concomitant hyperthyroidism contributed to heart failure decompensation. A multidisciplinary team initiated empirical antibiotics, heart failure therapy, thyroid control, and supportive care. The patient improved clinically and was discharged with a plan for elective valve surgery after infection control. CONCLUSIONS This case highlights infective endocarditis as a serious complication in late-diagnosed Noonan syndrome due to underlying structural cardiac abnormalities. Early recognition of Noonan syndrome and multidisciplinary management are essential to improve outcomes and ensure timely referral for definitive cardiac intervention."
PubMed,valvular heart disease,HFpEF in perioperative medicine.,Maria Giulia Bellicini,10.1186/s13741-026-00702-4,2026-09-15,"Perioperative medicine (London, England)","Recent perioperative literature has increasingly questioned the central role of left ventricular ejection fraction (LVEF) in cardiovascular risk stratification. While patients with preserved LVEF may experience perioperative complications, acute heart failure (AHF) in appears uncommon in the absence of identifiable major structural or hemodynamic dysfunction, such as severe valvular disease, precapillary pulmonary hypertension with cor pulmonale, restrictive cardiomyopathies, or terminal renal disease. This distinction has important implications for the interpretation of perioperative risk in patients with heart failure with preserved ejection fraction (HFpEF).In the absence of these conditions, the HFpEF label may often identify a heterogeneous syndrome dominated by exertional dyspnoea, frequently with substantial extracardiac and peripheral contributors, rather than a cardiac phenotype intrinsically prone to acute decompensation. Perioperative vulnerability in these patients may therefore reflect advanced age, extracardiac comorbidity burden, pulmonary or renal disease, and generalized multisystem frailty, while cardiac systolic performance itself remains largely preserved. A physiology-guided perioperative approach integrating structural abnormalities, pulmonary pressures, congestion, and right ventricular function may therefore provide greater clinical relevance than LVEF-based categorization alone."
PubMed,valvular heart disease,Epidemiology of bloodstream infections and infective endocarditis: new insights on typical species and echocardiography screening.,Elayne Kelen De Oliveira; Kristien Van Vaerenbergh; Monika Shumkova; Monika Beles; Arthur Iturriagagoitia; Ana Moya; Raffaella Mistrulli; Sara Gharehdaghi; An Boel; Lien Cattoir; Dan Schelfaut; Thomas Castelein; Stijn Wouters; Frank Van Praet; Filip Casselman; Ivan Degrieck; Bernard Stockman; Karel Van Praet; Jerrold Spapen; Sofie Brouwers; Martin Penicka; Guy Van Camp,10.1136/openhrt-2026-004301,2026-09-15,Open heart,"Real-world data on bloodstream infections (BSI) and infective endocarditis (IE) epidemiology, their implications for screening and the applicability of typical species concepts by guidelines are scarce.
This study aims to elucidate the relationship between BSI epidemiology and the predictors of IE, as well as the use of echocardiographic screening for IE in BSI.
Single-centre registry included all BSI of consecutive hospitalised patients from January 2015 to December 2021. IE prevalence and echocardiographic screening were assessed, also aggregating according to typical species by the European Society of Cardiology and by 2023 Duke-International Society for Cardiovascular Infectious Diseases.
From 4939 BSIs related to 4242 admissions in 3708 patients, 2.7% had a diagnosis of definite IE. The most prevalent BSI pathogens were Enterobacterales (48.3%) and Staphylococcus aureus (11.5%). Some less frequent BSI presented the highest IE proportions: Streptococcus bovis complex (19.2%) and Listeria monocytogenes (16.7%). BSI in patients with intracardiac prosthetic material showed an IE prevalence almost five times higher than overall BSI. The IE risk was underestimated when micro-organisms were grouped as suggested by the main guidelines. Echocardiography screening was highest for S. aureus (75%) and Staphylococcus lugdunensis (72.2%). Among BSI without IE cases, the echocardiography range was between 27.3% and 59.4%.
The study illustrates a discrepancy between BSI pathogen prevalence and their IE risk, emphasising the need for sufficient granularity in defining species typically linked to IE. Typical microorganism concepts may underestimate high risk if species are grouped or if IE risk factors are ignored. There is a mismatch between efforts to diagnose definite IE via echocardiography for each microorganism and the IE risk associated with BSI."
PubMed,valvular heart disease,Impact of adenosine in controlled aortic root reperfusion on clinical outcomes among patients undergoing valvular heart surgery.,Farshad Jalili Shahandashti; Naser Kachoueian; Mostafa Fattahi; Davoud Samaie; Maryam Ghanbari Garekani; Atefeh Taherkhani; Seyedehmasoumeh Seyedebrahimi; Saied Heydari Nia; Farhad Gorjipour; Fazel Gorjipour,10.1051/ject/2026006,2026-09,The journal of extra-corporeal technology,"Adenosine is a vital medication in cardiac surgery, particularly in valvular heart procedures. While its use has been linked to improved postoperative cardiac function in some studies, there remains significant uncertainty regarding the adenosine usage in aortic reperfusion phase. This lack of consensus poses challenges for surgeons, perfusionists, and anesthesiologists alike. This study aims to explore the impact of adenosine on clinical outcomes in patients undergoing valvular heart surgery.
This prospective randomized controlled trial was conducted over a three-month period. Sixty patients undergoing valvular heart surgery were enrolled using a continuous sampling method and randomly allocated into two equal groups of 30 patients each. The intervention group received adenosine-enriched aortic root reperfusion immediately prior to aortic declamping, while the control group underwent standard warm blood aortic root reperfusion. Both groups were matched for demographic and clinical characteristics to ensure comparability.
Results indicated no significant differences in mean cardiopulmonary bypass (CPB) time, aortic cross-clamping duration, or mechanical ventilation between the intervention and control groups. However, the intervention group that received adenosine had a higher rate of antiarrhythmic agent usage in the operating room (P < 0.05). Inotropic agent usage was similar in both groups during surgery and in the ICU. Additionally, laboratory parameters on the first day of ICU admission were comparable between groups.
Results in the control group showed more favorable outcomes in terms of anti-arrhythmic drug usage, electroshock application, and arrhythmia prevalence. This study showed advantages for the standard warm blood aortic root reperfusion technique in managing post-operative cardiac rhythm disturbances, in comparison with the trial group."
PubMed,valvular heart disease,Prevalence of Cancer Across Cardiovascular and Cardiometabolic Conditions: A Systematic Review and Meta-Analysis.,Akhmetzhan Galimzhanov; Elif Beytekin; Leh Chuan Lim; Abdul Basit Ali Zai; Gemina Doolub; Mustafa Aljarshawi; Balamrit Singh Sokhal; Andrija Matetic; Rodrigo Bagur; Louise Y Sun; Cheng Han Ng; Miguel Nobre Menezes; Sarah Zaman; Bonnie Ky; Mamas A Mamas,10.1111/eci.70260,2026-09,European journal of clinical investigation,"To the best of our knowledge, no previous systematic review has comprehensively quantified cancer prevalence across the broad spectrum of cardiovascular and cardiometabolic conditions included in the present study. We aimed to estimate pooled prevalence of active cancer (primary outcome) and other cancer categories among patients with coronary artery disease (CAD), heart failure (HF), atrial fibrillation (AF), hypertension, Type 2 diabetes mellitus (DM), stroke, peripheral artery disease (PAD), and valvular heart disease (VHD).
PubMed, Web of Science, and Scopus were searched from 2010 to July 2024. Secondary outcomes included prevalence of any, previous, haematological, solid, and metastatic cancer. Prevalence estimates were calculated using one-step generalized linear mixed models.
A total of 676 studies comprising approximately 180 million participants were included. The primary analysis of active cancer included 59 studies (4,759,695 patients). Active cancer prevalence ranged from 4.22% (95% confidence interval [CI] 2.18-5.32) in Type 2 DM to 5.55% (95% CI 3.97-7.01) in AF. The prevalence of any cancer, a secondary outcome with more heterogeneous ascertainment, ranged from 7.04% (95% CI 6.05-8.03) in CAD to 14.10% (95% CI 12.20-15.99) in AF.
Cancer represents a substantial comorbidity across cardiovascular and cardiometabolic conditions. Although cancer ascertainment methods varied across studies, particularly for any cancer, the findings provide contemporary estimates of cancer burden that may inform future cardio-oncology research, healthcare planning, risk stratification, and the design of cardiovascular and cardiometabolic clinical trials.
PROSPERO CRD42023494764."
PubMed,valvular heart disease,[Clinical analysis of infectious endocarditis in children with concomitant septic pulmonary embolism].,Y Liu; M Zhang; B Y Gu; X Y Xu; K Wang; W Ji; Y Guo; W Gao; H B Zhang; W Dong; J H Zheng; H Zhang; T L Liu,10.3760/cma.j.cn112140-20260601-00426,2026-09-15,Zhonghua er ke za zhi = Chinese journal of pediatrics,"Objective: To analyze the clinical characteristics, diagnosis, and treatment of infectious endocarditis (IE) with septic pulmonary embolism (SPE) in children. Methods: A case series study was conducted. Clinical data of 10 children with IE complicated by SPE admitted to the Department of Cardiovascular Medicine, Shanghai Children's Medical Center, Shanghai Jiao Tong University School of Medicine from January 2023 to September 2025 were analyzed. The detection rates of three pathogen detection methods, including blood culture, metagenomic next-generation sequencing (mNGS), and vegetation culture, were compared. The clinical diagnosis, treatment, and follow-up outcomes were summarized. Results: Among the 10 children, there were 3 males and 7 females, with an age at presentation of 8.5 (6.6, 11.0) years. Congenital heart disease was present in 9 cases, and intracardiac implants were present in 4 cases. The main clinical manifestations included fever in 10 cases, cough in 4 cases, dyspnea in 4 cases, and chest pain in 3 cases. Six cases had dental caries. A total of 10 pathogens were detected in 9 children, including 2 fungi, 7 bacteria, and 1 Coxiella burnetii. Blood culture was positive in 7 cases, mNGS was positive in 8 cases, and vegetation culture was positive in 4 cases. Echocardiography revealed right-sided vegetations in all cases, and cardiac CT angiography showed multiple pulmonary lesions, including pulmonary artery filling defects, patchy opacities, and streaky shadows. Nine children underwent surgical treatment, and the duration of antimicrobial therapy was 3.0 (2.5, 8.0) months. Under multidisciplinary management, 4 cases were cured, 5 cases improved, and 1 case was under control at discharge. After 6 months of follow-up, pulmonary lesions resolved in 9 cases, and valvular regurgitation improved in 8 cases. Conclusions: Embolization of right-sided IE vegetations is an important cause of SPE in children. Adjunctive mNGS testing, when required, contributes to a higher pathogen detection yield in patients with IE.For right-sided IE, early surgical intervention is often required in addition to antimicrobial therapy."
PubMed,valvular heart disease,Percutaneous Vacuum-Assisted Debulking of Infected and Non-Infected Left-Sided Cardiac Masses Using the AngioVac System: A Systematic Review of Published Case Reports and Case Series.,Felix Bratosin; Jorgelina DeSanctis; Gordana Simeunovic,10.3390/jcm15176669,2026-08-28,Journal of clinical medicine,"Background and Objectives: Left-sided intracardiac masses (infected vegetations and non-infected thrombotic/tumor lesions) are traditionally managed with surgery in many cases, but procedural risk can be prohibitive. We systematically reviewed published experience with the AngioVac system for percutaneous debulking of left-sided cardiac masses. Methods: PubMed, Scopus, and Web of Science were searched for reports through November 2025, supplemented by hand-searching of congress abstract supplements; records were screened and assessed independently by two reviewers. Adult patients undergoing AngioVac removal of infected or non-infected left-sided cardiac masses were included. The primary effectiveness endpoint was technical success (≥70% debulking without conversion to open surgery). Safety outcomes included procedure-related complications. Data were synthesized descriptively due to heterogeneous designs and reporting. Patient-level and study-level data were distinguished a priori, pooled means were weighted by the number of patients contributed by each report, and pre-specified sensitivity analyses addressed possible patient overlap between reports from the same institution and exclusion of a non-intracardiac (aortic arch) target. Results: A total of 30 studies were included (predominantly single-patient reports, 90.0%). The pooled cohort comprised 42 patients; 23/42 (54.8%) had infective endocarditis (IE) and 45.2% had non-infected masses. Mean age was 62.9 years (range 30.0-86.0); sex distribution was female 47.6%, male 42.9%, and not reported 9.5%. All 42 patients were deemed to be at a prohibitively high risk of surgery. Access was mainly transseptal (29/42, 69.0%) or transapical (8/42, 19.0%). Mass size was reported in 23/42 (54.8%), with mean 23.3 mm, median 20.0 mm, and range 11.0-57.0 mm. Technical success was achieved in 35/42 (83.3%); residual mass occurred in 6/42 (14.3%) and one patient had cardiac perforation requiring conversion to open heart surgery (1/42, 2.4%). Procedure-related complications included valvular dysfunction (paravalvular leak or progressive mitral regurgitation), cardiac perforation, and cerebral infarctions (4/42, 9.5%). There were two deaths (2/42, 4.8%) after successful debulking, one in-hospital with recurrent embolic events and septic shock, and the other 4 months after the procedure following procedure-related progressive mitral regurgitation. Complications clustered in transapical procedures (3/8, 37.5% vs. 0/29 transseptal; p = 0.007) and in fungal endocarditis (2/2; p = 0.012). New clinically apparent embolic events occurred in 2/42 (4.8%), both in patients without documented cerebral protection, the choice of which to apply in the total population was unrelated to mass size (mean 23.5 vs. 23.2 mm). Estimates were stable in sensitivity analyses (technical success 32/38, 84.2% after maximal-overlap de-duplication; 31/37, 83.8% restricted to strictly intracardiac targets). Length of stay was reported in 8/42 (19.0%) with a median of 3.5 days (range 1.0-30.0). Conclusions: In published, highly selected non-surgical candidates, left-sided AngioVac debulking achieved ≥70% mass reduction in 83% of the 42 patients, with 4.8% mortality and one patient (2.4%) converting to emergency surgery. Because the evidence consists almost entirely of single-patient reports subject to publication bias, and because technical success is operator-reported and did not preclude death, these data do not support substituting debulking for a guideline-indicated operation. The technique is best positioned as a bridge or palliative strategy, with transapical access and fungal aetiology identified as signals warranting particular caution."
PubMed,deep learning,The error theory of LLM consciousness: there is no evidence that standard LLMs are conscious.,Susan Schneider,10.1017/S0140525X25103920,2026-09-17,The Behavioral and brain sciences,"Are chatbots AI zombies or conscious minds? I suspect they are AI zombies, at least when implemented on today's standard hardware. I argue that today's Large Language Mode's (LLM's) consciousness-like behaviors do not suggest they are conscious, because there is an error theory - a theory explaining why they behave as if they are conscious in absence of actual felt experience. LLMs function as ""crowdsourced neocortices"" - as they scale up, they come to mirror human conceptual structures, leading to human-like behaviors, including those involving consciousness. By contrast, bio-computers, quantum computers, and neuromorphic systems present more serious candidates for AI consciousness."
PubMed,deep learning,Deep Learning-Powered Plasmonic Platform for Decoding Dynamic Protein Aggregation Landscapes in Parkinson's Disease Progression.,Yuhang Zhou; Haoran Liu; Xinyu Yang; Anqi Huang; Mingyuan Li; Zong Dai; Shan Liu; Yongfeng Lu; Jianhe Guo; Shuying Liu; Chenzhong Li; Cheng Jiang,10.1002/adma.74985,2026-09-16,"Advanced materials (Deerfield Beach, Fla.)","In-depth characterization of pathological protein aggregate with its subcomponents is pivotal for early diagnosis and staging of neurodegenerative disorders. Here, we introduce the Protein Aggregate NanoDynamics Analyzer (PANDA), a plasmonic nanotechnology-powered system that translates the supramolecular size distribution of protein aggregates into distinct scattering signatures via sterically constrained immunogold clustering. In this work, PANDA enabled the profiling of α-synuclein (α-syn) aggregates with diverse supramolecular architectures from human serum samples and experimentally revealed biological stage-dependent distribution patterns in Parkinson's disease (PD). Aggregate size profiles from PANDA readouts showed strong correlation with clinical scores (rmax = 0.6) and dopaminergic PET imaging (rmax = 0.7). Notably, it also confirmed the pathophysiological transition of ""oligomer-to-fibril"" in the course of PD progression. To leverage this transition, we incorporated a deep neural network (DNN) to classify PD stages. The network achieved high accuracy and enabled an objective reference to evaluate PD progression. PANDA system thus offers a noninvasive, artificial intelligence (AI)-augmented framework for molecular diagnosis and stratification of neurodegenerative diseases such as PD."
PubMed,deep learning,Temperature-Modulated MEMS Gas Sensor Array Enabled by Physics-Informed Deep Learning for Thermal-Runaway Characteristic Gas Discrimination.,Qin Luo; Qi Guo; Rongyue Liu; Yilin Li; Haiping Zhu; Wei Zhang; Zhongren Chen; Zhaojun Liu; Xing Cheng,10.1002/advs.77784,2026-09-16,"Advanced science (Weinheim, Baden-Wurttemberg, Germany)","Gas monitoring is a promising method for early warning of thermal runaway, yet existing sensor systems suffer from insufficient miniaturization, inadequate discrimination ability, and severe drift-induced performance degradation. This work presents a 2 × 2 integrated single-chip MEMS gas sensor array with temperature modulation and deep learning for discriminating thermal-runaway characteristic gases. The array comprises four distinct temperature zones achieved by varying the line width of the heating electrodes, with the entire array measuring 1.8 × 1.8 × 0.5 mm3. Furthermore, it is capable of detecting four critical thermal-runaway characteristic gases (H2, CO, CH4, and CO2) and exhibits distinct temperature-modulated response patterns. To achieve reliable multi-gas discrimination, we develop a Hierarchical Kolmogorov-Arnold Mixture-of-Experts (HK-MoE) model. Under single-gas conditions, the model achieved initial F1-scores of 99.53% for target gas presence detection, 99.88% for gas classification, and 98.09% for concentration determination. While performance experienced some degradation following a 30-day continuous operational aging, the model consistently demonstrated satisfactory resilience and significantly outperformed conventional baselines and state-of-the-art Transformer-based time-series models. Further validation using multi-component gas mixtures yielded overall F1-scores above 99.83% for all three tasks, demonstrating reliable mixed-gas discrimination capability. This integrated framework offers a compact solution to drift-induced instability, demonstrating its potential for reliable and early-stage battery safety monitoring."
PubMed,deep learning,Genolator enables protein function interpretation using a multimodal large language model fusing genomic and structural interpretation with natural language interaction.,Martin Danner; Tanhim Islam; Matthias Begemann; Florian Kraft; Miriam Elbracht; Ingo Kurth; Jeremias Krause,10.1186/s13059-026-04274-w,2026-09-16,Genome biology,"Decoding the genetic code to unveil its genome functionality is a monumental task which would greatly advance the understanding of disease mechanisms and development of targeted treatments. Although large language models (LLMs) have transformed natural language processing across diverse domains, translating the complex language of DNA into human-readable form remains challenging due to genomic data complexity and unexplored regions of the human genome. Current language models either are capable of processing natural language or the genomic code. Models fusing both aspects are largely lacking.
Here we present Genolator, a multimodal large language model that integrates embeddings from DNA sequences, amino acid sequences, and protein structures with natural language queries. Fine-tuned on over 365,000 question-answer pairs generated using abstracted Gene-Ontology (GO) terms, Genolator effectively answers queries regarding protein subcellular localization, molecular function, and biological processes. Evaluation demonstrates high accuracy in confirming or denying protein function associations, outperforming baseline models such as openly available allrounder LLMs like GPT 4.1 as well as smaller domain-specific models integrating knowledge from a protein structure transformer. Explorations of Genolator's hidden states unveil a biologically and linguistically plausible organization of its learned representations. Analysis of the attention heads of the underlying language model and an ablation study provide evidence for a benefit of the multi-modal approach.
Genolator enhances accessibility to genomic information by enabling natural language interaction with protein data, facilitating biological discovery, and clinical research. It represents a step towards bridging genomic code and human language through the integration of a multimodal LLM."
PubMed,deep learning,"MMBCFNet: multi modal hybrid deep learning framework for breast cancer detection using MRI, mammography, and ultrasound images.",Sureshkumar Natesan; N Duraimutharasan,10.1007/s40477-026-01194-0,2026-09-16,Journal of ultrasound,"Accurate diagnosis of breast cancer is essential for enhancing the outcomes of patients. Although magnetic resonance imaging (MRI), mammography (MMG), and ultrasound (US) provides complementary diagnostic data, current deep learning technologies tend to use only one of these methods or do not have an efficient means of fusing diagnostic data, which restricts the diagnostic capabilities. This study proposes Multimodal Breast Cancer Fusion Network (MMBCFNet), a novel multi modal deep learning that combines MRI, MMG, and US with the help of hybrid models that are modality-specific and an attention-based feature fusion approach. In particular, MRI features are obtained with the help of DSMRINet, a combination of 3D DenseNet and Swin Transformer models; MMG features are obtained with the help of ERMMGNet, which is a combination of ResNet and EfficientNet models; and US features are obtained with the help of MRUSNet, which is a combination of MobileNetV3 and ResNeXt models. The predictions obtained from these modality-specific networks are combined using a weighted decision-level fusion mechanism to generate the final diagnostic outcome. Experimental results demonstrate that the proposed framework achieves accuracy of 98.78%, precision of 98.29%, sensitivity of 98.54%, specificity of 98.46%, and MCC of 0.9868, outperforming baseline models. The evaluation results demonstrate that the proposed framework effectively leverages complementary information from multiple imaging modalities and determines improved strength and accuracy for breast cancer detection."
PubMed,deep learning,Diagnostic accuracy of deep learning models for detecting wrist and distal forearm fractures in pediatric patients: A systematic review and meta-analysis.,Danial Sharifi Razavi; Mohammadali Seiri; Mehrdad Farrokhi,10.1007/s10140-026-02545-4,2026-09-17,Emergency radiology,"Pediatric wrist and distal forearm fractures are common but can be challenging to diagnose due to age-related skeletal differences and complex fracture patterns. Deep learning models may improve fracture detection; however, their diagnostic performance in pediatric wrist injuries remains unclear. This study aimed to evaluate the diagnostic accuracy and clinical utility of deep learning models for detecting wrist and distal forearm fractures in children.
In this systematic review and diagnostic meta-analysis, MEDLINE, Web of Science, and Scopus were searched from inception to July 2026. Quality appraisal was performed using the QUADAS-2 tool. Diagnostic parameters were estimated using Meta-Disc software and the MIDAS package in Stata. Meta-regression analyses were performed to explore potential sources of heterogeneity.
Deep learning models achieved a pooled sensitivity of 0.93 (95% CI, 0.92-0.95) and specificity of 0.85 (95% CI, 0.83-0.87) for fracture detection. The positive likelihood ratio (PLR) and negative likelihood ratio (NLR) were 6.83 (95% CI, 5.27-8.84) and 0.08 (95% CI, 0.05-0.12), respectively. The area under the summary receiver operating characteristic (SROC) curve was 0.96.
Deep learning models demonstrate high diagnostic performance for detecting wrist and distal forearm fractures in pediatric patients, with particular potential as decision-support tools for fracture exclusion. Diagnostic performance varied by imaging modality and model type, with ultrasonography-based models showing higher specificity and commercially available models showing higher sensitivity. However, limited evidence, methodological heterogeneity, and insufficient external validation highlight the need for prospective multicenter studies before widespread clinical implementation."
PubMed,deep learning,STADiffuser: high-fidelity simulation and full-view 3D modeling of spatial transcriptomics.,Chihao Zhang; Shihua Zhang,10.1038/s41467-026-76829-1,2026-08-19,Nature communications,"Spatial transcriptomics technologies have provided invaluable insights by profiling gene expression alongside precise spatial information. However, they encounter high costs, data sparsity, and limited resolution, hindering their broader adoption and utility. Moreover, the lack of flexible simulators capable of generating high-fidelity simulated data has impeded the development of computational tools for spatial transcriptomic data analysis. To this end, we introduce STADiffuser, a versatile deep generative model that leverages diffusion modeling for accurate simulation of spatial transcriptomic data. STADiffuser employs a two-stage architecture: an autoencoder with a graph attention mechanism for learning spot embeddings, followed by a latent diffusion model integrated with a spatial denoising network for data generation. STADiffuser is a simulator designed for spatial transcriptomic data, capable of handling multiple samples and 3D coordinates while supporting user-defined conditions. STADiffuser facilitates various downstream analyses, including accurate imputation, super-resolution, and full-slice generation. Furthermore, its generative scheme enables in silico experiments, thereby enhancing the statistical power in detecting differentially expressed genes and identifying cell-type-specific genes while effectively controlling confounding factors. Notably, STADiffuser scales to millions of spots and supports the full-view 3D modeling of a marmoset cerebellum atlas with over 20 million spots, enabling detailed investigations from arbitrary viewing angles."
PubMed,deep learning,Radiographic Classification of Low-Energy Distal Radius Fracture Status Using Automated Hand Segmentation.,Y S Gan; Yung-Cheng Chiu; Kai-Xing Alvin Lee; Jun-Hui Liang; Gen-Bing Liong; Sze-Teng Liong,10.1007/s10278-026-02264-9,2026-09-16,Journal of imaging informatics in medicine,"This work presents a radiographic classification framework using hand and wrist radio- graphs to distinguish low-energy distal radius fracture cases from non-fracture controls. The framework integrates advanced preprocessing techniques with deep learning architectures. The proposed method begins with hand keypoint detection, employing a suite of image preprocessing techniques and the application of a pre-trained landmark de- tector. Subsequently, the hand region of each image is extracted for further analysis. To effectively learn the features and patterns distinguishing the two classes, a transfer learning strategy is adopted by fine-tuning multiple pretrained network architectures. Comprehensive experiments validate the framework's effectiveness, with VGG-16 achieving a peak accuracy of 98.16% and ResNet-18 reaching 97.63%, supported by AUC values exceeding 99% for both models. Additionally, graphical visualizations such as PCA plots and ROC curves demonstrate the models' ability to capture meaningful features and accurately differentiate between healthy and osteoporotic conditions. These results are anticipated to pave the way for significant advancements in clinical applications of medical imaging."
PubMed,deep learning,Rapid patient-specific neural networks for X-ray to volume registration.,Vivek Gopalakrishnan; David-Dimitris Chlorogiannis; Andrew Abumoussa; Anna M Larson; Nazim Haouchine; Darren B Orbach; Sarah Frisken; Neel Dey; Polina Golland,10.1038/s41586-026-11045-x,2026-09-16,Nature,"Advanced navigation techniques in image-guided interventions and surgical robotics require the rapid and precise alignment of three-dimensional (3D) preoperative volumes (such as computed tomography and magnetic resonance imaging) to two-dimensional (2D) intraoperative images (such as X-ray fluoroscopy)1,2. However, existing 2D/3D registration methods fail to generalize across the broad spectrum of fluoroscopy-guided procedures: intensity-based optimizers require per-individual hyperparameter tuning3,4, while deep-learning approaches demand extensive manually labelled datasets and remain constrained to the specific anatomy on which they were trained5,6. Here, to address these limitations, we present xvr-a self-supervised framework that combines patient-specific neural networks with gradient-based optimization for automatic 2D/3D registration. xvr uses physics-based simulation to generate training data from a patient's own preoperative scan, eliminating the need for manual annotation. We present a foundation model pretrained on thousands of whole-body scans, achieving patient-specific adaptation to any anatomical region with only 5 min of fine-tuning. In to our knowledge the largest evaluation of 2D/3D registration on real fluoroscopy to date, xvr achieves high accuracy in seconds across diverse anatomical structures, volumetric imaging modalities and hospitals, improving on the accuracy of existing methods by an order of magnitude. xvr makes pan-anatomical 2D/3D rigid registration accessible to broad clinical and research communities through open-source software available online."
PubMed,deep learning,Harnessing snake venom cardiotoxins for antimicrobial peptide discovery.,Bruno Mendes; José R Almeida; Valeria Castelletto; Ian W Hamley; Glyn Barrett,10.1038/s44386-026-00073-2,2026-09-16,npj drug discovery,"Snake venoms are a rich source of bioactive molecules with considerable potential for drug discovery. Cardiotoxins (CTXs) from cobras (Naja spp.) are membrane-active venom proteins and promising templates for antimicrobial peptide development. Here, we combined two computational toxin-mining strategies to identify antimicrobial peptide candidates from CTXs. First, AMPA-guided sequence mining was used to detect encrypted antimicrobial regions within CTX sequences. Second, sequence alignment and consensus-sequence analysis were employed to generate peptides from a conserved CTX scaffold. Candidate peptides were prioritised using multiple machine learning- and deep learning-based antimicrobial peptide prediction tools, resulting in fourteen CTX-inspired peptides, including two modified derivatives of CTX-p5. Antimicrobial screening showed limited activity across the peptide panel, with CTX-p5 exhibiting the strongest activity against both Gram-negative and Gram-positive bacteria. Neither truncation nor chemical modification improved its antibacterial potency. Mechanistic studies, including atomic force microscopy, flow cytometry, fluorescence microscopy and membrane permeabilisation assays, indicated that CTX-p5 disrupts bacterial membrane integrity. These findings identify CTXs as a source of antimicrobial peptide templates while highlighting the limitations of current computational prioritisation approaches and the need for more accurate toxin-mining workflows to enhance peptide selection during toxin-inspired drug discovery."
PubMed,deep learning,Safety and tolerability of temporal interference stimulation in humans: a systematic review and meta-analysis of an emerging deep neuromodulation technology.,Ilya Demchenko; Qiaowei Lin; Yesha Patel; Ariana Tang; Jithin Joseph; Olivia Torresan; Madison Hunter; Xuhang Tong; Fatemeh Gholamali Nezhad; Reinhard Janssen-Aguilar; Tom A Schweizer; Sidney H Kennedy; Abhishek Datta; Yu Huang; Sumientra Rampersad; Manish K Jha; Ines R Violante; Alexandre Boutet; Robert Chen; Andres M Lozano; Venkat Bhat,10.1016/j.neubiorev.2026.106981,2026-09-16,Neuroscience and biobehavioral reviews,"Temporal interference stimulation (TIS) uses kilohertz-frequency currents to generate a low-frequency amplitude-modulated envelope within brain tissue, enabling deeper targeting while minimizing superficial stimulation. As human applications expand, a systematic evaluation of safety and tolerability is needed.
Following PRISMA guidelines (PROSPERO: CRD420251081135), we searched Ovid MEDLINE, Embase, and APA PsycINFO (May 2, 2025) for peer-reviewed human TIS studies reporting safety or tolerability outcomes. Methodological quality and risk of bias were assessed using design-appropriate RoB 2, ROBINS-I, and Johanna Briggs Institute tools. Random-effects meta-analyses were conducted in R. Parallel-arm randomized controlled trials (RCTs) were synthesized using risk ratios (RRs), with sensitivity analyses using risk differences (RDs), alternative continuity corrections, and pooling models. Within-subject studies were summarized descriptively using pooled adverse event (AE) proportions, with additional sensitivity analyses by transformation, study quality, and AE-elicitation method.
Twenty-four studies (N = 853 participants; 21 RCTs, 3 non-randomized) were included. No serious AEs (SAEs) were reported. In parallel-arm RCTs (k = 5 arms; N = 192 participants), most AEs showed effects near null. Tingling was more frequent with active TIS (RR = 2.95; 95% CI, 1.25-7.00; RD = 0.18; 95% CI, 0.01-0.34). In within-subject studies (k = 20 arms; N = 531 participants), descriptive pooled AE proportions varied across outcomes, with the highest estimates observed for fatigue, sleepiness, and tingling.
TIS was generally well-tolerated in humans, with predominantly mild, transient AEs and no SAEs reported. Evidence is limited to conservative parameters (~2kHz; ≤2mA/channel), small sample sizes, and short-term TIS applications."
PubMed,deep learning,"Tumor-homing peptides in precision oncology: Mechanisms, design and recent advances.",Guojun Ma; Dalia Kheira Derkaoui; Rachid Senhadji; Philippe Karoyan; Jean-Luc Poyet,10.1016/j.jconrel.2026.115360,2026-09-16,Journal of controlled release : official journal of the Controlled Release Society,"Mechanisms of systemic administration of cytotoxic and immunomodulatory agents are hindered due to poor intratumoral retention and off-target toxicities. While Antibody-Drug Conjugates (ADCs) have achieved substantial clinical success and validated the paradigm of targeted therapy, their large size (~150 kDa) limits their ability to cross blood vessels and interstitial spaces, especially in the dense, collagen-rich stroma of aggressive solid tumors. As a smaller alternative for drug delivery, Tumor-Homing Peptides (THPs) allow for improved tissue permeability, low immunogenicity and rapid systemic clearance. Here, we examine THPs discovery and development trajectory, from phage display strategies to current deep learning-driven design methodologies. We analyze the structural and functional biology of the predominant internalization pathways like the Neuropilin-1 (NRP-1) dependent C-end Rule (CendR) and the Sortilin (SORT1) scavenger receptor, and their use to promote deep tissue penetration. Finally, we assess the translational landscape of early 2026, including the recent FDA withdrawal of the lipophilic peptide-conjugated melphalan flufenamide (Pepaxto®) and the recent clinical success of the cyclic peptide certepetide for pancreatic adenocarcinoma and the ongoing promising studies with chemically constrained bicyclic peptides."
PubMed,deep learning,Methodological considerations on opportunistic screening for osteoporosis using chest X-rays and deep learning.,Gde Bagus Susila Pradnyana Nurcahyo Oka,10.1016/j.bone.2026.118094,2026-09-16,Bone,
PubMed,deep learning,IQ-NET: fast and accurate quartet phylogenetic inference using deep learning trained on empirical DNA alignments.,Chen Yang; Zixin Zhuang; Piyumal Demotte; Cuong Cao Dang; Le Sy Vinh; Bui Quang Minh; Nhan Ly-Trong,10.1016/j.ympev.2026.108744,2026-09-16,Molecular phylogenetics and evolution,"Phylogenetic inference is fundamental to modern biology, with many applications including evolutionary biology, epidemiology, and comparative genomics. While maximum likelihood and Bayesian methods remain the gold standard for phylogenetic analysis, they rely on simplifying assumptions and are computationally intensive. Recent machine learning approaches for phylogenetics offer speed advantages, but have several limitations: exclusive reliance on simulated data for training, inadequate handling of gaps, and sensitivity to input sequence order. Here, we introduce IQ-NET (Intelligent Quartet NETwork), a deep learning framework that solves these limitations to infer four-taxon trees. IQ-NET estimates both tree topology and branch lengths directly from gapped alignments. IQ-NET outperforms existing machine learning methods in terms of accuracy, and obtained a 24-fold speedup compared with the widely used maximum likelihood software, IQ-TREE. We finally introduce a pipeline using IQ-NET and the ASTRAL software to reconstruct a larger species tree, i.e., with more than four taxa."
PubMed,deep learning,Robustness of deep learning-based denoising 4DCBCT methods.,Samuele Papa; Efstratios Gavves; Jan-Jakob Sonke,10.1088/1361-6560/aea8c6,2026-09-16,Physics in medicine and biology,"4D cone-beam computed tomography (4DCBCT) is a technique used to address respiratory motion in radiotherapy but is limited by significant view-aliasing artifacts. Recently, deep learning methods have been proposed to reduce view-aliasing. This study investigates the robustness and performance of these methods when variations in patient breathing period affect the noise pattern in the scans used as training data, which potentially affects the ability of the models to reduce view-aliasing.&#xD;&#xD;Approach. We evaluated both a supervised and a self-supervised scalable deep learning methods. Using a dataset of 328 patients, scans were partitioned into cohorts according to breathing period, and independent training with cross-cohort validation was performed to assess robustness. We also evaluated the impact of a modern UNet-based architecture and data augmentation. To quantify view-aliasing without requiring ground truth, we introduced the Power Spectral Gradient (PSG), a metric measuring respiratory-phase streak consistency in the Radon domain.&#xD;&#xD;Main results. Training and testing on matched breathing-period cohorts did not consistently improve performance, indicating that both methods are robust to clinically observed respiratory-pattern variations. Instead, increasing the overall dataset size led to the most noticeable improvements. For the cohort with long breathing periods, the supervised model trained on the combined dataset achieved a ~0.5 PSNR improvement over the cohort-specific model and a PSG improvement of ~0.7. While data augmentation improved general image quality (increasing PSNR by ~0.3), it did not reduce view-aliasing artifacts, yielding comparable or slightly worse PSG.&#xD;&#xD;Significance. These findings support the reliability of deep learning-based 4DCBCT denoising across clinical breathing patterns. They suggest that large, diverse datasets should be prioritized over breathing-cohort-specific optimization. Finally, PSG provides an objective tool for artifact quantification and may support future development of more robust 4DCBCT enhancement techniques."
PubMed,deep learning,Geometry-informed Bayesian deep learning for proactive driving risk assessment: a full spatiotemporal probabilistic risk field approach.,Zhenlin Hu; Feng Zhu; Xinyu Ming; Xianghai Meng,10.1016/j.aap.2026.108783,2026-09-16,Accident; analysis and prevention,"Proactive driving risk assessment is essential for autonomous vehicles and advanced driver-assistance systems. Traditional conflict indicators and risk field approaches are limited in capturing inherent motion uncertainties and multi-dimensional crash risks in a unified manner. Although deep learning facilitates probabilistic trajectory prediction, purely data-driven models often lack geometric plausibility and neglect epistemic uncertainty, yielding implausible predictions and unreliable risk quantification. To address these limitations, a unified proactive driving risk assessment framework is proposed by integrating a geometric-informed Bayesian heteroscedastic convolutional social long short-term memory (GIBH-CS-LSTM) network with a full spatiotemporal probabilistic risk field (FSPRF) approach. Within the predictive architecture, aleatoric and epistemic uncertainties are simultaneously quantified through heteroscedastic outputs and variational inference. Geometric boundary constraints and an adaptive dual-entropy regularization (ADER) mechanism are incorporated to ensure spatial reliability and maintain the anisotropic representation of motion variances. Based on these predictive distributions, the FSPRF methodology unifies the quantification of synchronous interaction risks, asynchronous conflict risks, and single-vehicle run-off-road risks. Specifically, based on the risk field intensity of vehicles, a set-based instantaneous collision risk index (ICRI) is defined to evaluate the interaction intensity between extended rigid bodies. This metric employs a whitening transformation to convert the minimum Mahalanobis distance between sets into a minimum geometric distance calculation within an isotropic whitened space, rectifying risk underestimation near vehicle boundaries. The framework is validated utilizing vehicle trajectory data extracted from freeway curved and straight sections. Quantitative evaluations demonstrate that the GIBH-CS-LSTM model mitigates road departures and improves trajectory accuracy. The unified FSPRF captures lateral and longitudinal crash risks and enables direct aggregation of risk exposure, providing a more comprehensive multidimensional evaluation compared to traditional conflict indicators. Ultimately, this framework provides a quantitative foundation for developing proactive collision avoidance strategies."
PubMed,deep learning,"Radiomics and its application to neuro-oncology: A narrative review of advances, clinical application and implementation challenges.",Andreu Pujol Cascales; Christopher Hayre; Daniel Fontes Caramé; Adrian Viñas Criado; Ivan Canet; David Llopis Gonzalez,10.1016/j.jmir.2026.102568,2026-09-16,Journal of medical imaging and radiation sciences,"A narrative review of the literature was carried out in PubMed, Scopus and Web of Science (2012-2024) to explore the role of radiomics and artificial intelligence (AI) in neuro-oncology, with an emphasis on its diagnostic, prognostic, and therapeutic potential.
Radiomics allows automated extraction of quantitative characteristics of medical images (MRI, CT, and PET/CT), identifying patterns not visible to the human eye. It has been shown to be useful in pre-surgical classification of gliomas, survival prediction and differentiation between tumour progression and pseudo-progression. Integration with deep learning algorithms may improve diagnostic accuracy and facilitate patient stratification based on molecular biomarkers such as isocitrate dehydrogenase (IDH) and Methylguanine-DNA methyltransferase (MGMT). Radiogenomics links image phenotypes with genetic alterations, enhancing personalised medicine. However, limitations persist due to the lack of standardisation of protocols, variability in segmentation, and the scarcity of validated multicentre studies.
Radiomics represents a promising tool to optimise the diagnostic and therapeutic approach in neuro-oncology. However, prospective validation and methodological standardisation are required before definitive integration into clinical practice.
Brain tumours can be difficult to diagnose and treat because they often behave differently from one person to another. This study reviewed published research on radiomics, a method that uses artificial intelligence to analyse hidden patterns in medical images such as MRI, CT, and PET scans. This study found that radiomics may help classify brain tumours, predict outcomes, identify treatment-related changes, and support more personalised care, although important challenges remain around standardisation and validation. This matters because more accurate and personalised approaches could help improve diagnosis, treatment planning, and monitoring for people with brain tumours."
PubMed,deep learning,CellSize-Clust: An Unsupervised Multi-Algorithm Method for Classifying Skeletal Muscle Cells by Feret Diameter in Mice Soleus and Gastrocnemius.,Paola Llanos; Javier Russell-Guzmán; Matías Monsalves-Álvarez; Matías Aravena; Martín Maturana; Rodrigo Olivares; Pablo Olivares; José Francisco López-Gil; Rodrigo Yáñez-Sepúlveda; Sonja Buvinic,10.1016/j.cmpb.2026.109643,2026-09-08,Computer methods and programs in biomedicine,"The minimum Feret diameter is widely used for muscle fiber-size assessment, but identifying discrete size subpopulations remains challenging because conventional thresholds are subjective. We benchmarked CellSize-Clust, an antibody-free clustering framework that integrates eight algorithms with formal K-selection criteria and silhouette voting, using 14,655 fibers from soleus and gastrocnemius muscles of 42 male C57BL/6J mice, segmented with a U-Net deep-learning model from cryosections stained with wheat germ agglutinin (WGA). Internal validation combined Silhouette, Calinski-Harabasz, and Davies-Bouldin indices, while animal-stratified cross-validation and bootstrapping assessed stability. Most criteria supported K = 2, with Agglomerative Clustering with Ward linkage achieving the highest composite score in both muscles and strong agreement with Gaussian Mixture Models (GMM), Spectral Clustering, and K-Means. Cluster proportions were muscle-specific and showed stable cross-validated silhouettes. External validation in 6435 masseter fibers from 12 mice reproduced the two-cluster structure, proportions, and stability, although algorithm rankings did not generalize and the composite score was vulnerable to degenerate partitions. Hartigan's dip test did not reject unimodality, and separation from a unimodal null was limited. CellSize-Clust therefore provides a reproducible method for thresholding a continuous muscle fiber-size distribution rather than evidence of two biologically distinct subpopulations. Associations with myosin heavy chain isoforms require immunohistochemical confirmation. STATEMENT OF SIGNIFICANCE: CellSize-Clust addresses a persistent gap in muscle morphometry: the absence of reproducible, antibody-free frameworks for classifying skeletal muscle fibers by size. Traditional fiber typing relies on costly immunohistochemistry and is subject to inter-laboratory variability. By combining systematic multi-algorithm benchmarking, formal cluster-number justification, animal-level inferential statistics, and fully open data and code, our framework provides a transparent and reproducible pipeline for screening large morphometric datasets and identifying size-based fiber subpopulations before undertaking more resource-intensive immunohistochemical fiber typing. Although CellSize-Clust does not replace myosin heavy chain (MHC) isoform typing - which remains the gold standard - it complements it as a first-pass screening tool, particularly valuable in longitudinal studies of disuse atrophy, obesity, sarcopenia, and neuromuscular disease among others, where thousands of fibers must be phenotyped efficiently."
PubMed,deep learning,Adaptive conditional diffusion-based data augmentation for NIR spectroscopy quantitative analysis under limited labeled samples.,Peng Li; Hao Zhang; Jinlong Duan; Xin Wang; Yao Qin; Mingxing Li; Dandan Zhai; Xile Cheng; Yu Yang,10.1016/j.saa.2026.128647,2026-08-23,"Spectrochimica acta. Part A, Molecular and biomolecular spectroscopy","Accurate quantification of key chemical constituents is critical for quality control in food and pharmaceutical products, yet conventional analytical methods are often destructive, time-consuming, and costly. Combining near-infrared (NIR) spectroscopy with deep learning shows strong potential for quantitative regression. However, labeled spectra typically require expensive, labor-intensive reference assays, resulting in limited training data that constrain model training, generalization, and real-world deployment. Although data augmentation can mitigate small-sample issues, existing generative approaches often struggle with stable synthesis and precise conditional control under continuous regression labels, which may cause spectrum-label inconsistency and limit downstream gains. To address these challenges, we propose an Adaptive Conditional Diffusion Model (ACDM) for NIR spectral generation with continuous regression conditioning, designed for regression-oriented augmentation. ACDM integrates robust conditioning via classifier-free guidance and Feature-wise Linear Modulation (FiLM), label-guided adaptive noising through a condition-guided noise injection network, spectral feature recalibration using Squeeze-and-Excitation modules to preserve fine-grained absorption structures, and an improved one-dimensional U-Net tailored to NIR signals. Experiments on three representative NIR regression datasets (American ginseng, corn kernel, and tablet samples) show that ACDM generates spectra with high distributional consistency and spectral-shape fidelity. More importantly, ACDM-based augmentation consistently improves regression performance. Under the highest-performing predefined augmentation setting, ResNet1D achieves R2 values of 0.9462, 0.9370, and 0.9311 on the three datasets, with low prediction errors and stable residual behavior. These results demonstrate that ACDM effectively enhances NIR regression under limited labeled data in the three evaluated sample systems and supports its potential for regression-oriented spectral augmentation."
PubMed,deep learning,Refining the functional dynamics of deoxynivalenol in wheat Fusarium head blight via MALDI-TOF-MSI and deep learning.,Muhai Tang; Weijie He; Ye Tian; Shuting Sun; Changxing Zhao; Mingzhu Guo; Zheng Yan; Qianqian Chu; Na Liu; Dianzhen Yu; Jingbo Zhang; Aibo Wu,10.1016/j.foodchem.2026.151138,2026-09-13,Food chemistry,"Wheat grains face widespread contamination by deoxynivalenol (DON), a major contaminating mycotoxin produced by Fusarium graminearum. However, DON's role in mediating F. graminearum infection in Fusarium head blight (FHB) remains contentious, largely due to challenges in capturing its holistic spatial accumulation dynamics. Here, we established a systematic MALDI-TOF-MSI-based workflow enabling untargeted, tissue-scale in situ visualization of DON distribution in wheat. By identifying 1,6-Diphenyl-1,3,5-hexatriene (DPH) as the optimal matrix, we achieved accurate DON detection in negative ion mode. Consequently, we settled the controversy regarding DON as a virulence factor in coleoptiles and mapped its translocation patterns in rachises. Ultimately, visual observation identified the germ and inner crease as low accumulation zones for DON in wheat grains, with its full distribution pattern being further revealed by deep learning-assisted 3D imaging. Visualizing DON in situ and refining its functional roles offer more valuable strategies for wheat processing and breeding."
Crossref,aortic stenosis,Microscopic anatomy of the heart and aortic crest of the sea hare Aplysia depilans (Gastropoda: Euopisthobranchia),Alexandre Lobo-da-Cunha,10.1016/j.tice.2026.103817,2027-02,Tissue and Cell,
Crossref,aortic stenosis,Chebulinic acid attenuates ox-LDL-induced oxidative injury in human aortic endothelial cells in association with Nrf2/HO-1 activation,Hairong Li; Yinmei Zhu; Weisong Tang; Biquan Lin; Fangbo Lin,10.1016/j.tice.2026.103881,2027-02,Tissue and Cell,
Crossref,aortic stenosis,Impact of intra-aortic balloon pump support on cerebral blood flow velocity during venoarterial ECMO,Timothée Ayasse; David Levy; Ouriel Saura; Alain Combes; Matthieu Schmidt,10.1016/j.jcrc.2026.155710,2027-02,Journal of Critical Care,
Crossref,aortic stenosis,PLN inhibits vascular smooth muscle cell pyroptosis in abdominal aortic aneurysm via NF-κB/NLRP3 pathway,Shan Chen; Yanxi Yang; Lei Yang; Yulin Miao; Weiwei Wang; Chao Ding; Zhipeng Hu,10.1016/j.tice.2026.103827,2027-02,Tissue and Cell,
Crossref,aortic stenosis,Modeling calcific aortic valve disease with engineered human valve tissues identifies SAMHD1 as a therapeutic target,Xiangfu Meng; Qian Zhou; Zijin Zhu; Weihua Qiao; Bingchuan Geng; Zhengfeng Fan; Ruxiang Wang; Shanqing Gao; Yanyan Zhou; Pengcheng Yang; Nianguo Dong; Yan Qi; Donghui Zhang,10.1016/j.biomaterials.2026.124432,2027-01,Biomaterials,
Crossref,aortic stenosis,Serum sialic acid is independently associated with cerebrovascular atherosclerotic stenosis severity and total vascular burden: A retrospective cohort study,Qi Cai; Chunjiao Yang; Lei Luo; Yinfei Huang; Yu Xie; Xin Liang; Renwei Zhang; Yumin Liu,10.1016/j.cca.2026.121217,2027-01,Clinica Chimica Acta,
Crossref,aortic stenosis,Reduced Occludin expression in aortic endothelial cells mediates endothelial barrier dysfunction in aortic dissection,Shiqi Gao; Chenyu Zhou; Jiachen Li; Xianchao Jiang; Yuanrui Gu; Yumengi Ji; Kai Xu; Jiang Liu; Zhonghua Shen; Enzehua Xie; Juntao Qiu,10.1016/j.bbadis.2026.168417,2027-01,Biochimica et Biophysica Acta (BBA) - Molecular Basis of Disease,
Crossref,aortic stenosis,Two Cases of Lumbar Spinal Canal Stenosis with Dorsal Meningovertebral Ligaments: Potential Risk of Dural Laceration,Kyohei KIN; Ryoji TOMINAGA; Kento TAKEBAYASHI; Hiroki IWAI; Hisashi KOGA,10.2176/jns-nmc.2025-0354,2026-12-31,NMC Case Report Journal,
Crossref,aortic stenosis,Intraoperative Near-infrared Spectroscopy Findings Reflecting Cerebrovascular Autoregulation during Staged Angioplasty for Severe Carotid Artery Stenosis: A Case Report,Norihiro IWAMOTO; Shin-Ichiro OSAWA; Norio NARITA; Hiroyuki SAKATA; Hidenori ENDO,10.2176/jns-nmc.2025-0403,2026-12-31,NMC Case Report Journal,
Crossref,aortic stenosis,Staged Full-endoscopic Foraminotomy for Multilevel Lumbar Stenosis with Scoliosis: A Case Report,Takayuki KITAHARA; Yuji NAGAO; Takafumi OHSHIMA; Naoto ONO; Saori SOEDA; Makoto TAKEUCHI; Kosuke SUGIURA; Hiroaki MANABE; Masatoshi MORIMOTO; Fumitake TEZUKA; Hiroshi KAGEYAMA; Junzo FUJITANI; Koichi SAIRYO,10.2176/jns-nmc.2025-0339,2026-12-31,NMC Case Report Journal,
Crossref,aortic stenosis,Mechanical Thrombectomy of the Left Brachial Artery for Graft Occlusion after Debranching Thoracic Endovascular Aortic Repair: A Case Report,Koichi NAKASHIMA; Tomoaki MURAKAMI; Shingo TOYOTA; Kosei OKOCHI; Shuki OKUHARA; Shuhei YAMADA; Takamune ACHIHA; Maki KOBAYASHI; Haruhiko KISHIMA,10.2176/jns-nmc.2026-0091,2026-12-31,NMC Case Report Journal,
Crossref,aortic stenosis,Transaxillary endovascular repair of a mycotic ascending aortic pseudoaneurysm using a rifampin-soaked Dacron-based Cook Zenith Flex abdominal aortic cuff,Benjamin Limburg; Thekla Bacharach; Anand Dayama,10.1016/j.jvscit.2026.102429,2026-12,"Journal of Vascular Surgery Cases, Innovations and Techniques",
Crossref,aortic stenosis,Hybrid repair of Kommerell diverticulum associated with severe aberrant left subclavian artery stenosis and poststenotic aneurysmal degeneration: 2-year outcomes,Fanru Shen; Salim G. Habib; Natalie S. Weger,10.1016/j.jvscit.2026.102458,2026-12,"Journal of Vascular Surgery Cases, Innovations and Techniques",
Crossref,aortic stenosis,European Contributions to Aortic Aneurysm Surgery: A 300-Year Historical Perspective,Giuseppe Serena; Gabrielle Amar; Davide Pacini; Steven L. Lansman,10.1016/j.avsg.2026.08.024,2026-12,Annals of Vascular Surgery,
Crossref,aortic stenosis,Gestational aortic dissection: Moving beyond diameter in pregnancy-specific aortic risk assessment,Jing Liu,10.1016/j.thr.2026.100016,2026-12,Thoracic Radiology,
Crossref,aortic stenosis,"Type Ib Endoleak after Endovascular Aortic Repair: Occurrence Rate, Management Strategies, and Outcomes. A Systematic Review and Meta-Analysis",Nicola Cicala; Antonino Di Leo; Claudio Bianchini Massoni; Davide Maria Pressanto; Beatrice Daldoss; Alexandra Catasta; Antonio Freyrie; Paolo Perini,10.1016/j.avsg.2026.07.033,2026-12,Annals of Vascular Surgery,
Crossref,aortic stenosis,Long-Term Outcomes of Open Aneurysmorrhaphy for Sac Expansion After Endovascular Abdominal Aortic Aneurysm Repair,Hirotsugu Ozawa; Takao Ohki; Kota Shukuzawa; Daisuke Yamagishi; Takehiro Suzuki; Ryo Nishide; Makiko Omori; Soichiro Fukushima,10.1016/j.avsg.2026.07.038,2026-12,Annals of Vascular Surgery,
Crossref,aortic stenosis,The Prevalence of Thoracic Aortic Aneurysms in Patients with Abdominal Aortic Aneurysms,Holly Watson; Helena Edlin; Ferdinand Serracino-Inglott,10.1016/j.avsg.2026.07.035,2026-12,Annals of Vascular Surgery,
Crossref,aortic stenosis,Ambient particulate matter exposure and acute type A aortic dissection: A retrospective time-stratified case-crossover study in northern Italy,Alberto Campailla; Alan Gallingani; Giulia Pampuri; Alessia Kurti; Daniela Aschieri; Giampaolo Niccoli; Francesco Nicolini; Davide Carino,10.1016/j.ijcrp.2026.200708,2026-12,International Journal of Cardiology Cardiovascular Risk and Prevention,
Crossref,aortic stenosis,Triple-Branched Stent-Grafts for Total Endovascular Repair of Aortic Arch Pathologies: A Systematic Review,Hong-Cheng Luo; Kristine J.S. Kwan; Hai-Lei Li; Zilun Li; Stephen Wing-Keung Cheng,10.1016/j.avsg.2026.08.018,2026-12,Annals of Vascular Surgery,
OpenAlex,aortic stenosis,Relationship between baseline patient-reported health status and patient-centered outcomes after Transcatheter Aortic Valve Replacement.,Daijiro Tomii; Jonas Lanz; Dik Heg; Holger Thiele; Won-Keun Kim; Michael Joner; Helge Möllmann; Lenard Conradi; Christian Thilo; Stefan Toggweiler; Bernard Prendergast; Stephan Windecker; Thomas Pilgrim,10.48620/98197,2026-10-01,Open Access CRIS of the University of Bern,"Background Aortic stenosis (AS) impairs health-related quality of life but the prognostic impact of patient-reported health status prior to transcatheter aortic valve replacement (TAVR) is not fully established.Objectives To investigate the association of patient-reported health status at baseline with clinical outcomes and health status after transfemoral TAVR in patients with symptomatic severe AS.Methods In the investigator-initiated, multicenter SCOPE I randomized trial, patients underwent TAVR who provided baseline Kansas City Cardiomyopathy Questionnaire (KCCQ) assessment were included in this post-hoc analysis. An integrated patient-centered outcome was defined as being alive with good health status (KCCQ overall summary score [KCCQ-OS] ≥75 without a decline of >10 points from baseline).Results Of 739 patients enrolled in SCOPE I, 692 were included in the present analysis. Median baseline KCCQ-OS was 54.9 [39.6-71.9] distributed as follows: KCCQ-OS <25 - 74 (10.7%), 25-49 - 222 (32.1%), 50-74 - 271 (39.2%), ≥75 - 125 (18.1%). At 3 years after TAVR, higher baseline KCCQ-OS was associated with a greater likelihood of being alive with good health status (KCCQ-OS 50-75 vs. 0-25: adjusted odds ratio 2.25, 95% CI 1.12-4.54; 75-100 vs. 0-25: adjusted odds ratio 5.15, 95% CI 2.33-11.3). Restricted cubic spline modelling demonstrated an approximately linear relationship between baseline KCCQ-OS and all-cause mortality, and alive with good health status.Conclusions In this post-hoc analysis of SCOPE I, better baseline patient-reported health status was associated with a higher probability of being alive with good health status up to 3 years after TAVR.Clinical Trial Registration https://www.Clinicaltrials gov. NCT03011346."
OpenAlex,aortic stenosis,A Dangerous Evolution of Retroperitoneal Infection to Infrarenal Abdominal Aortic Pseudoaneurysm: A Case Report,Karthik V. Iyer; Rahul Rajput; Sana Zulfiqar; Chandra B. Dommaraju; Vikram Oke; Briccio S. Cadiz,10.21203/rs.3.rs-10796632/v1,2026-09-16,Research Square,
OpenAlex,aortic stenosis,Clinical Characteristics and Independent Risk Factors for Early Reocclusion Following Endovascular Intervention in Patients with Diabetic Foot Complicated by Lower Extremity Atherosclerotic Occlusive Disease: A Retrospective Cohort Study,Chenyang Lu; Guangyuan Xiang; Lei Wang; Huijuan Qin; Xinjuan Sun; Jinan Chen,10.21203/rs.3.rs-10842425/v1,2026-09-16,Research Square,
OpenAlex,aortic stenosis,Lipoprotein(a) in the statin era: from risk marker to therapeutic target,Rongshen Hong; 刘玉华; Xiaochun Li; Hongxiao Liu; 谢东阳,10.3389/fphar.2026.1938864,2026-09-16,Frontiers in Pharmacology,"Lipoprotein(a) [Lp(a)] is a predominantly genetically determined lipoprotein whose concentration is generally stable over time, although clinically relevant within-person variation can occur. Elevated concentrations affect about one in five people. It has emerged as one of the most important causal contributors to the residual cardiovascular risk that persists despite effective LDL-cholesterol lowering in the statin era, and it is also causally implicated in calcific aortic valve stenosis. For decades Lp(a) was measurable yet effectively untreatable, because conventional lipid-lowering therapies do not reduce it to a clinically meaningful degree. Two practical obstacles further constrain its clinical use. Analytical standardization is incomplete: mass and molar units are not interchangeable, and some immunoassays are biased by apolipoprotein(a) isoform size. Real-world screening rates also remain very low, despite a guideline consensus on once-in-a-lifetime testing. This picture is now changing rapidly. RNA-targeted agents, comprising antisense oligonucleotides and small interfering RNAs, together with a first oral small-molecule inhibitor, lower Lp(a) by about 65% to more than 95%, differing in mechanism, route of administration, dosing interval and durability. Two questions remain open: how large an absolute reduction is needed for clinical benefit (the threshold hypothesis), and whether lowering Lp(a) reduces major adverse cardiovascular events at all. Several cardiovascular outcomes trials are now testing these questions directly. They include Lp(a)HORIZON, OCEAN(a)-Outcomes, and ACCLAIM-Lp(a), together with a dedicated aortic-valve trial, and the first readouts are anticipated. Framing Lp(a) as the residual cardiovascular risk target of the statin era, this review integrates measurement, screening, risk stratification, current management, and emerging targeted therapies into a single clinical and pharmacological roadmap for the outcomes-trial era."
OpenAlex,aortic stenosis,Integration of multiple perspectives to understand the left ventricular pressure–volume relationship,Giovanni Tonti; Gianni Pedrizzetti; Alessandro Salustri,10.1038/s43856-026-01901-2,2026-09-16,Communications Medicine,"For more than a century, the pressure–volume loop has offered a simple and elegant way to show how the heart pumps blood. In one picture, it summarizes how the heart fills, contracts, and ejects blood. However, this simplicity has a limitation: the loop treats the heart as if it were a single, uniform chamber. Therefore, it cannot reveal many important biological and mechanical processes that influence how the heart truly works. This helps explain why some patients develop symptoms or early signs of heart problems even when their pressure–volume measurements look completely normal. In this Perspective, we describe the pressure–volume relationship not as a stand-alone measure but as an emergent phenotype - the visible “end result” of many processes happening at different levels. Beneath the loop are the molecular and cellular mechanisms that control how heart muscle contracts and relaxes. Beyond the loop are differences in how various regions of the heart function, the organised patterns of blood flow inside the ventricle, and the continuous interaction between the heart and the rest of the circulatory system. We discuss how advanced imaging, flow visualization techniques, and computational modelling can add depth to pressure–volume analysis, revealing mechanisms that global, chamber-level measurements cannot show. Seen this way, the familiar loop becomes a window into an individual patient’s underlying biology, helping clinicians diagnose problems earlier and more accurately. This approach may help reveal the true mechanisms behind seemingly normal pressure–volume loops and support more precise, targeted treatments."
OpenAlex,aortic stenosis,Hybrid revascularization for acute common carotid artery occlusion after transcarotid transcatheter aortic valve implantation: illustrative case,Ryo Yamamoto; Kai Takayanagi; Jungsu Choo; Hiroshi Tashiro; Tsukasa Ohno; Kotona Nomura; Keita Suzuki; Daimon Shiraishi; Takashi Yamanouchi,10.3171/case26527,2026-09-16,Journal of Neurosurgery Case Lessons,"BACKGROUND Transcarotid transcatheter aortic valve implantation (TC-TAVI) is an alternative access route for patients in whom transfemoral TAVI is not suitable. Although carotid complications are uncommon, they may occur because of direct carotid manipulation. We report a rare case of acute common carotid artery occlusion after TC-TAVI treated with hybrid revascularization. OBSERVATIONS A 94-year-old woman underwent TC-TAVI through the left common carotid artery because severe iliofemoral calcification precluded transfemoral access. After the procedure, delayed emergence from general anesthesia, aphasia, and right hemiparesis developed. MRI demonstrated scattered infarctions in the left middle cerebral artery territory, and CT angiography revealed left common carotid artery occlusion. The mechanism and extent of the lesion could not be adequately determined preoperatively. Potential etiologies included repair site stenosis, thrombotic occlusion, and carotid dissection. Therefore, hybrid surgery was selected. Direct inspection revealed localized posterior wall intimal injury associated with subintimal hematoma and thrombus formation. Thrombectomy and intimal resection achieved complete recanalization with neurological improvement. LESSONS Acute common carotid artery occlusion is a rare but potentially devastating complication of TC-TAVI. Careful patient selection for transcarotid access is essential. When the mechanism and extent of carotid occlusion cannot be adequately defined preoperatively, hybrid surgery may provide definitive diagnosis and safe revascularization. https://thejns.org/doi/10.3171/CASE26527"
OpenAlex,aortic stenosis,A computed tomography-based radiomics-clinical model incorporating left atrial and proximal pulmonary vein features predicts recurrence after radiofrequency catheter ablation of atrial fibrillation: a multicenter study,Hui-Xian Jin; Hui Li; Shaoyu Han; RuYi Wang; Huanqing Xu; Mingya Zhang; Zhen Chen,10.3389/fmed.2026.1935193,2026-09-16,Frontiers in Medicine,"Objective To develop and validate a CCTA-based radiomics-clinical model for predicting late recurrence after radiofrequency catheter ablation (RFCA) in patients with atrial fibrillation (AF). Methods This retrospective multicenter study included 379 patients who underwent first-time RFCA and preprocedural CCTA at two centers (Center A, n = 238; Center B, n = 141). Patients from Center A were randomly divided into a training cohort ( n = 166) and an internal validation cohort ( n = 72) at a 7:3 ratio, whereas patients from Center B served as the external validation cohort. A TotalSegmentator model based on the nnU-Net v2 framework was used for fully automated segmentation of the left atrial body, left atrial appendage, and proximal pulmonary vein trunks, defined as the segments from the ostia to the first major bifurcations. These structures were merged and defined as the left atrial complex (LAC), which served as the unified region of interest for radiomics analysis. After assessing feature stability and reducing dimensionality, key features were selected to construct a radiomics score and an XGBoost-based radiomics model. A combined model was then developed by integrating the radiomics score with independent clinical predictors. Model performance was assessed using the area under the receiver operating characteristic curve (AUC), and model comparisons were performed using the DeLong test. Results Of the 379 included patients, 106 (28.0%) developed late AF recurrence within 2 years after ablation. Multivariable logistic regression identified sex and left ventricular ejection fraction as independent clinical predictors. The combined model achieved AUCs of 0.896, 0.894, and 0.869 in the training, internal validation, and external validation cohorts, respectively, consistently outperforming the radiomics model (0.874, 0.840, and 0.787, respectively) and the clinical model (0.694, 0.658, and 0.704, respectively). These findings indicate good predictive performance, with maintained performance in the external validation cohort. Conclusion The CCTA-based radiomics-clinical model derived from the LAC showed good performance for predicting late recurrence after RFCA for AF and may serve as a practical tool for individualized preprocedural risk stratification."
OpenAlex,aortic stenosis,Congenital Subclavian Artery Stenosis in a Patient with Dextrocardia and Situs Inversus: A Case Report,Anuja Liyanage; J. Arudchelvam,10.4038/sljm.v35i2.659,2026-09-16,Sri Lanka Journal of Medicine,"Congenital right subclavian artery stenosis is extremely rare, particularly when associated with dextrocardia and situs inversus. We describe a 17-year-old boy who presented with a history of three-months of exertional right-hand discomfort and numbness. Examination revealed weak right upper limb pulses and an interarm blood pressure difference of 35 mmHg. Imaging confirmed dextrocardia with situs inversus and isolated proximal right subclavian artery stenosis from a mirror-image aortic arch. This case highlights the importance of considering congenital vascular anomalies in young patients with limb claudication and mirror-image anatomy for timely diagnosis and targeted management."
OpenAlex,aortic stenosis,Cardiac fibrosis: mechanistic insights and translational advances,Hui-Yi Xie; Xue-Ting Zheng; Xiu-Heng Wang; Jia-Yan Yang; Yun-Xi Liu; Yue Zhao; Huifang Tang; Heng-Jing Hu,10.1186/s43556-026-00587-1,2026-09-16,Molecular Biomedicine,"Abstract Cardiac fibrosis is a critical pathological process driving the progression of heart failure, characterized by excessive extracellular matrix deposition, collagen network remodeling, and expansion of the myocardial interstitium. While fibrosis may reflect a reparative response to tissue injury, it can also signify a maladaptive remodeling process that progressively impairs cardiac structure and function. Cardiac fibroblasts and myofibroblasts serve as the principal effector cells responsible for matrix accumulation, whereas cardiomyocytes and immune cells contribute to fibrotic expansion through inflammatory signaling, paracrine communication, and microenvironmental regulation. Transforming growth factor-β, the renin–angiotensin–aldosterone system, inflammatory cytokines, mechanical stress, and metabolic disturbances collectively orchestrate a profibrotic signaling network. By regulating extracellular matrix synthesis, degradation, and crosslinking, these pathways promote myocardial stiffening and functional decompensation. In this review, we discuss the histopathological patterns of cardiac fibrosis across various pathological contexts, the major cellular contributors, and the core molecular mechanisms involved, while summarizing current advances in diagnostic evaluation and translational therapeutic strategies. We further discuss the context-dependent role of sirtuin 3 (SIRT3), a mitochondrial nicotinamide adenine dinucleotide (NAD⁺)-dependent deacetylase, in linking mitochondrial homeostasis, oxidative stress, metabolic adaptation, and profibrotic signaling. More precise antifibrotic strategies require better definition of fibroblast states, fibrosis activity, and disease-specific remodeling patterns."
OpenAlex,aortic stenosis,Doppler Ultrasound in the Diagnosis of Renal Artery Stenosis: Re-evaluation of Current Criteria with Single-Center Experience,Rana Beyoğlu; Mehmet Yurdakul; Muharrem Tola,10.47482/acmr.1914743,2026-09-16,Archives of Current Medical Research,"Background[SA1.1][rb1.2]: Hypertension is a leading cause of premature mortality worldwide and remains a treatable condition. Approximately 5% of cases are secondary, with renal artery stenosis (RAS) being a major underlying cause. Doppler ultrasonography is the first-line imaging modality for evaluating suspected RAS. The aim of this study is to determine optimal Doppler ultrasonography threshold values for detecting ≥60% RAS using digital subtraction angiography (DSA) as the reference standard.Materials and Methods: This retrospective study included 51 patients (25 women, 26 men; age range: 25–89 years) who underwent both Doppler ultrasonography and DSA for suspected RAS between September 2011 and May 2015. A total of 101 renal arteries were evaluated. Receiver operating characteristic (ROC) curve analysis was used to determine optimal cutoff values for peak systolic velocity (PSV), end-diastolic velocity (EDV), and reno–aortic ratio (RAR).Results: Using DSA as the reference standard, the optimal cutoff values for detecting ≥60% RAS were determined as >247 cm/s for PSV (sensitivity 96%, specificity 87%), >60 cm/s for EDV (sensitivity 79%, specificity 81%), and >2.88 for RAR (sensitivity 96%, specificity 83%). Area under the curve analysis showed that PSV had the highest diagnostic accuracy, followed by RAR and EDV.Conclusion:The application of Doppler ultrasonography with appropriately defined threshold values in the evaluation of RAS may enhance diagnostic confidence and contribute to the reduction of unnecessary invasive procedures."
OpenAlex,aortic stenosis,Cardiac electrical remodeling in Graves’ disease: insights from global ventricular repolarization indices,Maksymilian Kłosowicz; Magdalena Urbańczuk; A Burbelka; Agnieszka Gala-Błądzińska; Krzysztof Balawender,10.3389/fendo.2026.1979644,2026-09-16,Frontiers in Endocrinology,"Background Thyroid hormone excess can affect cardiac electrical activity through several mechanisms, yet its relationship with ventricular repolarization remains incompletely understood. Standard electrocardiographic intervals primarily characterize the overall duration of repolarization, whereas newer ECG-derived indices may provide additional information on its spatial and temporal heterogeneity. A better understanding of these alterations may be clinically relevant in light of emerging evidence linking circulating thyroid hormone levels with sudden cardiac death. Objectives The aim of this study was to identify electrocardiographic parameters of ventricular repolarization that exhibit the most pronounced alterations in patients with Graves’ disease, thereby characterizing the pattern of repolarization changes associated with thyroid hormone excess. Methods We conducted an observational analysis comparing individuals with patients with Graves’ disease with age- and sex-matched euthyroid controls. Ventricular repolarization was assessed using QT, QTc, JT, JTc, Tp-e, and Tp-e–based ratios. Group differences and discriminatory performance were evaluated using non-parametric tests and ROC analysis. Independent associations with hyperthyroidism were examined using multivariable logistic regression with entropy balancing and internal bootstrap validation. Results Compared with controls, patients with Graves’ disease showed higher Tp-e values and Tp-e–derived ratios, consistent with greater heterogeneity of ventricular repolarization. Conversely, the raw QT and JT intervals were reduced, while their rate-corrected counterparts (QTc and JTc) showed only limited differences that varied according to the correction method. Among the evaluated ECG measures, Tp-e/QT provided the strongest separation between the groups, yielding an AUC of 0.92 (95% CI 0.84–0.97), with a sensitivity of 83% and specificity of 86% at a threshold of ≥0.24. After multivariable adjustment, Tp-e/QT remained independently related to overt hyperthyroidism (OR 1.75 for each 0.01 increment, 95% CI 1.31–2.34; p < 0.001). Heart rate was also independently associated with hyperthyroidism (OR 1.05 per 1-bpm increase, 95% CI 1.00–1.10; p = 0.046). Conclusions In patients with Graves’ hyperthyroidism, ventricular repolarization appears to be characterized by greater electrical heterogeneity without a consistent increase in overall repolarization duration. Tp-e–derived measures may capture these abnormalities more effectively and provide additional information beyond standard ECG repolarization indices."
OpenAlex,aortic stenosis,"Lipoprotein(a) levels and estimated QRISK3 cardiovascular risk in the Randox Health 2025 cohort: a cross-sectional analysis of 14,848 individuals",Joanne Watt; Mary Jo Kurth; Cormac Rice; Jack Green; John Lamont; Laura Mooney; Le Roy Dowey; Peter Fitzgerald; Mark W. Ruddock,10.3389/fcvm.2026.1949855,2026-09-16,Frontiers in Cardiovascular Medicine,"Introduction Lipoprotein(a) (Lp(a)) is an independent, genetically-determined cardiovascular risk factor not currently incorporated into standard cardiovascular risk prediction models such as QRISK3. Understanding the relationship between Lp(a) and estimated cardiovascular risk may identify individuals whose risk is not identified by conventional risk calculators. Methods Analysis was performed on n = 14,848 participants from the Randox Health 2025 dataset. QRISK3 scores were estimated as 10-year cardiovascular risk using demographic, clinical, lifestyle, and medical-history, mapped to QRISK3 definitions. Participants were classified with low (<10%) or elevated (≥10%) estimated 10-year cardiovascular risk. Lp(a) concentrations were categorised into three-group-classification: low risk ≤75 nmol/L, grey zone 76–125 nmol/L, and high risk >125 nmol/L. Associations between Lp(a) and QRISK3 groups were assessed using non-parametric tests. Results and Discussion Among n = 14,848 participants, n = 1,426 (9.6%) had estimated QRISK3 score ≥10%, while n = 2,670 (18.0%) had Lp(a) >125 nmol/L. Participants with QRISK3 ≥10% were older (64 vs. 40-years; p < 0.001), commonly male (77% vs. 23%; p < 0.001), higher systolic blood-pressure (140 vs. 124mmHg; p < 0.001), higher BMI (27.3 vs. 25.0 kg/m 2 ; p < 0.001), and a higher prevalence of diabetes and established cardiovascular risk factors ( p < 0.001). Elevated Lp(a) concentrations (>125 nmol/L) were more common in individuals with QRISK3 scores ≥10% than those individuals with QRISK3 scores <10% (21% vs. 18%; p = 0.002). Among individuals with elevated Lp(a), 89% remained below the treatment threshold of QRISK3 <10%. A total of n = 2,371 participants (16%) exhibited elevated Lp(a) levels while remaining within low QRISK3 risk. Median estimated QRISK3 scores increased incrementally across Lp(a) groups (1.4%, 1.4%, and 1.8%, for low-, intermediate-, and high-Lp(a) groups, respectively; p < 0.001), although absolute differences were small. Elevated Lp(a) levels were common within the Randox Health 2025 cohort and demonstrated limited concordance with estimated QRISK3. Most individuals with high Lp(a) had QRISK3 scores below conventional treatment thresholds, indicating discordance between Lp(a)-based risk and QRISK3-derived 10-year risk classification. These findings suggest elevated Lp(a) identifies a cardiovascular risk not incorporated into QRISK3 supporting consideration of Lp(a) measurement alongside conventional cardiovascular risk assessment. Participants were not excluded based on established cardiovascular disease; therefore, the findings should be interpreted as applying to a real-world health-screening population rather than a strictly defined primary-prevention cohort."
OpenAlex,aortic stenosis,Multiplexed catheter-integrated pressure sensing system for endoluminal interventions,Xiaotong Guo; Qindong Zheng; Jinshi Zhao; Bing Li; Eric M. Yeatman,10.1038/s41378-026-01411-0,2026-09-15,Microsystems & Nanoengineering,"Abstract Advances in flexible catheters pave the way for minimally invasive diagnosis and treatment of luminal organs and tubular structures through endoluminal interventions. A key challenge is in establishing non-constraining pressure monitoring at the interfaces between medical catheters and intraluminal anatomy, where catheter–tissue interactions may be influenced by lumen curvature, structural variability, and physiological motion. In this work, we present a scalable and multi-purpose pressure sensing system for multidirectional monitoring of tissue interactions, establishing a robust solution for deploying diagnostic and therapeutic instruments in various types of endoluminal interventions. This approach provides an integrated pressure sensing platform that combines a thin-film piezoelectric sensor array with a bespoke multi-lumen catheter and a custom signal acquisition circuit. The sensor array is fabricated from an ultrathin poly (vinylidene fluoride-co-trifluoroethylene) (P(VDF-TrFE)) film using a multilayer sandwich architecture with patterned gold electrodes, resulting in a flexible device with a total thickness of approximately 20 µm and sensing units as small as 2.25 mm 2 . The multi-lumen catheter is fabricated with a cost-effective and highly scalable fiber drawing technology, establishing a means of fast prototyping catheters with bespoke microstructures for sensor integration and medical instrument deployment. Supported by a custom high-impedance acquisition circuit, the system achieves a sensitivity of 16 mV per kPa, which is approximately 25 times higher than state-of-the-art catheter-integrated sensors, while maintaining a sensing range from 0 to 80 kPa. Through in-vitro phantom studies, the system performs precise multi-directional sensing within various clinical endoluminal scenarios, showing its potential in digitalizing tissue interactions during endoluminal interventions."
OpenAlex,aortic stenosis,Echo-Cardio Graphical Evaluation of Morphology of Bicuspid Aortic Valve and Associated Cardiac Malformations in Pediatric Patients,Poonam Daila; Nitesh Melana; Vikash Payal; Sandeep Choudhary; Jai Prakash Soni,10.32553/ijmbs.v10i8.3389,2026-09-15,International Journal of Medical and Biomedical Studies,"Introduction: Bicuspid aortic valve (BAV) occurs both as an isolated cardiac lesion and in association with congenital heart defects (CHD). Their aim was to identify the incidence and morphology of BAV in patients with coexisting CHD and complications compare to patients with isolated BAV. Methodology: The echocardiography data base was retrospectively analyzed to identify pediatric and young adult patients (birth to 18 years) who were diagnosed with BAV from 2017 to 2019. The morphology of BAV was determined from the echocardiographic studies before any intervention. Results: Overall, 102 patients with BAV were identi?ed, 48 (47.1%) with isolated BAV and 54 (52.9%) with BAV and coexisting CHD. The incidence of BAV was highest in patients with Ventricular septal defect (29.41%) and patent ductus aorta (22.54%). Most common type of BAV observed was type 1c (N-L; 33.3%) followed by type 1a (L-R; 30.4%). Difference in type of BAV among isolated BAV and BAV with CHD was found to be statistically significant. (p<0.01). In comparison to patients with isolated BAV, patients with BAV and left-sided heart lesions more frequently had noncoronary-left coronary cusp fusion (P=0.404). BAV in patients with right-sided heart lesions was rare, but they more frequently had noncoronary-left fusion (P<.001). Left sided heart lesions, right sided lesions and Shunt lesions VSD, PDA &ASD were frequently associated with type 1c BAV. Complications were also observed most common AS followed by AR. Conclusions: The BAV can occur as isolated form and also in association with congenital heart diseases most commonly with VSD and PDA. We found most frequently type1 BAV in which most common was type1c (N-L) followed by type1a(R-L). The incidence and morphology of cusp fusion in BAV varies with di?erent coexisting types of CHD. However, in childhood no signi?cant di?erence in valvular dysfunction, aortic dilation was noted in patients with BAV and coexisting CHD compared with patients with isolated BAV. Keywords: Bicuspid aortic valve, congenital heart defects"
OpenAlex,aortic stenosis,A nomogram for predicting severe Mycoplasma pneumoniae pneumonia in children undergoing bronchoscopy: a retrospective study,Shuangshuang Guo; Da-Yan Wang; Pan-Jian Lai; Peng Lou; Jie-jie Guo; Dao-quan Fang; Peng-fei Yu; Xiao-Bin Li,10.21203/rs.3.rs-10222742/v1,2026-09-15,Research Square,
OpenAlex,aortic stenosis,Awake Bipolar Hemiarthroplasty Under Combined Posterior Lumbar Plexus and Subgluteal Sciatic Nerve Blocks in a Patient with True Severe Low- Flow Low-Gradient Aortic Stenosis and End-Stage Ischemic Cardiomyopathy: A Case Report,Mohammad Eid Ali; Ashraf ALakkad,10.22270/jddt.v16i9.7985,2026-09-15,Journal of Drug Delivery and Therapeutics,"Background: Hip fracture surgery in patients with severe aortic stenosis and advanced heart failure presents a major anesthetic challenge. General anesthesia may cause myocardial depression and hemodynamic instability, while neuraxial anesthesia carries the risk of sympathectomy-induced hypotension. Peripheral nerve blocks may offer a safer alternative in selected high-risk patients. Case Presentation: A 74-year-old man with severe ischemic cardiomyopathy (ejection fraction 21%), true severe low-flow low-gradient aortic stenosis, moderate pulmonary hypertension, chronic atrial fibrillation with CRT-D, chronic kidney disease, and recent urosepsis required urgent bipolar hemiarthroplasty. After multidisciplinary optimization, surgery was performed under combined posterior lumbar plexus and subgluteal sciatic nerve blocks. The patient remained fully awake without sedation. Invasive monitoring was established, and a low-dose norepinephrine infusion (80-240 μg/h) maintained hemodynamic stability. The procedure lasted approximately four hours with blood loss <700 mL. Blood pressure remained stable around 100/60 mmHg and heart rate between 60-85 beats/min under CRT-D pacing. Conclusion: Combined posterior lumbar plexus and sciatic nerve blocks may provide a valuable anesthetic option for selected patients with severe low-flow low-gradient aortic stenosis and advanced heart failure undergoing urgent hip fracture surgery, allowing avoidance of both general anesthesia and neuraxial sympathectomy while preserving hemodynamic stability. Keywords: aortic valve stenosis, hemiarthroplasty, high risk surgical patients, hip fractures, ischemic cardiomyopathy, low flow low gradient aortic stenosis, lumbar plexus block, regional anesthesia, sciatic nerve block, systolic heart failure"
OpenAlex,mitral regurgitation,"Editorial: Outstanding advances in veterinary diagnostic ultrasonography: novel milestones in disease detection, prediction, and treatment, volume II",Hussein M. El‐Husseiny; Khan Sharun; Ryou Tanaka,10.3389/fvets.2026.1977271,2026-09-16,Frontiers in Veterinary Science,"Currently, ultrasonography (US) is widely used in a broad range of animals as an efficient diagnostic tool in veterinary practice. It exhibited superiority to radiography in visualizing the internal organs clearly and detecting diverse affections. This enabled precise assessment of the anatomy and function of various body organs under health and illness conditions. Furthermore, US could be used efficiently to provide qualitative evaluation and quantitative scoring of the healing following surgeries. In addition, color Doppler US has been utilized to assess the function of different organs through evaluation of their vascular hemodynamics. Engagement of novel technologies in US presented a novel milestone that extended its uses to early detection and even prediction of many diseases especially cardiac ones. That consequently aids to design and assess prompt therapeutic protocols and minimize the possible deaths.The present research topic aimed to highlight the existing progress of the diagnostic US with emphasis on its wide and promising applications in veterinary practice. It joined the most substantial and recent research conducted on diverse large and small animal models as well as implementation of artificial intelligence in advancement of diagnostic imaging. The present research topic comprised 6 published articles focusing these aimed strategies. Park J. et al.foot_0 evaluated the utility of US in the assessment of adrenal glands in 38 clinically normal Korean raccoon dogs (Nyctereutes procyonoides koreensis). They aimed to establish species-specific reference values for the adrenal gland measures in these dogs, which are important for veterinary practice and wildlife medicine. A retrospective analysis of sagittal US included adrenal length, height of the cranial pole, and height of the caudal pole of both left and right glands was performed. Moreover, the morphology and corticomedullary distinction were visually evaluated. Ultrasonogrphy enabled clear visualization of the adrenal glands without sedation. In conclusion, this study presented the first ultrasonographic reference values for the adrenal glands in clinically health Korean raccoon dogs. The morphology and adrenal size were consistent across sex and body weight, supporting the use of a single reference range for adults. These findings will improve the diagnostic precision of US in veterinary imaging and support species-specific evaluation in wildlife medicine.Martinez R. et al. 2 studied the feasibility of deep learning AI models to assist in the diagnosis of life-threatening conditions -specifically effusions (fluid accumulation) and pneumothorax (PTX, air in the chest cavity)-in dogs using point-of-care ultrasound (POCUS). They aimed to improve the diagnostic accuracy, particularly in settings where expert operators are unavailable, such as military or remote environments. A total of 25 dogs diagnosed with PTX were enrolled in this investigation. Ultrasound clips were collected from diverse anatomical areas using standardized protocols. Then, the images were reviewed curated and labeled by experts. To develop the AI model, multiple convolutional neural network (CNN) architectures were trained using transfer learning from large pre-existing medical imaging datasets. The models were optimized and evaluated using a leave-one-subject-out crossvalidation approach to confirm generalizability. Moreover, to address dataset limitation, image augmentation and class balancing techniques were applied. Conclusively, AI-assisted ultrasound interpretation is feasible and presents potential promises for augmenting veterinary emergency triage, especially in military and remote applications. With further development, these AI models could help first responders and less experienced practitioners detect life-threatening conditions in dogs, improving early intervention and outcomes.Transducer (probe) selection is often operator-dependent, with limited evidence-based guideline in veterinary practice. Granger Jr K. L. et al.foot_2 provided an evidence-based review article on the optimized selection of the US transducers for the diagnosis of alveolarinterstitial syndrome (AIS), a common lung ultrasound (LUS) finding in small animals with various pulmonary diseases (e.g., pulmonary edema, pneumonia, contusions, acute respiratory distress syndrome (ARDS)). They discussed the present literature in human and animal medicine to investigate how the probe choice can affect the diagnosis and depiction of the AIS in dogs and cats. They found that all major transducer types can detect AIS in small animals, however the selection should be adjusted to the patient size, clinical objective, and the available machine. Microconvex probes are generally preferred for versatility, meanwhile the linear probes are best for detailed pleural imaging. Moreover, it was concluded that consistency in transducer use is crucial for monitoring disease progression. Standardization and further studies will enhance the accuracy of diagnosis and the patient outcomes in vetetrinary emergency and critical care.Injuries of intermediate patellar ligament (IPL) in horses present a high clinical significance and traditional US often yields nonspecific findings. Hence, Straticò P. et al.foot_3 investigated the use of two advanced US techniques; strain elastography (SE) and two-dimensional shear wave elastography (2D-SWE) to assess the IPL in horses. Longitudinal and transverse SE scans to measure the strain ratio (SR) between the IPL and the infrapatellar fat pad and the elasticity index of the IPL (EIIPL), in addition to 2D-SWE scans to measure the Young's modulus (kPa) and shear wave velocity (m/s) were used to assess the IPLs in sound and lame horses. Evaluation of the same region of interest (ROI) revealed that both techniques were feasible. They concluded that SE and 2D-SWE could efficiently study equine IPL and can be potentially employed together with the conventionally used techniques such as x-ray and US.Moreover, these tools could differentiate the elastic characters of equine IPLs under normal and chronic injury conditions. However, marked limitations of this study is still to be addressed in future investigations including the employment of Doppler US to further investigate the vascular structure of the ligaments on a larger number of studied animals.Conventional echocardiography was utilized to provide quantitative evaluation of the severity of mitral regurgitation (MR) in dogs with myxomatous mitral valve disease (MMVD), Kawai S. et al.foot_4 provided a retrospective study of 167 MMVD small-breed dogs categorized based on the staging system of the American College of Veterinary Internal Medicine (ACVIM). They found that quantitative indices such as regurgitant volume normalized to the body weight (RVol/kg) and regurgitant fraction (RF) were significantly correlated with conventional echocardiography measures of MMVD dogs. Moreover, They could provide valuable insights on the severity of MR, structural evaluation, and staging of the disease. Furthermore, mitral-aortic velocity-time integral (VTI) ratio was strongly associated with regurgitation measures and provided outstanding ability to diagnose and define the severity of MR. The authors concluded that conventional echocardiography combined with calculation of quantitative regurgitation indices provided a promising tool to evaluate MR, even though further investigations are still required to validate these outcomes.In an exciting case report, Tsuka T. et al. 6 used US in combination with computed tomography (CT) to study one of the rare vascular anomalies named Juvenile angiomatosis in the bovine practice for the first time. The four-days-old, male Japanese-Black calf was presented with different swollen lesions on the dorsal and ventral aspects of the thoracic skin of the left side. Examination using US showed presence of structures with homogeneous echogenicity in the subcutaneous space with poor vasculature confirmed with Doppler US. The findings were confirmed and counted and characterized using CT. Moreover, the structure of the masses was finely assessed with histopathology and immunohistochemistry using von Willebrand factor and alpha-smooth muscle actin. Despite, US and CT provided a preliminary diagnosis lacking detailed characterization of the masses. The combinatory diagnosis scheme including US, CT, Histopathology, and immunostaining could provide a detailed examination and definitive diagnosis of such rare cases.Combined, the articles in the present research topic provide a coherent and proactive perspective on US as a key element of veterinary diagnostic imaging. They show that US is a potent diagnostic tool for diverse affections in different body organs and systems of various animal species. The field is moving toward a more thorough and integrative diagnostic model by connecting imaging results to outcomes, utilizing cutting-edge technology, and modifying methods for underrepresented species. Moreover, integration of AI in the future investigations will open the doors to further outstanding advancements."
OpenAlex,mitral regurgitation,Sex-specific associations of urinary N-acetyl-β-D-glucosaminidase with arterial stiffness,Qiong Cheng; Yu‐Ting Huang; Wei Chen; Yen-Jen Chen; Wen-Cheng Li,10.3389/fmed.2026.1816283,2026-09-16,Frontiers in Medicine,"Introduction Urinary N-acetyl-β-D-glucosaminidase (uNAG), a sensitive biomarker of renal tubular injury, has been linked to vascular pathology through oxidative stress, inflammation, and endothelial dysfunction. However, sex-specific associations between uNAG and early vascular damage remain unclear. Methods This cross-sectional study included 2,621 adults undergoing routine health examinations. Arterial stiffness was assessed using brachial-ankle pulse wave velocity (baPWV), with increased arterial stiffness defined as a mean baPWV >1,700 cm/s. uNAG and baPWV were measured using standardized protocols. Sex-stratified logistic regression analyses were performed. Results In men, participants in the highest uNAG tertile had more than twofold higher adjusted odds of increased arterial stiffness after adjustment for age, mean arterial pressure, antihypertensive medication use, fasting glucose, triglycerides, and LDL–C (OR, 2.372; 95% CI, 1.603–3.510; P = 1.55 × 10 −5 ). In women, the highest tertile was not significantly associated with increased arterial stiffness (OR, 0.842; 95% CI, 0.528–1.342; P = 0.470). Women in the intermediate tertile had lower adjusted odds (OR, 0.570; 95% CI, 0.343–0.947; P = 0.030), although this finding warrants caution because female uNAG values substantially clustered at 5.00 IU/L. The sex–by–uNAG tertile interaction was significant (P for interaction = 0.003). Discussion Elevated uNAG was more strongly associated with increased arterial stiffness in men than in women, suggesting sex-related effect modification. Because of the cross-sectional design, these findings indicate associations rather than causal relationships."
OpenAlex,mitral regurgitation,PEDIATRIC PATIENTS WITH ELEVATED HIGH-SENSITIVITY TROPONIN T IN THE EMERGENCY DEPARTMENT: A 3-YEAR RETROSPECTIVE COHORT STUDY,Gökmen Akgün; Dilek Borakay,10.53446/actamednicomedia.1953594,2026-09-16,Acta Medica Nicomedia,"Objective: To evaluate the diagnostic contribution of high sensitivity cardiac troponin T (hs cTnT) and identify predictors for hospitalization in children presenting to the pediatric emergency department (ED) with symptoms suggestive of cardiac disease and elevated hs cTnT. Methods: Retrospective cohort study of 305 patients aged 4–18 years with hs cTnT > 99th. percentile (14 ng/L) presenting to a pediatric ED (April 2023 – November 2025). Demographic, clinical, electrocardiographic, echocardiographic, and laboratory data were analyzed. Multivariate logistic regression identified independent predictors of inpatient status. Results: Mean age was 11.9 ± 4 years (72% male). Chief complaints: chest pain (75.7%), shortness of breath (12.1%), palpitations (6.5%). Overall, 84/305 (27.5%) were hospitalized (8 in intensive care). Inpatients had significantly lower ejection fraction (63.4±9.1% vs. 68.6±2.4%, p<0.001) and higher hs cTnT (674.7±901.5 vs. 46.5±78.4 ng/L, p<0.001), CK MB, AST, ALT, LDH, and CRP. Independent inpatient predictors: hs cTnT (OR = 1.012, p<0.001), AST (OR = 1.034, p=0.002), ALT (OR = 1.027, p=0.003), CRP (OR = 1.009, p=0.014). ECG abnormalities (ST elevation, low QRS voltage) and echocardiographic findings (EF <54%, pericardial effusion, aortic/mitral regurgitations) were almost exclusively seen in inpatients. Outpatients (72.5%) had normal ECG (98%) and echocardiogram (97%) with only mild troponin elevations and no adverse events during follow up (mean 15 months). Conclusion: Most pediatric patients who presented with symptoms suggestive of cardiac disease with mildly elevated hs cTnT, normal ECG, and preserved EF can be safely managed as outpatients. In patients suspected of having a diagnosis of myopericarditis or perimyocarditis, elevated hs cTnT >100 ng/L, abnormal ECG, raised inflammatory markers and hepatic transaminase (AST/ALT), reduced EF, predict need for hospitalization."
OpenAlex,mitral regurgitation,Global under- and overprescribing of drugs—a scoping review,Lilly Bindel; Roland Seifert,10.1007/s00210-026-05910-9,2026-09-15,Naunyn-Schmiedeberg s Archives of Pharmacology,"Abstract Inappropriate prescribing of drugs is a persistent issue with serious consequences for both patients and healthcare systems. This scoping review summarizes and assesses literature about over- and underprescribing of prescription drugs across various conditions. It outlines different levels of prescribing and associated factors, presenting a model to distinguish influencing factors across healthcare systems. Following the Preferred Reporting Items for Systematic reviews and Meta-Analyses (PRISMA) guideline, a PubMed and EMBASE search was conducted using the terms “overuse AND underuse AND (drug OR medication)”. In cardiovascular treatment, a mixed situation is observed, with underprescription in high-risk patients and overprescription in low-risk groups. In pulmonary diseases such as asthma and chronic obstructive pulmonary disease, short-acting β 2 -agonists are overprescribed, while long-acting muscarinic antagonists are underprescribed. In infectious diseases, antibacterial drugs are overprescribed, whereas vaccines, antivirals, antituberculosis and antiparasitic drugs are underprescribed. Analgesic drugs in migraine prophylaxis and µ-opioid receptor agonists (so-called “opioids”) in chronic pain are underprescribed. Over- and underprescribing of drugs is common and influenced by individual and systemic factors. Distinguishing between these levels is important, as patterns of over- and undertreatment vary by condition and patient group. Structural factors are particularly relevant, as the healthcare system provides the framework for individualized and condition-specific treatment."
OpenAlex,mitral regurgitation,Determinants of Disproportionality in Functional Mitral Regurgitation ― Importance of Mitral Valve Morphology ―,Yoshihito Arao; Nobuyuki Kagiyama; Yuki Izumi; Satonori Maekawara; Tomohiro Kaneko; Mai Terada; Mike Saji; Nobuo Iguchi; Ryosuke Higuchi; Itaru Takamisawa; Mamoru Nanasato; Toyoaki Murohara; Mitsuaki Isobe,10.1253/circj.cj-26-0057,2026-09-15,Circulation Journal,Background: Disproportionate (d-) functional mitral regurgitation (FMR) is characterized by greater mitral regurgitation (MR) severity than expected from left ventricular (LV) dilatation. Morphological determinants of this imbalance remain unclear.
OpenAlex,mitral regurgitation,Latrogenic Ventricular Septal Defect Following Papillary Muscle PVC Ablation: A Case Report,Maria Luisa Benesch Vidal; Niklas Schenker; Katharina A. Riedl; Daniel Kalbacher; Andreas Rillig,10.1093/ehjcr/ytag647,2026-09-15,European Heart Journal - Case Reports,"Abstract Background Catheter ablation of monomorphic premature ventricular contractions (PVCs) in symptomatic or haemodynamically compromised patients has a class I recommendation in cardiomyopathy and a class IIa recommendation in patients comprising non-outflow tract PVC morphology and a physiologic anatomy according to current ESC guidelines. It is therefore widely performed and generally considered safe. Rare but clinically significant complications can occur and may present considerable diagnostic and therapeutic challenges. Case summary A 77-year-old woman underwent radiofrequency catheter ablation for symptomatic PVCs originating from the posteromedial papillary muscle. The acute procedural course was uneventful. Two months later, she presented with progressive dyspnoea. Transthoracic echocardiography revealed a newly developed haemodynamically significant ventricular septal defect (VSD) with left-to-right shunting. Retrospective analysis demonstrated anatomical concordance between the ablation site and the septal defect, suggesting an ablation-related iatrogenic VSD. Transoesophageal echocardiography confirmed an 8 mm defect. Cardiovascular magnetic resonance imaging demonstrated a significant shunt volume (Qp:Qs 1.7:1) and corresponding mild-to-moderate aortic, mitral, and tricuspid valve regurgitation secondary to volume overload. Right heart catheterisation corroborated haemodynamic relevance. Following multidisciplinary heart team discussion, percutaneous closure was performed using a 12 mm muscular VSD occluder. Post-procedural imaging confirmed stable device position with minimal residual shunting and clinical improvement. Conclusion Iatrogenic VSD represents a rare but potentially serious delayed complication of radiofrequency catheter ablation for PVCs. Given the possibility of insidious onset, new heart failure symptoms or murmurs after ablation should prompt timely multimodality imaging. Structured follow-up may facilitate early detection and appropriate management of this uncommon but clinically relevant complication."
OpenAlex,mitral regurgitation,Premeasured Neochordal Replacement for Mitral Valve Regurgitation Is Comparable to Leaflet Resection,Sammy Gao; Matthew Ambrosio; Vigneshwar Kasirajan,10.1177/30494826261473480,2026-09-15,Journal of the Heart Valve Society,"Objective Neochordal replacement is a preferred technique for mitral valve repair. We describe a method for neochordal replacement utilizing premeasured neochords and compare outcomes to traditional leaflet resection. Methods This is a single institution retrospective review of all patients who underwent mitral valve repair from February 2008 to April 2024. Patients underwent leaflet resection or neochordal replacement using premeasured neochordae constructed with a chain of square knots based on preoperative echocardiography. The primary outcome was recurrence of moderate to severe mitral regurgitation. Secondary outcomes included all-cause mortality and reoperation. Statistical analyses included propensity score matching and multivariate analyses were performed to control for baseline differences. Results Among 201 patients (neochordal replacement: 154; leaflet resection: 47), median follow-up time was 4.29 years. Kaplan-Meier analysis showed no significant difference in recurrence of moderate to severe mitral regurgitation (HR, 0.82; 95% CI, 0.25-2.69; P = .9), reoperation (HR, 0.98; 95% CI, 0.232-3.576; P = .7), or mortality (HR, 0.41; 95% CI, 0.09-1.88; P = .3). At 5 years, freedom from mitral regurgitation was 84.5% for neochordal replacement and 85.5% for leaflet resection. Multivariate analysis did not identify surgical technique as a significant predictor of recurrence of mitral regurgitation ( P = .86). Conclusions This mitral valve repair technique yields comparable outcomes to leaflet resection and is amenable to minimally invasive approaches."
OpenAlex,mitral regurgitation,Left ventricular longitudinal function and the hyperkinetic profile: an old echo world to rediscover?,José Carlos Gasca-Aldama; Karen Harumi López-Rodríguez; Osvaldo Alexis Marché-Fernández; Mario Arturo Carrasco-Flores; Juan Ángel Morales-Ferrer; Marcos Vidals-Sánchez; Eduardo Alberto Gonzáles-Escudero; José Ernesto Juárez-León; Enrique Monares-Zepeda; Arturo Arzate-Ramírez,10.1186/s13054-026-06340-y,2026-09-15,Critical Care,
OpenAlex,mitral regurgitation,The treatment of selected traditional Chinese medicine prescriptions and their metabolites for heart failure with preserved ejection fraction from basic science discovery to the clinic,Yanhong Zhang; Wanqing Wu; Xi Zhai; Jingkai Zhang; Weidong Wang; Xinyuan Huang; Lan Wu,10.3389/fphar.2026.1927962,2026-09-15,Frontiers in Pharmacology,"The prevalence of heart failure with preserved ejection fraction (HFpEF) continues to rise worldwide. Compared with heart failure with reduced ejection fraction, HFpEF is associated with significant morbidity and mortality, yet only a limited number of treatment options have been proven effective. This narrative review aims to summarize the pathophysiological mechanisms of HFpEF and the pharmacological therapeutic strategies for this condition. Through a search of relevant literature from PubMed, VIP, Wanfang Data, and CNKI, basic research and clinical data on HFpEF were collected. The process involved examining and analyzing research on mechanisms and treatments of HFpEF. Based on both basic research and clinical data, this paper discussed the key roles of anti-inflammatory effects, anti-oxidant effects, and the reversal of mitochondrial dysfunction in improving cardiac remodeling, cardiac dysfunction and exercise intolerance in HFpEF. Furthermore, the paper suggested that Traditional Chinese Medicine (TCM), including metabolites and prescriptions, may serve as a potential therapeutic strategy for HFpEF and some prescriptions may serve as a potential adjuvant to guideline-directed medical therapy. In the future, it is hoped that the prognosis for patients with HFpEF by promoting the usage of TCM can be improved."
OpenAlex,mitral regurgitation,Weill-Marchesani Syndrome: A Case Report,Sang Un Yi; Yong Soo Byun; HeeKyung Ryu,10.3341/jkos.2026.67.9.355,2026-09-15,Journal of the Korean Ophthalmological Society,"Purpose: We present a case of Weill-Marchesani syndrome.Case summary: A 31-year-old woman with primary open-angle glaucoma presented with uncontrolled intraocular pressure despite maximal medical therapy and prior selective laser trabeculoplasty with measurements of 25 and 22 mmHg in the right and the left eyes, respectively. Anterior vitreous prolapse was observed in both eyes and following pupillary dilation, partial lens dislocation in the inferonasal direction with zonulysis was confirmed. Axial lengths measured 23.89 mm in the right eye and 23.72 mm in the left eye. Refractive error at age 6 was ˗8.25 Dsph ˗4.50 Dcyl × 150° in the right eye and ˗9.25 Dsph ˗5.50 Dcyl × 10° in the left eye, consistent with lenticular myopia. The patient had a history of strabismus surgery, congenital mitral stenosis, and aortic regurgitation. Physical examination revealed brachydactyly and short stature (146 cm). Phacoemulsification with intraocular lens scleral fixation and anterior vitrectomy of the right eye successfully controlled intraocular pressure. Genetic testing identified an ADAMTS10 mutation confirming the diagnosis of Weill-Marchesani syndrome.Conclusion: Unlike primary open-angle glaucoma, patients with Weill-Marchesani syndrome require management of ectopia lentis and associated systemic conditions including cardiac abnormalities. In young patients presenting with elevated intraocular pressure a thorough ocular and systemic evaluation is essential for timely diagnosis of an underlying genetic disorder."
OpenAlex,mitral regurgitation,Single-Session Transcatheter Aortic and Tricuspid Valve-in-Valve Implantation in a Patient with Prior Multivalve Surgery and a Chronic Transvenous Pacing Lead: A Case-Based Review of Procedural Strategy,Cristian Mornoş; L Pascalau; Vlad Anton Iliescu; A. Mornos; Daniel Miron Brie; Horéa Feier; Mihai-Andrei Lazăr; S. Pescariu; Dragoș Cozma,10.3390/life16091535,2026-09-15,Life,"Background: The population of patients surviving previous multivalve surgery is expanding, and structural Heart Teams increasingly encounter complex multivalvular disease requiring reintervention, for which redo surgery carries prohibitive risk. Patient selection, sequential procedural planning, prosthesis choice, and, in particular, pacing strategy and protection of pre-existing intracardiac hardware remain unstandardized. Case Presentation: We report a 73-year-old woman with a twenty-year history of rheumatic multivalvular heart disease, comprising mechanical mitral valve replacement, tricuspid annuloplasty and pacemaker implantation, redo bioprosthetic tricuspid valve replacement, and critical native aortic stenosis combined with severe bioprosthetic tricuspid regurgitation. After multidisciplinary Heart Team evaluation, the patient underwent successful single-session, sequential transfemoral transcatheter aortic valve implantation followed immediately by tricuspid valve-in-valve implantation using a reversed balloon-expandable valve and a dedicated biventricular guidewire pacing strategy. The sequential interventions achieved immediate hemodynamic success with no lead dysfunction, paravalvular leak, or other acute complications. Review: Using this case as a clinical anchor, we present a focused, case-based review of contemporary evidence on single-session double-valve transcatheter intervention. We address patient selection, procedural sequencing, imaging, prosthesis choice, and management of chronic transvenous pacing leads, providing a practical decision-making algorithm to guide Heart Teams in similarly complex scenarios. Conclusions: Individualized, multidisciplinary Heart Team planning, including a dedicated biventricular guidewire strategy, can simplify sequential transcatheter treatment of multivalvular disease in patients with pre-existing intracardiac hardware. This case-based review provides a pragmatic, hypothesis-generating framework to support clinical decision-making as the body of evidence for combined double-valve transcatheter interventions continues to evolve."
OpenAlex,mitral regurgitation,TricValve system implantation in patients with cardiac implantable electronic devices: A multicentre observational study,Kira Osipenko; Iuliana Coti; Paul Werner; Amila Kahrovic; Luis Nombela Franco; Ignacio J Amat Santos; Amir A Mahabadi; Christian Frerker; Federico De Marco; Jan Althoff; Antonio Mangieri; Javier Martín Moreiras; Nikola Pavlović; Joachim Schöfer; Ulrich Schäfer; Eike Tigges; Christoph Wilde; Jörg Hausleiter; Omar Abdul-Jawad Altisent; Maurizio Taramasso; Luis Fernando Pajin Valbuena; Joško Bulum; Santiago Ordóñez; Martin Swaans; João Silva Marques; Boris Dickmann; Birgit Zirngast; Daniel Zimpfer; Martin Andreas,10.1093/ejcts/ezag224,2026-09-15,European Journal of Cardio-Thoracic Surgery,"OBJECTIVES: Tricuspid regurgitation (TR) is associated with high morbidity and mortality. The TricValve bicaval valve system has emerged as a transcatheter option for patients with severe symptomatic TR who are not candidates for surgery or orthotopic interventions. However, its safety in patients with pre-existing cardiac implantable electronic devices (CIED) remains uncertain due to potential lead-related complications. This study aims to evaluate the feasibility and safety of TricValve implantation in patients with pre-existing CIED, with particular focus on lead-related complications and the need for lead extraction or repositioning. METHODS: We conducted a multicentre retrospective study including 65 patients with pre-implanted CIED who underwent TricValve implantation between May 2023 and November 2024 at 23 international centres. Pre-procedural computed tomography and echocardiography were analyzed to assess device interaction, lead positioning, and complications. The primary endpoint was procedural safety, including lead-related events and the need for lead extraction or repositioning during intervention. Secondary endpoints included echocardiographic outcomes, CIED/non-CIED-related complications and survival during follow-up of 159 days (IQR 60-358 days). RESULTS: TricValve implantation was technically successful in all patients (100%). Periprocedural no lead extraction or repositioning was required. Lead-related complications occurred in 4 patients (6.2%). No procedural deaths or TricValve malfunctions were observed. Post-implantation imaging confirmed stable lead positioning in all remaining cases. CONCLUSIONS: TricValve implantation in patients with pre-existing CIED appears feasible. Lead-related complications during early follow-up were rare, manageable, and did not compromise device function or procedural success. Our data do not support routine prophylactic lead extraction before TricValve implantation."
OpenAlex,mitral regurgitation,"Feasibility, Safety, and Efficacy of Pulsed Field Ablation for Ventricular Arrhythmias: Insights From a Large Health System Registry in the United States",Narut Prasitlumkum; Juan F. Rodriguez; Hema Srikanth Vemulapalli; Aakash Somappa; Camilo A. Estrada‐Vargas; Olubadewa A. Fatunde; Carlos Rojas; Poojan Prajapati; Keerthika Vijayakumar; Suraj Kapa; Duy Nguyen; Samuel J. Asirvatham; Malini Madhavan; Christopher J. McLeod; Hicham El Masry; Abhishek Deshmukh; Danesh Kella; Ammar M. Killu; Siva K. Mulpuru; Mayank Sardana; Luis R. Scott; Alan Sugrue; Komandoor Srivathsan,10.1111/jce.70503,2026-09-15,Journal of Cardiovascular Electrophysiology,"BACKGROUND: Pulsed field ablation (PFA) is an emerging non-thermal ablation modality with proven safety in atrial arrhythmia ablation. However, data on its performance for ventricular arrhythmias (VA) remain limited. OBJECTIVE: To evaluate the feasibility, safety, and efficacy of PFA for complex VA in a multicenter real-world US registry. METHODS: This retrospective study included consecutive patients undergoing PFA for ventricular tachycardia (VT) or premature ventricular contractions (PVCs) at three Mayo Clinic centers (April 2024 to July 2025). The primary feasibility outcome was the successful delivery of PFA lesions to the intended target substrate. Primary efficacy outcomes included acute procedural success; sustained VT recurrence requiring implantable cardioverter-defibrillator (ICD) shocks or multiple antitachycardia pacing therapies; and ≥ 80% reduction in PVC burden. Safety outcomes included procedural complications, valvular function, thromboembolic events, renal function, and conduction disturbances. RESULTS: Twenty-six patients were included (13 PVC, 13 VT). Acute success was achieved in all VT ablations (69.2% complete; 30.8% partial) and in 92.3% of PVC ablations. Complications occurred in 11.5% of patients (transient LBBB [n = 1] and vascular complications [n = 2]). No thromboembolic events, intracardiac thrombus, or acute kidney injury were observed. Lesions near the mitral valve apparatus did not worsen mitral regurgitation, including in patients with pre-existing valve disease. After a median follow-up of 365 days, one patient experienced VT recurrence requiring ICD shocks. Estimated recurrence-free survival after VT ablation was 61.5% at 12 months; 58.3% of PVC patients achieved ≥ 80% burden reduction. CONCLUSION: PFA for VA appears feasible and acutely effective, with a low rate of procedure-related complications. While acute success was high, long-term outcomes were acceptable for VT ablation and relatively modest for PVC ablation, highlighting the need for continued refinement of technology and energy-delivery strategies. Larger prospective studies are warranted."
OpenAlex,mitral regurgitation,Temporary Mechanical Circulatory Support in Patients in Cardiogenic Shock Requiring Cardiac Surgery: Protected Cardiac Surgery Concept,Anika Nagel; Dominik Geiger; Gaik Nersesian; Daniel Lewin; Yuriy Hrytsyna; A. Stegmann; Leonard Pitts; Julius Kaemmel; Pia Lanmüeller; Volkmar Falk; Evgenij Potapov,10.3390/jcm15187158,2026-09-15,Journal of Clinical Medicine,"Temporary mechanical circulatory support (tMCS) has evolved as a first-line treatment of cardiogenic shock refractory to medical therapy. In recent years, tMCS has been applied to bridge and precondition end-stage heart failure patients with structural heart disease for surgery or intervention. This review describes three clinical scenarios: preoperative stabilization and bridge-to-surgery (Type 1), planned intraoperative support in patients at high risk of perioperative low cardiac output (Type 2), and rescue support for failure to wean from cardiopulmonary bypass or postoperative heart failure (Type 3). PubMed/MEDLINE was searched for publications from January 2017 onward. It discusses microaxial flow pumps (mAFP), intra-aortic balloon pumps (IABP), veno-arterial extracorporeal life support (VA-ECLS), and combined strategies, including left ventricular unloading during VA-ECLS. Clinical applications include acute myocardial infarction-related cardiogenic shock, acute mitral regurgitation, post-infarction ventricular septal defect and advanced heart failure therapy. Current European and American recommendations support early, individualized and Heart Team-guided use in selected patients. In this review, we aim to summarize the important aspects of protected tMCS implementation in cardiac surgery and highlight some recent evidence in this field."
OpenAlex,mitral regurgitation,In Silico Modeling and Validation of Post-Dilation in TAVI Patients,Letizia Maria Perri; B. Grossi; Virginia Fregona; Sara Barati; Lucia Barbieri; Gabriele Dario Tumminello; Stefano Carugo; Elena Bianchi; Paola De Stefano; Francesca Berti; Ottavia Cozzi; Gianluigi Condorelli; Giulio Stefanini; Gabriele Dubini; José F. Rodríguez-Matas; Francesco Migliavacca; Giulia Luraghi,10.1007/s10439-026-04325-0,2026-09-15,Annals of Biomedical Engineering,"PURPOSE (STATING THE MAIN PURPOSES AND RESEARCH QUESTION): The purpose of this study is to develop and validate a balloon post-dilation model into patient-specific transcatheter aortic valve implantation (TAVI) simulations, addressing the current lack of numerical models capable of reproducing this procedural step. METHODS: Dilatation (BD, Tempe, Arizona) balloon was reconstructed and discretized. Balloon material properties were calibrated and validated through experimental tensile and inflation tests, respectively. The balloon model was then integrated into the final configurations of four TAVI simulations to reproduce the post-dilation phase. Model predictions were quantitatively compared with post-operative computed tomography (CT) images to assess the reliability of the final device configuration. Additionally, simulations performed with and without post-dilation phase were compared to evaluate differences in prediction error and to quantify the impact of post-dilation on agreement with clinical imaging. RESULTS: The calibrated balloon model accurately reproduced experimental inflation behavior around the nominal working pressure, and post-dilation was simulated in all cases. Quantitative comparison with post-operative CTs demonstrated high predictive accuracy of the final stent configuration. The average percentage error in orifice area was 1.55 ± 1.26%, while eccentricity error at the left ventricular outflow tract level was 1.54 ± 1.08. Inclusion of post-dilation reduced prediction errors by 53% for orifice area and 80% for eccentricity. CONCLUSION: The integration of balloon post-dilation significantly improves the accuracy and clinical relevance of patient-specific TAVI simulations. Incorporating this step is essential to reliably predict final stent configuration and support the development of robust in silico tools for personalized TAVI planning and risk assessment."
OpenAlex,mitral regurgitation,Elective laparoscopic tension-free repair of a right indirect inguinal hernia in a patient on long-term warfarin anticoagulation after mechanical mitral valve replacement: a case report,Xuejiao Zhang; Lide Wang; Jiawei Wang; Fulin Liu; Qiang Wang,10.21203/rs.3.rs-11001338/v1,2026-09-15,Research Square,
OpenAlex,valvular heart disease,Ocena funkcji nerek i czynników ryzyka uszkodzenia nerek u dzieci po przeszczepieniu komórek krwiotwórczych,Katarzyna Gąsowska,,2026-10-12,Homo Politicus (Academy of Humanities and Economics in Lodz),and risk factors of kidney damage in children after hematopoietic stem cell transplantation
OpenAlex,valvular heart disease,Frailty Measures for Adult Patients and Outcomes for Vestibular Schwannoma Surgeries: A Retrospective Cohort Study.,Eric Michael Cohen; Emma Dunn; Bryan Clampitt; Jacob Parker; Mohammad Hassan A Noureldine; Emily Coughlin; Rahul Mhaskar; Siviero Agazzi,10.1227/neuprac.0000000000000289,2026-10-01,PubMed,"BACKGROUND AND OBJECTIVES: To determine whether preoperative frailty [5-item/11-item modified frailty index (mFI-5/mFI-11)] independently predicts length of stay (LOS) and early facial nerve function after vestibular schwannoma (VS) resection when adjusting for tumor and operative factors at a single center with standardized postoperative care. METHODS: This was a single-center, institutional review board-approved, retrospective review of consecutive adults undergoing microsurgical VS resection from 2014 to 2025. Candidate predictors included mFI-5, mFI-11, age, temporal muscle thickness, tumor size, surgical approach, preoperative nonauditory cranial nerve deficits, immediate postoperative facial nerve function, and ventriculoperitoneal shunt requirement. Primary outcomes were LOS (days) and House-Brackmann (HB) grade at discharge, modeled with negative binomial and cumulative odds ordinal logistic regression, respectively (two-sided α = 0.05). RESULTS: = .017). Substituting individual comorbidities for frailty indices did not materially alter findings. CONCLUSION: In VS microsurgery, tumor size rather than frailty was the dominant correlate of early postoperative outcomes after adjustment. Because frailer patients are often selected out before elective surgery, the null adjusted association does not prove frailty is clinically irrelevant but reflects its limited incremental value among already-fit patients. Counseling should prioritize tumor characteristics and surgical approach. These hypothesis-generating findings warrant prospective multicenter confirmation."
OpenAlex,valvular heart disease,Association between CHA2DS2-VASc score and left atrial function by speckle-tracking echocardiography in patients with sinus rhythm,Kareem Mahmoud; Khaled Mostafa; Sameh Bakhoum; Heba ElDeeb,10.1186/s44348-026-00090-9,2026-09-16,Journal of Cardiovascular Imaging,"Abstract Background The CHA 2 DS 2 -VASc score is an established tool for thromboembolic risk assessment in atrial fibrillation. Individual components of the score may affect left atrial (LA) function. Speckle-tracking echocardiography (STE) enables detection of early, subtle changes in the LA. This study aimed to test whether LA function, as assessed by STE, differs among patients with sinus rhythm according to their CHA 2 DS 2 -VASc score. Methods This study included 150 patients with sinus rhythm. They were grouped by CHA 2 DS 2 -VASc score: low (1 for women, 0 for men), moderate (2 for women, 1 for men), and high (≥ 3 for women, ≥ 2 for men), with 50 patients per group. All participants gave written consent, provided medical histories, underwent a 12-lead electrocardiogram, and received standard echocardiography and STE. Results The high-risk group had significantly lower LA reservoir strain (LASr) and LA conduit strain (LAScd) compared to the moderate- and low-risk groups (high vs. moderate vs. low: LASr, 33.2 ± 7.1 vs. 36.9 ± 6.1 vs. 40.6 ± 5.6; LAScd, 20.3 ± 5.7 vs. 23.5 ± 4.8 vs. 26.9 ± 3.9), with all P-values of < 0.01. Moderate-risk patients also showed lower strain values than low-risk patients. In contrast, LA maximal volume index did not differ among the groups ( P = 0.536). Mediation analysis showed that the association between the score and LAScd was statistically mediated by left ventricular (LV) diastolic dysfunction (89.7%) with no significant direct association ( P = 0.342). For LASr, 62.4% of the association was statistically mediated by LV diastolic dysfunction, with a residual direct statistical association remaining (β = –0.139, P = 0.008). Conclusions Increased CHA 2 DS 2 -VASc scores correlated with reduced LASr and LAScd. The association with LAScd was mainly mediated by LV diastolic dysfunction. A direct statistical association of the score was noted with LASr, indicating possible early LA pathology. Further research should assess the clinical relevance of these echocardiographic findings for risk stratification in patients with high CHA 2 DS 2 -VASc score."
OpenAlex,valvular heart disease,Conduction system pacing as a rescue strategy for unsuccessful cardiac resynchronisation therapy implantation,Kaung Myat Thu; Ibrahim Antoun; Kyi Zin Thant; Ahmed Abdelrazik; Mahmoud Eldesouky; Hamza Tarig Hamza; Sharon Man; Zakariyya Vali; Riyaz Somani; G. André Ng; Mokhtar Ibrahim,10.3389/fphys.2026.1929170,2026-09-16,Frontiers in Physiology,"Background Failure to achieve effective cardiac resynchronisation therapy (CRT) remains a clinically significant challenge, often driven by anatomical constraints or suboptimal left ventricular lead performance. Conduction system pacing (CSP), incorporating His bundle pacing and left bundle branch area pacing, has emerged as a physiological alternative; however, data focussing specifically on its role as a rescue strategy following unsuccessful CRT implantation, rather than biological non-response, remain limited. Objective To evaluate the feasibility, safety, and short- to mid-term clinical and echocardiographic outcomes of CSP in patients with unsuccessful conventional CRT implantation. Methods In this single-centre retrospective study, consecutive patients undergoing attempted CSP after unsuccessful CRT between January 2020 and May 2025 were analysed. Unsuccessful CRT was defined as inability to deliver effective biventricular pacing due to anatomical or technical limitations, excluding patients with true non-response despite successful implantation. Procedural success, electrical resynchronisation, changes in left ventricular ejection fraction (LVEF), and clinical outcomes were assessed. Results Thirty-two patients (mean age 69 years, mean LVEF 27.8%) were included. CSP was successfully achieved in 91% of cases, predominantly using left bundle branch area pacing. Baseline QRS duration (165 ± 38 ms) significantly narrowed to 122 ± 19.8 ms following CSP. This was accompanied by marked improvement in LVEF (from 27.0 ± 8.6% to 47.7 ± 11.2%, p < 0.001). Procedural complications were infrequent, with one pneumothorax and no device-related infections. Over a mean follow-up of 641 ± 522 days, heart failure hospitalisation occurred in 7%, and three deaths were observed, non-attributable to device-related causes. Conclusion CSP is a highly feasible and safe rescue strategy in patients with unsuccessful CRT implantation, achieving substantial electrical resynchronisation and meaningful recovery of left ventricular function. These findings support CSP as a compelling alternative in anatomically or technically challenging CRT cases where conventional resynchronisation delivery is not achievable."
OpenAlex,valvular heart disease,Association of oral anticoagulation persistence and health-related quality of life in stroke survivors with atrial fibrillation: long-term results of the Berlin atrial fibrillation registry,Lena Steindorf‐Sabath; Manuel C. Olma; Serdar Tütüncü; Claudia Kunze; Ulrike Grittner; Jil Heege; Joanna Dietzel; Johannes Schurig; Peter U. Heuschmann; Matthias Endres; Karl Georg Hæusler,10.1186/s42466-026-00534-z,2026-09-16,Neurological Research and Practice,"Abstract Background Persistence to oral anticoagulation (OAC) is crucial to prevent recurrent stroke in patients with atrial fibrillation (AF). Little is known about the association of OAC intake, persistence to OAC, and type of OAC with health-related quality of life (HRQoL) in stroke survivors with AF. Methods This retrospective analysis of the multicenter Berlin Atrial Fibrillation Registry included 1,042 patients with acute ischemic stroke or transient ischemic attack (TIA) and AF. HRQoL data were measured at 3,12,24 and 36 months after stroke/TIA using the EQ-5D-3 L questionnaire (including EQ-Index and EQ-VAS). Associations between OAC status, persistence to and type of OAC (direct oral anticoagulants (DOACs) against vitamin K antagonists (VKAs)) at 12 and up to 36 months with HRQoL were examined using multivariable linear models. Results Overall, 842 patients completed the 12-months follow-up and 437 patients the 36-months follow-up. After 12 months, OAC intake was associated with higher EQ-VAS scores (β = 6.70, p = 0.017), although this effect was not observed up to 36 months (ß= -3.67, p = 0.075). Non-persistence to OAC was associated with lower EQ-VAS scores at 12 (ß= -6.25, p = 0.004) and 36 months (ß= -5.39, p < 0.001). No evidenve of a statistically significant difference in HRQoL was found between patients persistent to DOACs and those persistent to VKAs. EQ-Index values were not statistically significantly affected. Conclusion Non-persistence to OAC was associated with reduced EQ-VAS up to 36 months after stroke. Notably, no evidence of a statistically significant difference regarding HRQOL was found between patients persistent on DOAC or VKA. Ensuring long-term persistence to OAC may support HRQoL in stroke survivors with AF."
OpenAlex,valvular heart disease,Development and Validation of Performance Assessment Scales for Core Cardiac Surgical Procedures: A National Simulation-Based Study,Clément Colombier; Géraldine Allain; lisa durocher; Stéphanie Ragot; Jean‐Pierre Faure; Denis Oriot; Christophe Jayle; Delphi group,10.21203/rs.3.rs-10695273/v1,2026-09-15,Research Square,
OpenAlex,valvular heart disease,The Second Universal Definition of Heart Failure (2026). What’s new?,Jan Biegus; Piotr Ponikowski,10.1093/eschf/xvag240,2026-09-15,ESC Heart Failure,"The first Universal Definition and Classification of Heart Failure, published in 2021, standardized the conceptual framework and terminology of heart failure (HF), including pre-HF, HFmrEF, and HFimpEF. The Second Universal Definition (2026), developed by a joint AHA/ACC/ESC/WHF Task Force in collaboration with the HFSA, HFA, and JHFS, builds on this foundation by refining the diagnostic framework and classification of HF. It moves away from rigid left ventricular ejection fraction (LVEF) thresholds for distinguishing HFrEF from HFpEF and proposes three broad LVEF-based categories-HFrEF, HFpEF, and HFimpEF-without retaining HFmrEF as a separate category in the proposed framework. It also proposes a universal classification of HF causes independent of LVEF and clarifies the distinction between worsening and decompensated HF. A broader global perspective incorporates geographic variation in etiology and the influence of social determinants on HF risk and outcomes. This article summarizes the key updates introduced in the 2026 Universal Definition of Heart Failure."
OpenAlex,valvular heart disease,Pulmonary Sequestration Masquerading as Bronchiectasis in an Adult: A Case of Diagnostic Dilemma and Literature Review,拓建国; Xiuli Xia; Yu Qiu; Lifeng Xu,10.62713/aic.4815,2026-09-15,Annali Italiani di Chirurgia,"AIM: Pulmonary sequestration is a rare congenital anomaly of the lung characterized by nonfunctioning pulmonary tissue that lacks normal communication with the tracheobronchial tree and receives blood supply from the systemic rather than the pulmonary circulation. Many patients remain asymptomatic for years, resulting in delayed diagnosis until adulthood. We report a case of adult intralobar sequestration (ILS) in which early diagnosis was obscured by bronchiectasis. This case aims to increase clinical awareness and provide insights into clinical strategies to reduce missed diagnoses.CASE PRESENTATION: A 45-year-old woman initially presented with fever, cough, and right-sided chest pain. Chest computed tomography (CT) showed bronchiectatic changes with infection in the right lower lobe, and her symptoms improved after anti-infective treatment. However, recurrent hemoptysis developed 10 days later. Thoracic aortic computed tomography angiography (CTA) with three-dimensional reconstruction identified an aberrant systemic artery supplying the right lower lobe, confirming the diagnosis of intralobar pulmonary sequestration.RESULTS: The patient subsequently underwent a right lower lobectomy via video-assisted thoracoscopic surgery (VATS). During the operation, an aberrant artery originating from the aorta was successfully identified and secured with double ligation. Postoperative pathological examination confirmed pulmonary sequestration, revealing marked thickening of the alveolar walls and chronic inflammation. At the 3-month follow-up, the patient had recovered well, with no recurrence of symptoms.CONCLUSIONS: Pulmonary sequestration should be considered in patients with recurrent localized bronchiectatic lesions, particularly when hemoptysis occurs or response to treatment is incomplete. CTA with vascular reconstruction is useful for diagnosis and preoperative evaluation."
OpenAlex,valvular heart disease,Risk prediction for early adverse events after intervention in adults with bicuspid aortic valve stenosis with or without concomitant aortic surgery: a retrospective cohort study,Shibiao Zhang; Zilong Zheng; Weijie Tang; Zhi Tu; Chengzhi Xu; Huayi Tan; Xuanzhen Hu; Sijie Wu,10.1186/s40001-026-05178-y,2026-09-15,European journal of medical research,"Abstract Background Early adverse events after intervention for bicuspid aortic valve stenosis remain clinically important, whereas prediction models tailored to this population are limited. We aimed to develop and internally validate a risk model for early adverse events. Methods We conducted a retrospective single-center cohort study of 634 adults treated between January 2011 and December 2023. Completion of the index intervention was defined as the prediction landmark, and 54 candidate predictors available at or before this time point were considered. The primary outcome was a composite of early adverse events occurring during the index hospitalization or within 30 days after the intervention. Predictor selection was performed using least absolute shrinkage and selection operator (LASSO) logistic regression, followed by multivariable logistic regression. Model performance was assessed using discrimination, calibration, bootstrap internal validation, decision-curve analysis, and sensitivity analyses. Results Early adverse events occurred in 154 patients (24.3%), including 16 deaths (2.5%). LASSO retained six predictors: operative duration, red blood cell count, creatinine, myoglobin, pro-B-type natriuretic peptide, and procalcitonin. The final post-LASSO logistic model had an apparent area under the curve (AUC) of 0.826 (95% confidence interval, 0.785–0.867). Full-development-pipeline bootstrap validation yielded an optimism-corrected AUC of 0.790 and calibration slope of 0.807, whereas bootstrap validation of the fixed final model yielded an optimism-corrected AUC of 0.820 and calibration slope of 0.965. Sensitivity analyses produced broadly similar discrimination, and decision-curve analysis indicated greater net benefit than treat-all and treat-none strategies across threshold probabilities of approximately 7.5–60%. Conclusions A six-predictor post-LASSO logistic model based on information available by completion of the index intervention showed moderate-to-good discrimination for early adverse events. External validation is required before the model can be considered for routine clinical application."
OpenAlex,valvular heart disease,"CARDIOGENIC SHOCK: CONTEMPORARY MANAGEMENT, RISK STRATIFICATION AND PHENOTYPING",Przemyslaw Rajzer; Wiktor Szczuciński; Krzysztof Drelich; Jakub Krzysztof Polczyk; Maciej Zając; Z Golińska; Wojciech Deptuch; Paweł Krzysztof Maćko; Julia Rurkowska; Filip Maciej Ogorzałek,10.31435/ijitss.3(51).2026.6438,2026-09-15,International Journal of Innovative Technologies in Social Science,"Background. Cardiogenic shock (CS) is a highly lethal clinical syndrome characterised by inadequate cardiac output and end-organ hypoperfusion. Despite advances in contemporary management, mortality remains unacceptably high. The aetiological spectrum of CS is broadening beyond acute myocardial infarction, and management continues to be challenged by limited and often conflicting evidence. Aim. To review the current evidence regarding the diagnosis, classification, risk stratification and management of cardiogenic shock, with particular emphasis on clinical phenotyping and the role of mechanical circulatory support. Material and methods. A narrative literature review was conducted using published studies, randomised trials, observational data, and contemporary international guidelines addressing the diagnosis and management of cardiogenic shock. Results. Early identification, treatment of the underlying cause and haemodynamic stabilisation with vasoactive agents remain the cornerstones of CS management. While early revascularisation in acute myocardial infarction-related cardiogenic shock has demonstrated mortality benefits, evidence supporting the use of mechanical circulatory support remains largely inconclusive, and the optimal timing, modality and patient selection are uncertain. The heterogeneity of the CS population, together with the lack of universally accepted diagnostic criteria and classification systems, complicates trial design and interpretation and has stimulated interest in phenotype-based approaches. Conclusions. Cardiogenic shock remains a complex and heterogeneous syndrome associated with high mortality. Improved diagnostic frameworks, refined risk stratification and phenotype-guided management strategies may facilitate more individualised treatment and improve future research and clinical outcomes."
OpenAlex,valvular heart disease,METTL7B attenuates pathological cardiac hypertrophy via m6A-associated regulation of HK3,Zhen Bao; Zhiqiang Liu; Yuchun Yang; Wang K; Muhuyati Wulasihan,10.1007/s11010-026-05737-1,2026-09-15,Molecular and Cellular Biochemistry,"Pathological cardiac hypertrophy is a major contributor to heart failure, yet the epitranscriptomic mechanisms that restrain maladaptive remodeling remain incompletely understood. In this study, we investigated the role of METTL7B and its association with m6A-related regulation of HK3 in pathological cardiac hypertrophy. By integrating RNA-seq and MeRIP-seq data from human hypertrophic and failing hearts, we identified coordinated downregulation of METTL7B and HK3, accompanied by reduced m6A enrichment of HK3 transcripts. Additional analysis of an independent human hypertrophic cardiomyopathy dataset showed a positive correlation between METTL7B and HK3 expression. These findings were further validated in angiotensin II-treated AC16 cardiomyocytes. Functional studies showed that overexpression of either METTL7B or HK3 attenuated cardiomyocyte hypertrophy in vitro and alleviated transverse aortic constriction-induced cardiac remodeling and dysfunction in vivo. RNA pull-down assays showed enrichment of METTL7B in HK3 RNA pull-down complexes, and METTL7B overexpression was accompanied by increased HK3 m6A enrichment and restored HK3 expression under hypertrophic stress. In vitro rescue experiments showed that HK3 silencing partially counteracted the anti-hypertrophic effect of METTL7B overexpression, supporting HK3 as a functional downstream effector of METTL7B in cardiomyocytes. We also identified YTHDC1 as a candidate HK3 RNA-associated factor. YTHDC1 knockdown stabilized HK3 mRNA, increased HK3 abundance, and reduced hypertrophic marker expression in METTL7B-overexpressing cardiomyocytes. Collectively, these findings identify a METTL7B-HK3 regulatory relationship in pathological cardiac hypertrophy and implicate YTHDC1 as a potential modulator of HK3 regulation. Our study suggests that METTL7B suppresses hypertrophic remodeling, at least in part, in association with m6A-associated regulation of HK3."
OpenAlex,valvular heart disease,Exercise-Induced Laryngeal Obstruction (EILO) versus Exercise-Induced Asthma in Athletes: A Narrative Review of Differentiation and Management,Mateusz Góras; Julia Pawlak; Kacper Dranikowski; Katarzyna Czernecka; Martyna Strzemkowska; Aleksandra Oknińska-Ziarek; Szymon Kanadys; Łukasz Mazelanik; Aaron Markiewicz; Igor Smędowski,10.12775/qs.2026.72.75175,2026-09-15,Quality in Sport,"Background: Exercise-induced laryngeal obstruction (EILO) and exercise-induced bronchoconstriction (EIB), the clinical hallmark of exercise-induced asthma, are the two dominant medical explanations for exertional dyspnoea in athletes. They are physiologically distinct yet routinely confused, and EILO is frequently mislabelled and mistreated as refractory or difficult-to-control asthma. Aim: To critically compare EILO and exercise-induced asthma in athletes and to synthesise current evidence on their differentiation and clinical management. Material and methods: Narrative review of peer-reviewed clinical studies, consensus documents and reviews addressing the pathophysiology, epidemiology, diagnosis and treatment of EILO and EIB in athletic and adolescent populations. Results: EILO is a mechanical, predominantly supraglottic, inspiratory upper-airway collapse that peaks at maximal effort and resolves within minutes, whereas EIB is an inflammatory, expiratory lower-airway obstruction that typically peaks after exercise. Continuous laryngoscopy during exercise is the diagnostic gold standard for EILO, while EIB requires objective bronchoprovocation. Symptoms and questionnaires cannot reliably separate the two conditions, which frequently coexist. EILO responds to non-pharmacological strategies and does not respond to asthma medication or inhaled ipratropium, whereas EIB is managed with inhaled corticosteroids and beta-2 agonists within anti-doping limits. Conclusions: Persistent exertional dyspnoea that fails to respond to asthma therapy should prompt objective testing for EILO rather than escalation of asthma treatment. Awareness, objective diagnosis and condition-specific management are essential to avoid medical error and impaired performance."
OpenAlex,deep learning,Antecedents and consequences of Green-tech FDI in emerging markets,Zhuoran Liu,10.17638/03195308,2031-01-01,University of Liverpool,"As environmental pressures intensify, attracting sustainable foreign direct investment (FDI), particularly green-tech FDI, has become a critical pathway for emerging markets to achieve environmental sustainability. However, existing research remains fragmented, offering limited insights into why green-tech FDI enters emerging markets and how it affects regional green innovation. This thesis addresses these gaps by systematically examining both the antecedents and consequences of green-tech FDI through three empirical studies using regional data from China. Study 1 and Study 2 focus on the antecedents of green-tech FDI. Study 1 examines how host-country conditions can attract green-tech FDI, highlighting the role of environmental management information disclosure (EMID) by domestic firms in reducing information gaps and strengthening green market–seeking motives. Study 2 shifts attention to the active decision-making of green-tech FDI, showing that under uncertainty, green-tech foreign investors engage in identity-based bandwagon learning by imitating peers with similar green identities, thereby mitigating investment risks. Study 3 turns to the consequences of green-tech FDI. It demonstrates that, due to the technological complexity of green innovation and limited absorptive capacity in emerging markets, green-tech FDI may generate crowding-out effects rather than purely positive spillovers. Adopting a network perspective, the study further finds that universities play a key moderating role: through broad linkages and deep collaborations, they help mitigate negative spillovers and facilitate the diffusion of green technologies. Together, the three studies advance the literature on sustainable FDI by differentiating green-tech FDI from general FDI and identifying the specific mechanisms that shape its entry decisions and local innovation outcomes. Practically, the findings provide guidance for emerging-market governments and firms on how to attract and manage sustainable investment, balance growth with environmental objectives, and strengthen local innovation ecosystems."
OpenAlex,deep learning,Combating Data and Target Shifts in Visual Tasks,Zhaorui Tan,10.17638/03194353,2031-01-01,University of Liverpool,"The rapid advancement of deep learning models for visual tasks has led to significant progress in many domains. However, a key challenge remains: ensuring that models can generalize effectively to unseen samples or novel classes, especially in real-world scenarios where training data-target pairs are often limited or unavailable, and test data may exhibit shifts in both data and targets. This thesis addresses the problem of shifts across data and targets, proposing novel methods to improve model generalization and transferability in complex settings. The thesis identifies the different shift scenarios for visual tasks and presents their problem forms. The research first relaxes the static target distribution assumption in Multi-Domain Generalization (mDG) tasks, introducing the General Multi-Domain Generalization (GMDG) objective to improve generalization under varying data shifts. Specifically, Extensive experiments validate that GMDG is feasible for classification, segmentation, and regression tasks. Further considering extreme target distribution shifts where even unknown novel classes emerge, the study also explores logical regularization techniques for tasks such as Generalized Category Discovery (GCD), mDG+GCD, and Class Incremental Learning (CIL), proposing a sample-based logical regularization term (L-Reg) to enhance data-, target-, and all-shift generalization. Additionally, a partial logic framework is introduced to address challenges in CIL, enabling models to retain room for unknown classes during training. This is further extended by the Partial-Logic Regularization (PL-Reg), which improves generalization across GCD, mDG+GCD, and transferability for CIL tasks. Furthermore, the thesis proposes a novel Semantic-aware Data Augmentation (SADA) framework for cross-modality generalization in text-to-image synthesis (T2Isyn), text-image retrieval (TIR), and image-text retrieval (ITR) tasks. This framework ensures semantic preservation across text and image modalities, improving both semantic consistency and image quality in cross-modality tasks. The methods proposed in this thesis offer significant advancements in visual generalization and transfer scenarios, providing theoretical insights and practical solutions for handling data shifts, target shifts, and multi-modalities in complex scenarios. Extensive experiments validate the effectiveness of the proposed methods, demonstrating their superior performance across a range of tasks."
OpenAlex,deep learning,"Depth of Processing, learner aptitude, and the acquisition of L2 English grammatical structures",Shweta Nigam,10.48683/1926.00128861,2031-01-01,CentAUR (University of Reading),"Depth of Processing (DoP) is central to several models of instructed second language acquisition (ISLA) (Leow, 2015). While DoP has been extensively examined in vocabulary learning (e.g., Laufer & Hulstijn, 2001), its role in the acquisition of grammatical structures, particularly through oral and audio-visual modalities remains comparatively underexplored. Drawing on the Levels of Processing framework (Craik & Lockhart, 1972), this study investigated whether task-induced processing depth influences the acquisition of third conditionals and comparatives, and whether language aptitude (LLAMA B, D, F) predicts learning gains. Using a pretest–posttest design, four intact classes involving 108 Grade 8 EFL learners in India were assigned to one of the three experimental conditions differing in level and type of processing: Low DoP, High DoP Explicit, and High DoP Implicit. The treatment task required the participants to listen to an audio-visual story containing the target structures (third conditionals and comparatives) and complete analytic tasks (varying in different groups) before listening to the story for a second time. The oral performance of the participants was analysed for accuracy, and frequency of use of the target structures. A grammaticality judgement test (GJT) and an elicited imitation task (EIT) were used to assess the participants’ gains in the knowledge of the target structures. In addition, language aptitude (LLAMA B, D, F) was measured and modelled as a predictor of gain scores. Results showed a significant effect of processing condition on GJT performance with the High DoP Implicit group outperforming the High DoP Explicit group on total scores and comparatives. In contrast, ANCOVA analyses indicated no significant group differences on EIT outcomes once pretest performance was controlled, with pretest scores strongly predicting posttest performance. In oral production, processing effects were structure-specific: the Low DoP group showed greater accuracy gains for comparatives, while both High DoP groups revealed increased frequency of use of third conditionals. However, across all four measures, multiple regression analyses indicated that LLAMA B, D, and F did not significantly predict gain scores. Overall, the findings support a processing-by-structure pattern: deeper processing benefits were most evident for the more salient structure (comparatives) on an explicit, written measure, whereas complex, low-salience forms (third conditionals) showed limited accuracy change but increased frequency of use under deeper processing."
OpenAlex,deep learning,Deep learning design of programmed enhancer pairs,Salil Garg; Blake M Torres; Joanna Wypasek,10.5281/zenodo.19463376,2030-04-08,Zenodo (CERN European Organization for Nuclear Research),
OpenAlex,deep learning,Deep learning design of programmed enhancer pairs,Salil Garg; Blake M Torres; Joanna Wypasek,10.5281/zenodo.19463375,2030-04-08,Zenodo (CERN European Organization for Nuclear Research),
OpenAlex,deep learning,Deep learning design of programmed enhancer pairs,Salil Garg; Blake M Torres; Joanna Wypasek,10.5281/zenodo.19477875,2030-04-08,Zenodo (CERN European Organization for Nuclear Research),
OpenAlex,deep learning,Data Augmentation Application in Deep Learning Drug Discovery by Utilizing Relationships Between Biological and Medical Entities,Tianjun Wang,10.17638/03195452,2029-01-01,University of Liverpool,
OpenAlex,deep learning,A UAV-Based Framework for Community-Scale Residential Building Energy Modelling in China,Mengfan Jin,10.17638/03195460,2029-01-01,University of Liverpool,"With increasing emphasis on energy efficiency and carbon emission reduction in the building sector, rapid and scalable energy modelling of existing buildings is critical for retrofit projects and policy development. Conventional surveys, data collection and energy modelling processes remain labour-intensive and impractical for large-scale applications, and energy modelling often dominates project time and cost. Unmanned Aerial Vehicles (UAVs) equipped with high-resolution and infrared cameras now offer fast and safe exterior surveys, showing great potential in building energy assessments. Yet, a systematic framework for UAV integration, from image capture through processing to inputs for building energy simulation, has not been established. This research addresses these challenges by developing a structured framework for community-scale building energy modelling, which integrates UAV photogrammetry to accelerate data acquisition, reduce labour, and shorten energy modelling time for retrofit projects. The framework is designed to minimise prior data requirements while maximising automation and retaining sufficient accuracy and reliability. It also addressed systemic issues, such as the lack of data necessary to fully exploit the potential of available technologies in the context of this study. To achieve this research objective, a mixed-methodology approach, combining desk studies and fieldwork, was adopted. First, a comprehensive review of UAV-based building energy studies mapped the current applications and available tools, proposing a preliminary framework. Fieldwork then encompassed a pilot study and a detailed case study. In the pilot test, a single building was surveyed to identify an optimal toolchain for flight planning, image capture, photogrammetric reconstruction, model generation, and selection of a simulation platform. The resulting refined framework was applied to a case study of a 39-building community, and it was demonstrated that further automation was necessary. The potential for automation was then further explored. Geomatic algorithms, machine learning, and deep learning techniques were compared, and the combination that best balanced accuracy and processing time was selected for 3D model generation and window-to-wall ratio (WWR) extraction. In parallel, an archetype library of residential buildings in the Hot Summer Cold Winter (HSCW) zone in China was compiled to facilitate the assignment of thermal parameters. Finally, a reusable community-scale building energy modelling (CBEM) workflow was assembled in Grasshopper using Ladybug Tools components to process the aforementioned inputs. In conclusion, this study integrates UAV photogrammetry, GIS-based geomatic algorithms, machine learning, and graphical programming to develop an UAV-CBEM framework. The outcomes establish a foundation for scalable UAV-based building energy assessments, enhancing applicability in data-limited and large-scale settings worldwide."
OpenAlex,deep learning,Spectral Materialism: Encounters with land-time-scapes,Sam Nightingale,10.25602/gold.00040593,2029-01-01,Goldsmiths (University of London),"This transdisciplinary, practice-based PhD introduces spectral materialism through art-based research encounters with ecologically and historically stratified land-time-scapes shaped by hypersalinity and colonial terraforming. Centred in the semi-arid Mallee (southeastern Australia) and read through echoes with California’s Imperial Valley, the project examines how spectral time—the co-presence and haunting of other temporalities—manifests in the material conditions of salt, soil, water, plants, and infrastructures. It asks how learning from geological, First Nations, colonial, and ecological pasts can orient responsibilities in unsettled futures. Treating the present as a crisis of time as much as a crisis of matter, the thesis critiques linear-progressive temporalities bound to Western modernity and extractive regimes. In response, spectral materialism is developed as both a conceptual framework and a critical creative methodology. Through alchemical media experiments with salt crystals, hypersaline soils, and halophytes, photography is reconfigured as a site-responsive, process-oriented practice. Salt is engaged as a material agent and ‘time-crystal’ whose phase shifts—dissolution, saturation, precipitation, crystallisation, evaporation—form a meta-chemistry that refracts deep-marine pasts, settler-colonial irrigation infrastructures, and contemporary dust into processual renderings of time. Methodologically, the project advances attunement as a mode of sensing and responsiveness to forces that are not always immediately perceptible yet are materially active. Field notes appear as para-writing, interrupting linear narration so that heterogeneous times co-present themselves within the text. The thesis is guided by First Nations temporalities—time as relational and in place—while remaining accountable to ethical limits and protocols. The contribution is twofold: a theoretical articulation of spectral materialism as a way to think time otherwise, and a set of site-responsive methods for engaging elemental media in saline environments. Together, they generate materially grounded accounts of spectral presences and open alternative pathways for knowing, sensing, and relating within land-time-scapes marked by enduring colonial and ecological afterlives amid planetary change."
OpenAlex,deep learning,DEVELOPMENT AND COMMERCIALIZATION OF COMPUTATIONAL METHODS TO ACCELERATE DERMATOLOGICAL DISCOVERY,Jasson Makkar,10.7273/000008421,2028-02-26,Washington State University,"The skin is the largest and outermost organ that surrounds the human body and provides a physical barrier that protects the more delicate internal tissues from the harsh surrounding environment. Over the course of evolution, specialized structures have also arisen in the skin, including sweat and sebaceous glands, nails and claws, and hair follicles. The hair follicle is a multi-lineage mini-organ that is a critical component in defining mammalian species. The gain of function derived from hair and fur benefited these species for millennia due to its insulative and protective properties, mechanosensing function, and ability to serve as camouflage. Current approaches to assess these fibers are generally non-quantitative or are low throughput due to technical limitations of ‘splitting hairs’. We developed a novel deep learning-based computer vision approach for the high throughput quantification of individual hair fibers at a high resolution. Our innovative computer vision tool can distinguish and extract overlapping fibers for quantification of multivariate features including length, width, and color to generate single-hair phenomes (shPhenome) of diverse conditions across the lifespan of mice. Using our tool, we explored the effects of hormone signaling, genetic modifications, and aging on hair follicle output. These analyses revealed novel hair phenotypes as a result of endocrinological, developmental, and aging-related alterations in the fur coats of mice. This tool was then adapted to capture more nuanced hair phenotypes, such as curvature, in a variety of mouse models harboring genetic perturbations. Commercialization of the deep hair phenomics technology presented a unique opportunity to pursue research translation, transforming fundamental biological research into marketable products. Much like the traditional academic route, the path to commercialization requires consistent and continuous iteration, testing of hypotheses, and allowing data to influence and lead subsequent actions. However, as opposed to the pursuit of knowledge, translating research into market-ready solutions requires a focus on consumer needs and the identification of market opportunities. Additionally, the shift in incentive structure requires commercial ventures to prioritize intellectual property protection, alter capital and resource allocation, and seek alternative fundraising sources. The entrepreneurial foundation built through this process culminated in the filing of a provisional patent and establishment of a startup company, kerat Inc. This journey illuminated the multifaceted challenges inherent in closing the gap between academic innovation and commercially viable goods, requiring simultaneous advancement of technical capabilities, adaptation to market dynamics, and fabrication of business infrastructure. Overall, the culmination of work presented in this dissertation sheds light on the importance of quantitatively assessing hair fiber properties to capture the biological phenomena that underlie this fundamental feature of mammalian skin. These findings also highlight the capabilities of this methodology for identifying perturbations in normal growth, potentially indicative of disease or dysfunction. Lastly, this showcased the potential of this technology’s commercial use cases in both the cosmetics and diagnostics industries."
OpenAlex,deep learning,Deep q-learning aided k-means clustering protocol for optimizing network lifetime in wireless sensor networks,Flynn Dowey,10.14288/1.0451106,2028-01-01,Open Collections,"The full abstract for this thesis is available in the body of the thesis, and will be available when the embargo expires."
OpenAlex,deep learning,Deep learning image analysis of donor red blood cells to predict deformability and transfusion efficacy,Erik S. Lamoureux,10.14288/1.0451932,2028-01-01,cIRcle (University of British Columbia),"The full abstract for this thesis is available in the body of the thesis, and will be available when the embargo expires."
OpenAlex,deep learning,Cost-Grounded Reward Scaling for Deep Reinforcement Learning in Zero-Buffer Flow-Shop Maintenance - DATA,Valentina Popolo; Silvestro Vespoli,10.17632/t73ckh3f7k,2027-07-09,Mendeley Data,
OpenAlex,deep learning,Cost-Grounded Reward Scaling for Deep Reinforcement Learning in Zero-Buffer Flow-Shop Maintenance - DATA,Valentina Popolo; Silvestro Vespoli,10.17632/t73ckh3f7k.1,2027-07-09,Mendeley Data,
OpenAlex,deep learning,"LeafMicroDefect-TR: A Digital Microscope-Based Dataset of Microscopic Leaf Surface Images for Defect Detection, Region-wise Analysis, and Explainable Deep Learning",HIDIR SELCUK NOGAY,10.17632/tvxkgj69kg.1,2027-01-12,Mendeley Data,
OpenAlex,deep learning,"LeafMicroDefect-TR: A Digital Microscope-Based Dataset of Microscopic Leaf Surface Images for Defect Detection, Region-wise Analysis, and Explainable Deep Learning",HIDIR SELCUK NOGAY,10.17632/tvxkgj69kg,2027-01-12,Mendeley Data,
OpenAlex,deep learning,Contested urbanisms: The politics of heritage and housing in Jakarta’s kampungs,"Binte Masron, Irna Nurlina",10.18743/pub.00056687,2027-01-01,"BIROn (Birkbeck, University of London)","Do heritage-making projects resist or advance gentrification in Southeast Asia? Like other Global South cities, contested urbanisms chequer Jakarta’s postcolonial urban landscape. Competing ideas about urban development manifest in various ways of seeing and producing the city, as demonstrated by evictions, revitalisation projects, and informal housing. Increased evictions of urban villages (urban kampungs) between 2013 and 2018 in Jakarta saw growing grassroots heritage movements as part of a spectrum of resistance to top-down urban management by state and private sector actors who also stake their claims on what ‘heritage’ is. These tensions amongst the political projects of various actors led me to ask: how do heritage-making projects of/by urban villages affect housing conditions in Jakarta, with reference to gentrification-led displacement? Using ethnographic methods and thematic analysis, I delve into the constructions of heritage, the impact of heritage-making on housing security for residents, and the broader political impact of heritage-making from above and below in Jakarta’s Kota Tua and two of its kampungs, Luar Batang and Pekojan. I argue that the dominant heritage constructions in Kota Tua demonstrate a top-down logic that emphasises infrastructure and the built environment with strong private sector presence, which impact the kampungs in varied ways. Findings showed that top-down heritage-making demonstrates higher likelihood of driving gentrification through the commodification of space, prioritising capital and material values. Residents and their advocates employ heritage-making from below in various forms to reclaim their place in the city as they face various forms of displacement, with unanticipated consequences. The processes of heritage-making from above and below reveal the connections and disjunctures between different authorities which subaltern actors work through, producing new politics that contest or entrench existing conditions. The findings contribute to the theorising of the politics of gentrification in heritage and urban studies, and a deeper understanding of Jakarta’s Old Town."
OpenAlex,deep learning,From Sparse to Dense: Label-Efficient Weakly Supervised Segmentation for Images and Videos,J. Wang,10.17638/03195330,2027-01-01,University of Liverpool,"Obtaining high-quality annotated data has become a primary bottleneck for training deep learning models, particularly for dense prediction tasks like semantic segmentation and video salient object segmentation. The demand for meticulous, pixel-level labeling makes fully-supervised approaches prohibitively expensive and limits their scalability. This thesis directly confronts this issue by proposing and systematically investigating a label-efficient ""sparse-to-dense'' paradigm. The core objective is to develop innovative frameworks that can learn from sparse, inexpensive weak supervision—such as image-level tags or scribbles—and intelligently propagate this minimal information to generate complete, pixel-accurate dense predictions. The major part of this thesis focuses on the ""sparse-to-dense'' challenge within Weakly Supervised Semantic Segmentation (WSSS) for images, where models learn from only image-level tags. Dominant approaches rely on Class Activation Maps (CAMs) as initial object seeds. However, CAMs inherently activate only the most discriminative object regions, leading to incomplete pseudo-labels. This gives rise to the central problem of activation densification: the critical process of expanding these sparse activations to cover the full extent of an object. Our research addresses this challenge through a progressive, multi-faceted strategy. Our exploration begins with a foundational framework (C3) designed to rectify the intrinsic flaws of initial CAMs. We propose a synergistic mutual calibration method. This method leverages the discrepancies between the two maps to generate local prototypes, which are simultaneously utilized to complete missing object parts and suppress background noise, yielding a significantly more accurate and complete initial seed. This foundational work immediately reveals the limitation of single-prototype instability and its inability to capture diverse features. Building on this foundation, we then develop architecture-specific strategies to address deeper limitations of the prototype-based approach. For Convolutional Neural Networks (CNNs) (C4), the use of a single prototype proves insufficient to capture significant intra-class variation. In response, we introduce an Optimal Transport (OT)-assisted framework that effectively mines multiple, diverse prototypes, thereby yielding more comprehensive activation maps. However, while C4 solves the intra-class diversity problem, the inherent local context constraint of the CNN architecture becomes the new bottleneck, fundamentally limiting the quality of globally-aware feature extraction needed for optimal multi-prototype assignment. This limitation necessitates a shift in architectural focus from CNNs to Vision Transformers. In the ViT architecture (C5), a new challenge arises where the token gap between the discriminative class token and varied patch tokens leads to incomplete activation. To bridge this gap, we leverage a tailored application of Optimal Transport, where the algorithm is tasked with learning a comprehensive proxy to ensure complete object activation. Despite these architectural advances (C3-C5), the overall WSSS performance hit a ceiling. This is fundamentally limited by the sparse supervision of class labels, which cannot provide precise boundary information. To break this ceiling, our WSSS exploration culminates in a universal enhancement strategy (C6) that transcends architecture-specific designs by leveraging Visual Foundation Models (VFMs). We resolve the conflict between the discriminative nature of initial CAMs and the VFM's need for holistic prompts. By modeling the CAM foreground as a graph and employing spectral analysis, our method intelligently selects a diverse set of prompt points that represent the overall structure of the foreground object. This guides the VFM to generate superior, boundary-aware supervision that can universally enhance any WSSS pipeline. Subsequently, the thesis extends the ""sparse-to-dense'' paradigm to the dynamic domain of video, addressing Weakly Supervised Video Salient Object Segmentation (WSVSOS) (C7) from sparse scribble annotations. In this specific context, the challenge evolves into spatio-temporal densification, which requires both full-object coverage within each frame and temporal consistency across the video sequences. To this end, we introduce the core CFMR framework, which utilizes Spatio-Temporal co-regulation. This framework is subsequently enhanced (CFMR+) by integrating the VFM guidance strategy from C6, which provides high-quality spatial priors essential for ensuring both high spatial detail and inter-frame consistency. By enforcing both intra-frame and cross-frame consistency between these two streams, our method effectively propagates the sparse initial signal to generate dense and temporally coherent saliency masks. In conclusion, this thesis presents a comprehensive and cohesive investigation into label-efficient segmentation tasks, offering a suite of innovative and effective strategies for the ""sparse-to-dense'' challenge. Our work establishes a progressive roadmap that systematically overcomes architectural and semantic limitations, culminating in highly robust and generalized densification pipelines. Our extensive experimental results on standard benchmarks validate the state-of-the-art performance of these methods, providing robust solutions to a long-standing problem in the computer vision field."
OpenAlex,deep learning,Unsupervised Deep-learning Methods for Low-dose Computed Tomography Reconstruction,Ran An,10.17638/03194237,2027-01-01,University of Liverpool,"Computed tomography (CT) has become an indispensable imaging technique in medical diagnostics and industrial applications, owing to its non-invasive nature and high resolution in visualizing object internal structures. While X-ray CT (X-ray computed tomography) significantly enhances lesion detection capabilities, excessive exposure to X-ray radiation raises substantial health concerns, including elevated cancer risks and potential genetic damage. Although low-dose CT (LDCT) protocols reduce radiation safety concerns, they inevitably introduce severe noise and artifacts, which might compromise diagnostic accuracy. Recent advances in supervised deep learning approaches have demonstrated remarkable success in LDCT reconstruction. However, the reliance on paired training data severely limits their deployment in practical CT applications. This fundamental constraint highlights the critical importance of developing unsupervised reconstruction methods. Although existing unsupervised LDCT methods have made notable progress, they still face challenges requiring systematic solutions. This thesis makes three contributions to advance the field of unsupervised LDCT reconstruction: 1. Current dual-domain self-supervised LDCT denoising methods typically neglect the heterogeneity of the non-stationary Gaussian noise levels in low-dose sinograms and usually treat them as common images without appropriately controlling the denoising strength. The denoisers employed by them, which are based on classic convolutional neural networks (CNN), will lead to blurring artifacts in the reconstructed images if directly used for sinogram denoising. In addition, the denoising strength in the sinogram and image domains must be well-balanced to avoid introducing over-blurring or secondary artifacts in the reconstructed images, but existing approaches do not focus on this crucial point. To address these limitations, this thesis proposes a novel end-to-end dual-domain self-supervised framework for LDCT denoising. It employs Dropblock layers to adaptively localize the effect of convolution for sinogram denoising and sets a weighted average between the denoised sinograms and their noisy counterparts to better control the denoising strength, thus effectively reducing the blurring artifacts and leading to a well-balanced dual-domain denoising. Numerical experiments demonstrate the effectiveness and superior performance of the proposed method. 2. Existing normalizing flows (NFs)-based unsupervised LDCT reconstruction methods face challenges in both image quality and computational efficiency. On one hand, they typically utilize a two-way transformation strategy between noisy images and latent variables, which could easily lead to detail loss and secondary artifacts in the reconstructed images. On the other hand, training NFs on high-resolution CT images is computationally intensive. Although conditional normalizing flows (CNFs) can mitigate computational costs by learning conditional probabilities, existing approaches rely on labeled data for conditionalization, leaving unsupervised CNFs-based LDCT reconstruction a challenge. To tackle these issues, this thesis proposes a novel unsupervised LDCT iterative reconstruction algorithm based on CNFs. The proposed method employs a strict one-way transformation strategy during the alternating optimization in the dual spaces to prevent detail loss and secondary artifacts, and proposes a novel unsupervised conditionalization strategy for CNFs, thus achieving efficient training and inference on high-resolution images. The proposed method illustrates high-quality and relatively fast unsupervised reconstruction. Experiments across two datasets demonstrate the superior performance of the proposed method by rivaling several state-of-the-art methods. 3. Current diffusion model-based LDCT reconstruction methods solely employ the prior distributions learned from normal-dose CT data but neglect the valuable priors in low-dose data, which contain information about the characteristics of low-dose noise and artifacts. In addition, their reconstruction speed suffers from multiple sampling steps, presenting low efficiency. Breaking new ground in prior utilization, this thesis proposes a novel unsupervised LDCT iterative reconstruction algorithm based on dual denoising diffusion probabilistic models (DDPM), which leverages both normal-dose and low-dose priors. Specifically, the proposed method employs two DDPMs to learn the prior distributions from normal-dose and low-dose images, respectively, and incorporates them into a joint iterative reconstruction framework. To accelerate the reconstruction, partial diffusion sampling and single-pass deterministic reconstruction strategy are utilized in the proposed method, as well as the spaced OS-SART approaches. Experiments at different dose levels demonstrate the outstanding performance and fast speed of the proposed reconstruction algorithm. Through these innovations and contributions, this thesis addresses some significant challenges in current deep-learning-based unsupervised LDCT reconstruction methods, and proposes three novel unsupervised reconstruction algorithms. The proposed methods effectively improve the performance and efficiency of LDCT reconstruction under different unsupervised learning conditions, and provide some new perspectives and inspirations for future research."
OpenAlex,deep learning,An Interpretable State-Conditioned Multi-Criteria Decision-Making Layer for Reward Shaping in Deep Reinforcement Learning: Dynamic TOPSIS Weighting Applied to Disaster Response,Ahmed İhsan Şimşek,10.17632/smbzhvhs3k.1,2027-01-01,Mendeley Data,
