source,keyword,title,authors,doi,publication_date,journal,abstract
PubMed,aortic stenosis,"A Multicenter, Mixed Methods Study of United States Heart Teams and Health Policy: The EVOLVE Study Design and Protocol.",Megan Coylewright; Dhaval Kolte; Gina Kruse; Rakesh M Suri; Sammy Elmariah; Susan R Strong; Elizabeth M Perpetua,10.1016/j.jscai.2026.105512,2026-09,Journal of the Society for Cardiovascular Angiography & Interventions,"The management of patients with aortic stenosis is rapidly evolving, along with the ""heart team,"" a multidisciplinary group collaborating in program management. There is scant research providing rigorous data on the variability in heart teams' approach to optimal patient care delivery. This investigation aimed to describe the current health care delivery strategies and attitudes of contemporary heart teams at diverse hospitals across the United States and provide key insight into future health policy and guideline directions.
We will conduct a convergent parallel design mixed methods study integrating quantitative (survey) and qualitative (semistructured interviews, coded using qualitative research software) data to develop a deeper understanding of heart valve team roles, functions, health care delivery strategies, and clinician perceptions of the impacts of health policy mandates on team and patient experience. Guided by a grounded theory approach, we will generate themes inductively from perspectives expressed by the participants. Heart valve teams will be recruited until saturation of themes and to maximize variation in practice settings (academic status, geographical location, transcatheter aortic valve replacement program volume, program tenure). We anticipate 8 to 20 programs and 40 to 100 participants. This study is approved by the Western Copernicus Group Institutional Review Board and adheres to Good Reporting of a Mixed Methods Study guidelines for mixed methods research.
This study is designed to be the largest investigation to date of United States heart teams focused on aortic stenosis, aimed to inform health policy and guideline efforts to streamline care, address continued inequities and undertreatment, and optimize patient outcomes."
PubMed,aortic stenosis,Letter on External Validation of the ROMEO Score A Pathophysiological Perspective on Echocardiography in Syncope.,Maria Giulia Bellicini,10.1111/acem.70387,2026-09,Academic emergency medicine : official journal of the Society for Academic Emergency Medicine,
PubMed,aortic stenosis,Surgical Explantation of Transcatheter Aortic Valves: A Contemporary Analysis of Indications and Outcomes.,Berk Inan; Fatima Iqbal; Marco Tagliafierro; Jack Nickles; Ali Fatehi Hassanabad,10.1097/CRD.0000000000001476,2026-09-22,Cardiology in review,"Transcatheter aortic valve replacement (TAVR) has transformed the treatment of severe aortic stenosis across all surgical risk profiles. However, as TAVR expands into younger, lower-risk populations with longer life expectancies, the management of late bioprosthetic failure has emerged as a critical clinical challenge. While valve-in-valve TAVR offers a less-invasive reintervention strategy, absolute anatomical contraindications frequently render it infeasible, necessitating surgical explantation. Driven primarily by structural valve deterioration, acute device failure, and prosthetic valve infective endocarditis, TAVR explantation presents a uniquely hostile operative field. Unlike traditional redo-surgical aortic valve replacement, the endothelialized and fibrotic integration of transcatheter stent frames into the aortic root and subvalvular apparatus significantly complicates extraction. These procedures often require complex, unplanned concomitant reconstructive procedures. Consequently, explantation carries a substantial morbidity and mortality burden that significantly eclipses native redo-surgical aortic valve replacement, with a stark volume-outcome relationship highlighting the necessity of institutional expertise. This review synthesizes contemporary data from high-volume international registries to evaluate the evolving landscape of TAVR explantation, detailing the primary indications, anatomical hurdles, and clinical outcomes. Ultimately, we emphasize the necessity of rigorous, computed tomography-based lifetime management protocols at the time of the index procedure and the regionalization of explant operations to specialized multidisciplinary structural heart centers to mitigate the severe surgical risks of transcatheter valve failure."
PubMed,aortic stenosis,Impact of Anesthetic Strategy and the Institutional Learning Curve on Outcomes After Transcatheter Aortic Valve Implantation.,İsmail Balaban; Özgecan Pırıl Zanbak Mutlu; Barkın Kültürsay; Deniz Mutlu; Seda Tanyeri Uzel; Ahmet Karaduman; Nesri Danışman; Azmican Kaya; Ebru Girgin Dinç; Esin Öner,10.14744/AnatolJCardiol.2026.6573,2026-09-22,Anatolian journal of cardiology,"As transcatheter aortic valve implantation (TAVI) has become a standard treatment for severe aortic stenosis, the optimal anesthetic strategy remains debated. In addition to anesthesia choice, institutional experience may influence procedural efficiency and outcomes; however, their interplay remains unclear. This study aimed to evaluate the association between anesthetic strategy and outcomes after elective transfemoral TAVI and to assess whether these associations are modified by institutional experience.
In this retrospective observational study, consecutive patients undergoing elective transfemoral TAVI at a high-volume tertiary center between 2020 and 2025 were analyzed. To reduce selection bias, inverse probability weighting with double-robust outcome modeling was applied. The primary outcome was intensive care unit (ICU) stay duration, and in-hospital mortality was evaluated as a secondary outcome. Institutional experience was modeled as chronological case sequence, with an interaction term to assess effect modification.
A total of 852 patients were included. After weighting, baseline characteristics were well balanced between conscious sedation (CS) and general anesthesia (GA) groups. General anesthesia utilization decreased from 71% in 2020 to 13% in 2025. Conscious sedation was associated with shorter ICU stay compared with GA (21.0 vs. 23.0 hours; P < .001). In adjusted analysis, GA remained independently associated with longer ICU stay (rate ratios = 1.46, P < .001, 95% CI: 1.28-1.66). Anesthetic strategy was not associated with in-hospital mortality (OR = 1.14, P = .667, 95% CI: 0.62-2.10), and no significant interaction with case sequence was observed.
Conscious sedation was associated with shorter ICU stay, while no significant differences were observed in mortality outcomes."
PubMed,aortic stenosis,Predictors of All-Cause Mortality in Patients with Classical Low-Flow Low-Gradient Aortic Stenosis Undergoing Transcatheter Aortic Valve Implantation.,Büşra Güvendi Şengör; Cemalettin Yılmaz; Mustafa Ferhat Keten; Aykun Hakgör; Doğan Şen; Süleyman Çağan Efe; İsmail Balaban; Seda Tanyeri Uzel; Tuba Unkun; Elnur Alizade; Regayip Zehir,10.14744/AnatolJCardiol.2026.6553,2026-09-22,Anatolian journal of cardiology,"Classical low-flow low-gradient aortic stenosis (cLFLG AS) is associated with poor prognosis and adverse clinical outcomes despite transcatheter aortic valve implantation (TAVI). Identifying prognostic markers in this high-risk population may improve risk stratification and clinical management. This study aimed to investigate independent predictors of all-cause mortality in patients with cLFLG AS undergoing TAVI.
In this single-center retrospective study, 151 patients with cLFLG AS undergoing TAVI between January 2018 and December 2024 were included. Multivariable Cox proportional hazards regression analysis was performed to identify predictors of all-cause mortality. Two separate multivariable models incorporating tricuspid annular plane systolic excursion (TAPSE) and TAPSE/systolic pulmonary artery pressure (sPAP) ratio were constructed to evaluate the prognostic impact of right ventricular (RV) systolic function and RV-pulmonary vascular interaction. The prognostic performance of TAPSE was further assessed using receiver operating characteristic (ROC) and restricted cubic spline analyses.
During a median follow-up of 26 (15-42) months, all-cause mortality occurred in 37 (25%) patients. In multivariable analysis, reduced TAPSE remained independently associated with all-cause mortality after adjustment for age and left ventricular ejection fraction (LVEF) (HR: 0.11, 95% CI: 0.04-0.30, P < .001). A lower TAPSE/sPAP ratio was also independently associated with mortality (HR: 0.08, 95% CI: 0.01-0.85, P = .036). Advanced age and reduced LVEF were independently associated with mortality in both models. Time-dependent ROC analysis demonstrated consistent discriminative performance of TAPSE over time.
Reduced TAPSE, advanced age, and reduced LVEF were independent predictors of all-cause mortality in patients with cLFLG AS undergoing TAVI."
PubMed,aortic stenosis,Deletion of the PDZ-Binding Motif of TAZ Protein Induces Myocardial Calcium Overload and Hypertrophy via the TBX5-MFN2 Signaling Axis.,Rui Ma; Yanhua Zhu; Yujuan Jiang; Fei Liu; Yuwen Lu; Xinyu Gao; Yongjun Li; Liang Zhang,10.1096/fj.202602631R,2026-09-30,FASEB journal : official publication of the Federation of American Societies for Experimental Biology,"Hypertrophic cardiomyopathy (HCM) is frequently linked to sarcomeric gene mutations, yet many familial cases remain unexplained by known pathogenic genes. Transcriptional coactivator TAZ serves as the core effector of the Hippo signaling pathway that regulates cardiomyocyte proliferation and myocardial hypertrophy, and its PDZ-binding motif is critical for maintaining the normal function of TAZ. Deletion of this motif triggers TAZ dysfunction and subsequently induces HCM; however, the underlying molecular mechanism remains to be further elucidated. PDZ-binding motif-deleted TAZ (TAZ-ΔPDZ) was identified as the pathogenic mutation in HCM. Functional experiments revealed that TAZ-ΔPDZ exacerbated phenylephrine (PE)-induced cardiomyocyte hypertrophy, manifested as enlarged cardiomyocyte surface area, upregulated expression of hypertrophy marker proteins (ANP/BNP/β-MHC), and intracellular calcium overload. Mechanistically, TAZ-ΔPDZ blocked the transcriptional activation of mitofusin 2 (MFN2) by T-box transcription factor 5 (TBX5), thereby triggering calcium overload and aggravating myocardial hypertrophy. Further in vivo animal experiments verified that TBX5 overexpression reduced heart size, alleviated myocardial collagen deposition and inflammatory cell infiltration, and decreased intracellular calcium concentration to exert cardioprotective effects; however, TAZ-ΔPDZ markedly reversed such protective effects mediated by TBX5 overexpression. TAZ-ΔPDZ impairs TBX5 transcriptional function, reduces MFN2 expression, triggers cardiomyocyte calcium overload, and ultimately causes cardiac hypertrophy. This study is expected to provide novel insights for the prevention, control, and screening of pathogenic genes underlying hereditary HCM."
PubMed,aortic stenosis,"CT-derived myocardial extracellular volume: current evidence, clinical utility, and the emerging role of photon-counting CT-a systematic review.",Jacopo D'Argenzio; Francesco Stucchi; Valentina Tambè; Malaka Mammadova; Gianpaolo Carrafiello; Francesco Secchi,10.1186/s41747-026-00808-w,2026-09-22,European radiology experimental,"Cardiac extracellular volume (ECV) is a quantitative imaging biomarker of myocardial interstitial expansion and diffuse fibrosis, with cardiac magnetic resonance regarded as the reference standard method for assessment. Interest in computed tomography (CT)-derived cardiac ECV is increasing owing to its wide availability and potential integration into routine cardiac CT examinations. This systematic review was conducted within the framework of the European Network for the Assessment of Imaging in Medicine (EuroAIM).
This PRISMA-compliant systematic review searched PubMed, Embase, and Scopus, with the last search performed in December 2025. Extracted data included study design, target pathology, CT technology, acquisition approach, timing of delayed imaging, hematocrit estimation, region-of-interest methodology, type of comparator, and reporting and definition of ECV cutoff values. Study quality was evaluated using the Newcastle-Ottawa scale.
Of 304 unique records, 113 studies were included, with a marked increase in publications over the last 3 years (30 studies in 2025). Studies covered a broad range of clinical settings, including aortic stenosis, amyloidosis, heart failure, cardiomyopathies, myocarditis, and cardio-oncology. Sixty-seven studies were retrospective, and forty-six were prospective. ECV was assessed using single-energy CT (n = 65), dual-energy CT (n = 34), and photon-counting CT (n = 14, 10 of them in 2025). Cutoff values were reported in only 38 studies. The Newcastle-Ottawa Scale score was 6.33 ± 1.42 (mean ± standard deviation).
Cardiac ECV is rapidly expanding, with photon-counting CT emerging as a promising platform. Nevertheless, substantial methodological heterogeneity and inconsistent cutoff reporting persist, highlighting the need for standardized protocols and harmonized reporting.
PROSPERO CRD420251147762.
Question What evidence is available in the literature about photon-counting CT-derived myocardial ECV quantification? Findings CT-derived myocardial ECV enables noninvasive assessment of diffuse myocardial fibrosis across multiple cardiovascular diseases. Relevance statement The rapidly expanding evidence and the emergence of photon-counting CT highlight its potential integration into routine cardiac CT imaging. Evidence spans multiple cardiac and systemic disease categories; heterogeneous methods limit cross-study comparability; standardized reporting is needed for clinical translation."
PubMed,aortic stenosis,"Mechanistic diversity within RLC-dependent myosin ATPase inhibitors differentiates EDG-7500, a diastolic-selective cardiac sarcomere modulator.",Craig A Emter; Marcus Henze; Mike DuVall; Sarah Lehman; Lindsey Lee; Ben Barthel; Natalie A Hawryluk; Molly Madden; Yangsong Wu; Amy Perry; Martin Beyer; Eric Wei; Cassady Rupert; Steve Roof; Angela Peter; Emily DiNatale; Sara Cantrell; Jessica Tolley; Stephen Schlachter; Jolanda van der Velden; Michelle Michels; Christine Seidman; Weikang Ma; Leslie Leinwand; Stuart Campbell; Julien Ochala; David Bluemke; Darla Tharp; Jonathan Seidman; Carlos L Del Rio; Marc Semigran; Marc Evanchik; Kevin Koch; Alan Russell,10.1172/jci.insight.203086,2026-09-22,JCI insight,"Small molecules that modulate myofibril ATPase activity via the myosin regulatory light chain (RLC) display a broad spectrum of activity in their ability to enhance relaxation and slow contraction. EDG-7500 exhibits features consistent with a 'diastolic-selective' cardiac sarcomere modulator (d-CSM), and its ability to treat HCM was explored in engineered human tissue (EHT), human HCM cardiac strips, and an R403Q mutation swine model. In fibers, EDG-7500 preferentially inhibited myofibril ATPase activity and force at diastolic calcium levels, retained length-dependent force activation, accelerated relaxation, and exhibited a shallow, self-limiting inhibitory-exposure response to LV fractional shortening. Compared to CMIs, EDG-7500 moved myosin heads towards the thin filament and accelerated relaxation without decreasing force in mutated EHTs (R403Q). In human HCM cardiac strips, EDG-7500 did not alter myosin SRX state, but decreased Ca2+-sensitivity of force independent of mutation. In R403Q swine, chronic EDG-7500 normalized LV filling pressure and prevented pathological cardiac remodeling while preserving normal systolic function and cardiac reserve. EDG-7500 differentiates itself from CMIs by uniquely targeting both phases of the cardiac cycle, improving ventricular relaxation while preserving systolic function. This suggests optimal diastolic efficacy can be reached without balancing systolic impairment."
PubMed,aortic stenosis,Sodium-Glucose Cotransporter-2 Inhibitors in Valvular Heart Disease: From Mechanistic Insights to Clinical Application.,Haytham Allaham; C Michael Gibson; Aloke Finn; Imad Alhaddad; Anuj Gupta,10.1016/j.jscai.2026.105568,2026-09,Journal of the Society for Cardiovascular Angiography & Interventions,"Valvular heart disease encompasses a diverse group of hemodynamic disorders that are frequently associated with heart failure, recurrent hospitalizations, and substantial morbidity despite advances in transcatheter and surgical therapies. Sodium-glucose cotransporter-2 (SGLT2) inhibitors have emerged as a cornerstone of cardiovascular and renal disease management, demonstrating consistent benefits across a broad range of patient populations. Beyond their established effects in heart failure, diabetes mellitus, and chronic kidney disease, accumulating evidence suggests that SGLT2 inhibitors may favorably influence key biological pathways involved in valvular heart disease, including inflammation, oxidative stress, fibrosis, endothelial dysfunction, and adverse cardiac remodeling. Preclinical and translational studies have provided mechanistic support for a potential role of SGLT2 inhibition in modifying valvular and myocardial disease processes. Emerging clinical evidence suggests possible benefits across several forms of valvular heart disease, including degenerative aortic stenosis, functional mitral regurgitation, tricuspid regurgitation, rheumatic mitral stenosis, and bioprosthetic valve degeneration. In addition, growing interest has focused on the integration of SGLT2 inhibitors into contemporary structural heart practice, particularly among patients undergoing transcatheter aortic valve replacement, transcatheter edge-to-edge repair, and other structural interventions. This narrative review summarizes the mechanistic rationale, current clinical evidence, and practical considerations surrounding the use of SGLT2 inhibitors in valvular heart disease and structural heart interventions. We discuss the strengths and limitations of the existing literature, identify important gaps in knowledge, and highlight future directions for research aimed at defining the role of SGLT2 inhibitors as an adjunctive therapy in structural heart disease."
PubMed,aortic stenosis,Evaluating Arterial Stiffness in Aortic Stenosis.,Ning Song; Mayooran Namasivayam; Christopher S Hayward; David W M Muller; Audrey Adji,10.1159/000553233,2026,"Pulse (Basel, Switzerland)","In an ageing population, degenerative aortic stenosis (AS) and elevated arterial stiffness frequently coexist, imposing a combined valvular and pulsatile arterial afterload on the left ventricle (LV). Since the significance of arterial stiffness in the setting of AS is becoming increasingly recognised, there is greater emphasis on accurately evaluating this pulsatile LV load in the presence of severe AS and predicting the arterial response post transcatheter aortic valve replacement (TAVR).
Studies examining arterial stiffness in AS and after TAVR have yielded conflicting results. This review aims to comprehensively evaluate measures of arterial stiffness and pulsatile LV including pulse-wave velocity (PWV), augmentation index (AIx), arterial stiffness index (ASi), and aortic characteristic impedance (Zc); summarises current evidence on their interplay with AS and identifies key knowledge gaps, particularly the limited incorporation of simultaneous flow assessment.
PWV remains the most useful prognostic marker but appears pressure-dependent. AIx is confounded by multiple factors including ejection duration and contractility, especially post-TAVR. Zc best isolates proximal pulsatile load and may better reflect persistent afterload after AS correction. Future studies to validate a non-invasive index for pulsatile arterial load in AS may help guide pre-TAVR risk assessment."
PubMed,aortic stenosis,Simultaneous Transcatheter Aortic Valve Replacement and Endovascular Aneurysm Repair in a Patient With Peripheral Artery Disease Requiring Surgical Vascular Access: A Case Report.,Adam Pampori; Qais Radaideh; Wamiq Banday; Rajeev Gupta; Tanvir K Bajwa,10.1016/j.jscai.2026.105501,2026-09,Journal of the Society for Cardiovascular Angiography & Interventions,"Aortic stenosis, abdominal aortic aneurysm, and peripheral artery disease are common comorbidities with shared risk factors. As the population ages, more patients will require intervention to reduce morbidity and mortality from these entities. We present a 78-year-old woman with severe aortic stenosis, abdominal aortic aneurysm (8.1 × 4.9 × 4.8 cm), and severe peripheral artery disease. Simultaneous transcatheter aortic valve replacement and endovascular aneurysm repair were performed, with surgical cutdown of the right common femoral artery and then a right femoral endarterectomy required. The patient was discharged home 2 days later. A multidisciplinary approach with careful preoperative planning was key."
PubMed,aortic stenosis,Preprocedural computed tomography angiography aortic root geometry and 1-year left ventricular reverse remodeling after transcatheter aortic valve replacement.,Xiaoting Li; Daisong Jiang; Jian Liu; Changdong Zhang; Xiaoke Shang; Nianguo Dong; Ye Yang; Jian Yang; Haibo Zhang; Min Jin; Qing Zhou; Chunshui Liang; Yuan Zhao; Buqing Ni; Yongfeng Shao; Zhong Wu,10.3389/fcvm.2026.1924035,2026,Frontiers in cardiovascular medicine,"Left ventricular reverse remodeling (LVRR) after transcatheter aortic valve replacement (TAVR) is associated with outcomes, but the relevance of aortic-root geometry remains uncertain. We examined whether the annular eccentricity index (EI) and sinus of Valsalva height on computed tomography angiography (CTA) were associated with 1-year LVRR.
This retrospective secondary analysis included 115 patients with severe aortic stenosis from an 11-center cohort who underwent successful TAVR and survived to undergo evaluable preprocedural CTA and 1-year echocardiography. EI was calculated as the difference between maximum and minimum annular diameters divided by the maximum diameter. Sinus height was the mean perpendicular distance from the annular plane to the sinus tip across the three sinuses. LVRR was defined as an increase in left ventricular ejection fraction of at least 5 percentage points or a decrease in indexed left ventricular end-diastolic volume of at least 15%. A fixed multivariable logistic model adjusted for baseline ventricular function and clinical covariates; Firth bias-reduced logistic regression was used for primary inference because the smaller outcome group contained 37 patients, with conventional maximum-likelihood estimation as a sensitivity analysis.
LVRR occurred in 78 patients (67.8%). In the primary Firth analysis, each 1-standard deviation (SD) decrease in EI was associated with higher odds of LVRR (adjusted odds ratio, 2.40; 95% confidence interval, 1.52-3.92; P < 0.001), as was each 1-SD increase in sinus height (adjusted odds ratio, 1.84; 95% confidence interval, 1.23-2.74; P = 0.003). Conventional maximum-likelihood estimates were directionally consistent. Model performance was lower after bootstrap optimism correction (area under the curve, 0.77 vs. 0.81 apparent).
Among patients who survived to undergo evaluable 1-year echocardiography, a lower EI and greater sinus height were associated with LVRR after TAVR. These hypothesis-generating associations require external validation before clinical application."
PubMed,aortic stenosis,Hybrid revascularization for acute common carotid artery occlusion after transcarotid transcatheter aortic valve implantation: illustrative case.,Ryo Yamamoto; Kai Takayanagi; Jungsu Choo; Hiroshi Tashiro; Tsukasa Ohno; Kotona Nomura; Keita Suzuki; Daimon Shiraishi; Takashi Yamanouchi,10.3171/CASE26527,2026-09-21,Journal of neurosurgery. Case lessons,"Transcarotid transcatheter aortic valve implantation (TC-TAVI) is an alternative access route for patients in whom transfemoral TAVI is not suitable. Although carotid complications are uncommon, they may occur because of direct carotid manipulation. We report a rare case of acute common carotid artery occlusion after TC-TAVI treated with hybrid revascularization.
A 94-year-old woman underwent TC-TAVI through the left common carotid artery because severe iliofemoral calcification precluded transfemoral access. After the procedure, delayed emergence from general anesthesia, aphasia, and right hemiparesis developed. MRI demonstrated scattered infarctions in the left middle cerebral artery territory, and CT angiography revealed left common carotid artery occlusion. The mechanism and extent of the lesion could not be adequately determined preoperatively. Potential etiologies included repair site stenosis, thrombotic occlusion, and carotid dissection. Therefore, hybrid surgery was selected. Direct inspection revealed localized posterior wall intimal injury associated with subintimal hematoma and thrombus formation. Thrombectomy and intimal resection achieved complete recanalization with neurological improvement.
Acute common carotid artery occlusion is a rare but potentially devastating complication of TC-TAVI. Careful patient selection for transcarotid access is essential. When the mechanism and extent of carotid occlusion cannot be adequately defined preoperatively, hybrid surgery may provide definitive diagnosis and safe revascularization. https://thejns.org/doi/10.3171/CASE26527."
PubMed,aortic stenosis,Transaortic flow is associated with symptom-driven aortic valve replacement in aortic stenosis.,Susil Pallikadavath; K Hogrefe; D J Kelly; J P Khoo; D Sprigings; D K Dawson; C C Lang; C Berry; J P Greenwood; R P Steeds; L L Ng; G P McCann; A Singh,10.1007/s10554-026-03830-6,2026-09-21,The international journal of cardiovascular imaging,"To assess the association of transaortic flow-rate (TFR) with symptom-driven aortic valve replacement (AVR) in asymptomatic patients with moderate to severe aortic stenosis (AS). PRIMID was a prospective, multi-centre observational study. Patients with asymptomatic moderate to severe AS underwent transthoracic echocardiography (TTE), cardiopulmonary exercise testing and stress cardiovascular magnetic resonance (CMR) imaging. TFR was calculated as stroke volume divided by left ventricular ejection time. Patients were followed-up for a minimum of one-year initially. The primary outcome was symptom-driven AVR. Long-term follow-up data was obtained through electronic health records. The secondary outcome was long-term major adverse cardiovascular events (MACE) defined as cardiovascular mortality and hospitalisation with heart failure, myocardial infarction, syncope or arrhythmia. We included 171 individuals: mean age 66.21±3.43 years, 76% male, mean aortic valve area 1.12±0.31cm2. At one-year (median: 366 days, IQR: 312-437) there were 47 symptom-driven AVRs. Over long-term follow-up of 6.52 years (IQR: 5.23-7.22), there were 95 symptom-driven AVRs and 47 MACE events. In multivariable models, TFR was associated with symptom-driven AVR at one-year (HR: 0.12, 95%CI: 0.04-0.39, p<0.01), independent of a positive exercise tolerance test and CMR-measured myocardial perfusion reserve. Age (HR: 1.05, 95%CI: 1.01-1.10, p=0.01) and NT-pro-BNP (HR: 1.46, 95%CI: 1.12-1.89, p<0.01) predicted long-term MACE events, while TFR did not (HR: 0.48, 95%CI: 0.13, 1.74, p=0.26). TFR is independently associated with symptom-driven AVR in initially asymptomatic individuals with moderate to severe AS at one-year. TFR may be useful in identifying individuals who will undergo symptom-driven intervention, but prospective randomised data are needed to assess clinical utility."
PubMed,aortic stenosis,Short- and Long-Term Outcomes After Transcatheter Aortic Valve Implantation With Large Self-Expanding Valves.,Polyxeni Alexiou; Federico Moccetti; Stephanie Brunner; Nina Conrad; Mathias Wolfrum; Stefan Toggweiler,10.1002/ccd.70900,2026-09-21,Catheterization and cardiovascular interventions : official journal of the Society for Cardiac Angiography & Interventions,"Patients with large aortic annuli are a more challenging subgroup for transcatheter aortic valve implantation (TAVI), and data on long-term outcomes are sparse.
Compare outcomes of patients with large annular anatomies to outcomes of patients with regular anatomies.
Between January 2015 and November 2025, 488 patients underwent TAVI with different generations of Evolut valves for the treatment of native aortic stenosis. Outcomes of large 34 mm valves were compared to regular size 23-29 mm valves. To account for the nonrandomized design, the primary comparison was performed in a 1:1 propensity score matching cohort.
A total of 186 (38%) patients received large and 302 (62%) received regular size valves. Propensity score matching yielded 141 well-balanced pairs, in whom age (80 ± 6 vs. 81 ± 6 years), STS-PROM score (3.2 [2.0-4.9] vs. 3.6 [2.1-5.8]), and male sex (96% vs. 97%), were comparable. Procedural technical success (95% vs. 94%), device success (90% vs. 92%), and early safety (79% vs. 79%) were comparable. At 30 days, mortality (2.1% vs. 1.4%), stroke (2.1% vs. 3.5%), and new pacemaker implantation (12% vs. 11%) did not differ significantly. At 5 years, there were no significant differences between the groups in all-cause mortality (HR 1.06, 95% CI 0.64-1.76, p = 0.8), stroke (sHR 0.74, 95% CI 0.26-2.11, p = 0.6), heart failure rehospitalization (sHR 0.96, 95% CI 0.46-2.01, p=0.9), or new pacemaker implantation (sHR 1.02, 95% CI 0.57-1.82, p = 0.9). Structural valve deterioration stage 3 (0% vs. 1.6%), infective endocarditis (1.7% vs. 2.8%), and valve reintervention (0% vs. 0.9%) were infrequent in both groups. The findings were consistent in the whole-cohort analysis.
Outcomes after TAVI with large self-expanding valves were comparable to regular size valves, demonstrating favorable results up to 5 years of follow-up."
PubMed,aortic stenosis,Newer-generation balloon-expandable vs. self-expanding transcatheter aortic valves: a propensity score matched analysis.,Massimo Baudo; Serge Sicouri; Dimitrios E Magouliotis; Fadi Hage; Rahi Wissam; Scott M Goldman; Eric M Gnall; William A Gray; Sandro Gelsomino; Basel Ramlawi,10.2459/JCM.0000000000001934,2026-09-01,"Journal of cardiovascular medicine (Hagerstown, Md.)","Balloon-expandable valve (BEV) and self-expanding valve (SEV) platforms have undergone significant technological advancements. This study aimed to compare postoperative outcomes in patients with severe aortic stenosis (AS) treated with transcatheter aortic valve implantation (TAVI) using newer-generation BEV and SEV devices.
We retrospectively analyzed all patients who underwent TAVI for severe native AS at a single center between January 2018 and December 2023. Exclusion criteria included emergency procedures, active endocarditis, prior aortic valve interventions, bicuspid valves, primary aortic regurgitation, non-transfemoral access, concomitant coronary procedures, and use of retracted valves. Bioprosthetic valve dysfunction (BVD) was assessed according to modified Valve Academic Research Consortium 3 (VARC-3) definitions.
Propensity score matching was used to create 354 well balanced pairs. Periprocedural outcomes, including mortality, were comparable between the matched BEV and SEV groups. However, echocardiographic evaluation at discharge revealed significantly higher mean transvalvular gradients (P < 0.001) and peak velocities (P < 0.001) in the BEV group. During follow-up, the SEV group showed a significantly lower incidence of BVD [hazard ratio (HR): 0.64, 95% confidence interval (CI): 0.45-0.91; P = 0.013], particularly regarding higher rates of severe prosthesis-patient mismatch (P = 0.001) and at least moderate structural valve deterioration (P = 0.006). No significant differences were observed in all-cause (HR: 1.18, 95% CI: 0.90-1.56, P = 0.235), or cardiac-related mortality (HR: 1.29, 95% CI: 0.91-1.83, P = 0.157).
Among patients treated with newer-generation transcatheter valves, SEV demonstrated more favorable hemodynamic performance compared with BEV. However, short- and mid-term mortality rates remained similar between the two groups. Longer-term follow-up of randomized trials is needed to confirm these findings."
PubMed,aortic stenosis,Transcatheter aortic valve-in-valve implantation for failed surgical aortic bioprostheses using the Navitor platform: early outcomes in a consecutive single-center cohort.,Robert Sobczyński; Jarosław Trębacz; Paweł Kleczyński; Bogusław Kapelak; Maciej Stąpór; Filip Dudkowski; Janusz Konstanty-Kalandyk; Jacek Legutko,10.5603/cj.111703,2026,Cardiology journal,"Transcatheter heart valve implantation into a failed surgical heart valve (THV-in-SHV) is an established reintervention strategy for degenerated aortic bioprostheses; however, early procedural outcomes, discharge hemodynamics, and standardized safety remain clinically relevant in routine practice.
We retrospectively analyzed consecutive patients who underwent aortic THV-in-SHV with the Navitor platform between 2022 and 2025. The primary endpoint was the mean aortic gradient at discharge. Secondary endpoints included peak gradient, maximum transvalvular velocity (Vmax), paravalvular leak (PVL), Valve Academic Research Consortium-3 (VARC-3) early safety, and time from surgical aortic valve replacement (SAVR) to reintervention according to leaflet mounting.
Thirty patients were included (age, 72.5 ± 9.2 years; 73.3% male). At discharge, the mean and peak aortic gradients were 16.8 ± 6.7 mmHg and 30.0 ± 11.7 mmHg, respectively. Paravalvular leak was absent, trace, or mild in 96.7%, with no severe PVL. Early safety according to VARC-3 was achieved in 86.7%. Mortality and stroke occurred in 3.3% each, and bleeding type ≥ 2 occurred in 6.7%. No acute kidney injury (AKI) stage 3, renal replacement therapy (RRT), major vascular complications, device-related intervention, or new permanent pacemaker implantation occurred. Smaller surgical valves were associated with higher residual gradients, whereas outside-mounted bioprostheses showed a shorter time to reintervention than inside-mounted designs.
Aortic THV-in-SHV with the Navitor platform was associated with acceptable discharge hemodynamics, low rates of clinically relevant PVL, and favorable early safety according to VARC-3. Residual gradients were driven primarily by surgical valve size despite the intra-annular design."
PubMed,aortic stenosis,Lipoprotein(a) as a Predictor of Major Adverse Cardiovascular Events: A Systematic Review and Meta-Analysis of Cohort Studies (2016-2026).,Juri Khalid Shiha; Ibrahim Fouad A Aljohani; Mansour Hasen Alkhammash; Mostafa Ahmed M Safar; Anmar Yasser Z Rambo; Ziad Tariq M Bahwini; Faez Mutiq A Aljohani; Yousef Sami J AlNowaimi; Ahmed Ghazi A Aljuhani; Abdulqader Hani F Alkathiri; Rafif A Almatrafy; Amna Alrwili; Talal Taiseer Aljuhani; Baraa Faiez Rajab,10.7759/cureus.114904,2026-08,Cureus,"Lipoprotein(a) (Lp(a)) is a genetically determined, low-density lipoprotein-like particle now recognized as a causal contributor to atherosclerotic cardiovascular disease (ASCVD), yet the magnitude of its association with major adverse cardiovascular events (MACE) has not been quantitatively synthesized across the expanded cohort literature published since 2016. PubMed, Embase, Web of Science, Scopus, and Google Scholar were searched (2016-2026) for cohort or registry studies reporting adjusted associations between Lp(a) and MACE (myocardial infarction, ischemic stroke, heart failure, peripheral artery disease (PAD), aortic stenosis, or cardiovascular death). Screening and extraction followed Preferred Reporting Items for Systematic Reviews and Meta-Analyses (PRISMA) 2020 guidance; risk of bias was appraised using the Newcastle-Ottawa Scale (NOS); pooled hazard ratios (HRs) were estimated by random-effects (DerSimonian-Laird) meta-analysis of the highest-versus-reference-category comparison, with subgroup and small-study-effect analyses. Of 152 reports assessed for eligibility, 22 cohort/registry studies (collectively >580,000 participants) met all criteria and were included for narrative synthesis, of which 13 contributed comparable estimates to quantitative pooling. Elevated Lp(a) was associated with significantly higher MACE risk (pooled HR, 1.61; 95% confidence interval {CI}, 1.41-1.85; I² = 87%). Estimates were directionally consistent across prospective (HR: 1.76) and retrospective (HR: 1.74) designs and numerically higher for heart-failure-specific outcomes (HR: 1.82) than for composite atherosclerotic/recurrent-event outcomes (HR: 1.47), though neither subgroup difference reached statistical significance. Egger's regression showed no significant asymmetry (intercept p = 0.18). By NOS, 10/22 studies were high, 9/22 moderate, and 3/22 low quality. Elevated Lp(a) is consistently associated with increased MACE risk across contemporary cohort studies, though substantial heterogeneity and inconsistent effect-metric reporting limit precision. These findings reinforce guideline calls for Lp(a) testing while highlighting the need for standardized categorization and outcome definitions in future cohort research."
PubMed,aortic stenosis,[Diagnostic awareness and red flags in hypertrophic cardiomyopathy in daily clinical practice].,Zsolt Forrai; Pál Péter Schäffer; Tamás G Gergely; Elizabet Mirjam Boldizsár; Péter Andréka; Zsolt Piróth; Fanni Bánfi-Bacsárdi; Balázs Muk,10.1556/650.2026.33616,2026-09-20,Orvosi hetilap,"Hypertrophic cardiomyopathy is the most common structural myocardial disease. Based on the literature, its estimated prevalence in the adult population is 1 : 500. It is distinguished by an exceptionally heterogeneous clinical presentation and a broad spectrum of disease trajectories. The disorder is recognised in only about 10% of the patients. In 90% of cases, patients remain undiagnosed, often due to the absence of symptoms. Hypertrophic cardiomyopathy is frequently the underlying cause of sudden cardiac death. In recent years, mortality of hypertrophic cardiomyopathy has declined due to improved device and pharmacotherapies. We aim to present the epidemiological significance of the disease in line with recent international guidelines, emphasizing the importance of diagnostic awareness and multiparametric evaluation. By promoting a cardiomyopathy mindset, we aim to raise awareness of clinical red flags. Early identification of patients with suspected hypertrophic cardiomyopathy in primary and cardiology outpatient care can facilitate prompt diagnosis and timely initiation of appropriate therapy. The review provides an overview of the diagnostic pathway recommended by the 2023 European Society of Cardiology Guidelines for the management of cardiomyopathies, describes the key components of the multiparametric, multimodal evaluation and presents clinical red flags. A significant proportion of the clinical red flags emphasized in the 2023 European Society of Cardiology Guidelines for the management of cardiomyopathies can be identified at lower levels of care and in primary care settings, thereby accelerating the diagnostic process and shortening the time to treatment. The diagnostic algorithm includes performing an ECG, assessing specific laboratory parameters, searching for extracardiac symptoms and conducting a comprehensive pedigree analysis focused on age-related phenotypic features. When clinical suspicion is high, advanced multimodal imaging should be included in addition to conventional imaging modalities. Orv Hetil. 2026; 167(38): 1495-1506."
PubMed,aortic stenosis,Prognostic impact of severe malnutrition in dialysis patients who underwent transcatheter aortic valve replacement.,Yuki Nakata; Hisao Otsuki; Eiji Shibahashi; Ken Ogura; Naoki Serikawa; Ryo Ikeda; Takanori Kawamoto; Masafumi Yoshikawa; Tomohito Kogure; Satoru Domoto; Hiroshi Niinami; Junichi Yamaguchi,10.1007/s12928-026-01350-7,2026-09-19,Cardiovascular intervention and therapeutics,"Patients with aortic stenosis who are undergoing dialysis are typically considered to be at very high surgical risk. Malnutrition is reported to be significantly associated with all-cause mortality and cardiovascular events in patients undergoing transcatheter aortic valve replacement (TAVR). Although patients with end-stage renal disease undergoing dialysis have poorer outcomes after TAVR, the prognostic effect of nutritional status in this high-risk population remains unclear. Thus, we aimed to investigate the prognostic impact of nutritional status in dialysis patients who underwent TAVR. This retrospective observational study included 106 dialysis patients who underwent TAVR at Tokyo Women's Medical University. Patients were categorized into four groups according to their Geriatric Nutritional Risk Index (GNRI) values: <82, 82-<92, 92-98, and >98, reflecting severe, moderate, mild, and no nutritional risks, respectively. The primary outcome measure was the all-cause mortality. During a median follow-up of 367 days, all-cause mortality was observed in 35.9% of the overall cohort. Risk stratification according to GNRI was significantly associated with prognosis (log-rank p < 0.001). Notably, patients with severe malnutrition (GNRI <82) had higher mortality than those in other GNRI categories. Nutritional stratification based on GNRI is a useful prognostic indicator. GNRI may provide complementary prognostic information for risk assessment in this high-risk population."
PubMed,deep learning,Prior-Guided SEM Image Segmentation Enables Quantitative Morphology Assessment and Process Optimization in Perovskite Solar Cells.,Yixi Wang; Wei Chen; Liyang Cai; Haoyang Zhang; Lin Wang; Lin Yang; Hang Wang; Jing Dai; Chunchen Wang; Zhekai Yin; Xin Zhang; Xia Cai; Guangzheng Wu; Yuanjun Ma; Hongzhou Zhao; Qiang Guo; Yao Sun; Xiaojie Sun; Yu Han; Xugang Wang; Shanzheng Feng; Xinsheng Cao; Dalong Zhong; Anran Yu; Yiqiang Zhan,10.1002/adma.74893,2026-09-23,"Advanced materials (Deerfield Beach, Fla.)","Perovskite film morphology strongly affects charge transport, nonradiative recombination, and power conversion efficiency, yet scanning electron microscopy (SEM) remains largely qualitative. Here, a prior-guided SEM analysis framework converts routine micrographs into class-resolved masks, quantitative morphology descriptors, and a compact SEM-Derived Morphology Quality Index (MQI). YOLO-derived grain-center priors guide U-MambaBot segmentation, while Class-Probability TV Regularization improves local coherence. Six descriptors are extracted from the segmented ABX 3  matrix and PbI 2  -like regions, from which four are selected for MQI construction. Across nested, publication-grouped, and within-publication validation schemes, MQI retains a significant monotonic association with power conversion efficiency (Spearman ρ = 0.34  and 0.42). In annealing-time and additive-concentration studies, MQI reproduces film- and device-level performance trends and identifies the same optimal processing conditions. Without refitting, it further tracks reported morphology-performance trends across 12 independent studies and 37 processing conditions, yielding a pooled within-study Spearman ρ = 0.90  (publication-level bootstrap 95% CI 0.79-1.00). This framework enables quantitative, morphology-aware SEM screening and process-condition ranking for perovskite films."
PubMed,deep learning,Aerogel-Like Bioinspired Multiscale Hierarchies Enable Self-Powered Sensing and Physiological Comfort for Biodegradable Nanofiber Meta-Membranes.,Xiang Li; Xing-Hua Wei; Zhiyang Liu; Dianyu Zhu; Shao-Zhen Wang; Xiuhui Qu; Gang Zhou; Hao-Ran Yang; Huan Xu; Minna Hakkarainen; Mengbao Fan; Wenyu Cui; Wulin Shang; Peizhong Feng; Hongwei Zhao,10.1002/smll.75856,2026-09-23,"Small (Weinheim an der Bergstrasse, Germany)","Nanofiber membrane-based flexible sensing devices are appealing for advanced multi-protective equipment. Here, inspired by the fluid-regulating grooved topology of whale baleen, we unravel an electro-induced multiphase separation spinning (EMSS) approach to engender ultralight aerogel-like bioinspired poly(lactic acid) (AB-PLA) nanofiber meta-membranes. Driven by engineered thermodynamic instability, distinct axial micro-grooves are created at AB-PLA nanofibers that assemble into a highly porous network (over 97% porosity). This unique architecture is ready to trigger robust output performance (66.37 V, 93.12 nA), conferring the self-powered real-time respiratory monitoring and 100% accuracy for the deep learning-assisted breathing pattern recognition. It is further accompanied by excellent PM-capturing mechanisms, achieving 99.1% removal of PM0.3 at a physiological resting rate (10 L min-1) with an ultralow pressure drop of 20.5 Pa and a high quality factor of 0.22 Pa-1. Moreover, the ultralight high-porosity architecture endows the AB-PLA meta-membranes with exceptional moisture permeability of 7875 g m-2 d-1 and air permeability of 166 mm s-1, providing superior physiological comfort. This sheds light into a promising paradigm for development of next-generation flexible protective sensors."
PubMed,deep learning,Imaging subtypes reveal distinct biological substrates and disability profiles in multiple sclerosis.,Paolo Preziosa; Loredana Storelli; Ferdinando Clarelli; Elisabetta Pagani; Nicolò Tedone; Monica Margoni; Federica Esposito; Antonio Gallo; Alessandro d'Ambrosio; Massimo Filippi; Maria A Rocca,10.1093/brain/awag320,2026-09-23,Brain : a journal of neurology,"Multiple sclerosis is characterized by marked biological heterogeneity that is only partly captured by conventional clinical phenotypes and age-at-onset categories. MRI can detect focal lesions, diffuse microstructural damage and atrophy, but these measures are usually considered separately. We therefore aimed to use Subtype and Stage Inference (SuStaIn), an unsupervised machine learning framework, to identify biologically meaningful MRI subtypes of multiple sclerosis and determine their associations with disability, age at onset, cognition, genetic susceptibility to more severe disease, and relapse-independent progression. We applied SuStaIn to multimodal 3T brain MRI data from 1017 multiple sclerosis patients and 548 healthy controls. Imaging features included T2-hyperintense white matter lesion volume, mean diffusivity in white matter lesions and major white matter tracts, and cortical and deep gray matter volumes. Cognitive testing was available in 501 patients, genetic profiling in 650, and longitudinal clinical follow-up in 645 (median follow-up=6.57 years). An independent validation cohort included 247 multiple sclerosis patients and 141 healthy controls. SuStaIn identified four MRI subtypes: lesion-led (44%), cortex-led (23%), tract-led (23%), and deep gray matter/cerebellar-led (10%). Cortex-led and deep gray matter/cerebellar-led subtypes were enriched in progressive disease (47% and 56%), whereas lesion-led and tract-led subtypes were predominantly relapsing-remitting disease (66% and 71%) (p<0.001). Tract-led subtype was overrepresented in pediatric-onset disease (38%) and underrepresented in adult-onset disease (19%); lesion-led subtype predominated in adult-onset disease (48%), and deep gray matter/cerebellar-led subtype was more frequent in late-onset disease (14%) (p<0.001). Expanded Disability Status Scale scores ≥4.0 and ≥6.0 were more frequent in cortex-led and deep gray matter/cerebellar-led disease than in lesion-led or tract-led disease (45.3% and 55.6% versus 34.3% and 31.9%, and 27.8% and 29.3% versus 20.0% and 18.7%; p<0.001). Relapse-independent progression-free survival differed across subtypes (p=0.04) and was 1.67 and 1.93 years shorter in cortex-led and deep gray matter/cerebellar-led disease, respectively, than in lesion-led disease (p<0.001). Cognitive performance and genetic risk scores for multiple sclerosis severity did not differ across subtypes, but within each subtype advancing SuStaIn stage was associated with worse global and domain-specific cognitive performance (all p≤0.030). The four-subtype structure was reproduced in the independent validation cohort. Multimodal MRI analysed with SuStaIn identified reproducible subtypes of multiple sclerosis with clinically meaningful differences in phenotype, age at onset, disability, and relapse-independent progression, while cognitive impairment was related to advancing SuStaIn stage within each subtype. This framework may support biologically informed patient stratification and more mechanism-based prognostic and therapeutic approaches in multiple sclerosis."
PubMed,deep learning,Badmintonvision: a deep learning framework for automated tactical analysis in elite badminton.,Yongjie Liang; Yajun Zhou; Gang Zhang,10.1186/s13102-026-02073-1,2026-09-08,"BMC sports science, medicine & rehabilitation","Tactical analysis in badminton is critical for performance optimization, yet traditional manual video review is time-consuming, subjective, and difficult to scale. Existing deep learning approaches struggle with rapid stroke recognition from single frames and require extensive labelled data. We present BadmintonVision, an integrated framework combining self-supervised learning (SSL), temporal modelling, and tactical analysis for automated badminton analysis. The detection model is pretrained on 139,501 unlabelled images using ConvNeXt V2. We develop MotionFormer, a Transformer-based module processing 10-frame windows (400 ms) to capture complete stroke cycles and construct a dataset of 30,000 expert-annotated images from BWF World Championships (2019-2025) covering five action classes. BadmintonVision achieves 94.1% detection accuracy (mAP@0.5), with SSL pretraining providing a 9.8% relative gain in stroke recognition and temporal modelling providing an additional 6.3% relative gain. Movement analysis reveals that scoring rallies correlate with higher path efficiency (Cohen's d = 1.77) and shorter recovery times (d = - 1.56), though these correlational findings warrant cautious interpretation. In an exploratory, gender-stratified analysis, Markov-chain modelling further suggests preliminary, gender-associated regularities in stroke-transition sequences; given the limited number of games and players analysed, these patterns are descriptive and warrant confirmation in larger, balanced samples. BadmintonVision offers a reproducible approach for quantitative tactical analysis supporting coaching decisions and performance research in elite badminton."
PubMed,deep learning,TAD: Tail-Aware Diffusion Model for Long-Tailed Medical Image Classification.,Huaqi Zhang; Zhen Zhang,10.1007/s10278-026-02298-z,2026-09-22,Journal of imaging informatics in medicine,"In recent years, breakthroughs in deep learning have substantially improved the diagnostic performance of computer-aided diagnosis (CAD) systems. However, their reliability remains highly dependent on the quality and distribution of training data. One of the most critical challenges is the long-tailed distribution problem in medical images, which leads to a marked degradation in recognition performance for rare tail categories. Existing studies employ decoupling methods to more fairly attend to uncommon cases and significantly boost tail-class performance. Nevertheless, due to the inherent characteristics of medical datasets, namely, extremely scarce tail samples and a large number of categories, these decoupling approaches still suffer from deficiencies in feature learning, hyperparameter tuning, and classifier calibration. To address these issues, we propose a Tail-Aware Diffusion-Enhanced Long-tailed Medical Diagnosis model (TAD). TAD integrates diffusion-based tail-class augmentation, feature distribution regularization, and tail-aware feature compensation to alleviate the representation bias caused by long-tailed distributions. By combining complementary generative and feature-level strategies, the proposed framework enriches tail-class representations while preserving the discriminative structure of real medical images. Finally, extensive experiments on three public medical datasets demonstrate that our TAD model consistently outperforms state-of-the-art methods. On the Hyper-Kvasir dataset, TAD achieves an F1-score of 64.57 ± 0.21 %  and a kappa score of 94.23 ± 0.18 %  , outperforming the best competing method by 2.18% and 2.31%, respectively. Further ablation and feature-level analyses confirm the effectiveness of the proposed framework in improving tail-class representation and class discriminability."
PubMed,deep learning,"Integrating Localization, Feature Fusion, and Attention for Pressure Ulcer Staging from Clinical Images.",Yunus Emre Bayraktar; Enes Karaağaç; Ali Yiğit Şenyurt; Cemil Zalluhoğlu,10.1007/s10278-026-02314-2,2026-09-22,Journal of imaging informatics in medicine,"Pressure ulcers remain a persistent challenge in clinical care, particularly for patients with limited mobility, and accurate stage assessment from images is still difficult to achieve in practice. In this work, we investigate how the systematic integration of complementary visual cues can improve automated pressure ulcer staging. All experiments are conducted on a previously released clinical image dataset annotated according to EPUAP (European Pressure Ulcer Advisory Panel) staging standards. Instead of relying on a single modeling strategy, we explore a unified deep learning framework that gradually integrates wound localization, segmentation, and stage classification. Localization is handled using both detection- and segmentation-based approaches, while staging relies on convolutional and attention-based models. The proposed framework performs wound localization automatically and eliminates the need for manual region specification during inference. The results show that segmentation-based localization provides more reliable spatial guidance, with U-Net++ achieving a maximum Dice coefficient of 99.3%. Classification performance improves as global image context, localized wound regions, and attention mechanisms are combined. To provide a more comprehensive performance assessment, all classification models were additionally evaluated using five-fold cross-validation, and statistical significance was assessed using McNemar's exact test. The proposed attention-enhanced two-stream framework achieved 82.64% accuracy on the original train-test split and a mean five-fold cross-validation accuracy of 86.69%. Overall, the findings suggest that pressure ulcer staging benefits from looking beyond a single visual perspective. By examining how localization, feature fusion, and attention interact, this study provides practical insight into building more interpretable and clinically meaningful deep learning systems for automated wound assessment."
PubMed,deep learning,A Hybrid Lightweight Deep Learning Framework for Colorectal Cancer Detection Using an Adaptive Gated Feature Fusion and Grid Search-Based Hyperparameter Optimization.,Emmanuel Tunbosun Aderemi; Temitayo Matthew Fagbola; Fagbuagun Ojo Abayomi; Roseline Oluwaseun Ogundokun; Pius Adewale Owolawi,10.1007/s10278-026-02273-8,2026-09-22,Journal of imaging informatics in medicine,"The timely and precise diagnosis of colorectal cancer is a critical area for enhancing the quality of care for patients, which could lead to better outcomes. Despite the fact that deep learning has demonstrated great potential in the field of histopathological image analysis, the accuracy of models can be influenced by various factors, including network architecture, optimization method, and data imbalance. The aim of this study is to explore the impact of various optimization algorithms on the classification of colorectal cancer in CRC-VAL-He-7 K database. A hybrid lightweight (HYL) model was designed and tested using the CNN, DeeperCNN, ResNetLike, DenseNet121, EfficientNetB0, and L2RMLP architectures. For the purpose of improving model reliability, it was decided to use grid search for the automatic tuning of the hyperparameters, and class imbalance issues were tackled by the following data augmentation and class-weighted learning techniques: five optimizers: Adam, AdamW, RMSprop, SGD, and Adadelta were evaluated in identical experiments. Both model architecture and the choice of optimizer had a profound influence on the results of classification. The proposed hybrid lightweight model provided competitive accuracy while requiring fewer computational resources, whereas EfficientNetB0 and DenseNet121 exhibited the best overall performance. The results of statistical analysis also showed significant differences between the model-optimizer combinations evaluated. The results offer real-world applications for designing effective and accurate deep learning systems for colorectal cancer diagnosis and highlight the need for optimization and data-balancing approaches in medical image classification."
PubMed,deep learning,Node-U-Net: A Lightweight Attention-Guided Network for Pulmonary Nodule Segmentation.,Abdurrahman Umut Tüyel; Yaren Aslı Aslan; Mhd Raja Abou Harb,10.1007/s10278-026-02293-4,2026-09-22,Journal of imaging informatics in medicine,"Lung cancer survival relies heavily on early nodule detection via computed tomography (CT), yet manual segmentation remains labor-intensive and unscalable for large clinical workflows. While existing deep learning models achieve high accuracy, they face a critical trade-off with computational efficiency and frequently lack cross-dataset generalization. To overcome these barriers, we introduce Node-U-Net, an ultra-lightweight attention-guided encoder-decoder architecture. This framework integrates a MobileNetV2 backbone with Residual Dilated Blocks and Light Atrous Spatial Pyramid Pooling (Light-ASPP) to expand multi-scale contextual awareness without inflating computational costs. Additionally, spatio-channel attention mechanisms and skip-connection attention gates adaptively suppress irrelevant background noise, while deep supervision ensures precise small nodule detection. Evaluated on the LIDC-IDRI dataset, Node-U-Net achieves a 94.34% Dice similarity coefficient, 94.20% Intersection over Union, and 98.31% precision ( p < 0.001  , 92% win rate). Crucially, the model demonstrates robust zero-shot cross-domain generalization, maintaining a 91.49% Dice score on the unseen, independent UniToChest dataset. Notably, Node-U-Net achieves this with only 4.56 million parameters and 7.94 GFLOPs-representing a 34.8 ×  computational reduction compared to U-Net++. These results position Node-U-Net as a highly scalable solution for real-time AI-assisted lung cancer screening, making it viable for integration into resource-constrained clinical environments and edge devices."
PubMed,deep learning,NanoTS: a deep learning tool for accurate SNP calling in nanopore long-read transcriptome data.,Zelin Liu; Feng Wang; Robert Wang; David W Wu; Nicole DeBruyne; Kelsey Keith; Elizabeth M McCormick; Joseph Jee-Hwan Park; Matthew T Sullenberger; Andrew C Edmondson; Marni J Falk; Lan Lin; Yi Xing,10.1038/s41592-026-03225-4,2026-09-22,Nature methods,"Accurate variant detection using nanopore long-read transcriptome data remains challenging. Here we present NanoTS-a deep learning-based tool for single nucleotide polymorphism detection from diverse types of nanopore transcriptome sequencing data. NanoTS outperforms existing methods, achieving F1 scores above 0.980 and 0.966 on nanopore direct RNA and cDNA sequencing data, respectively, for single nucleotide polymorphisms with at least five supporting reads. Notably, NanoTS shows strong improvements over existing methods for allelically imbalanced variants. We also demonstrate that NanoTS enables accurate detection and genotype calling of pathogenic variants underlying Mendelian disorders, highlighting its potential clinical utility."
PubMed,deep learning,Deep Learning Reconstruction Enables Substantial Radiation Dose Reduction in Ultra-High-Resolution Temporal Bone CT: a Body Donor Study.,Lavinia Brockstedt; Sebastian Altmann; Suam Kim; Mohammed Beshr; Andrea Kronfeld; Michael J Schmeisser; Sven Schumann; Filip Pavlas; Antoine Sanner; Marc A Brockmann; Ahmed E Othman,10.1007/s00062-026-01724-7,2026-09-22,Clinical neuroradiology,"Deep learning reconstruction may enable substantial radiation dose reduction in ultra-high-resolution (UHR) temporal bone CT, but its performance across clinically relevant dose levels remains insufficiently defined. This study evaluated vendor-specific deep learning reconstruction (DLR) compared with hybrid iterative reconstruction (HIR) in UHR volume-mode temporal bone CT and aimed to propose an indication-adapted framework for dose optimization.
In this single-center body donor study, 20 temporal bones from 10 donors without pathologic findings were scanned at 11 dose levels (CTDIvol, 5.1-30.7 mGy). Images were reconstructed using HIR at standard resolution (0.5 mm, 5122 matrix) and UHR (0.25 mm, 10242 and 20482 matrices), as well as DLR (AiCE Inner Ear) at UHR (0.25 mm, 10242 matrix). Three radiologists independently assessed 10 anatomical structures using a 5-point Likert scale. Signal-to-noise ratio was measured in predefined regions. Exploratory structure-specific generalized estimating equation models were used to estimate the probability of achieving optimal image quality as a function of radiation dose and reconstruction technique.
DLR significantly improved visualization of osseous structures compared with HIR (p < 0.001). The exploratory dose-response analysis demonstrated reconstruction-specific trajectories, with DLR achieving higher predicted probabilities of optimal image quality than HIR at lower dose levels. For routine clinical indications, diagnostically adequate image quality was achieved with DLR at a CTDIvol of 13.3 mGy, representing a 48% dose reduction compared with HIR (CTDIvol 25.6 mGy). For high-detail assessment of delicate microanatomical structures, including the stapes and cochlea, DLR achieved excellent visualization at a CTDIvol of 17.4 mGy, corresponding to a 43% dose reduction compared with HIR (CTDIvol 30.7 mGy).
Vendor-specific DLR enables substantial radiation dose reduction in UHR volume-mode temporal bone CT while maintaining high diagnostic image quality. These findings support an indication-adapted framework for dose optimization, suggesting a routine clinical protocol at CTDIvol 13.3 mGy and a microanatomy-optimized protocol at CTDIvol 17.4 mGy."
PubMed,deep learning,Exploring young adult cancer survivors' perspectives on generative AI chatbots for symptom support.,Yupawadee Kantabanlang; Grace Kanzawa-Lee; Rachel A Pozzar; Robert Knoerl,10.1007/s00520-026-11254-0,2026-09-23,Supportive care in cancer : official journal of the Multinational Association of Supportive Care in Cancer,"Young adult cancer survivors (ages 18-39) often experience persistent treatment-related symptoms that negatively affect daily functioning, psychosocial well-being, and quality of life, yet report unmet educational needs for symptom management. Generative artificial intelligence (AI) technologies, such as large language model-powered chatbots, offer scalable, personalized, and empathetic symptom support but remain largely untested in young adults' survivorship care.
This qualitative descriptive study explored young adult cancer survivors' perspectives, preferences, and experiences related to the use of generative AI chatbots for oncology symptom management.
Eighteen post-treatment young adult cancer survivors who had completed cancer treatment within the past two years were recruited from the University of Michigan Rogel Cancer Center. Participants completed the PROMIS-29, PROMIS Self-Efficacy for Managing Symptoms, and the Digital Health Literacy Scale to quantify symptom burden, self-efficacy, and digital readiness. Semi-structured interviews explored experiences with cancer treatment-related symptoms and AI use, including preferences for personalization, tone, functionality, and data governance.
Qualitative analyses revealed three themes: (1) the need for personalized, emotionally supportive, and credible AI symptom guidance; (2) accessible and user-centered design drives engagement with AI symptom support; and (3) trust, privacy, and human oversight as preconditions for AI symptom support. Survivors viewed AI as a supplemental resource to enhance symptom monitoring, decision support, and emotional reassurance without replacing clinical care.
Generative AI chatbots were perceived as acceptable and potentially valuable for AYA symptom management. Findings can guide the development of tailored digital self-management interventions responsive to the complex and evolving needs of this population."
PubMed,deep learning,Generative AI designs functional thiolation domains for reprogramming non-ribosomal peptide synthetases.,Emre F Bülbül; Seounggun Bang; Kevin George; Gabriele Bianchi; Prateek Raj; Seonyong Chung; Vincent Pauline; Ramon Hochstrasser; Hannah A Minas; Walid A M Elgaher; Andreas M Kany; Anna K H Hirsch; Steven Schmitt; Dirk W Heinz; Olga V Kalinina; Dietrich Klakow; Kenan A J Bozhüyük,10.1038/s41467-026-77963-6,2026-09-22,Nature communications,"Large language models and generative protein design promise to accelerate biotechnology, but it remains unclear whether they can engineer dynamic megasynth(et)ases whose activity depends on transient, context-specific domain interfaces. Non-ribosomal peptide synthetases (NRPSs) exemplify this challenge and produce many clinically used therapeutics. Here we integrate pretrained generative models (ESM3, ProteinMPNN and EvoDiff) with design-build-test-learn cycles and data-guided prioritization to generate 76 de novo thiolation (T) domains. We build and test 578 recombinant NRPS variants in vivo spanning minimal, full-length, and hybrid assembly lines. AI-designed T-domains support product formation across architectures, enable catalytically active hybrids at recombined junctions, and increase yields by up to ~3-fold relative to NRPSs carrying the native T-domain. A representative design shows improved soluble expression, refolding, and a 12 °C higher melting temperature, while molecular dynamics simulations indicate preserved global stability but reshaped, state-dependent interdomain contact networks. Together, these results establish generative design as an effective route to context-conditioned engineering and reprogramming of biosynthetic assembly lines."
PubMed,deep learning,AdvLIF: An Adversarially and Physics-Inspired Framework for Virtual Staining and Nucleus Segmentation.,Qi Yu; Chunxue Shao; Renyu Yang; Zongnan Lyu; Shichun He; Cuijin Bai; Ziheng Wang,10.1007/s10278-026-02320-4,2026-09-22,Journal of imaging informatics in medicine,"Existing deep learning methods for virtual staining often produce quantitatively unreliable results, hindering their use for precise single-cell analysis. This limitation is associated with treating cross-stain reconstruction as a simple image style-transfer problem despite the substantial differences in appearance and information content between the source IHC image and the target morphological and molecular representations. In this work, we introduce AdvLIF, an adversarially regularized and physics-inspired framework for jointly generating H&E-like and complementary auxiliary modalities from IHC images and segmenting nuclei. AdvLIF incorporates reaction-diffusion- and Poisson-inspired operators for latent feature evolution and boundary-aware reconstruction, together with adversarially regularized fusion and skip-routing mechanisms. Extensive evaluations demonstrate that AdvLIF not only surpasses state-of-the-art methods in segmentation accuracy, achieving leading Dice and IoU scores of 0.775/0.636 on BCData and 0.765/0.623 on DeepLIIF, but also achieves superior quantitative fidelity, exemplified by the lowest error (0.092) on the IHC Quantification Difference metric."
PubMed,deep learning,A wearable acoustofluidic patch for rapid reversal of opioid overdose.,Yantao Xing; Yang Yang; Xiang Li; Hongwei Cai; Zhuhao Wu; Zheng Ao; Chunhui Tian; Vivian Niu; Jack Crystal; Gergő Szanda; Taylor J Woodward; Heather B Bradshaw; Han-Ting Chen; Junhua Xu; Ken Mackie; Feng Guo,10.1038/s41467-026-77033-x,2026-08-24,Nature communications,"Opioids are among the most potent and reliable analgesic agents currently available, but their overdose can lead to respiratory depression and death. Although naloxone is widely used to reverse opioid overdose, it is often challenging to administer naloxone quickly enough to reverse an opioid overdose before death. Herein, we present a wearable acoustofluidic patch for rapid and automatic detection and reversal of opioid overdose. By integrating digital acoustic streaming into a 3D-printed micro-device, an acoustofluidic patch can be assembled for active and on-demand transdermal delivery of naloxone. By incorporating deep learning-guided respiratory sensing, the wearable patch can be further adapted for intelligent closed-loop treatment of opioid overdose. Moreover, our wearable patch has demonstrated successful reversal of fentanyl overdose in a mouse model, showing significantly reduced detection time, duration, and severity of overdose events, compared to the conventional method. This innovative approach may provide a promising means for personalized healthcare and digital therapy against acute disease."
PubMed,deep learning,Disentangling interaction and bias effects in opinion dynamics of large language models.,Vincent C Brockers; David A Ehrlich; Viola Priesemann,10.1038/s41467-026-77340-3,2026-09-22,Nature communications,"Large Language Models are increasingly used to simulate human opinion dynamics, yet the effect of genuine interaction is often obscured by systematic biases. We develop a Bayesian framework to disentangle and quantify three such biases: (i) A topic bias toward the LLM's default stance; (ii) an agreement bias favoring agreement to the prompted statement irrespective of the question; and (iii) an anchoring bias toward the initiating agent's stance. We apply this framework to various LLMs that performed multi-step dialogs on 12 different questions from climate change and societal justice to music preferences. We find that opinion trajectories tend to quickly converge to a shared attractor, with the influence of both interaction and biases decaying over time, and with the impact of biases differing between LLMs. In addition, we show that fine-tuning an LLM on different sets of strongly opinionated statements (including misinformation) shifts the opinion attractor correspondingly. By exposing stark differences between LLMs and providing quantitative tools for comparing interaction and bias contributions to opinion shifts in LLM agent discussions, our approach highlights both promises and pitfalls of using LLMs as proxies for human behavior."
PubMed,deep learning,Mini-breaths and vocal-fry-like laryngeal register alleviate respiratory constraints on tokay (Gekko gecko) mating vocalizations.,Mathilde S Fuglsang Thastum; Danuta M Wisniewska; Jakob Christensen-Dalsgaard; Coen P H Elemans,10.1098/rspb.2026.1077,2026-09-23,Proceedings. Biological sciences,"Geckos are among the few non-avian reptiles that use acoustic signals for territorial defence, mate attraction and distress signalling. Although previously considered inflexible, male tokay geckos exhibit vocal plasticity by switching to longer, louder call types in noisy environmental conditions. However, they seem to face respiratory constraints limiting longer duration calls. To test this hypothesis, we combined acoustic analysis with deep learning-based pose estimation to quantify respiratory dynamics during spontaneous advertisement calling. Calls were produced exclusively during expiration at a constant rate, supporting the hypothesis that respiratory constraints limit call duration. Tokays use two mechanisms to increase bi-note call duration. First, bi-notes contain an inspiratory 'mini-breath'-a feature previously associated only with songbirds. Second, bi-note duration is increased by adding terminal pulses, whose acoustic signatures suggest vocal fold oscillation in the air-efficient vocal fry register. These findings suggest that tokay advertisement calls function as honest signals of respiratory capacity. We also observed slow closure of the ear opening during vocalizations, indicating a mechanism for protecting the auditory system from self-generated loud sounds. Unlike the reflexive auditory attenuation mechanisms of birds and mammals, this response appears tightly coordinated with vocal-respiratory activity, representing an additional evolutionary innovation associated with tympanic hearing."
PubMed,deep learning,Safety-Oriented Benchmarking of Large Language Models in Risk-Based Management of Abnormal Cervical Screening Results: Scenario-Based Benchmark Study.,Ömer Osman Eroğlu; Cansın Eroğlu,10.2196/98131,2026-09-22,Journal of medical Internet research,"Large language models (LLMs) are increasingly being considered for clinical decision support, yet their safety in risk-based cervical screening management remains insufficiently characterized.
This study benchmarked the guideline concordance and safety-related performance of 3 LLMs in the initial American Society for Colposcopy and Cervical Pathology (ASCCP) risk-based management of abnormal cervical screening results, using a purposively constructed synthetic scenario set that oversamples complex and history-dependent decision nodes.
We developed 60 synthetic clinical scenarios reflecting initial abnormal screening management in immunocompetent, nonpregnant women aged 25 to 65 years using a predefined scenario coverage matrix. GPT-5.3, Gemini 3 Flash, and DeepSeek V3.2 were tested under 2 prompt conditions: Baseline Clinical Prompt and Guideline-Directed Prompt Package. Each scenario was run in 3 independent repetitions per model and prompt arm (1080 total observations). Responses were evaluated by 2 obstetrics and gynecology specialists, blinded to model and prompt-arm identity but not independent of gold-standard construction, using a prespecified rubric. The primary end point was the unsafe major error-free rate. Proportions are reported with CIs adjusted for within-scenario clustering, and generalized estimating equations were used for inferential comparisons.
Under the guideline-directed prompt package, the unsafe major error-free rate was 100% (95% CI 94%-100%) for GPT-5.3, 98.9% (95% CI 94%-99.8%) for Gemini 3 Flash, and 75% (95% CI 63.2%-84%) for DeepSeek V3.2. In the main-effects model, the guideline-directed prompt package was associated with higher odds of both unsafe major error-free performance (odds ratio [OR] 3.76, 95% CI 2.45-5.77; P<.001) and exact concordance (OR 8.27, 95% CI 4.14-16.52; P<.001). Error rates increased substantially with scenario complexity, rising from 3.1% in low-complexity to 29% in high-complexity scenarios. The most frequent error subtypes were undermanagement, genotype misinterpretation, and history neglect. Interrater agreement was almost perfect (weighted κ=0.839, 95% CI 0.811-0.867).
Safety-oriented benchmark performance in initial ASCCP risk-based management varied markedly by model, prompt condition, and scenario complexity. The guideline-directed prompt package was associated with improvement in both safety and guideline concordance, but even the best-performing model remained vulnerable in complex, history-dependent scenarios. LLMs may have value as clinician-supervised decision support tools, but these benchmark findings should not be interpreted as supporting autonomous clinical use in cervical screening management."
PubMed,deep learning,"Process-Oriented, Behaviorally Anchored Assessment of Clinical Reasoning in Large Language Models and the Effect of Extended Thinking: Protocol for a Prospective, Multigroup, Comparative Study.",Adnan Agha; Muhammad Jalil; Eram Anwar; Omran Bakoush,10.2196/103220,2026-09-22,JMIR research protocols,"Most clinical reasoning evaluations in large language models (LLMs) score only the final answer, usually multiple-choice accuracy, which explains little about model reasoning. Two developments stress this gap: reasoning-optimized models are now common, and several expose an explicit extended thinking control. Whether that deliberation improves the reasoning process remains untested with a validated instrument.
This protocol introduces and aims to validate the Rapid Evaluation Assessment of Clinical Reasoning Tool (REACT)-AI, a Behaviorally Anchored Rating Scale (BARS) with 13 subdomains for process-oriented assessment of AI clinical reasoning, that is, the quality of the externalized reasoning rather than its faithfulness to the model's internal computation. It also builds a conflict-of-interest-controlled LLM-as-judge pipeline and tests whether extended thinking improves reasoning quality.
This 2-phase, prospective, comparative study has a within-model thinking-mode factor. Six flagship models are run in standard and extended thinking or reasoning modes, giving 12 conditions: 4 providers are toggled within the same model, and 2 pair a standard model with a dedicated reasoning model. In phase 1, 5 standardized urgent care vignettes are answered under all 12 conditions, 3 runs per condition (180 AI outputs), and by an independent expert clinician panel (n=5) and senior and junior medical students. Every output is scored by dual-blind human raters and, in parallel, by LLM judges, with no model judging its own family. Acceptance criteria for deploying the judge at scale are a weighted κ of at least 0.60 and an intraclass correlation coefficient above 0.75. In phase 2, the validated pipeline scores 3600 AI outputs. A self-correction turn and a paired Gulf English condition run alongside and are reported separately, with the AI metacognition assessment rubric and disinformation generation rate as secondary instruments.
As of June 2026, ethics approval was obtained (ERSC_2025_6124), and the study is registered on the Open Science Framework under embargo. Responses to the 5 phase 1 vignettes were collected from senior and junior medical students between January and June 2026; 173 scripts were received and remain sealed, unopened, and unscored. No AI outputs have been generated, and the expert panel remains unrecruited. Following the June 1, 2026, model-version lock, AI generation and scoring will begin in September 2026, with phase 1 calibration through December 2026 and phase 2 from January to April 2027; results are expected in winter 2027. The study will report the validated instrument, judge calibration against human experts, self-preference bias by model family, and the effect of extended thinking on reflection and metacognition, including null findings.
REACT-AI and its judge pipeline are built to be reusable. They close the gap between accuracy benchmarks and genuine reasoning assessment and provide a template for studying reasoning mode effects.
OSF Registries osf.io/jep5t; https://osf.io/jep5t.
DERR1-10.2196/103220."
PubMed,deep learning,Large Language Model Performance on Multistep Clinical Cases: Comparative Study Across Question and Case Levels.,Jiaxue Cha; Yan Zhao; Hui Zong,10.2196/95342,2026-09-22,JMIR medical education,"Most large language models (LLMs) have achieved passing scores on medical licensing examinations. However, most evaluations focus on single-question accuracy, overlooking performance on multistep patient management scenarios, such as making a diagnosis followed by a treatment plan. It is unclear if LLMs can maintain high performance on complete clinical cases.
This study aimed to evaluate the performance of LLMs on multistep clinical cases and to investigate the impact of model size scaling and case complexity on performance stability.
We curated a dataset of 189 unique clinical cases comprising 473 individual questions from the Chinese National Medical Licensing Examination. The number of questions related to each case ranged from 2 to 4. A physician with more than 8 years of clinical experience annotated the cases, confirming that 82.5% (156/189) contained sequentially dependent questions. We tested 4 representative LLMs: DeepSeek-R1, GPT-4o, Gemini-2.5-Flash, and Qwen2.5. We measured 2 metrics: the question pass rate (QPR) and the case pass rate (CPR), where a case was considered correct only if the model answered all its questions correctly. The consistency gap was calculated as the difference between QPR and CPR. Additionally, we tested Qwen2.5 at different parameter sizes (3B, 7B, 14B, and 32B) to examine the effect of model size. We also calculated the expected CPR and used the McNemar test with Bonferroni correction to compare model performance.
All LLMs achieved a QPR exceeding 83%. However, the CPR was lower for all models. DeepSeek-R1 achieved the highest QPR at 89.9% (425/473), with a CPR of 79.9% (151/189), corresponding to the smallest consistency gap at 10%. In contrast, GPT-4o exhibited a QPR of 83.5% (395/473) and a CPR of 65.6% (124/189), resulting in the largest consistency gap at 17.9%. DeepSeek-R1 and Qwen2.5-32B significantly outperformed GPT-4o in both QPR and CPR (P<.05). Observed and expected CPR values were closely aligned across models. Increasing the model size from 3B to 32B reduced the consistency gap by approximately 50%. As the number of questions per case increased, the consistency gap tended to increase across all evaluated LLMs.
Current LLMs exhibit high accuracy in answering individual questions, but their ability to correctly answer all questions within a complete clinical case is substantially lower. This study design evaluated independent question answering, with responses aggregated at the case level. The performance depends heavily on model scale and case complexity. LLMs should be used as support tools rather than independent decision-makers in medical education and clinical practice."
PubMed,deep learning,"Large Language Models for Clinical Data Extraction in Workplace Injury Rehabilitation: Protocol for a Retrospective Pilot Study of Accuracy, Fairness, and Methodological Considerations in Workers' Compensation Medical Chart Review.",Armaan Rehman Shah; Barbara Gorczyca Abel; Majid Komeili; Basem Gohar; Behdin Nowrouzi-Kia,10.2196/99807,2026-09-22,JMIR research protocols,"Electronic medical charts within Workplace Safety and Insurance Board (WSIB) specialty programs contain rich but unstructured clinical and sociodemographic data essential for injury classification, treatment planning, and compensation decisions. Manual chart review is time-consuming, inconsistent, and susceptible to reviewer bias. Large language models (LLMs) extract complex information from unstructured clinical text, yet their application to workplace injury rehabilitation remains unexplored.
This study will evaluate the accuracy, fairness, and methodological implications of using LLMs to extract clinical and rehabilitative information from WSIB medical charts at Trillium Health Partners (THP), Canada. We will assess model performance, examine algorithmic bias across demographic subgroups, and explore ethical implications for clinical decision-making and workplace compensation.
We will conduct a retrospective review of 50 medical charts from the WSIB Back and Neck specialty program at THP, spanning January 2018 to December 2024. General-purpose models (Qwen3-VL-8B and InternVL3.5-8B) and domain-specific biomedical models (MedGemma-27B and LLaMA-3-Meditron-8B) will be evaluated off the shelf using zero-shot and few-shot prompting; the biomedical models will also be fine-tuned. Charts will be partitioned at the chart level into development, training, and held-out test sets, preventing leakage across purposes. Ground truth will be established by independent human annotation of all 50 charts, with interannotator agreement quantified using Cohen κ. The primary outcome is the macroaveraged F1-score across categorical variables on the held-out test set; secondary outcomes are the per variable F1-score, mean absolute error and root mean squared error for continuous variables, and span-level F1-score. Progression to the larger study requires a macroaveraged F1-score of at least 0.80, a pragmatic feasibility criterion; fairness and continuous-variable results are supporting outcomes. Algorithmic fairness will be examined using demographic parity and equalized odds across subgroups. A secure hybrid architecture will keep all identifiable personal health information within the THP infrastructure, with cloud compute restricted to transient processing.
This study was funded by the Data Sciences Institute at the University of Toronto in April 2025; the award supported protocol development and ended on April 30, 2026. As of August 12, 2026, neither had a research ethics application been submitted nor had any chart been accessed. Applications to the THP and University of Toronto research ethics boards are anticipated in late 2026, and no data will be retrieved or processed before approval from both boards. Contingent on approval and further funding, data collection is anticipated through 2027, analysis in late 2027 to early 2028, and results submitted for publication in 2028.
This protocol describes the first systematic evaluation of LLM-based data extraction applied to workplace injury medical charts. Findings will inform best practices for the responsible, reproducible, and equitable integration of these tools into occupational health and workers' compensation decision-making.
PRR1-10.2196/99807."
OpenAlex,mitral regurgitation,Stiff guidewire entrapment by mitral chordae during transcatheter aortic valve replacement without worsening of mitral regurgitation: a case report,Zhengbing Lyu; Biying Hong; XiaoJia Luo,10.21203/rs.3.rs-10549938/v1,2026-09-22,Research Square,
OpenAlex,mitral regurgitation,Combined veno-venous ECMO and direct aortic impella 5.5 support enabling emergency mitral valve replacement in acute severe mitral regurgitation with fulminant pulmonary edema,Ryoji Kinoshita; Taiju Watanabe; Kazuya Okaguchi; Kazunobu Hirooka,10.1007/s10047-026-01592-5,2026-09-22,Journal of Artificial Organs,
OpenAlex,mitral regurgitation,The estimated plasma volume status is an independent predictor for mortality in patients undergoing transcatheter mitral valve repair,Moritz Haus; Franziska Grewe; Valeska Bienert; Christian Schach; Andreas Luchner; Christoph Birner; Lars S. Maier; Bernhard Unsöld; Michael Paulus; Christine Meindl; Kurt Debl,10.1007/s00392-026-03021-2,2026-09-21,Clinical Research in Cardiology,"INTRODUCTION: Fluid overload and congestion are common in patients with mitral regurgitation and are associated with poor outcome and increased mortality. However, assessment for subclinical congestion in patients undergoing transcatheter edge-to-edge mitral valve repair (M-TEER) remains challenging. Besides the established natriuretic peptides like NT-proBNP, the estimated plasma volume status (ePVS) has emerged as a prognostic marker for intravascular congestion in heart failure and valvular heart disease. This study evaluated the prognostic impact of preprocedural ePVS in patients undergoing M-TEER. METHODS: 311 patients undergoing M-TEER were prospectively enrolled. The ePVS as the difference between actual and ideal plasma volume was calculated based on Hakim's formula using hematocrit, body weight and sex dependent constants. Follow-up data were collected regularly after M-TEER. Based on 1-year mortality, cut-off values for ePVS and NT-proBNP were calculated. RESULTS: Median ePVS was -3.8% (IQR -10.3% to 3.6%). An elevated ePVS above the cut-off was associated with higher Kaplan-Meier-estimated mortality at 1 year (14.4% vs. 4.7%) and 5 years (63.0% vs. 26.0%; log-rank p<0.001). Elevated ePVS and NTproBNP remained independently associated with mortality after multivariable adjustment (ePVS: HR 2.38, 95%CI 1.20-4.74; p=0.013; NT-proBNP: HR 4.30, 95%CI 1.50-12.31; p=0.007). Their combined assessment provided further risk stratification, with the highest risk in patients with both markers elevated compared with neither (HR 14.27, 95%CI 3.19-63.89; p<0.001). CONCLUSION: Elevated preprocedural ePVS and NT-proBNP were independent predictors of mortality after M-TEER. Their combined assessment provided further risk stratification and may improve risk assessment in this heterogeneous population."
OpenAlex,mitral regurgitation,Perioperative anesthetic management of perforated appendicitis in a pregnant patient with severe pulmonary hypertension: a rare case report,Tesfaye Asefa Hordofa; Dinku Tsegaye Urji; Kelil Musa Nerso; ﻿Tajera Tageza Ilala,10.1007/s44337-026-00700-x,2026-09-21,Discover Medicine,"Abstract Background The incidence of severe pulmonary hypertension associated with a valvular heart disease in pregnancy is very rare. This patient may have presented with different defects like Eisenmneger syndrome, systematic- to-pulmonary shunts, and other defects. This case report contributes to the existing literature by providing insight into the perioperative anesthetic management of early first - trimester pregnant patient with severe pulmonary hypertension and mixed valvular heart disease who presented with perforated appendicitis. Case presentation We report a 26-year-old woman in early pregnancy presenting with abdominal pain diagnosed as perforated appendicitis. She had a history of palpitations, shortness of breath, orthopnea, fatigue, and chest pain at exertion prior to this complaint. She had a grade II holosystolic murmur at the second intercostal space and apex but no radiating on cardiac examination. Echocardiography revealed severe pulmonary hypertension (estimated pulmonary artery pressure 91 mmHg) with mixed valvular heart disease (moderate mitral stenosis, severe mitral regurgitation, mild aortic regurgitation, and mild-to-moderate tricuspid regurgitation. Conclusion General anesthesia effectively managed severe pulmonary hypertension and mixed valvular heart disease using etomidate (0.3 mg/kg), balanced with opioids, and minimizing airway stimulation with 1% lidocaine and midazolam before intubation."
OpenAlex,mitral regurgitation,The identification value of common echocardiography parameters for improvement of mitral regurgitation after transcatheter aortic valve replacement in patients with aortic stenosis,Ruifeng Li; Pengjie Gao; Yunlong Ma; Mingjun He; Xiaozhen Zhuo; Shun Wang; Ke Han,10.3389/fcvm.2026.1866427,2026-09-21,Frontiers in Cardiovascular Medicine,"Objective To analyze the factors influencing mitral regurgitation (MR) improvement in patients with aortic stenosis (AS) following transcatheter aortic valve replacement (TAVR), and to evaluate the identification value of echocardiographic parameters. Methods One hundred seventy-eight patients underwent TAVR at the First Affiliated Hospital of Xi'an Jiaotong University were finally enrolled. The severity of MR was graded into four levels based on baseline echocardiographic MR area. MR improvement group was defined as a reduction of at least one grade at 6-month follow-up in patients with grade ≥ 2 at baseline, among whom improvement before discharge was defined as early improvement, with the remainder classified as delayed improvement. Comparative analysis, logistic regression and firth regression were used to analyze factors associated with MR improvement. Receiver operating characteristic (ROC) curve analysis was performed to assess the ability of echocardiographic parameters to identify MR improvement. Results Fifty-five patients (30.9%) had MR grade ≥ 2 at baseline, and 46 completed the 6-month follow-up. Comparative analysis revealed that the non-improvement group had lower N-terminal pro-brain natriuretic peptide (NT-proBNP), smaller left ventricular dimensions, and a trend toward larger left atrial diameter. Left atrial-to-ventricular ratio (LAVR) was significantly larger in non-improvement group. Compared with the delayed improvement group, patients with early improvement were younger and had larger left ventricular and atrial diameter. Logistic regression showed that LAVR was independently associated with whether MR improved after TAVR. ROC analysis indicated that LAVR may identify MR improvement after TAVR. Conclusion Moderate-to-severe MR could improve after TAVR in majority of patients with severe AS. LAVR, which integrates atrial and ventricular echocardiographic diameters, can provide clues for risk stratification regarding whether MR improves after TAVR."
OpenAlex,mitral regurgitation,EMERGENCY MEDICINE High-Yield Triage Study Guide v1.0,Joshua Moen,,2026-09-20,eScholarship (California Digital Library),"This educational guide applies a top-down, layered approach to emergency medicine learning. It begins with high-yield, testable facts for rapid retrieval, then progressively moves into clinical context, anatomy, physiology, pathophysiology, diagnostic reasoning, and management. This structure distinguishes performance at the surface level from deeper understanding: mastery of examination facts does not necessarily demonstrate mastery of the mechanisms beneath them. Designed for health-professions learners preparing for course examinations, PANCE, USMLE, and OSCE-style assessments."
OpenAlex,mitral regurgitation,Disease‐Specific Ventricular Unloading Responses to Impella Support Revealed by Three‐Dimensional Pressure‐Volume‐Flow Landscape Analysis,Hisato Takagi,10.1111/aor.70248,2026-09-20,Artificial Organs,"BACKGROUND: Impella support alters left ventricular pressure-volume (PV) relations, but disease-specific unloading responses across the full support range remain incompletely characterized. We developed a three-dimensional pressure-volume-flow landscape (3D-PVL) framework to quantify and compare ventricular unloading in acute myocardial infarction (AMI), dilated cardiomyopathy (DCM), and DCM with mitral regurgitation (DCM + MR). METHODS: PV loops were simulated using a closed-loop cardiovascular model at 51 Impella-flow levels from 0 to 5.0 L/min. Loop-centroid displacement and stroke work were normalized to their respective 0-L/min values, and their unscaled direction-sensitive derivatives were combined into a composite response. The response index (RI) quantified integrated response magnitude, while interior peak-response flow (Qpeak) identified the flow level of maximal incremental response among interior flow points. Pressure-volume area (PVA) provided energetic validation. RESULTS: Unloading trajectories differed among disease states despite baseline normalization. Integrated response magnitudes were similar across the three disease models (RI: 1.33, 1.37, and 1.35 for AMI, DCM, and DCM + MR, respectively), whereas interior Qpeak differed at 3.40, 2.90, and 2.70 L/min. DCM + MR showed a renewed response increase at high flow, with its overall maximum occurring at the 5.0-L/min boundary. PVA-based analysis preserved the higher-flow response peak in AMI (3.60 vs. 3.10 and 2.90 L/min in DCM and DCM + MR). CONCLUSIONS: The underlying disease substrate influenced the distribution of ventricular unloading across the Impella-flow range despite similar integrated response magnitudes. The 3D-PVL framework provides quantitative descriptors of disease-specific unloading trajectories rather than clinically validated therapeutic targets."
OpenAlex,mitral regurgitation,Multiscale model calibrated with a Bayesian algorithm predicts long-term outcomes of treatments for mitral valve regurgitation in animal models,Johane H. Bracamonte; Lionel Watkins; Jeffrey J. Saucerman; Jeffrey W. Holmes,10.1007/s10237-026-02123-0,2026-09-20,Biomechanics and Modeling in Mechanobiology,"In primary mitral valve regurgitation (MR), a failing valve induces volume overload (VO) of the left ventricle (LV), triggering neurohormonal responses and myocardial remodeling. Surgical valve repair is the most effective therapy for MR, improving symptoms and in some patients reversing cardiac hypertrophy. However, at least 20% of patients develop postoperative impairment of LV function with detrimental effects on long-term outcomes, with no known cause. Many MR patients receive pharmacological treatment to alleviate symptoms, with drugs that alter cardiac function, hemodynamics, and molecular pathways that influence cardiac remodeling. To support the advancement of medical management of MR, we developed a multiscale model of cardiac hypertrophy that links ventricular mechanics, cardiovascular hemodynamics, and cardiomyocyte molecular signaling. We calibrated the model using the Markov chain Monte Carlo algorithm, a machine learning method, to integrate data from 76 studies of experimental VO in animals. The model's predictions showed good agreement with experimental data on MR in dogs, including the chronic effects of four drugs on MR-induced hypertrophy. When simulating valve repair, our model suggests that full reversal of LV hypertrophy requires both the mechanical elimination of VO and the restoration of normal neurohormonal receptor activity. Finally, we explored selecting subsets of a large pool of pre-computed simulations to personalize model predictions for a small population or individual where insufficient data are available to refit the entire model."
OpenAlex,mitral regurgitation,Congestive Heart Failure Revealing Takayasu's Disease: About Two Cases at the University Teaching Hospital of Brazzaville,Bakekolo Paterne; Kouala Michel; Mongo Flore; Ngolo Mou-Moué; Kimbally Gibrel; Ellenga Fikahem,10.11648/j.ccr.20261003.18,2026-09-20,Cardiology and Cardiovascular Research,"Introduction : Takayasu's disease (TD) is a rare chronic large-vessel vasculitis of unknown etiology that preferentially affects the aorta and its branches. Clinical manifestations are usually dominated by ischemic and vascular signs, and cardiac involvement, although rare, marks an important turning point in the course of the disease.) We report two cases of TD that showed up as congestive heart failure. Case presentations : the first with a four-year history of heart failure previously attributed to hypertensive heart disease, and the second with acute pulmonary edema in the context of a one-year history of intermittent lower-limb claudication. Transthoracic echocardiography showed a dilated cardiomyopathy with severely reduced ejection fraction and moderate aortic and mitral regurgitation in the first patient, and concentric hypertensive heart disease with moderate aortic regurgitation in the second. CT angiography of the aorta and its branches showed arterial wall thickening and occlusive lesions of the supra-aortic and/or iliac arteries in both patients, raising suspicion of TD. The diagnosis was confirmed using the 2022 ACR/EULAR classification criteria, with scores of 6 and 12 points, respectively. Both patients received standard heart failure therapy together with oral corticosteroid therapy. The first patient also received an oral anticoagulant following a transient ischemic stroke and remains on the waiting list for vascular surgery. Clinical signs of heart failure regressed with treatment in both patients. Conclusion: Cardiac involvement can be the presenting feature of Takayasu's disease. This diagnosis should be considered in a young woman presenting with heart failure associated with blood pressure asymmetry or absent peripheral pulses, so as to enable earlier diagnosis and treatment."
OpenAlex,mitral regurgitation,MCS in CHIP Procedures- The New Hemodynamic Paradigm,Afzalur Rahman; Farah Naz Huq,10.3329/jicc.v6i2.93325,2026-09-20,Journal of invasive and clinical cardiology.,Abstract not available J Inv Clin Cardiol 2024; 6(2): 31-34
OpenAlex,mitral regurgitation,Real-time Generalizable Heart Valve Mechanics for Clinical Disease Assessment via a Physics-Conditioned Neural Operator,Shawn Koohy; Wensi Wu; Matthew A. Jolley; Paris Perdikaris,10.48550/arxiv.2609.23826,2026-09-20,arXiv (Cornell University),"Mitral regurgitation is the most common heart valve disorder worldwide, affecting over 2% of the global population, rising to at least 10% in adults over 75, and causing approximately 15% of valvular heart disease-related deaths. Yet only a minority of patients with severe disease undergo corrective surgery. Rapid assessment of valve mechanics could enable earlier, more precise intervention, but traditional finite element simulations remain too slow for clinical timelines and parameter sweeps. We introduce the Physics-Conditioned Neural Operator (PCNO), a transformer-based surrogate that predicts leaflet displacement, strain, and stress fields across mitral and tricuspid geometries, conditioned on systolic blood pressure and tissue properties. Trained on functional, regurgitated, and pathological valves, including tethering, P2 prolapse, and annular dilation, PCNO achieves up to a 15,260x speedup over fine mesh finite element simulations with comparable accuracy, identifies pathology class, and resolves diagnostic metrics within 3.5% error under out-of-distribution extrapolation."
OpenAlex,mitral regurgitation,Cardiac involvement in neurofibromatosis type 1: real-world baseline and follow-up findings from a tertiary single-center cohort,Sibel Öz Yıldız; Maharram Imanli; Hayrettin Hakan Aykan; İlker Ertuğrul; Dilek Yalnızoğlu; Göknur Haliloğlu,10.1007/s00431-026-07417-0,2026-09-19,European Journal of Pediatrics,
OpenAlex,mitral regurgitation,Explainable ECG-derived cardiac aging pattern assessment using PTB-XL with a lightweight web prototype,Ye-Ji Park; Jae-Hyun Jo; Ye-seul Park; Jin-Hyoung Jeong,10.1038/s41598-026-69354-0,2026-09-19,Scientific Reports,"Abstract This study aimed to investigate whether explainable features extracted from standard 12-lead electrocardiography (ECG) can be used to identify older adults and assess ECG-derived cardiac aging patterns, and to implement the resulting model as a lightweight web-based interpretation prototype. A total of 21,373 ECG records from individuals aged 18–89 years were included from the publicly available PTB-XL dataset. Lead-specific statistical features related to amplitude, variability, energy, waveform change, and zero-crossing patterns were extracted from 10-s, 100-Hz, 12-lead ECG signals in records100. Adults aged 65 years or older were defined as the older-age group. Logistic regression, random forest, and XGBoost models were compared. XGBoost achieved moderate discrimination for older-age classification, with an AUROC of 0.805 in the PTB-XL strat_fold-based test set and a Brier score of 0.181. In five-fold patient-level grouped validation, the model achieved a mean AUROC of 0.797 ± 0.007 with no patient overlap between training and test folds. In age regression, XGBoost achieved a mean absolute error of 10.31 years. The age-dependent bias of the raw cardiac age gap was removed using regression-based correction. The accelerated cardiac aging group, defined as the upper quartile of the corrected cardiac age gap, showed a lower prevalence of normal ECG findings and higher prevalence of ECG abnormalities, MI-related patterns, ST-T changes, conduction disturbances, and hypertrophy than the younger cardiac pattern group. These findings suggest that explainable ECG-derived features may support exploratory cardiac aging pattern assessment and provide a basis for research-oriented web-based interpretation tools. However, any broader applicability of this framework remains speculative, and the prototype should not be considered ready for clinical deployment, population screening, or general use without independent external validation."
OpenAlex,mitral regurgitation,Vericiguat for Post-Myocardial Infarction Heart Failure Prevention: From Molecular Mechanisms to Clinical Translation,Jannat Atajanova; Shiraz Rafiq; Guiqiu Cao,10.2478/rjc-2026-0025,2026-09-19,Romanian Journal of Cardiology,"Abstract Myocardial infarction (MI) remains a major cause of morbidity and mortality, largely due to the development of heart failure (HF). More molecular mechanisms should be investigated concerning the pathophysiology of HF after MI since current therapies for reperfusion and clinical guidelines in medicine cannot solve the problem. The regulation of the signalling pathway involving nitric oxide-soluble guanylate cyclase-cyclic guanosine monophosphate is responsible for the stability of the cardiovascular system. This pathway works properly in healthy individuals but gets disrupted in MI, causing adverse consequences. Vericiguat acts as an orally administered soluble guanylate cyclase stimulator that restores the levels of cyclic guanosine monophosphate to counteract pathological events leading to HF. Numerous pre-clinical and clinical investigations into vericiguat have shown the capacity of early administration to prevent HF following MI, especially in patients who are at risk of having continued myocardial stress. Moreover, combination approaches using vericiguat alongside current cardioprotective modalities have proven to be promising in yielding better outcomes. The current review is therefore designed to give an insight into various aspects relating to heart with special attention being paid to the role of vericiguat as a disease-modifying agent for prevention of post-MI myocardial HF."
OpenAlex,mitral regurgitation,Delayed mechanical mitral prosthetic leaflet detachment with distal embolization and conservative management: a case report,Haikun Zhang; Haiyun Gu; Jing Zhang; Chengcheng Chen; Jinxiang Yu; Xueying Song; Jinyang Liu; Yongbin Han; Tao Zhao,10.1186/s12872-026-06670-3,2026-09-19,BMC Cardiovascular Disorders,"Mechanical prosthetic valve leaflet detachment is an exceedingly rare but potentially fatal complication of valve replacement surgery, typically presenting with acute severe regurgitation and hemodynamic collapse. The underlying mechanisms remain incompletely understood, and management of embolized leaflet fragments represents a unique therapeutic challenge. To our knowledge, this represents a previously unreported clinical observation of leaflet escape involving a Sorin Bicarbon Fitline prosthesis; however, whether this event represents a prosthesis-specific failure mechanism remains uncertain. A 54-year-old man presented with acute decompensated heart failure 15 years after mechanical mitral valve replacement with a 29-mm Sorin Bicarbon Fitline prosthesis. His condition deteriorated rapidly, requiring transfer to the intensive care unit. Transthoracic echocardiography revealed severe prosthetic regurgitation but failed to define the mechanism of prosthetic dysfunction because of acoustic shadowing. Urgent transesophageal echocardiography confirmed single-leaflet detachment, while computed tomography localized the embolized leaflet fragment to the aortoiliac bifurcation. Emergency redo sternotomy with repeat mitral valve replacement and concomitant aortic valve replacement was successfully performed. Endovascular retrieval of the embolized leaflet was considered technically infeasible because no dedicated retrieval device was available for a rigid prosthetic leaflet with this size and geometry. Given its stable non-occlusive location, limited immediate risk, and the substantial surgical trauma associated with open retrieval, conservative management was selected. Contrast-enhanced computed tomography performed one month later identified two discrete embolized fragments: a larger fragment in the distal abdominal aorta and a smaller fragment in the distal right common iliac artery proximal to its bifurcation. Follow-up imaging at three months demonstrated stable positions of both fragments without evidence of migration. This case highlights the diagnostic complexity and therapeutic challenges associated with late mechanical valve leaflet detachment with distal embolization. Although leaflet escape involving the Sorin Bicarbon Fitline prosthesis has not been previously reported, this observation does not establish a prosthesis-specific failure mechanism. Conservative management of stable, non-occlusive embolized fragments may be considered in carefully selected patients when retrieval carries disproportionate procedural risks, provided that structured imaging surveillance and predefined criteria for intervention are established."
OpenAlex,mitral regurgitation,Right-Left Discordance of Pulmonary Artery Wedge Pressure Under High Positive End-Expiratory Pressure in Acute Eccentric Mitral Regurgitation,Hiroki Mori; Taku Omori; Shiro Nakamori; Kaoru Dohi,10.1093/ehjcr/ytag720,2026-09-19,European Heart Journal - Case Reports,
OpenAlex,mitral regurgitation,Is methylphenidate truly cardiac-safe? Insight from biventricular speckle tracking echocardiography in pediatric patients with attention deficit hyperactivity disorder,Ahmed Osama Abd Rab El Rasool; Alshimaa Badreldeen; Doaa El Amrousy; Osama Younes,10.1007/s00431-026-07388-2,2026-09-18,European Journal of Pediatrics,"Attention-deficit/hyperactivity disorder (ADHD) is a common neurodevelopmental condition identified by inattention, hyperactivity, and impulsivity. ADHD pharmacotherapy, particularly methylphenidate (MPH), has raised concerns about its cardiovascular safety. We aimed to assess the impact of methylphenidate on cardiac function in pediatric patients with ADHD using two-dimensional speckle tracking echocardiography (2D-STE). This study was performed on 40 children with newly diagnosed ADHD as the patient group and 40 age- and sex-matched healthy controls. Electrocardiographic screening and echocardiographic evaluations were conducted at baseline and after 6 months of MPH treatment. Heart rate (HR) and systolic and diastolic blood pressure (SBP, DBP) were also recorded. HR, SBP and DBP, were significantly elevated after treatment compared with their pre-treatment values. Diastolic functions of the left and right ventricles measured by tissue Doppler echocardiography (TDE) decreased significantly after treatment compared to their pretreatment values. Moreover, right and left ventricular systolic function measured by 2D-STE was significantly reduced after treatment compared to their pretreatment values. However, conventional echocardiography failed to detect any changes. None of our patients experienced any arrhythmias throughout the study duration. CONCLUSION: Subclinical cardiac systolic and diastolic alterations were detected in pediatric ADHD patients treated with methylphenidate. The safety of the drug for the heart is warranted; therefore, careful patient selection, baseline cardiovascular assessment, and follow-up of these patients are strongly recommended. WHAT IS KNOWN: • Attention-deficit/hyperactivity disorder (ADHD) is a prevalent neurodevelopmental condition characterized by inattention, hyperactivity, and impulsivity. • ADHD pharmacotherapy, particularly methylphenidate (MPH), has raised concerns about its cardiovascular safety. No sufficient data about its cardiac safety in pediatrics. WHAT IS NEW: • We investigated, for the first time, the effect of methylphenidate on cardiac function in pediatric patients with ADHD using two-dimensional speckle tracking echocardiography. • We found subclinical cardiac systolic and diastolic alterations in pediatric ADHD patients treated with methylphenidate. The safety of the drug on the heart is warranted; therefore, careful patient selection, baseline cardiovascular assessment, and follow-up of these patients are strongly recommended."
OpenAlex,mitral regurgitation,Myocardial late gadolinium enhancement is strongly associated with ventricular arrhythmias in mitral valve prolapse,Nataliya Levi Vedernikov; Orly Goitein; Ronen Goldkorn; Alexander Fardman; Avi Sabbag; Arkadi Beytelman MHA; Shiri Margalit; Eli Konen; Yafim Brodov,10.1007/s10554-026-03817-3,2026-09-18,The International Journal of Cardiovascular Imaging,"The prognosis of patients with mitral valve prolapse (MVP) largely depends on the presence of ventricular arrhythmias. This study aims to identify association between Cardiac MRI (CMR) based findings with ventricular arrhythmias in MVP patients. Consecutive patients (n = 45, mean age 56 ± 17 y) with MVP underwent CMR scans. Premature ventricular beats (PVC) and ventricular tachycardia (VT) were recorded by 24-hour Holter monitoring and exercise stress testing. Myocardial late gadolinium enhancement (M -LGE) was calculated as percentage of left ventricular (LV) mass and was analyzed by tertiles - 1st tertile (0%), 2nd (1-4%) and 3rd tertile ≥ 5% of the LV mass. Mitral annular disjunction (MAD) was measured in millimeters in a 3-chamber steady state free precession (SSFP) sequence. Papillary muscle fibrosis (PM - LGE) presence was recorded using the LGE sequence. The combined clinical endpoint (CEP) was defined as the presence of VT, multiple (> 10%) or multiform PVC, ablation due to ventricular arrhythmia and implantable cardioverter defibrillator insertion. M-LGE > 0% in 27 patients (64%) was recorded. The CEP was documented in 47%, 46% and 93% of the 1st, 2nd and 3rd M - LGE% tertiles, respectively (p value = 0.014). A multivariable logistic regression analysis assessing associations with CEP, including LV ejection fraction, PM-LGE, and M-LGE%, was performed. M - LGE% remains strongly associated with CEP as a continuous variable, as well as in the 3rd tertile: OR 1.43; 95%CI 1.05-1.94, p = 0.02 and OR 13.41 95%CI 1.49-120.67, p = 0.02, respectively. Myocardial fibrosis detected by CMR - LGE, particularly when ≥ 5% of LV mass was strongly associated with arrhythmic risk in MVP. CMR - based fibrosis quantification should be considered in routine evaluation to improve risk stratification."
OpenAlex,mitral regurgitation,An integrated overview of acute heart failure: a narrative review of pathophysiological mechanisms and contributing factors,Mohammadjavad Sotoudeheian; Mohammad Moradi; Mohammad Pirhayati; Seyed‐Mohamad‐Sadegh Mirahmadi; Reza Azarbad; Mohammad Sedigh Dakkali; Mehdi Taghizadeh; Hamidreza Pazoki Toroudi,10.1186/s43044-026-00780-1,2026-09-18,The Egyptian Heart Journal,"BACKGROUND: Acute heart failure (AHF) is a significant cardiovascular syndrome characterized by either new-onset heart failure (HF) or acutely decompensated heart failure (ADHF), typically presenting with systemic and pulmonary congestion. The European Society of Cardiology has reinforced the importance of early guideline-directed medical therapy (GDMT) initiation and individualized decongestive strategies. This article explores current knowledge of AHF pathophysiology. The simplified hemodynamic paradigm previously used to explain AHF has been replaced over the past few decades by a more complex network of interacting mechanisms. MAIN TEXT: The clinical presentation of AHF reflects a heterogeneous combination of cardiac abnormalities and systemic pathophysiological processes rather than a single disease entity. Despite overlapping clinical presentations, AHF arises from diverse underlying conditions and pathophysiological mechanisms. Left ventricular systolic or diastolic dysfunction elevates filling pressures, contributing to increased preload and afterload, which in turn promotes pulmonary congestion. End-organ dysfunction may result from the combined effects of venous congestion, impaired perfusion, and neurohormonal and inflammatory activation. Despite advances, limited progress in acute management may contribute to persistently poor outcomes in AHF patients. CONCLUSION: Initial management of AHF commonly includes intravenous diuretics for patients with congestion, while vasodilators and other therapies are selected according to congestion status, perfusion, blood pressure, hemodynamic profile, clinical phenotype, and the predominant underlying pathophysiological mechanism. This review examines pathophysiological processes contributing to AHF onset and progression, highlighting clinical implications and therapeutic targets."
OpenAlex,mitral regurgitation,Mitral Valve Lithotripsy With SmartCrack Balloon for Severe Calcified Mitral Stenosis: First‐in‐Human Experience,Chak-Yu So; Kevin Ka‐Ho Kam; Geri Ling-Na Wong; Wang Hui; Ching‐Wei Lee; Tawai Ngernsritrakul; Leo Kar Lok Lai; Simon Chi Ying Chow; Angus Shing Fung Chui; Michael Kang-yin Lee; Albert Kam Ming Chan; Randolph H.L. Wong; Thomas Modine; Hasan Jilaihawi; Yat‐Yin Lam; Dee Dee Wang; Bryan P. Yan; Alex Pui‐Wai Lee,10.1161/jaha.126.050755,2026-09-18,Journal of the American Heart Association,"Background Mitral stenosis due to mitral annular calcification and calcific rheumatic heart disease (CRHD) remains challenging to treat. This first‐in‐human study evaluated the safety and feasibility of the dedicated SmartCrack lithotripsy balloon in patients with severe mitral stenosis secondary to mitral annular calcification or calcific rheumatic heart disease. Methods High surgical risk patients underwent mitral lithotripsy with the SmartCrack system. Intraoperative measures included mitral valve area, transmitral pressure gradient, and mitral regurgitation severity, assessed pre‐ and post procedure. Follow‐up computed tomography evaluated calcification changes. The primary safety end point was adverse events within 7 days (death, stroke, or procedural complications). The primary efficacy end point was mitral valve area >1.5 cm 2 , ≥50% reduction in transmitral pressure gradient, or transmitral pressure gradient <5 mm Hg without significant mitral regurgitation. Results Ten patients were enrolled. The primary safety end point occurred in 10% (n=1, minor stroke), with no deaths or major bleeding. Mitral regurgitation worsened from mild to moderate in 1 patient. The primary efficacy end point was achieved in all patients. Median device time was 18 minutes, and 8 of the 10 patients (80%) underwent postdilatation following SmartCrack therapy. Mitral valve area increased from 0.89±0.18 to 1.31±0.40 cm 2 ( P <0.001), transmitral pressure gradient decreased from 7.7±2.6 to 4.4±1.8 mm Hg ( P <0.01). Follow‐up computed tomography revealed calcium cracks in 4 of 5 patients with mitral annular calcification, whereas no cracks were observed in patients with calcific rheumatic heart disease. At 30 days, most patients (n=8/10) reporting symptom improvement. Conclusions This study demonstrates the procedural feasibility of the SmartCrack lithotripsy balloon when combined with balloon mitral valvuloplasty, potentially modifying valvular calcification and improving mitral valve area. Larger studies are needed to confirm its safety, effectiveness, long‐term durability, and clinical benefits."
OpenAlex,deep learning,Antecedents and consequences of Green-tech FDI in emerging markets,Zhuoran Liu,10.17638/03195308,2031-01-01,University of Liverpool,"As environmental pressures intensify, attracting sustainable foreign direct investment (FDI), particularly green-tech FDI, has become a critical pathway for emerging markets to achieve environmental sustainability. However, existing research remains fragmented, offering limited insights into why green-tech FDI enters emerging markets and how it affects regional green innovation. This thesis addresses these gaps by systematically examining both the antecedents and consequences of green-tech FDI through three empirical studies using regional data from China. Study 1 and Study 2 focus on the antecedents of green-tech FDI. Study 1 examines how host-country conditions can attract green-tech FDI, highlighting the role of environmental management information disclosure (EMID) by domestic firms in reducing information gaps and strengthening green market–seeking motives. Study 2 shifts attention to the active decision-making of green-tech FDI, showing that under uncertainty, green-tech foreign investors engage in identity-based bandwagon learning by imitating peers with similar green identities, thereby mitigating investment risks. Study 3 turns to the consequences of green-tech FDI. It demonstrates that, due to the technological complexity of green innovation and limited absorptive capacity in emerging markets, green-tech FDI may generate crowding-out effects rather than purely positive spillovers. Adopting a network perspective, the study further finds that universities play a key moderating role: through broad linkages and deep collaborations, they help mitigate negative spillovers and facilitate the diffusion of green technologies. Together, the three studies advance the literature on sustainable FDI by differentiating green-tech FDI from general FDI and identifying the specific mechanisms that shape its entry decisions and local innovation outcomes. Practically, the findings provide guidance for emerging-market governments and firms on how to attract and manage sustainable investment, balance growth with environmental objectives, and strengthen local innovation ecosystems."
OpenAlex,deep learning,Combating Data and Target Shifts in Visual Tasks,Zhaorui Tan,10.17638/03194353,2031-01-01,University of Liverpool,"The rapid advancement of deep learning models for visual tasks has led to significant progress in many domains. However, a key challenge remains: ensuring that models can generalize effectively to unseen samples or novel classes, especially in real-world scenarios where training data-target pairs are often limited or unavailable, and test data may exhibit shifts in both data and targets. This thesis addresses the problem of shifts across data and targets, proposing novel methods to improve model generalization and transferability in complex settings. The thesis identifies the different shift scenarios for visual tasks and presents their problem forms. The research first relaxes the static target distribution assumption in Multi-Domain Generalization (mDG) tasks, introducing the General Multi-Domain Generalization (GMDG) objective to improve generalization under varying data shifts. Specifically, Extensive experiments validate that GMDG is feasible for classification, segmentation, and regression tasks. Further considering extreme target distribution shifts where even unknown novel classes emerge, the study also explores logical regularization techniques for tasks such as Generalized Category Discovery (GCD), mDG+GCD, and Class Incremental Learning (CIL), proposing a sample-based logical regularization term (L-Reg) to enhance data-, target-, and all-shift generalization. Additionally, a partial logic framework is introduced to address challenges in CIL, enabling models to retain room for unknown classes during training. This is further extended by the Partial-Logic Regularization (PL-Reg), which improves generalization across GCD, mDG+GCD, and transferability for CIL tasks. Furthermore, the thesis proposes a novel Semantic-aware Data Augmentation (SADA) framework for cross-modality generalization in text-to-image synthesis (T2Isyn), text-image retrieval (TIR), and image-text retrieval (ITR) tasks. This framework ensures semantic preservation across text and image modalities, improving both semantic consistency and image quality in cross-modality tasks. The methods proposed in this thesis offer significant advancements in visual generalization and transfer scenarios, providing theoretical insights and practical solutions for handling data shifts, target shifts, and multi-modalities in complex scenarios. Extensive experiments validate the effectiveness of the proposed methods, demonstrating their superior performance across a range of tasks."
OpenAlex,deep learning,"Depth of Processing, learner aptitude, and the acquisition of L2 English grammatical structures",Shweta Nigam,10.48683/1926.00128861,2031-01-01,CentAUR (University of Reading),"Depth of Processing (DoP) is central to several models of instructed second language acquisition (ISLA) (Leow, 2015). While DoP has been extensively examined in vocabulary learning (e.g., Laufer & Hulstijn, 2001), its role in the acquisition of grammatical structures, particularly through oral and audio-visual modalities remains comparatively underexplored. Drawing on the Levels of Processing framework (Craik & Lockhart, 1972), this study investigated whether task-induced processing depth influences the acquisition of third conditionals and comparatives, and whether language aptitude (LLAMA B, D, F) predicts learning gains. Using a pretest–posttest design, four intact classes involving 108 Grade 8 EFL learners in India were assigned to one of the three experimental conditions differing in level and type of processing: Low DoP, High DoP Explicit, and High DoP Implicit. The treatment task required the participants to listen to an audio-visual story containing the target structures (third conditionals and comparatives) and complete analytic tasks (varying in different groups) before listening to the story for a second time. The oral performance of the participants was analysed for accuracy, and frequency of use of the target structures. A grammaticality judgement test (GJT) and an elicited imitation task (EIT) were used to assess the participants’ gains in the knowledge of the target structures. In addition, language aptitude (LLAMA B, D, F) was measured and modelled as a predictor of gain scores. Results showed a significant effect of processing condition on GJT performance with the High DoP Implicit group outperforming the High DoP Explicit group on total scores and comparatives. In contrast, ANCOVA analyses indicated no significant group differences on EIT outcomes once pretest performance was controlled, with pretest scores strongly predicting posttest performance. In oral production, processing effects were structure-specific: the Low DoP group showed greater accuracy gains for comparatives, while both High DoP groups revealed increased frequency of use of third conditionals. However, across all four measures, multiple regression analyses indicated that LLAMA B, D, and F did not significantly predict gain scores. Overall, the findings support a processing-by-structure pattern: deeper processing benefits were most evident for the more salient structure (comparatives) on an explicit, written measure, whereas complex, low-salience forms (third conditionals) showed limited accuracy change but increased frequency of use under deeper processing."
OpenAlex,deep learning,Deep learning design of programmed enhancer pairs,Salil Garg; Blake M Torres; Joanna Wypasek,10.5281/zenodo.19463376,2030-04-08,Zenodo (CERN European Organization for Nuclear Research),
OpenAlex,deep learning,Deep learning design of programmed enhancer pairs,Salil Garg; Blake M Torres; Joanna Wypasek,10.5281/zenodo.19463375,2030-04-08,Zenodo (CERN European Organization for Nuclear Research),
OpenAlex,deep learning,Deep learning design of programmed enhancer pairs,Salil Garg; Blake M Torres; Joanna Wypasek,10.5281/zenodo.19477875,2030-04-08,Zenodo (CERN European Organization for Nuclear Research),
OpenAlex,deep learning,Data Augmentation Application in Deep Learning Drug Discovery by Utilizing Relationships Between Biological and Medical Entities,Tianjun Wang,10.17638/03195452,2029-01-01,University of Liverpool,
OpenAlex,deep learning,A UAV-Based Framework for Community-Scale Residential Building Energy Modelling in China,Mengfan Jin,10.17638/03195460,2029-01-01,University of Liverpool,"With increasing emphasis on energy efficiency and carbon emission reduction in the building sector, rapid and scalable energy modelling of existing buildings is critical for retrofit projects and policy development. Conventional surveys, data collection and energy modelling processes remain labour-intensive and impractical for large-scale applications, and energy modelling often dominates project time and cost. Unmanned Aerial Vehicles (UAVs) equipped with high-resolution and infrared cameras now offer fast and safe exterior surveys, showing great potential in building energy assessments. Yet, a systematic framework for UAV integration, from image capture through processing to inputs for building energy simulation, has not been established. This research addresses these challenges by developing a structured framework for community-scale building energy modelling, which integrates UAV photogrammetry to accelerate data acquisition, reduce labour, and shorten energy modelling time for retrofit projects. The framework is designed to minimise prior data requirements while maximising automation and retaining sufficient accuracy and reliability. It also addressed systemic issues, such as the lack of data necessary to fully exploit the potential of available technologies in the context of this study. To achieve this research objective, a mixed-methodology approach, combining desk studies and fieldwork, was adopted. First, a comprehensive review of UAV-based building energy studies mapped the current applications and available tools, proposing a preliminary framework. Fieldwork then encompassed a pilot study and a detailed case study. In the pilot test, a single building was surveyed to identify an optimal toolchain for flight planning, image capture, photogrammetric reconstruction, model generation, and selection of a simulation platform. The resulting refined framework was applied to a case study of a 39-building community, and it was demonstrated that further automation was necessary. The potential for automation was then further explored. Geomatic algorithms, machine learning, and deep learning techniques were compared, and the combination that best balanced accuracy and processing time was selected for 3D model generation and window-to-wall ratio (WWR) extraction. In parallel, an archetype library of residential buildings in the Hot Summer Cold Winter (HSCW) zone in China was compiled to facilitate the assignment of thermal parameters. Finally, a reusable community-scale building energy modelling (CBEM) workflow was assembled in Grasshopper using Ladybug Tools components to process the aforementioned inputs. In conclusion, this study integrates UAV photogrammetry, GIS-based geomatic algorithms, machine learning, and graphical programming to develop an UAV-CBEM framework. The outcomes establish a foundation for scalable UAV-based building energy assessments, enhancing applicability in data-limited and large-scale settings worldwide."
OpenAlex,deep learning,Spectral Materialism: Encounters with land-time-scapes,Sam Nightingale,10.25602/gold.00040593,2029-01-01,Goldsmiths (University of London),"This transdisciplinary, practice-based PhD introduces spectral materialism through art-based research encounters with ecologically and historically stratified land-time-scapes shaped by hypersalinity and colonial terraforming. Centred in the semi-arid Mallee (southeastern Australia) and read through echoes with California’s Imperial Valley, the project examines how spectral time—the co-presence and haunting of other temporalities—manifests in the material conditions of salt, soil, water, plants, and infrastructures. It asks how learning from geological, First Nations, colonial, and ecological pasts can orient responsibilities in unsettled futures. Treating the present as a crisis of time as much as a crisis of matter, the thesis critiques linear-progressive temporalities bound to Western modernity and extractive regimes. In response, spectral materialism is developed as both a conceptual framework and a critical creative methodology. Through alchemical media experiments with salt crystals, hypersaline soils, and halophytes, photography is reconfigured as a site-responsive, process-oriented practice. Salt is engaged as a material agent and ‘time-crystal’ whose phase shifts—dissolution, saturation, precipitation, crystallisation, evaporation—form a meta-chemistry that refracts deep-marine pasts, settler-colonial irrigation infrastructures, and contemporary dust into processual renderings of time. Methodologically, the project advances attunement as a mode of sensing and responsiveness to forces that are not always immediately perceptible yet are materially active. Field notes appear as para-writing, interrupting linear narration so that heterogeneous times co-present themselves within the text. The thesis is guided by First Nations temporalities—time as relational and in place—while remaining accountable to ethical limits and protocols. The contribution is twofold: a theoretical articulation of spectral materialism as a way to think time otherwise, and a set of site-responsive methods for engaging elemental media in saline environments. Together, they generate materially grounded accounts of spectral presences and open alternative pathways for knowing, sensing, and relating within land-time-scapes marked by enduring colonial and ecological afterlives amid planetary change."
OpenAlex,deep learning,DEVELOPMENT AND COMMERCIALIZATION OF COMPUTATIONAL METHODS TO ACCELERATE DERMATOLOGICAL DISCOVERY,Jasson Makkar,10.7273/000008421,2028-02-26,Washington State University,"The skin is the largest and outermost organ that surrounds the human body and provides a physical barrier that protects the more delicate internal tissues from the harsh surrounding environment. Over the course of evolution, specialized structures have also arisen in the skin, including sweat and sebaceous glands, nails and claws, and hair follicles. The hair follicle is a multi-lineage mini-organ that is a critical component in defining mammalian species. The gain of function derived from hair and fur benefited these species for millennia due to its insulative and protective properties, mechanosensing function, and ability to serve as camouflage. Current approaches to assess these fibers are generally non-quantitative or are low throughput due to technical limitations of ‘splitting hairs’. We developed a novel deep learning-based computer vision approach for the high throughput quantification of individual hair fibers at a high resolution. Our innovative computer vision tool can distinguish and extract overlapping fibers for quantification of multivariate features including length, width, and color to generate single-hair phenomes (shPhenome) of diverse conditions across the lifespan of mice. Using our tool, we explored the effects of hormone signaling, genetic modifications, and aging on hair follicle output. These analyses revealed novel hair phenotypes as a result of endocrinological, developmental, and aging-related alterations in the fur coats of mice. This tool was then adapted to capture more nuanced hair phenotypes, such as curvature, in a variety of mouse models harboring genetic perturbations. Commercialization of the deep hair phenomics technology presented a unique opportunity to pursue research translation, transforming fundamental biological research into marketable products. Much like the traditional academic route, the path to commercialization requires consistent and continuous iteration, testing of hypotheses, and allowing data to influence and lead subsequent actions. However, as opposed to the pursuit of knowledge, translating research into market-ready solutions requires a focus on consumer needs and the identification of market opportunities. Additionally, the shift in incentive structure requires commercial ventures to prioritize intellectual property protection, alter capital and resource allocation, and seek alternative fundraising sources. The entrepreneurial foundation built through this process culminated in the filing of a provisional patent and establishment of a startup company, kerat Inc. This journey illuminated the multifaceted challenges inherent in closing the gap between academic innovation and commercially viable goods, requiring simultaneous advancement of technical capabilities, adaptation to market dynamics, and fabrication of business infrastructure. Overall, the culmination of work presented in this dissertation sheds light on the importance of quantitatively assessing hair fiber properties to capture the biological phenomena that underlie this fundamental feature of mammalian skin. These findings also highlight the capabilities of this methodology for identifying perturbations in normal growth, potentially indicative of disease or dysfunction. Lastly, this showcased the potential of this technology’s commercial use cases in both the cosmetics and diagnostics industries."
OpenAlex,deep learning,Deep q-learning aided k-means clustering protocol for optimizing network lifetime in wireless sensor networks,Flynn Dowey,10.14288/1.0451106,2028-01-01,Open Collections,"The full abstract for this thesis is available in the body of the thesis, and will be available when the embargo expires."
OpenAlex,deep learning,Deep learning image analysis of donor red blood cells to predict deformability and transfusion efficacy,Erik S. Lamoureux,10.14288/1.0451932,2028-01-01,cIRcle (University of British Columbia),"The full abstract for this thesis is available in the body of the thesis, and will be available when the embargo expires."
OpenAlex,deep learning,Cost-Grounded Reward Scaling for Deep Reinforcement Learning in Zero-Buffer Flow-Shop Maintenance - DATA,Valentina Popolo; Silvestro Vespoli,10.17632/t73ckh3f7k,2027-07-09,Mendeley Data,
OpenAlex,deep learning,Cost-Grounded Reward Scaling for Deep Reinforcement Learning in Zero-Buffer Flow-Shop Maintenance - DATA,Valentina Popolo; Silvestro Vespoli,10.17632/t73ckh3f7k.1,2027-07-09,Mendeley Data,
OpenAlex,deep learning,"LeafMicroDefect-TR: A Digital Microscope-Based Dataset of Microscopic Leaf Surface Images for Defect Detection, Region-wise Analysis, and Explainable Deep Learning",HIDIR SELCUK NOGAY,10.17632/tvxkgj69kg.1,2027-01-12,Mendeley Data,
OpenAlex,deep learning,"LeafMicroDefect-TR: A Digital Microscope-Based Dataset of Microscopic Leaf Surface Images for Defect Detection, Region-wise Analysis, and Explainable Deep Learning",HIDIR SELCUK NOGAY,10.17632/tvxkgj69kg,2027-01-12,Mendeley Data,
OpenAlex,deep learning,Contested urbanisms: The politics of heritage and housing in Jakarta’s kampungs,"Binte Masron, Irna Nurlina",10.18743/pub.00056687,2027-01-01,"BIROn (Birkbeck, University of London)","Do heritage-making projects resist or advance gentrification in Southeast Asia? Like other Global South cities, contested urbanisms chequer Jakarta’s postcolonial urban landscape. Competing ideas about urban development manifest in various ways of seeing and producing the city, as demonstrated by evictions, revitalisation projects, and informal housing. Increased evictions of urban villages (urban kampungs) between 2013 and 2018 in Jakarta saw growing grassroots heritage movements as part of a spectrum of resistance to top-down urban management by state and private sector actors who also stake their claims on what ‘heritage’ is. These tensions amongst the political projects of various actors led me to ask: how do heritage-making projects of/by urban villages affect housing conditions in Jakarta, with reference to gentrification-led displacement? Using ethnographic methods and thematic analysis, I delve into the constructions of heritage, the impact of heritage-making on housing security for residents, and the broader political impact of heritage-making from above and below in Jakarta’s Kota Tua and two of its kampungs, Luar Batang and Pekojan. I argue that the dominant heritage constructions in Kota Tua demonstrate a top-down logic that emphasises infrastructure and the built environment with strong private sector presence, which impact the kampungs in varied ways. Findings showed that top-down heritage-making demonstrates higher likelihood of driving gentrification through the commodification of space, prioritising capital and material values. Residents and their advocates employ heritage-making from below in various forms to reclaim their place in the city as they face various forms of displacement, with unanticipated consequences. The processes of heritage-making from above and below reveal the connections and disjunctures between different authorities which subaltern actors work through, producing new politics that contest or entrench existing conditions. The findings contribute to the theorising of the politics of gentrification in heritage and urban studies, and a deeper understanding of Jakarta’s Old Town."
OpenAlex,deep learning,From Sparse to Dense: Label-Efficient Weakly Supervised Segmentation for Images and Videos,Jian Wang,10.17638/03195330,2027-01-01,University of Liverpool,"Obtaining high-quality annotated data has become a primary bottleneck for training deep learning models, particularly for dense prediction tasks like semantic segmentation and video salient object segmentation. The demand for meticulous, pixel-level labeling makes fully-supervised approaches prohibitively expensive and limits their scalability. This thesis directly confronts this issue by proposing and systematically investigating a label-efficient ""sparse-to-dense'' paradigm. The core objective is to develop innovative frameworks that can learn from sparse, inexpensive weak supervision—such as image-level tags or scribbles—and intelligently propagate this minimal information to generate complete, pixel-accurate dense predictions. The major part of this thesis focuses on the ""sparse-to-dense'' challenge within Weakly Supervised Semantic Segmentation (WSSS) for images, where models learn from only image-level tags. Dominant approaches rely on Class Activation Maps (CAMs) as initial object seeds. However, CAMs inherently activate only the most discriminative object regions, leading to incomplete pseudo-labels. This gives rise to the central problem of activation densification: the critical process of expanding these sparse activations to cover the full extent of an object. Our research addresses this challenge through a progressive, multi-faceted strategy. Our exploration begins with a foundational framework (C3) designed to rectify the intrinsic flaws of initial CAMs. We propose a synergistic mutual calibration method. This method leverages the discrepancies between the two maps to generate local prototypes, which are simultaneously utilized to complete missing object parts and suppress background noise, yielding a significantly more accurate and complete initial seed. This foundational work immediately reveals the limitation of single-prototype instability and its inability to capture diverse features. Building on this foundation, we then develop architecture-specific strategies to address deeper limitations of the prototype-based approach. For Convolutional Neural Networks (CNNs) (C4), the use of a single prototype proves insufficient to capture significant intra-class variation. In response, we introduce an Optimal Transport (OT)-assisted framework that effectively mines multiple, diverse prototypes, thereby yielding more comprehensive activation maps. However, while C4 solves the intra-class diversity problem, the inherent local context constraint of the CNN architecture becomes the new bottleneck, fundamentally limiting the quality of globally-aware feature extraction needed for optimal multi-prototype assignment. This limitation necessitates a shift in architectural focus from CNNs to Vision Transformers. In the ViT architecture (C5), a new challenge arises where the token gap between the discriminative class token and varied patch tokens leads to incomplete activation. To bridge this gap, we leverage a tailored application of Optimal Transport, where the algorithm is tasked with learning a comprehensive proxy to ensure complete object activation. Despite these architectural advances (C3-C5), the overall WSSS performance hit a ceiling. This is fundamentally limited by the sparse supervision of class labels, which cannot provide precise boundary information. To break this ceiling, our WSSS exploration culminates in a universal enhancement strategy (C6) that transcends architecture-specific designs by leveraging Visual Foundation Models (VFMs). We resolve the conflict between the discriminative nature of initial CAMs and the VFM's need for holistic prompts. By modeling the CAM foreground as a graph and employing spectral analysis, our method intelligently selects a diverse set of prompt points that represent the overall structure of the foreground object. This guides the VFM to generate superior, boundary-aware supervision that can universally enhance any WSSS pipeline. Subsequently, the thesis extends the ""sparse-to-dense'' paradigm to the dynamic domain of video, addressing Weakly Supervised Video Salient Object Segmentation (WSVSOS) (C7) from sparse scribble annotations. In this specific context, the challenge evolves into spatio-temporal densification, which requires both full-object coverage within each frame and temporal consistency across the video sequences. To this end, we introduce the core CFMR framework, which utilizes Spatio-Temporal co-regulation. This framework is subsequently enhanced (CFMR+) by integrating the VFM guidance strategy from C6, which provides high-quality spatial priors essential for ensuring both high spatial detail and inter-frame consistency. By enforcing both intra-frame and cross-frame consistency between these two streams, our method effectively propagates the sparse initial signal to generate dense and temporally coherent saliency masks. In conclusion, this thesis presents a comprehensive and cohesive investigation into label-efficient segmentation tasks, offering a suite of innovative and effective strategies for the ""sparse-to-dense'' challenge. Our work establishes a progressive roadmap that systematically overcomes architectural and semantic limitations, culminating in highly robust and generalized densification pipelines. Our extensive experimental results on standard benchmarks validate the state-of-the-art performance of these methods, providing robust solutions to a long-standing problem in the computer vision field."
OpenAlex,deep learning,Unsupervised Deep-learning Methods for Low-dose Computed Tomography Reconstruction,Ran An,10.17638/03194237,2027-01-01,University of Liverpool,"Computed tomography (CT) has become an indispensable imaging technique in medical diagnostics and industrial applications, owing to its non-invasive nature and high resolution in visualizing object internal structures. While X-ray CT (X-ray computed tomography) significantly enhances lesion detection capabilities, excessive exposure to X-ray radiation raises substantial health concerns, including elevated cancer risks and potential genetic damage. Although low-dose CT (LDCT) protocols reduce radiation safety concerns, they inevitably introduce severe noise and artifacts, which might compromise diagnostic accuracy. Recent advances in supervised deep learning approaches have demonstrated remarkable success in LDCT reconstruction. However, the reliance on paired training data severely limits their deployment in practical CT applications. This fundamental constraint highlights the critical importance of developing unsupervised reconstruction methods. Although existing unsupervised LDCT methods have made notable progress, they still face challenges requiring systematic solutions. This thesis makes three contributions to advance the field of unsupervised LDCT reconstruction: 1. Current dual-domain self-supervised LDCT denoising methods typically neglect the heterogeneity of the non-stationary Gaussian noise levels in low-dose sinograms and usually treat them as common images without appropriately controlling the denoising strength. The denoisers employed by them, which are based on classic convolutional neural networks (CNN), will lead to blurring artifacts in the reconstructed images if directly used for sinogram denoising. In addition, the denoising strength in the sinogram and image domains must be well-balanced to avoid introducing over-blurring or secondary artifacts in the reconstructed images, but existing approaches do not focus on this crucial point. To address these limitations, this thesis proposes a novel end-to-end dual-domain self-supervised framework for LDCT denoising. It employs Dropblock layers to adaptively localize the effect of convolution for sinogram denoising and sets a weighted average between the denoised sinograms and their noisy counterparts to better control the denoising strength, thus effectively reducing the blurring artifacts and leading to a well-balanced dual-domain denoising. Numerical experiments demonstrate the effectiveness and superior performance of the proposed method. 2. Existing normalizing flows (NFs)-based unsupervised LDCT reconstruction methods face challenges in both image quality and computational efficiency. On one hand, they typically utilize a two-way transformation strategy between noisy images and latent variables, which could easily lead to detail loss and secondary artifacts in the reconstructed images. On the other hand, training NFs on high-resolution CT images is computationally intensive. Although conditional normalizing flows (CNFs) can mitigate computational costs by learning conditional probabilities, existing approaches rely on labeled data for conditionalization, leaving unsupervised CNFs-based LDCT reconstruction a challenge. To tackle these issues, this thesis proposes a novel unsupervised LDCT iterative reconstruction algorithm based on CNFs. The proposed method employs a strict one-way transformation strategy during the alternating optimization in the dual spaces to prevent detail loss and secondary artifacts, and proposes a novel unsupervised conditionalization strategy for CNFs, thus achieving efficient training and inference on high-resolution images. The proposed method illustrates high-quality and relatively fast unsupervised reconstruction. Experiments across two datasets demonstrate the superior performance of the proposed method by rivaling several state-of-the-art methods. 3. Current diffusion model-based LDCT reconstruction methods solely employ the prior distributions learned from normal-dose CT data but neglect the valuable priors in low-dose data, which contain information about the characteristics of low-dose noise and artifacts. In addition, their reconstruction speed suffers from multiple sampling steps, presenting low efficiency. Breaking new ground in prior utilization, this thesis proposes a novel unsupervised LDCT iterative reconstruction algorithm based on dual denoising diffusion probabilistic models (DDPM), which leverages both normal-dose and low-dose priors. Specifically, the proposed method employs two DDPMs to learn the prior distributions from normal-dose and low-dose images, respectively, and incorporates them into a joint iterative reconstruction framework. To accelerate the reconstruction, partial diffusion sampling and single-pass deterministic reconstruction strategy are utilized in the proposed method, as well as the spaced OS-SART approaches. Experiments at different dose levels demonstrate the outstanding performance and fast speed of the proposed reconstruction algorithm. Through these innovations and contributions, this thesis addresses some significant challenges in current deep-learning-based unsupervised LDCT reconstruction methods, and proposes three novel unsupervised reconstruction algorithms. The proposed methods effectively improve the performance and efficiency of LDCT reconstruction under different unsupervised learning conditions, and provide some new perspectives and inspirations for future research."
OpenAlex,deep learning,An Interpretable State-Conditioned Multi-Criteria Decision-Making Layer for Reward Shaping in Deep Reinforcement Learning: Dynamic TOPSIS Weighting Applied to Disaster Response,Ahmed İhsan Şimşek,10.17632/smbzhvhs3k.1,2027-01-01,Mendeley Data,
