source,keyword,title,authors,doi,publication_date,journal,abstract
PubMed,aortic stenosis,"Comparative prognostic value of GNRI, PNI, and CONUT scores for long-term mortality in patients undergoing transcatheter aortic valve replacement.",Serdar Söner; Erkan Baysal; Öner Avınca; Gamze Yeter Arslan; Tuncay Güzel; Hülya Tosun Söner; Abdülkadir Arpa; Harun Elmast; Umut Erdolu; Celal Öztekin; Mehmet Sait Coşkun; Ahmet Taş; Metin Okşul; Faruk Ertaş,10.1186/s12872-026-06240-7,2026-07-13,BMC cardiovascular disorders,"This study aimed to comparatively evaluate the association between geriatric nutritional risk index (GNRI), prognostic nutritional index (PNI), and controlling nutritional status (CONUT) scores and long-term mortality in patients undergoing transcatheter aortic valve replacement (TAVR).
This retrospective observational study included 262 patients who underwent TAVR for severe symptomatic aortic stenosis between January 2015 and December 2018. Patients were divided into two groups based on all-cause mortality development during 7.6 years of follow-up: survivors and those who died. Nutritional status was assessed using pre-admission laboratory and anthropometric data, as well as GNRI, PNI, and CONUT scores.
The mean age was 79.0 ± 6.4 years, and 45% of the patients were female. During the follow-up period, 106 patients (40.5%) died. Malnutrition prevalence was found to be 79.8% according to GNRI, 63.7% according to PNI, and 60.7% according to CONUT. In univariate analysis, GNRI (HR: 0.974, p = 0.035), PNI (HR: 0.959, p = 0.007), and CONUT (HR: 1.140, p < 0.001) were significantly associated with mortality. However, in multivariate analysis, none of these scores remained as independent predictors. In ROC analysis, AUC values for GNRI, CONUT, and PNI were found to be 0.626, 0.610, and 0.590, respectively. In Kaplan-Meier analysis, survival was lower in patients with poor nutritional status (log-rank p < 0.001).
In patients undergoing TAVR, impaired nutritional status is associated with long-term mortality; However, GNRI, PNI, and CONUT scores are not clinically independent predictors of mortality. These scores may provide complementary information regarding nutritional status but showed limited discriminatory ability for mortality prediction."
PubMed,aortic stenosis,Myocardial Infarction With Non-obstructive Coronary Arteries (MINOCA) Revealing Coronary Embolism From Left Atrial Appendage Thrombus in Rheumatic Valvular Atrial Fibrillation.,Mehdi Moujahid; Hafsa Erregui; Hicham Faliouni; Zouhair Lakhal; Aatif Benyass,10.7759/cureus.110659,2026-06,Cureus,"Myocardial infarction with non-obstructive coronary arteries (MINOCA) represents a diagnostic challenge with multiple underlying mechanisms, including coronary embolism. We report the case of a 50-year-old woman with a history of rheumatic fever who was admitted for acute chest pain. Electrocardiography showed atrial fibrillation with inferolateral ischemic changes, and elevated troponin levels confirmed myocardial infarction. Transthoracic echocardiography revealed moderate mitral stenosis, severe aortic stenosis, and left atrial enlargement. Coronary angiography demonstrated thrombotic occlusion of the second obtuse marginal branch without significant atherosclerotic disease. Transesophageal echocardiography identified a left atrial appendage thrombus, supporting a cardioembolic mechanism. This case emphasizes the importance of considering coronary embolism in MINOCA, particularly in patients with valvular atrial fibrillation, and highlights the role of a structured diagnostic approach in guiding diagnosis and management."
PubMed,aortic stenosis,Isolated Cardiac Sarcoidosis With Marfan Syndrome Following Cardiovascular Surgery: A Case Report.,Tatsuro Tasaka; Toru Miyoshi; Masaki Kinoshita; Makoto Saito,10.7759/cureus.110584,2026-06,Cureus,"A 55-year-old male patient with Marfan syndrome presented with exertional dyspnea. The patient had undergone aortic valve and ascending aortic replacement and experienced two admissions for congestive heart failure. His thoracic echocardiography revealed severe left ventricular systolic dysfunction with regional wall motion abnormalities and an apical aneurysm. Meanwhile, coronary angiography showed no significant stenosis. Cardiac magnetic resonance imaging demonstrated wall thinning and late gadolinium enhancement (LGE) in the apical, inferior, and inferolateral segments, corresponding to focal-on-diffuse myocardial uptake on 18F-fluorodeoxyglucose positron emission tomography/computed tomography. No extracardiac sarcoid lesions were identified. Moreover, right ventricular endomyocardial biopsy was nondiagnostic. Based on the multimodality imaging and laboratory findings, a clinical diagnosis of isolated cardiac sarcoidosis was established according to current guidelines. The patient underwent cardiac resynchronization therapy with defibrillator implantation followed by corticosteroid therapy, with no subsequent heart failure events. This case highlights the importance of considering inflammatory cardiomyopathy for postoperative heart failure in patients with Marfan syndrome."
PubMed,aortic stenosis,"The Effect of Antihypertensive Medication Classes on the Hemodynamic Severity Parameters of Classical and Paradoxical Low-Flow, Low-Gradient Aortic Stenosis.",Chelsea Grant; Azhar Supariwala,10.7759/cureus.112455,2026-07,Cureus,"While the left ventricular (LV) hypertrophy and diffuse interstitial fibrosis characteristic of the pathophysiology of aortic stenosis (AS) are reversed by aortic valve replacement (AVR), the definitive treatment for AS, angiotensin modulators have demonstrated antifibrotic effects in animal models of AS. While goal-directed medical therapy (GDMT) treatment of hypertension is recommended for the early progressive stages of AS, there are no guideline-recommended antihypertensive therapies for stage D low-flow, low-gradient (LFLG) severe AS.
All echocardiographic studies performed at South Shore University Hospital between January 2020 and December 2024 were retrospectively reviewed to identify a cohort of patients with LFLG severe AS. The progression of echocardiographic hemodynamic severity parameters was then examined according to prescribed antihypertensive medications in this cohort of 218 patients followed for a mean period of 19.1 months.
In this cohort, the prevalence of LFLG severe AS with preserved left ventricular ejection fraction (LVEF) was 72.9%. Angiotensin-converting enzyme (ACE) inhibitors were not associated with any statistically significant change in hemodynamic severity markers, whereas angiotensin receptor blockers (ARBs) were associated with a statistically significant increase in peak jet velocity in a subset of the cohort (p = 0.042).
In this cohort, angiotensin modulators were not associated with slower progression of AS severity parameters. Rather, the GDMT members - ​​​​sodium-glucose cotransporter 2 (SGLT2) inhibitors and beta-blockers - were associated with differential reductions in stenosis severity markers in patients with LFLG severe AS."
PubMed,aortic stenosis,Valve Deterioration After Supra-Annular Transcatheter Aortic Valve Replacement: Impact of Annular Size and Gradient.,Ying-Hwa Chen; Hsiao-Huang Chang; Wei-Ting Wang; Hsin-Bang Leu; I-Ming Chen; Su-Man Lin,10.1016/j.jacasi.2026.05.022,2026-07-03,JACC. Asia,
PubMed,aortic stenosis,From natural to unnatural history of aortic valve stenosis: a tribute to Dr Braunwald's legacy.,Pompilio Faggiano; Giacomo Gamberini; Catherine M Otto,10.1136/heartjnl-2026-328534,2026-07-10,Heart (British Cardiac Society),
PubMed,aortic stenosis,Transcatheter aortic valve implantation outcomes by patient age and sex in COMPARE-TAVI 1: a cohort study.,Troels Thim; Henrik Nissen; Phillip Freeman; Jordi Sanchez Dahl; Evald Høj Christiansen; Ashkan Eftekhari; Bjarne Linde Nørgaard; Jonas Agerlund Povlsen; Steen Hvitfeldt Poulsen; Rebekka Vibjerg Jensen; Kristian Altern Øvrehus; Christian Juhl Terkelsen,10.1136/bmjopen-2026-121596,2026-07-10,BMJ open,"To explore the outcomes among patients treated with TAVI (transcatheter aortic valve implantation) in the COMPARE-TAVI 1 trial by age groups and sex.
Cohort study.
Three Danish university hospitals.
Patients treated with TAVI in the COMPARE-TAVI 1 trial (N=1030), 60 (5.8%), 337 (32.7%), 592 (57.5%) and 41 (4.0%) were in the four age groups, < 70, 70-79, 80-89 and 90+ years while 414 (40.2%) and 616 (59.8%) were of female and male sex.
Transfemoral TAVI with balloon-expandable valves (Sapien or Myval) performed between June 2020 and November 2023.
Post hoc analyses of trial secondary outcomes that include end-point committee-adjudicated outcomes.
In the four age groups, 1-year mortality rates were 8.3%, 5.6%, 5.6% and 7.3% while it was 5.8% in both sexes. Across the four age groups, 1-year stroke rates were 6.7%, 1.8%, 3.2% and 4.9%, and 5.1% among females and 4.7% among males. In the four age groups, 1-year new pacemaker rates were 7.5%, 15%, 19% and 13% while it was 15% among females and 18% among males. Females had smaller annuli than males and their gradients were higher and the effective orifice area lower after TAVI but their frequency of prosthesis-patient mismatch was similar at 1 year.
While comorbidity levels varied between groups, clinical outcomes were similar across age groups and between sexes.
NCT04443023."
PubMed,aortic stenosis,Impact of aortic valve leaflets calcium volume and distribution on Post-TAVR conduction abnormalities.,Symon Reza; Brandon Kovarovic; Danny Bluestein,10.1016/j.cmpb.2026.109543,2026-07-07,Computer methods and programs in biomedicine,"Transcatheter aortic valve replacement (TAVR) is increasingly used to treat aortic stenosis, including in low-risk patients. However, post-procedural cardiac conduction abnormalities (CCA), often requiring permanent pacemaker implantation (PPI), remain a concern. This study investigates how the volume and distribution of aortic leaflet calcium deposits influence the risk of post-TAVR CCA.
An electromechanically coupled four-chamber beating heart model was used to simulate TAVR with a self-expandable Evolut® 26 mm device. Five virtual patient scenarios were modeled with varying calcium volumes and distributions: no calcium, uniform distribution (3 Calc), and isolated calcification on the left coronary leaflet (LCL), right coronary leaflet (RCL), or non-coronary leaflet (NCL). Electrical conduction was simulated using a monodomain model and coupled with structural mechanics to evaluate tissue-device interactions. Metrics included principal stress, contact pressure, and contact pressure index (CPI) over three cardiac cycles.
Larger calcium volumes and specific leaflet distributions increased stress and contact pressure near the atrioventricular node. The LCL model exhibited the highest mechanical stress and peak contact pressure (13.1 kPa), while the NCL model showed the lowest (6.42 kPa). The RCL model had intermediate values. Elevated contact pressure and stress in the LCL case suggest an increased risk of conduction disruption and PPI.
Leaflet calcium deposit volume and distribution significantly influence mechanical stress and contact dynamics near the conduction system following TAVR. These insights support the integration of clinical data, such as leaflet calcium volume and distribution into pre-procedural planning to personalize risk assessment and improve patient outcomes."
PubMed,aortic stenosis,Lipoprotein(a) and Cardiovascular Risk: Emerging Therapeutic Perspectives with Implications for Chronic Kidney Disease.,Luca Di Lullo; Paola Peverini; Antonio Bellasi; Andre Dello Strologo; Claudio Ronco; Pasquale Saporito; Aldo Franculli,10.1159/000553534,2026-07-10,Cardiorenal medicine,"Lipoprotein(a) [Lp(a)] is an LDL-like particle containing apolipoprotein B100 covalently bound to apolipoprotein(a). Elevated Lp(a) is now recognized as a genetically determined, independent, and likely causal risk factor for atherosclerotic cardiovascular disease, calcific aortic valve stenosis, and residual cardiovascular risk despite optimal LDL-cholesterol control. Current European and North American recommendations support measuring Lp(a) at least once in adulthood, particularly for cardiovascular risk refinement. Lp(a) levels are predominantly inherited and are only modestly influenced by lifestyle or conventional lipid-lowering therapies. Chronic kidney disease represents a clinically relevant setting in which Lp(a) levels may rise as renal function declines and may contribute to the excess cardiovascular burden. However, the causal role of Lp(a) in CKD-related cardiovascular disease remains incompletely defined. Novel RNA-based and small-molecule therapies, including pelacarsen, olpasiran, lepodisiran, zerlasiran, and muvalaplin, have shown marked Lp(a)-lowering effects, but definitive cardiovascular outcome data are still missing."
PubMed,aortic stenosis,Consecutive Emergency Carotid Artery Stenting and Transcatheter Aortic Valve Replacement in a Patient With Cardiogenic Shock: A Case Report.,Max Groche; Claudio Silwanis; Clemens Steinwender; Thomas Lambert,10.1002/ccd.70741,2026-07-10,Catheterization and cardiovascular interventions : official journal of the Society for Cardiac Angiography & Interventions,"Severe aortic stenosis (AS) carries a poor prognosis when symptomatic, particularly in cardiogenic shock (CS). Emergency transcatheter aortic valve replacement (TAVR) is rarely performed but may represent a rescue therapy. Coexistent carotid artery stenosis (CAS) further increases procedural risk. We report the case of an 83-year-old female patient with severe AS and beginning CS. Imaging revealed severe right internal CAS and occlusion of the left internal carotid artery. Despite the use of norepinephrine, the patient progressed to deteriorating CS with acute kidney injury and impaired mental status. Given high surgical risk, a combined strategy was performed: right carotid stenting followed by transfemoral TAVR. Post-procedure, renal replacement therapy was initiated with rapid recovery of renal function. The patient was hemodynamically stabilized and discharged 14 days after the procedure with normalized ventricular function and a well-functioning prosthesis. This case illustrates the feasibility of consecutive transfemoral TAVR and interventional revascularization of CAS as life-saving rescue therapy in severe AS complicated by CS and cerebrovascular disease (CVD). A combined interventional approach addressing both CVD and valve obstruction enabled procedural safety and favorable recovery, supporting TAVR as a viable option in selected high-risk patients."
PubMed,aortic stenosis,Skeletal Muscle Oxygenation During Exercise and Its Association With Early Improvement in Exercise Tolerance After Transcatheter Aortic Valve Implantation.,Yasutomo Tanaka; Takako Tanaka; Yudai Yano; Tsubasa Watanabe; Yudai Fujiwara; Sayaka Kuga; Hinata Esaki; Ryohei Akashi; Tomohiro Honda; Tetsufumi Motokawa; Koji Maemura; Ryo Kozu,10.1253/circrep.CR-26-0083,2026-07-10,Circulation reports,"This study aimed to: (1) assess changes in peripheral skeletal muscle oxygenation during exercise after transcatheter aortic valve implantation (TAVI) in patients with severe aortic stenosis (AS); and (2) identify characteristics of patients who exhibited improved exercise tolerance.
In this single-center prospective study, 20 patients with severe symptomatic AS underwent evaluation before and 1 week after TAVI. Exercise tolerance was assessed using the incremental shuttle walk test (ISWT), and the incremental shuttle walk distance (ISWD) was recorded. Calf muscle oxygenation during the ISWT was continuously measured using near-infrared spectroscopy (NIRS). ISWD increased significantly after TAVI (P<0.01). During the ISWT, the change in oxygenated hemoglobin (∆O2Hb) was greater after TAVI than before TAVI. Compared with non-responders, responders demonstrated lower ∆O2Hb and greater increases in deoxygenated hemoglobin (∆HHb) from rest to peak exercise before TAVI (all P<0.05).
Peripheral skeletal muscle oxygenation during exercise improved early after TAVI. Moreover, a pre-TAVI pattern characterized by reduced oxygen delivery (lower ∆O2Hb) and enhanced oxygen extraction/utilization (higher ∆HHb) during exercise was associated with greater improvement in exercise tolerance after TAVI."
PubMed,aortic stenosis,Impact of Tricuspid Regurgitation on the Prognosis of Heart Failure With Preserved Ejection Fraction: Insights From the JROADHF.,Takeshi Tohyama; Masataka Ikeda; Tatsuya Watanabe; Hidetaka Kaku; Takuya Nagata; Nobuyuki Enzan; Shouji Matsushima; Tomomi Ide; Hiroyuki Tsutsui; Kohtaro Abe; JROADHF Investigators,10.1253/circrep.CR-25-0317,2026-07-10,Circulation reports,"The clinical impact of tricuspid regurgitation (TR) on the long-term prognosis of heart failure with preserved ejection fraction (HFpEF) remains unclear.
We analyzed the data of 4,456 patients with HFpEF from the Japanese Registry of Acute Decompensated Heart Failure (JROADHF) and identified 83 patients hospitalized primarily for TR. They had a higher mortality rate than those without TR. The 1- and 4-year mortality rates in the TR group were comparable with those for patients hospitalized primarily for aortic stenosis.
Hospitalization for TR is associated with a poor prognosis in patients with HFpEF."
PubMed,aortic stenosis,Surgical vs. trans-catheter aortic valve replacement in patients With bicuspid aortic valve stenosis.,Kobi Faierstein; Tal Caller; Dassi Moshkovitz; Efrat Sharon; Roy Raphael; Ido Cohen; Noam Makmal; Efrat Mazoe Dray; Afek Ash; Elad Maor; Ehud Regev; Amit Segev; Israel M Barbash; Paul Fefer,10.3389/fcvm.2026.1871325,2026,Frontiers in cardiovascular medicine,"Aortic valve stenosis can be treated surgically or with transcatheter aortic valve implantation (TAVI). However, bicuspid aortic valve (BAV) anatomy presents unique challenges that may affect procedural outcomes. We aimed to compare outcomes between the two approaches.
a retrospective cohort of 480 patients with BAV stenosis: 75 (16%) underwent TAVI and 405 (84%) underwent SAVR. Median age was 76 (Q1-Q3: 72-82) in the TAVI group and 61 (Q1-Q3: 52-70) in the SAVR group. Patients with isolated aortic insufficiency were excluded. Primary analyses were adjusted for age, sex, and comorbidities, followed by a sensitivity analysis using 1:1 age matching. Outcomes included overall survival, stroke/TIA, pacemaker implantation, paravalvular leak, and heart failure hospitalizations.
During a mean follow-up of 9 ± 5 years, 72 patients died (28 TAVI, 44 SAVR). TAVI was associated with higher mortality (adjusted HR = 5.9, 95% CI 2.6-12.9, p < 0.001), higher rates of pacemaker implantation (19% vs. 4%; HR = 2.6, 95% CI 1.1-6.7, p < 0.001), paravalvular leak (adjusted OR = 5.8, 95% CI 2.6-12.7, p < 0.001) and heart failure hospitalizations (IRR=7.7, 95% CI 2.7-22.2, p < 0.001). Stroke rates were similar. Age-matched analyses confirmed higher mortality (adjusted HR = 3.6, 95% CI 1.5-8.6, p = 0.004), increased pacemaker implantation (adjusted HR = 3.9, 95% CI 1.04-14.5, p = 0.002), and heart failure hospitalizations (IRR=7.7, 95% CI 3.9-15.1, p < 0.001).
In BAV stenosis, SAVR was associated with better survival and fewer complications than TAVI, while stroke/TIA rates were similar. Randomized trials are needed to determine the optimal treatment approach."
PubMed,aortic stenosis,"Prevalence, causes, management strategies, and outcomes of secondary interventions during long-term follow-up after endovascular aneurysm repair: a retrospective cohort study.",Hyo Jun Kim; Hyung Sub Park; Jinsol Jung; Ji Young Lee; Myung Yup Hyun; Jonghyuk Park; Taeseung Lee,10.4174/astr.2026.111.1.1,2026-07,Annals of surgical treatment and research,"This study was conducted to evaluate the prevalence, causes, management strategies, and outcomes of secondary interventions after endovascular aneurysm repair (EVAR) in a Korean cohort.
We retrospectively reviewed 242 patients who underwent standard EVAR for infrarenal abdominal aortic aneurysm at Seoul National University Bundang Hospital between 2008 and 2023. Clinical and anatomical parameters were analyzed. Secondary intervention indications, management, and outcomes were documented. Kaplan-Meier analysis estimated freedom from intervention and survival, and Cox regression identified predictors of mortality.
During a mean follow-up of 61.4 ± 45.8 months, 54 patients (22.3%) underwent 70 secondary interventions. The most common indications were Type II endoleaks with sac growth (24.1%), graft limb occlusion/stenosis (20.4%), Type IB endoleaks (11.1%), and Type III endoleaks (9.3%). Type II endoleaks were primarily treated with transarterial embolization, but many required repeated interventions or open conversion. Type I and III endoleaks were managed with stent graft extensions, endoanchors, or revision EVAR. Freedom from secondary intervention was 73.3% at 5 years and 57.5% at 10 years. Aneurysm-related survival was high (95.3% at 10 years), but overall survival declined to 42.5%, mainly due to comorbidities like malignancy, pneumonia, and cardiovascular disease. Multivariate analysis identified age, chronic obstructive pulmonary disease, hospital stay, and aneurysm diameter as independent mortality predictors, with dyslipidemia being protective.
Secondary interventions after EVAR were required in over 20% of patients, primarily for Type II endoleaks. While aneurysm-related survival remained high, overall survival was limited by comorbidities. Lifelong imaging surveillance and management of comorbidities are essential for optimizing EVAR outcomes."
PubMed,aortic stenosis,Cardio amyloid-artificial intelligence: advanced multi-modal screening for transthyretin cardiac amyloidosis in severe aortic stenosis patients.,Nusrat Binta Nizam; Ashley N Beecy; Jacob W Groenendyk; Fengbei Liu; Nelson I Barrera; Chris Kelsey; David vanMaanan; Jeffrey Ruhl; Naomi Tesfuzigta; Ilan Richter; Mathew S Maurer; Gabriel Sayer; Deborah Estrin; Parag Goyal; Nir Uriel; Mert R Sabuncu,10.1093/ehjdh/ztag064,2026-07,European heart journal. Digital health,"Early detection is important given the availability of new disease-modifying therapies and the high prevalence of transthyretin amyloid cardiomyopathy (ATTR-CM) among patients with aortic stenosis (AS) undergoing transcatheter aortic valve replacement (TAVR). We developed a multi-modal artificial intelligence (AI) model for early detection of ATTR-CM using chest computed tomography (CT), echocardiography, and electrocardiography. This approach may provide a scalable strategy for preclinical monitoring.
This retrospective study included patients who underwent technetium-99m-pyrophosphate (PYP) scintigraphy at two academic medical centres: Columbia University Irving Medical Center and Weill Cornell Medicine. ATTR-CM status was determined using a composite reference standard incorporating PYP scan interpretation, laboratory tests, and endomyocardial biopsy results when available. The diagnostic performance of the model was measured by the area under the receiver operating characteristic curve (AUROC), sensitivity, specificity, and predictive values at various thresholds. Among 816 patients (median age 79.0 years, 61.2% male), 127 (15.6%) had confirmed ATTR-CM. Patients with ATTR-CM were older, more often male, and had characteristic echocardiographic features, including increased wall thickness and reduced ejection fraction. In the independent TAVR test cohort, the multi-modal AI model achieved an AUROC of 0.85 [95% confidence interval (CI): 0.74-0.93], significantly outperforming single-modality approaches in our data. At the optimal threshold, the model demonstrated 73.3% sensitivity, 82.9% specificity, and 96% negative predictive value.
A multi-modal AI approach using routinely acquired chest CT, echocardiography, and electrocardiography data can enable screening for ATTR-CM in TAVR patients, potentially facilitating earlier diagnosis and treatment initiation."
PubMed,aortic stenosis,Artificial intelligence-based calcium scoring using 3D transesophageal echocardiography in aortic stenosis: a pilot study.,Paula Fazendas; Rita Bairros; Luís Brito Elvas; Liliana Brochado; João Carlos Ferreira; Rita Gomes; Ana Rita Pereira; Cristina Martins; José Pereira; Cândida Lourenço; Tomás Brandão; Hélder Pereira; Ana G Almeida,10.1186/s44348-026-00080-x,2026-07-10,Journal of cardiovascular imaging,"Aortic valve calcium scoring by computed tomography (CT) is an established method for assessing aortic stenosis severity but is limited by radiation exposure and availability. Artificial intelligence (AI)-based calcium detection using transthoracic echocardiography has shown promise but depends on acoustic window quality. Transesophageal echocardiography (TEE), particularly 3D TEE, may overcome these limitations by providing improved visualization without radiation. The objective of this study is to evaluate the feasibility of AI-based quantification of aortic valve calcium using 3D TEE.
In this prospective pilot study, 23 patients (median age, 76 years; 56.5% male) with moderate or severe aortic stenosis underwent 3D TEE and CT. Multiplanar reconstruction generated 1.5-mm diastolic short-axis slices. A computer vision-based model identified calcium-related speckles. An automated TEE calcium score was derived from the sum of calcium pixels across 11 frames per patient, which was compared with the CT Agatston score.
The TEE calcium score showed a significant positive correlation with CT Agatston scores (r = 0.65, P < 0.001). Receiver operating characteristic analysis yielded an area under the curve of 0.87 (95% confidence interval, 0.69-1.00) for identifying severe calcification (cutoff, 68,813 pixels; sensitivity, 89.5%; specificity, 75.0%).
AI-based calcium quantification using 3D TEE is feasible and correlates with CT-derived scores. This radiation-free approach may provide a promising alternative for assessing aortic valve calcification."
PubMed,aortic stenosis,Tirzepatide and risk of newly diagnosed aortic stenosis in patients with obesity: a multi-institutional real-world cohort study.,Jheng-Yan Wu; Keng-Wei Lee; Sheng-Chi Huang; Hsuan-Yuan Chang; Yu-Min Lin,10.1186/s12872-026-06269-8,2026-07-09,BMC cardiovascular disorders,"Obesity is a major risk factor for the development of degenerative aortic stenosis (AS), yet no pharmacologic therapy has been proven to prevent AS onset. Tirzepatide, a dual GIP/GLP-1 receptor agonist, provides greater metabolic and anti-inflammatory benefits than conventional GLP-1 receptor agonists (GLP-1 RAs). Whether tirzepatide reduces the risk of incident AS remains unknown.
To evaluate the association between tirzepatide use and the risk of newly diagnosed AS or aortic valve replacement (AVR) compared with GLP-1 receptor agonists in adults with obesity.
This retrospective cohort study used the TriNetX global federated database. Adults ≥ 18 years with obesity who initiated tirzepatide or GLP-1 RAs between 2022 and 2025 were identified. An active-comparator, new-user design with 1:1 propensity score matching (PSM) was applied. The primary endpoint was a composite of newly diagnosed AS or AVR. Secondary outcomes included individual AS, AVR, and all-cause mortality. Cox proportional hazards models estimated hazard ratios (HRs) with 95% confidence intervals (CIs). Robustness was assessed using negative-control outcomes and E-values.
After PSM, 584,236 patients were included. During follow-up, tirzepatide users had a significantly lower risk of AS or AVR compared with GLP-1 RA users (0.2% vs. 0.6%; HR 0.90, 95% CI 0.81-0.98; P = 0.022). Tirzepatide was also associated with reduced risk of newly diagnosed AS (HR 0.90, 95% CI 0.81-0.99; P = 0.025) and lower all-cause mortality (HR 0.88, 95% CI 0.81-0.95; P = 0.001). No association was observed for the negative-control outcome of skin cancer. Subgroup findings were generally consistent, with stronger protective associations observed in women and adults ≥ 65 years. In a sensitivity analysis using a no-treatment comparator, tirzepatide was also associated with lower risks of AS/AVR, AS, AVR, and all-cause mortality; however, the mortality association was interpreted cautiously because of potential healthy-user and treatment-selection biases.
Among adults with obesity, tirzepatide use was associated with a significantly lower incidence of newly diagnosed AS or AVR compared with GLP-1 RAs during follow-up, suggesting a potential association between tirzepatide use and a lower rate of newly diagnosed AS/AVR. Because AS may remain asymptomatic for years and echocardiographic progression data were unavailable, these findings should be interpreted as hypothesis-generating. Prospective studies are needed to confirm causality and elucidate underlying mechanisms."
PubMed,aortic stenosis,Successful off-label use of vascular closure devices in fully percutaneous transaxillary aortic valve implantation.,Philipp Lauten; Sabine Bleiziffer; Lisa C Costello-Boerrigter; Björn Göbel; Christian Albert; Mahmoud Al Jassem; David Gonzalez-Lopez; Bernhard Schieffer; Harald Lapp,10.1136/openhrt-2026-004150,2026-07-09,Open heart,"The axillary artery is an alternative access- site for transcatheter aortic valve implantation (TAVI) when femoral arteries are unfavourable. Simplified transaxillary-TAVI (TAx-TAVI) is performed completely percutaneously, using vascular closure device (VCD) techniques for arteriotomy closure. Concerns exist regarding major vascular complications with this technique. This registry-study describes off-label VCD use during simplified TAx-TAVI.
Consecutive severe aortic stenosis patients unsuitable for both surgery and transfemoral access were enrolled in our heart valve registry and underwent simplified TAx-TAVI using VCDs for arteriotomy closure. At the operator's discretion, closure was performed with a collagen-based plug (MANTA) or a suture-based system (double ProGlide). The primary endpoint was axillary access-related major vascular complications in hospital and at 30 days according to Valve Academic Research Consortium (VARC-3) definitions. Secondary endpoints included axillary access-site bleeding and all-cause mortality during hospitalisation to 30 days post-TAx-TAVI.
From January 2022 to January 2024, 32 patients (mean age 77 years, 31.3% female) underwent simplified TAx-TAVI using VCDs. MANTA and ProGlide were each used in 50.0% of cases (n=16). Local anaesthesia with conscious sedation was used in 21.9% (n=7). Overall VARC-3 device success was 96.9% (31/32). VCD failure occurred in 25.0% (8/32) and was numerically more frequent with ProGlide (31.3%) than MANTA (18.8%). A covered stent was required for definitive axillary haemostasis in 12.5% (4/32). The 30-day axillary major vascular complication rate was 3.1% (1/32). No major bleeding complications occurred. All-cause 30-day mortality was 3.1% (1/32). New permanent pacemaker implantation occurred in 12.5% (4/32). At 30 days, New York Heart association (NYHA) class improved by at least one category in 68.8% (22/32).
In these simplified TAx-TAVI cases, MANTA and ProGlide VCDs performed well in terms of vascular and bleeding complications. Simplified TAx-TAVI requires advanced access-site management skills, including covered stent use. We found VCDs approved for femoral use safe with axillary access."
PubMed,aortic stenosis,Beyond the Valve: Redefining Moderate Aortic Stenosis Management.,Elena Ferrer-Sistach; Victoria Delgado,10.1016/j.echo.2026.07.002,2026-07-09,Journal of the American Society of Echocardiography : official publication of the American Society of Echocardiography,
PubMed,aortic stenosis,Sex Differences in Hypertrophic Cardiomyopathy.,Sonu Abraham; Natalie Tapaskar; Anu Saji; Radha Kanneganti; Radmila Lyubarova; Eman Rashed; Roopa Rao,10.1007/s11886-026-02387-z,2026-07-09,Current cardiology reports,"This review summarizes contemporary evidence regarding sex-based differences in hypertrophic cardiomyopathy (HCM), including disparities in presentation, disease progression, outcomes, and management.
Women with HCM are frequently diagnosed later than men and often present with more advanced symptoms, greater left ventricular outflow tract obstruction, worse diastolic dysfunction, and higher heart failure burden. Despite similar rates of ventricular arrhythmias and sudden cardiac death, women experience greater progression to advanced heart failure and poorer quality of life. Emerging evidence suggests that current sex-neutral risk assessment tools may underestimate disease severity in women. Cardiac myosin inhibitors demonstrate similar efficacy across sexes, with some studies suggesting greater symptomatic improvement in women. Persistent disparities in referral patterns, access to specialized care, and representation in clinical trials continue to affect outcomes. Sex-specific differences significantly impact the phenotype, progression, and management of HCM. Greater recognition of these differences is essential to improve individualized care and reduce disparities in outcomes for women with HCM."
PubMed,mitral regurgitation,Sex-Related Differences in Outcomes and Thresholds for Intervention in Primary Mitral Regurgitation: A Systematic Review and Meta-Analysis.,Edouard Long; Rebecca T Hahn; Martha Gulati; Camelia Demetrescu; Benoy N Shah; Sanjeev Bhattacharya; Narain Moorjani; Gianluca Lucchese; Rajdeep Bilkhu; Paolo Bosco; Tiffany Patterson; Simon Redwood; Philippe Pibarot; Bernard Prendergast; Ronak Rajani; Vitaliy Androshchuk,10.1016/j.jcmg.2026.05.013,2026-07-08,JACC. Cardiovascular imaging,"Evidence on sex differences in outcomes after interventions for primary mitral regurgitation (PMR) remains conflicting. The authors performed a dedicated meta-analysis to examine whether guideline-recommended thresholds for intervention may contribute to these discrepancies.
Electronic databases were searched for studies reporting long-term outcomes of patients undergoing surgical or transcatheter interventions for PMR, stratified by sex. The primary endpoint was all-cause mortality, and the secondary endpoint was major adverse cardiovascular events. Reconstructed time-to-event individual patient data were used to derive frailty-adjusted Cox models and restricted mean survival time. To investigate whether sex-based differences in baseline characteristics had a modulating effect on differences in all-cause mortality, meta-regression was performed on individual patient data-derived HRs using a linear mixed-effects model.
Across 17 studies (N = 25,690), women comprised the minority (n = 9,632, 37.5%) and were significantly older (mean difference: 3.2 years, 95% CI: 2.2-4.3) with a greater proportion of heart failure symptoms (OR: 1.8; 95% CI: 1.6-2.1). At 15.7 years of follow-up, women had significantly greater risk of all-cause mortality compared with men (HR: 1.15; 95% CI: 1.07-1.24), corresponding to a survival deficit of 5.8 months (95% CI: 3.7-7.7). Similar results were observed in sensitivity analyses restricted to surgical intervention studies (HR: 1.18; 95% CI: 1.10-1.27). Female sex was also associated with significantly increased major adverse cardiovascular events (n = 2,775) (HR: 1.37; 95% CI: 1.11-1.70; Δ restricted mean survival time: 8.5 months, 95% CI: 2.4-14.5). Age, ≥ moderate tricuspid regurgitation (TR), and concomitant tricuspid valve repair (TVr) emerged as significant moderators of sex differences in mortality after intervention for PMR (P < 0.001, P = 0.03, and P < 0.001, respectively). A greater proportion of ≥ moderate TR and TVr in women conferred increased mortality relative to men. Neither left ventricular nor left atrial parameters significantly moderated sex differences in all-cause mortality (all P > 0.05).
At the time of PMR intervention, women are older, have more symptoms, and worse long-term outcomes compared with men. Older female age alongside higher prevalence of ≥ moderate TR and TVr explained a significant proportion of this heterogeneity in sex-related all-cause mortality, whereas differences in left ventricular and left atrial parameters had no significant influence. A careful appraisal of current guidelines to ensure equality of health care outcomes between sexes is warranted."
PubMed,mitral regurgitation,Comparison of Outcomes of Leadless Versus Transvenous Pacemakers Following Tricuspid Valve Surgery.,Tomonari M Shimoda; Yoshihisa Miyamoto; Hiroki A Ueyama; Shinobu Itagaki; Tsuyoshi Kaneko; Hiroshi Gotanda; Kosuke Inoue; Shinichi Fukuhara; Gorav Ailawadi; Hiroo Takayama; Toshiki Kuno; Yusuke Tsugawa,10.1161/JAHA.126.049636,2026-07-10,Journal of the American Heart Association,"Transvenous pacemaker implantation after tricuspid valve surgery may cause adverse outcomes due to lead-valve interactions. Although leadless pacemakers may mitigate these risks, empirical data remain limited.
We compared outcomes of leadless versus transvenous pacemakers following tricuspid surgery using a target trial emulation framework. We analyzed Medicare beneficiaries aged ≥65 years who underwent tricuspid valve surgery and received a pacemaker during the index admission between 2017 and 2021, using propensity score matching weight analysis to control for confounders. Primary outcomes were in-hospital death and 2-year heart failure hospitalization. Secondary outcomes included 2-year death.
We included 185 and 1336 patients in the leadless and transvenous groups, respectively. Use of leadless pacemakers increased from 6.3% in 2017 to 17.5% in 2021. Leadless pacemaker recipients more often underwent tricuspid valve replacement (29.2% versus 8.5%) while concomitant mitral surgery was less common (69.2% versus 86.8%). After adjustment, we found no evidence that in-hospital death (adjusted odds ratio, 1.82 [95% CI, 0.65-5.13] for leadless) and 2-year heart failure hospitalizations (subdistribution hazard ratio [HR], 0.88 [95% CI, 0.60-1.30] for leadless) differed between the 2 groups. We also found no evidence that 2-year death (adjusted HR, 1.04 [95% CI, 0.69-1.57] for leadless) differed between groups.
No statistically significant differences were detected between leadless versus transvenous pacemaker implantations after tricuspid valve surgery. However, CIs were wide, and a clinically meaningful difference in either direction cannot be excluded. The study may therefore be underpowered, and the absence of echocardiographic data limits assessment of tricuspid regurgitation, warranting prospective studies."
PubMed,mitral regurgitation,"Hammock mitral valve in a 12-day-old female: pathophysiology, management and legal issues.",Antonino Giulio Giannone; Tommaso D'Anna; Giuseppe Calcaterra; Giuseppe Calì; Elisabetta Orlando; Giovanni De Lisi; Eleonora Formisano; Ginevra Malta; Emanuele Lo Rito; Ada Maria Florena; Beatrice Belmonte; Emiliano Maresi,10.1016/j.legalmed.2026.102919,2026-07-09,"Legal medicine (Tokyo, Japan)","Hammock mitral valve (HMV), or mitral arcade (MA), is an extremely rare congenital mitral anomaly characterized by absent fibrous chordae and hypertrophic papillary muscles directly inserting into the leaflets. This rare valve structure can trigger severe mitral regurgitation and overwhelm a newborn's heart and lungs within days. Because symptoms often resemble those of more common respiratory or cardiac issues, early diagnosis is difficult - but vital. Recognizing the anomaly in time and referring the infant to a specialized center can make the difference between life and death.
We report the case of a 12-day-old female who died suddenly from acute heart failure secondary to undiagnosed HMV/MA. We conducted a comprehensive forensic investigation by analyzing medical records, autopsy findings, and the clinical course as inferred from the available documentation. Gross pathology examination showed congenital mitral arcade. Histological examination highlighted massive pulmonary congestion, diffuse alveolar damage, and signs of circulatory overload. Imaging and gross anatomical findings ruled out other congenital heart defects.
This case illustrates the challenges of diagnosing HMV/MA in newborns, particularly when symptoms resemble more common heart or lung conditions. Recognizing the condition early requires a sharp clinical eye, expert echocardiography, and prompt referral to a specialized center. Delays in recognizing the condition or referring the patient to a specialized center may raise liability concerns. From a medico-legal standpoint, thorough documentation of pre- and perinatal care and complete autopsy with targeted cardiac examination are crucial for determining the cause of death and assessing standard-of-care compliance."
PubMed,mitral regurgitation,Prediction of long-term survival in patients with concomitant pulmonary hypertension and its subtypes after successful transcatheter edge-to-edge mitral valve repair.,Felix Ausbuettel; Fares Kano; Nikolaos Patsalis; Christin Fichera; Dimitar Divchev; Carlo-Federico Fichera,10.21037/cdt-2025-1-654,2026-06-18,Cardiovascular diagnosis and therapy,"Pulmonary hypertension (PH) is a comorbidity closely associated with high-grade mitral valve regurgitation (MR), for which transcatheter edge-to-edge mitral valve repair (M-TEER) is a valuable treatment method. To date, conflicting evidence exists regarding the impact of PH on treatment outcomes due to divergent PH definitions between studies and the updated guideline definitions. This study aimed to investigate the prevalence of PH and its respective subtypes and their impact on long-term survival after M-TEER.
In this monocentric cohort study, all patients who underwent M-TEER and provided right heart catheterization (RHC) data were analyzed. PH and its respective subtypes were defined according to the current guidelines. Differences in long-term survival were analyzed using the Kaplan-Meier method, and independent predictors of mortality were analyzed using uni- and multivariable Cox regression analyses.
A total of 183 patients underwent M-TEER, but 58 patients had to be excluded from further analysis due to insufficient hemodynamic recordings. Among the included patients, 77.6% (97/125) revealed concomitant PH. Combined post- and precapillary PH (Cpc-PH) was the most common subtype in 56.7% (55/97) of patients. This subtype was associated with significantly greater morbidity compared with isolated postcapillary PH (Ipc-PH), which was the second most common subtype, observed in 39.2% (38/97) of the patients. Long-term survival significantly deteriorated in PH patients, while Ipc-PH patients presented a nonsignificant trend towards better survival compared to those with Cpc-PH. Although there was a significant correlation between noninvasive and invasive measurements of pulmonary artery systolic pressure (PASP) among Cpc-PH patients, PASP was significantly underestimated by noninvasive measurements in both PH cohorts.
The early differentiation of patients undergoing M-TEER with respect to PH and its complicating comorbidities could represent a potential approach to improve long-term outcomes. Invasive RHC measurements remain crucial for classifying PH subgroups and their underlying PASP."
PubMed,mitral regurgitation,Mitral regurgitation and atrial fibrillation recurrence in hypertrophic cardiomyopathy: association or modifiable substrate?,Teruhiko Imamura,10.21037/cdt-2026-0229,2026-06-18,Cardiovascular diagnosis and therapy,
PubMed,mitral regurgitation,Outcomes of Robotic Mitral Valve Repair for Degenerative Mitral Valve Regurgitation in Patients Aged ≥80 Years: Its Role in the Era of Expanding Transcatheter Edge-to-Edge Repair.,Miho Kuroda; Taisuke Nakayama; Kasumi Tamagawa; Yuka Higuma; Kusumi Niitsuma; Miku Konaka; Ken Niitsuma; Yuto Yasumoto; Satoshi Okugi; Yujiro Hayashi; Ryo Tsuruta; Yujiro Ito; Hiroaki Yusa; Yoshitsugu Nakamura,10.1253/circrep.CR-26-0052,2026-07-10,Circulation reports,"Transcatheter edge-to-edge repair (TEER) has increasingly been used for elderly patients with degenerative mitral regurgitation (DMR), while minimally invasive surgical approaches such as robotic mitral valve repair (RMVr) may offer durable repair with reduced invasiveness. We evaluated the safety and durability of RMVr in octogenarians with DMR and assessed its role in contemporary treatment strategies by comparison with younger patients as a reference cohort.
We retrospectively analyzed 412 patients who underwent RMVr for DMR from 2018 to 2025. Patients were divided into an elderly group (E; age ≥80 years; n=42) and a younger group (Y; age <80 years; n=370). Octogenarians had higher operative risk with more atrial fibrillation, heart failure, pulmonary hypertension, and renal dysfunction. Cardiopulmonary bypass and cross-clamp times, repair complexity, and concomitant procedures were comparable. In the E group, hospital mortality and stroke were both 2.4%; there were no conversions to sternotomy, re-explorations for bleeding, or new renal replacement therapy. At discharge, mitral regurgitation was none or trivial in most patients in both groups. At 5 years, overall survival was lower in the E group (80.3% vs. 97.3%), but freedom from cerebrovascular events, reoperation, and moderate or greater mitral regurgitation was similar.
RMVr is a feasible and durable surgical option in selected octogenarians considering patient-specific risk, anatomical suitability, and institutional expertise."
PubMed,mitral regurgitation,Prognostic Impact of Cardiorenal Anemia Syndrome in Patients With Atrial Functional Mitral Regurgitation: Subanalysis From REVEAL-AFMR Registry.,Madoka Sano; Taiji Okada; Tomohiro Kaneko; Masashi Amano; Yukio Sato; Yohei Ohno; Masaru Obokata; Kimi Sato; Kojiro Morita; Tomoko Machino-Ohtsuka; Yukio Abe; Yutaka Furukawa; Nobuyuki Kagiyama; REVEAL-AFMR Study Group,10.1253/circrep.CR-26-0045,2026-07-10,Circulation reports,"Atrial functional mitral regurgitation (AFMR) frequently affects older patients, but the high-risk patient subgroups requiring careful follow-up and targeted therapy remain unclear. AFMR causes venous congestion and reduced forward cardiac output, which may accelerate chronic kidney disease (CKD) and anemia. Cardiorenal anemia syndrome (CRAS) is a known prognostic factor in heart failure (HF), and AFMR-specific hemodynamic disturbances may amplify its consequences. The aim of this study was to evaluate the impact of CRAS on cardiovascular outcomes in AFMR.
The multicenter, retrospective, observational REVEAL-AFMR registry enrolled patients with moderate-to-severe AFMR in 2019. Patients were stratified into CRAS and non-CRAS groups based on the simultaneous presence of HF, CKD, and anemia. The primary outcome was a composite of all-cause death and HF hospitalization. Among the 957 patients analyzed, 243 had CRAS. Over a median follow-up period of 1,043 days, 279 composite events occurred. Kaplan-Meier analysis demonstrated a higher incidence of composite outcomes in the CRAS group across all AFMR severities. Multivariable Cox regression analysis identified CRAS, older age, lower body mass index, and lower systolic blood pressure as independent predictors of cardiovascular events.
CRAS is common in AFMR and may be independently associated with an increased risk of future cardiovascular events. Assessment of CRAS may be helpful for risk stratification and management in this population."
PubMed,mitral regurgitation,Association Between Ergot-Derived Dopamine Agonists and Valvular Heart Disease: A Systematic Review and Meta-Analysis.,Amer Hammad; Sindhura Ananthaneni; Own Khraisat; Abdullah Ahmad; Hasan Munshi; Rama Al-Ashqar; Roma Patel; Pruthvi Goparaju; Abdel Rahman Dajani; Fayez Shamoon; Rahul Vasudev,10.1097/CRD.0000000000001387,2026-07-09,Cardiology in review,"Dopamine agonists (DAs) have been linked to valvular heart disease (VHD). Literature suggests worsening valvular regurgitation with usage of these drugs, although some reports have found no significant association. This systematic review and meta-analysis aimed to determine whether treatment with ergot-derived DAs is associated with an increased incidence of VHD or worsening of preexisting valvular regurgitation. A systematic review and meta-analysis was conducted by synthesising data from multiple observational studies and clinical trials, focusing on the effects of both ergot-derived and non-ergot DAs on the development of VHD. Inclusion criteria were patients diagnosed with Parkinson disease or hyperprolactinaemia treated with DAs. Baseline patient characteristics including sex, ethnicity, cardiovascular risk factors, dosage, and duration of treatment were evaluated. Pooled risk estimates were calculated using random-effects models. Among 47,270 patients from 33 observational studies, those on ergot-derived DAs had a higher rate of developing VHD (4.0% vs 1.1% in non-ergot DA users or controls). The pooled risk ratio of VHD was significantly elevated in patients treated with pergolide [risk ratios (RR) 2.29, 95% confidence interval (CI): 1.62-3.24], cabergoline (RR 1.68, 95% CI: 1.21-2.34), and bromocriptine (RR 1.52, 95% CI: 1.02-2.27). Compared to controls, ergot-derived DAs were associated with an increased risk for aortic (RR 2.75, 95% CI: 1.81-4.20), mitral (RR 1.70, 95% CI: 1.23-2.36), and tricuspid (RR 1.54, 95% CI: 1.08-2.20) regurgitation. Ergot-derived DAs are significantly associated with an increased risk of VHD. Close echocardiographic monitoring should be emphasised for patients receiving ergot-derived DAs, particularly those on long-term or high-dose therapy."
PubMed,mitral regurgitation,Early Degeneration of a Next-Generation Mitral Bioprosthesis in the Tricuspid Position Treated With Valve-in-Valve.,Silvia Corona; Sebastián Mrad; Reda Ibrahim; Blandine Mondésert; Marco Julien; Louis-Philippe David; Patrick Garceau; Denis Bouchard; Stephanie Tan; Ralph Stephan von Bardeleben; Walid Ben Ali,10.1016/j.jaccas.2026.108734,2026-07-08,JACC. Case reports,"Bioprosthetic tricuspid valve replacement is increasingly performed, but long-term durability data are limited. The Edwards Mitris Resilia valve, designed for the mitral position, has been used off-label in the tricuspid position, with scarce evidence of outcomes.
We report 2 patients who developed early (<2-year) structural valve degeneration of the Mitris Resilia bioprosthesis in the tricuspid position. Both presented with symptomatic severe intraprosthetic tricuspid regurgitation. Given the prohibitive surgical risk of redo sternotomy, we opted for valve-in-valve (ViV) transcatheter tricuspid valve replacement (TTVR) using the Edwards Sapien 3 Ultra Resilia transcatheter heart valve. Both procedures were successful, with no residual regurgitation or paravalvular leak.
To our knowledge, this is the first reported series of early Mitris Resilia structural valve degeneration in the tricuspid position. The cases highlight potential concerns about the durability of bioprostheses in the tricuspid position, especially in congenital heart disease or redo settings. Valve-in-valve tricuspid valve replacement with balloon-expandable transcatheter valves proved to be feasible, safe, and effective, preventing high-risk surgical reoperation. Early intervention is crucial to avoid irreversible right ventricular dysfunction."
PubMed,mitral regurgitation,Combining Transcatheter Edge-to-Edge Repair and Commissural Plug Occlusion for Complex Degenerative Mitral Regurgitation.,Yan-Jie Li; Lan Ma; Zi-Yong Hao; Xin Pan,10.1016/j.jaccas.2026.108350,2026-07-08,JACC. Case reports,"Degenerative mitral regurgitation involving the commissures remains a challenging anatomical subset for transcatheter repair.
An 86-year-old male with high surgical risk presented with symptomatic, severe degenerative mitral regurgitation due to A3 prolapse extending to the posteromedial commissure and a measured mitral valve area of 3.8 cm2. The heart team was elected for transcatheter edge-to-edge repair. Despite successful implantation of a single clip in the A3-P3 region, moderate residual commissural regurgitation persisted. The small native valve area and insufficient leaflet length after the first clip precluded safe placement of a second device. As a bailout strategy, a vascular plug was deployed to specifically occlude the residual commissural leak.
This simultaneous hybrid approach successfully reduced mitral regurgitation to mild, demonstrating a novel solution for managing complex anatomical challenges where conventional transcatheter edge-to-edge repair is insufficient.
Commissural involvement combined with a small mitral valve area and limited leaflet length may render conventional multiclip transcatheter edge-to-edge repair unfeasible, increasing the risk of residual regurgitation. This hybrid transcatheter strategy, combining edge-to-edge repair with targeted plug occlusion, can expand the treatable spectrum of complex degenerative mitral regurgitation in high-surgical-risk patients."
PubMed,mitral regurgitation,Percutaneous valve intervention for severe mitral regurgitation complicated by lung sepsis.,Farah Greiw; Shkaar Affandi; Will Wallis,10.5837/bjc.2025.028,2025,The British journal of cardiology,"Severe mitral regurgitation (MR), when complicated by a co-existing lung abscess, is a management challenge, as both conventional cardiac and thoracic surgical interventions may be contraindicated. In the case described below, transcatheter edge-to-edge mitral valve repair (TEER) was utilised to achieve haemodynamic stability, permitting subsequent thoracic surgical lung abscess resection. We report the case of a 60-year-old man with torrential MR secondary to chordal rupture presenting with recurrent pulmonary oedema, complicated by lung sepsis and abscess formation resistant to antibiotic therapy and precluding open valvular repair. The presence of a lung abscess contraindicated open mitral valve repair, and the severity of MR precluded thoracic surgical treatment of the lung abscess, precluding any form of surgical intervention. A successful TEER procedure resulted in a reduction of MR from severe to no more than mild-to-moderate, enabling haemodynamic stabilisation and permitting subsequent thoracic surgical treatment of the lung abscess. Our case demonstrates the possibility of treating severe MR with TEER in the presence of a lung sepsis and abscess, when both conventional cardiac and thoracic surgical interventions were considered contraindicated. This later enabled thoracic surgery and treatment of the lung abscess."
PubMed,mitral regurgitation,Clinical improvement of functional mitral and tricuspid regurgitation following transcatheter aortic valve implantation with the NAVITOR VISION system: a case report.,Akira Otani; Joshi Tsutsumi; Tatsuki Doijiri; Minako Hayakawa; Mimiko Tabata,10.1093/ehjcr/ytag479,2026-07,European heart journal. Case reports,"Concomitant mitral regurgitation (MR) and tricuspid regurgitation (TR) are frequently encountered in patients with severe aortic stenosis (AS) and are associated with adverse clinical outcomes after transcatheter aortic valve implantation (TAVI). However, the impact of transcatheter heart valve selection on post-procedural multi-valvular haemodynamics remains incompletely understood.
An 87-year-old woman with symptomatic low-flow, low-gradient AS complicated by moderate-to-severe MR and severe TR was admitted with refractory heart failure despite intensive medical therapy. Given her advanced age, frailty, and high surgical risk, transfemoral TAVI was performed using a 23-mm Navitor™ Vision valve (Abbott Structural Heart, Santa Clara, CA, USA).Valve selection was guided by the presence of a small aortic annulus and the need to balance optimal haemodynamic performance with minimization of potential mitral valve interaction. The procedure was successfully completed without significant residual transvalvular gradient or paravalvular leakage. Following TAVI, relief of afterload was achieved, leading to improvement in functional MR and TR, with discontinuation of inotropic support. Follow-up echocardiography demonstrated a reduction in both MR and TR, accompanied by a decrease in right ventricular systolic pressure.
We report a case of symptomatic low-flow, low-gradient AS with concomitant MR and TR that was successfully treated with TAVI using a Navitor Vision valve. In patients with small annuli and complex multi-valvular disease, careful transcatheter heart valve selection and procedural optimization may facilitate favourable haemodynamic outcomes and reverse remodelling."
PubMed,mitral regurgitation,Transcatheter edge-to-edge repair with DragonFlyTM system and 'stepless self-locking' strategy in a patient with mixed mitral regurgitation: a case report.,Xinping Lin; Yuming Wang; Boren Tan; Jian'an Wang; Xianbao Liu,10.1093/ehjcr/ytag435,2026-07,European heart journal. Case reports,"Transcatheter edge-to-edge repair (TEER) has emerged as an alternative treatment for severe mitral regurgitation (MR). However, complex anatomical features of mitral valve pose significant technical and procedural challenges for TEER. In patients whose effective regurgitation reduction requires multiple clips, a small mitral valve area (MVA) limits TEER by increasing the risk of post-procedural elevated transvalvular gradients and iatrogenic stenosis.
A 90-year-old man presented with progressive tightness of breath that remained refractory to drug-based medical therapy. Echocardiography revealed severe mixed mitral regurgitation characterized by C1 segment prolapse and atrial functional mitral regurgitation with a small MVA of 4.09 cm2. Given his advanced age and prohibitive surgical risk (Society of Thoracic Surgeons [STS] score for repair: 10.49%), the multidisciplinary Heart Team elected to perform TEER using the DragonFlyTM system. The procedure was successfully performed under transoesophageal echocardiographic (TEE) guidance with the sequential implantation of two clips. The second clip utilized a 'Stepless self-locking' strategy to carefully balance the reduction of regurgitation against the transmitral pressure gradient elevation. Regurgitation was reduced from grade 4 + to 1 + with a final mean gradient of 4 mmHg and no evidence of significant mitral stenosis. The patient experienced a marked improvement in functional status during the follow-up period.
This case highlights the importance of individualized anatomical assessment and tailored device selection in managing patients with MR and complex, challenging structure. Precise clip sizing and stepwise deployment strategies can successfully balance MR reduction while preserving MVA. Such tailored approaches are essential to prevent iatrogenic complications and optimize clinical outcomes in high-risk populations."
PubMed,mitral regurgitation,Transcatheter Mitral Valve-in-Valve Replacement With Microaxial Flow-Pump Support for Bioprosthetic Valve Failure.,Daniel Schwarzkopf; Hristian Hinkov; Anika Nagel; Chong Bin Lee; Christoph Klein; Marian Kukucka; Evgenij Potapov; Axel Unbehaun,10.1016/j.jaccas.2026.109080,2026-07-08,JACC. Case reports,"Structural deterioration of bioprosthetic mitral valves is a common cause of late valve failure, requiring surgical or transcatheter replacement of the failed prosthesis. In rare cases, hemodynamic compromise may lead to cardiogenic shock, requiring mechanical circulatory support and making treatment particularly challenging.
A 76-year-old man with prior bioprosthetic mitral valve replacement presented with cardiogenic shock. A microaxial flow pump was implanted. Echocardiography revealed severe transvalvular mitral regurgitation due to leaflet tear. Because of prohibitive surgical risk, the heart team opted for transcatheter mitral valve-in-valve replacement. The procedure resulted in immediate hemodynamic stabilization and weaning from mechanical support within 24 hours.
This case demonstrates the feasibility of transcatheter mitral valve replacement combined with microaxial flow-pump support in cardiogenic shock as a potential rescue therapy in selected patients.
Timely transcatheter intervention may be life-saving in cardiogenic shock due to bioprosthetic mitral valve failure."
PubMed,mitral regurgitation,Preoperative fragmented QRS as a predictor of postoperative left ventricular systolic dysfunction after isolated mitral valve replacement.,İsmail Balaban; Seda Tanyeri Uzel; Ahmet Karaduman; Zeynep Esra Guner; Barkin Kultursay; Cemalettin Yilmaz; Mustafa Ferhat Keten; Kadir Biyikli,10.1186/s12872-026-06266-x,2026-07-09,BMC cardiovascular disorders,"Despite preserved preoperative left ventricular ejection fraction (LVEF), many patients develop postoperative left ventricular (LV) systolic dysfunction after mitral valve surgery for chronic mitral regurgitation. Fragmented QRS (fQRS) on surface electrocardiography has been proposed as a simple marker of adverse myocardial substrate. This study evaluated the prognostic value of preoperative fQRS for predicting postoperative LV systolic dysfunction after isolated mitral valve replacement and developed an exploratory perioperative risk model.
This retrospective study included 279 consecutive patients undergoing elective isolated mitral valve replacement for chronic mitral regurgitation, with or without concomitant tricuspid annuloplasty, between January 2022 and June 2025. Fragmented QRS was assessed on preoperative 12-lead electrocardiography. Postoperative LV systolic dysfunction was defined as LVEF < 50% on early postoperative echocardiography. Multivariable logistic regression analyses, including an exploratory backward stepwise approach, were performed. Model discrimination and calibration were evaluated, and a nomogram was constructed for individualized risk estimation.
Fragmented QRS was present in 71 patients (25.4%). Postoperative LV systolic dysfunction occurred in 92 of 279 patients (33.0%) overall. Although preoperative LVEF was similar between groups, patients with fQRS had lower postoperative LVEF (p = 0.036) and a higher incidence of postoperative LV systolic dysfunction compared with those without fQRS (45.1% vs. 28.8%; p = 0.012). In the fully adjusted multivariable model, preoperative fQRS showed a directional association with postoperative LV systolic dysfunction, although this association narrowly missed conventional statistical significance (OR 1.90, 95% CI 0.99-3.64; p = 0.052). In the exploratory stepwise multivariable model developed for risk prediction, preoperative fQRS was associated with postoperative LV systolic dysfunction (OR 2.00, 95% CI 1.06-3.81; p = 0.033), together with longer aortic cross-clamp time (OR 1.015, 95% CI 1.010-1.020; p < 0.001) and chronic kidney disease (OR 3.06, 95% CI 1.11-8.56; p = 0.030). The exploratory model demonstrated acceptable discrimination (area under the ROC curve, 0.78). A nomogram was developed to facilitate individualized exploratory risk prediction.
Preoperative fQRS showed a directional association with postoperative LV systolic dysfunction after isolated mitral valve replacement, although this association narrowly missed conventional statistical significance in the fully adjusted multivariable model (OR 1.90, 95% CI 0.99-3.64; p = 0.052). When integrated with baseline ventricular function and perioperative variables, fQRS may contribute to exploratory perioperative risk stratification in selected patients. These findings require validation in larger prospective cohorts before clinical implementation."
PubMed,mitral regurgitation,Comparison of Preoperative and Intraoperative Assessment of Tricuspid Valve Annular Diameter and Tricuspid Regurgitation Grade by Echocardiography in Patients Undergoing Mitral Valve Surgery.,Maxim Glebov; Haim Berkenstadt; Dina Orkin; Mais Otmani; Niv Levin; Maksim Katsin; Yonatan Gargi; Alexander Kogan; Jonathan Frogel,10.1053/j.jvca.2026.06.002,2026-06-11,Journal of cardiothoracic and vascular anesthesia,"To compare preoperative transthoracic echocardiography (TTE) and intraoperative transesophageal echocardiography (TEE) assessment of (1) tricuspid annular diameter (TAd) and (2) tricuspid regurgitation (TR) grade in adults undergoing mitral valve surgery, with or without concomitant tricuspid surgery.
Retrospective cohort study.
Single tertiary academic medical center.
Seventy-seven consecutive adults presenting for mitral valve surgery with an available preoperative TTE performed ≤1 week before surgery.
None.
Multiple TAd measurements were made with the maximum diastolic TAd recorded per modality (TTE: apical 4-chamber; TEE: mid-esophageal 4-chamber). TR severity was graded per society guidelines. Paired comparisons, correlation, and Bland-Altman analyses were performed.
Mean preoperative TTE TAd was 38.0 ± 4.9 mm (TTE) versus mean intraoperative TEE TAd of 37.2 ± 5.4 mm (TEE), with a mean paired difference of +0.83 ± 5.04 mm (95% CI, -0.31 to 1.98; p = 0.152). TEE TAd measurement was decreased compared with TTE in 44 of 77 (57.1%) patients, increased in 27 of 77 (35.1%), and was unchanged in 6 of 77 (7.8%) (p = 0.009 for decreased > increased). TR grade distributions also differed between modalities (p = 0.008), with TEE TR severity increased compared with TTE in 22 of 77 (28.6%), decreased in 15 of 77 (19.5%), and unchanged in 40 of 77 (51.9%). TAd correlation was moderate (Pearson r = 0.526; Spearman ρ = 0.521). Bland-Altman analysis demonstrated a small bias (+0.83 mm) but wide limits of agreement (-9.05 to +10.71 mm), indicating substantial case-level variability.
Although TTE and TEE yield similar mean TAd, per-patient agreement is only moderate. In addition, TR grade is frequently reclassified under anesthesia. Reliance on intraoperative TEE for either TAd or TR severity assessment may lead to misclassification, particularly in borderline cases. Relying chiefly on TTE assessment, considering hemodynamic context, and incorporating TEE 3-dimensional annular metrics when available may improve decision-making regarding concomitant tricuspid repair during mitral surgery."
PubMed,mitral regurgitation,"Artificial Intelligence-Driven Detection, Characterization, and Risk Stratification in Patients with Severe Tricuspid Regurgitation.",Luna Varela do Carmo; Auristela Isabel de Oliveira Ramos; Dorival Julio Della Togna; Eduardo da Silva Farias; Dimytri Alexandre de Alvim Siqueira,10.36660/abc.20250743,2026,Arquivos brasileiros de cardiologia,"Tricuspid regurgitation (TR) is prevalent and challenging to manage. There is a high mortality rate associated with isolated surgery and late referral for intervention. Additionally, there has been a recent expansion of transcatheter therapies. In Brazil, there is a lack of data and validation of prognostic tools.
To investigate and define clinical, laboratory, and echocardiographic data from patients with severe TR based on variables collected through the training of an artificial intelligence (AI) model.
This observational, single-center, non-interventional, retrospective study was based on 71,911 echocardiographic reports performed between 2021 and 2024. A natural language processing (NLP) model was developed in Python to identify cases of severe TR, extract variables, and perform automated calculation of the TRI-SCORE and EuroSCORE II, which were subsequently reviewed. A two-tailed p-value < 0.05 was considered statistically significant.
A total of 803 patients with severe TR were identified. The mean age was 68.8 ± 13.5 years, and 64.1% were female. Hypertension (71.7%) and atrial fibrillation (69.4%) were the most prevalent comorbidities. Secondary etiology predominated (96.8%), mainly associated with mitral valve disease (68.5%). Surgical risk was high (medians: EuroSCORE II = 13.4%; TRI-SCORE = 7). Mortality was 17.1%. In the secondary mortality analysis, multivariable regression identified independent predictors, such as high-risk TRI-SCORE (relative risk [RR] 2.19; 95% CI 1.14-4.21) and increased creatinine (RR 3.13; 95% CI 1.91-5.14).
In the largest Brazilian cohort of severe TR, constructed with the aid of AI, the disease demonstrated high clinical and prognostic complexity. The application of NLP to large echocardiographic databases proved to be efficient and may support multicenter studies."
PubMed,mitral regurgitation,Predictors for Improvement of Mitral Regurgitation in Patients With Pure Severe Aortic Regurgitation Undergoing Transcatheter Aortic Valve Replacement: Can We Kill Two Birds With One Stone?,Dawei Lin; Lifan Yang; Jianing Fan; Zilong Weng; Yuliang Long; Wenzhi Pan; Daxin Zhou; Junbo Ge,10.31083/RCM47956,2026-06,Reviews in cardiovascular medicine,"Transcatheter aortic valve replacement (TAVR) is now recognized as an important treatment for pure severe aortic regurgitation (PSAR). Some patients with PSAR also suffer from functional mitral regurgitation (FMR). However, whether TAVR can improve FMR in patients with PSAR and the predictors of this improvement remain unknown. Thus, this study aimed to explore predictors of FMR improvement in patients with PSAR undergoing TAVR.
Patients with PSAR and ≥mild FMR who underwent TAVR at the Zhongshan Hospital Affiliated with Fudan University were enrolled from June 2020 to June 2024. Participants were divided into groups with or without FMR improvement depending on whether FMR improved 1 month post-TAVR. Baseline data, imaging results, and follow-up data of the patients were collected.
This study included 111 patients, among whom 59 had improved FMR, and 52 did not. Compared to patients without FMR improvement, significantly fewer patients in the FMR-improved group were diagnosed with renal insufficiency (0% vs. 10%; p = 0.015) and left bundle branch block (0% vs. 8%; p = 0.030). Moreover, more were diagnosed with hypertension (80% vs. 56%; p = 0.007), and right bundle branch block (10% vs. 0%; p = 0.018). On transthoracic ultrasound, patients with FMR improvement were more likely to have a lower left ventricular ejection fraction (LVEF) and larger left ventricular end-diastolic (LVED) dimensions. In both groups, the degree of aortic regurgitation was significantly improved during 1-day and 1-month follow-ups post-TAVR (p < 0.001). No significant differences in the incidence of postoperative adverse events were found between the two groups during the short-term follow-up. Patients with higher degrees of FMR, lower LVEF, and hypertension were more likely to experience improvement in FMR post-TAVR.
FMR improvement is observed in approximately half of PSAR patients undergoing TAVR. Higher FMR, lower LVEF, and hypertension before a TAVR are independent predictors of improvement in FMR."
PubMed,mitral regurgitation,Mitral Valve Repair vs. Replacement: Hemodynamics in Valve Surgery.,Mingrui Zou; Kang Huang; Xiaoning Wang; Shuaishuai Zhao; Bo Wu; Xin Hong; Xueliang Zhou,10.31083/RCM49299,2026-06,Reviews in cardiovascular medicine,"Mitral regurgitation (MR) is a common valvular heart disease. In the surgical management of MR, mitral valve repair offers significant advantages over replacement by allowing for the optimal preservation of the native valve structure and function. Studies indicate that, compared to valve replacement, repair procedures are superior in restoring physiological left ventricular flow patterns-specifically by optimizing the distribution of kinetic energy, increasing the proportion of direct flow, maintaining normal vortex structures, and effectively reducing energy loss. Replacement with either mechanical or bioprosthetic valves, while effectively correcting regurgitation, substantially alters the left ventricle fluiddynamic environment, leading to increased energy loss and an elevated thrombotic risk. This review discusses the impact of mitral valve repair versus replacement on intra-left ventricular hemodynamics. It further proposes that re-establishing organized left ventricular flow patterns, rather than merely achieving imaging-based improvements, represents a new cornerstone for achieving favorable long-term patient outcomes."
PubMed,mitral regurgitation,First Report of Left-Sided Transvenous Pacemaker Implantation Through a Bicaval TricValve Prosthesis.,Pasquale Spadaro; Pietro Ricciardi; Massimo Cavallaro; Vincenzo Martino; Bernardino Tuccillo,10.1111/pace.70346,2026-07-07,Pacing and clinical electrophysiology : PACE,"The transcatheter bicaval system is a heterotopic therapy option for patients with torrential tricuspid regurgitation (TR) at prohibitive surgical risk. Experience with permanent pacing in patients with bicaval prostheses remains extremely limited.
An 83-year-old woman with chronic obstructive pulmonary disease, permanent atrial fibrillation, transfusion-dependent anemia, prior non-ST elevation myocardial infarction, and previous MitraClip implantation for severe mitral regurgitation presented with advanced right-sided heart failure and massive functional TR due to a 17 mm coaptation gap. Transcatheter tricuspid edge-to-edge repair was not feasible, and she underwent transcatheter bicaval system implantation with two nitinol stent-mounted bioprostheses in the superior and inferior vena cava, resulting in marked symptomatic improvement. Ten months later, she developed symptomatic bradycardia requiring permanent pacing. A single-chamber pacemaker was successfully implanted via the left subclavian vein after venography confirmed safe drainage of the left brachiocephalic vein into the superior vena cava, allowing safe passage of the pacing lead through the prosthetic stent struts. Electrical parameters were excellent, and 10-month follow-up confirmed stable function without lead or valve damage.
This is, to our knowledge, the first published report of successful left-sided pacemaker implantation through a tricuspid bicaval prosthesis. Alternative pacing strategies, including conduction system pacing and leadless pacemakers, were carefully considered but deemed unsuitable because of anatomical and clinical constraints. Our case demonstrates that left-sided implantation can be performed safely when venographic anatomy allows. Careful pre-procedural imaging and meticulous lead navigation are essential to ensure prosthesis integrity and durable pacing performance."
PubMed,valvular heart disease,Serum uric acid and valvular heart disease: a new window into cardiometabolic risk stratification.,Ki Won Moon,10.3904/kjim.2026.282,2026-07,The Korean journal of internal medicine,
PubMed,valvular heart disease,Association of hyperuricemia with valvular heart disease and the modifying effect of obesity.,Seung Min Jung; Sang-Hyuk Jung; Su-Nam Lee; Jin A Choi; Dokyoon Kim; Hong-Hee Won; Jae-Seung Yun,10.3904/kjim.2025.269,2026-07,The Korean journal of internal medicine,"Hyperuricemia has been widely associated with cardiovascular health, but its relationship with incident valvular heart disease (VHD) remains uncertain. This study investigated the association between hyperuricemia and VHD, and further explored the role of weight management within this context.
Participants from the UK Biobank cohort were categorized into three groups based on serum uric acid (SUA) level: normal (< 6.0 mg/dL), high (6.0-8.9 mg/dL), and very high (≥ 9.0 mg/dL). The risk of VHD associated with SUA level was assessed in the overall population and across subgroups with differing metabolic profiles. To examine the impact of obesity on VHD development, the relative risk of VHD was analyzed based on body mass index and waist circumference.
Among 462,705 participants, 340,793 (73.7%) had normal SUA levels, 118,861 (25.7%) had high levels, and 3,051 (0.7%) had very high levels. Over an average follow-up period of 12.3 years, the adjusted risk of VHD was significantly higher in individuals with very high SUA, followed by those with high and normal SUA (2.31 vs. 1.25 vs. reference, respectively). Stratifying VHD risk by metabolic disorders revealed a dose-response relationship between SUA level and VHD risk. The impact of obesity on VHD development was notable among individuals with SUA below 9.0 mg/dL, but less pronounced in those with SUA exceeding 9.0 mg/dL.
This finding suggests a significant association between hyperuricemia and VHD, highlighting the potential relevance of elevated SUA levels in VHD risk stratification."
PubMed,valvular heart disease,"A silent tumor, a loud valve: carcinoid heart disease as the first manifestation of a pelvic neuroendocrine tumor.",Pinaki Dutta; Nalini Gupta; Sanjay Kumar Bhadada; Vivek Jha; Raghuraman Soundararajan; Ajay Gulati,10.1210/jcemcr/luag182,2026-08,JCEM case reports,"Carcinoid heart disease (CaHD) is a well-recognized complication of functional neuroendocrine tumors (NETs), typically occurring in the presence of hepatic metastases that permit vasoactive substances to reach the systemic circulation. Its occurrence in the absence of liver involvement is uncommon and may delay diagnosis. We report a 46-year-old woman who was incidentally found to have severe tricuspid regurgitation during preoperative evaluation for uterine fibroids. Further evaluation revealed elevated 24-hour urinary 5-hydroxyindoleacetic acid and markedly increased chromogranin A levels, raising suspicion of a functional NET. Imaging identified a large somatostatin receptor-avid pelvic mass without evidence of hepatic or distant metastasis. The patient underwent successful surgical excision following perioperative octreotide infusion, and histopathology confirmed a Grade 1 well-differentiated neuroendocrine tumor arising from the mesosalpinx/peritoneal region suggestive of a primary extraintestinal neuroendocrine tumor. Postoperatively, she demonstrated biochemical improvement and clinical stabilization on somatostatin analog therapy; however, severe tricuspid regurgitation persisted. This case highlights an unusual presentation of CaHD in the absence of hepatic metastasis and underscores the importance of considering neuroendocrine tumors in patients with unexplained right-sided valvular heart disease."
PubMed,valvular heart disease,Korean Society of Interventional Cardiology Expert Consensus for the Management of Chronic Coronary Syndrome: Part 2.,Seung Hun Lee; Sang Don Park; Joo Myung Lee; Yisik Kim; Sang Yoon Lee; Woochan Kwon; Doyeon Hwang; Min Ku Chon; Hyun Sung Joh; Kwan Yong Lee; Young-Hoon Seo; Seonghyeon Bu; Namkyun Kim; Jung-Sun Kim; Pil-Ki Min; Chang-Wook Nam; Cheol Whan Lee; Young Joon Hong; Hyeon-Cheol Gwon; Joo-Yong Hahn; Youngkeun Ahn,10.4070/kcj.2026.0192,2026-07,Korean circulation journal,"Revascularization remains an important component of chronic coronary syndrome (CCS) management, particularly in patients with high-risk coronary anatomy, impaired left ventricular (LV) function, or persistent symptoms despite guideline-directed medical therapy. Evidence indicates that prognostic benefit is most pronounced in patients with left main disease, multivessel disease, proximal left anterior descending artery involvement, and severe LV systolic dysfunction. In other patients, revascularization primarily improves angina symptoms and quality of life. The choice between percutaneous coronary intervention (PCI) and coronary artery bypass grafting should be individualized according to coronary anatomy, clinical risk, comorbidities, and the likelihood of complete revascularization. Contemporary PCI increasingly incorporates coronary physiology and intravascular imaging to refine lesion selection and improve procedural outcomes. Long-term CCS management requires structured follow-up to detect disease progression, recurrent ischemia, revascularization failure, and cardiovascular complications. Routine surveillance testing is not recommended in asymptomatic patients after PCI. Instead, follow-up should be tailored to patient risk and clinical status. When complete revascularization fails, mechanisms such as stent thrombosis, in-stent restenosis, graft failure, and progression of untreated coronary disease should be identified; intravascular imaging has an important role in guiding repeat revascularization. Comprehensive CCS management should also address complications, including heart failure, ventricular arrhythmias, and secondary valvular disease, through a multidisciplinary, patient-centered approach."
PubMed,valvular heart disease,The PAFIS score for risk stratification of atrial fibrillation detected after stroke: a multicenter cohort study.,Jung-Chi Hsu; Ting-Chuan Wang; Yen-Yun Yang; Shu-Lin Chuang; Chih-Chieh Yu,10.1016/j.ijcha.2026.101964,2026-08,International journal of cardiology. Heart & vasculature,"Atrial fibrillation detected after stroke (AFDAS) is clinically important, but AFDAS-specific risk tools for patients without known atrial fibrillation (AF) remain limited. We developed and temporally validated the Prediction of AF in Ischemic Stroke (PAFIS) score.
We retrospectively analyzed ischemic-stroke patients from the National Taiwan University Hospital Integrative Medical Data Center. The development cohort included patients hospitalized in 2010-2020 (n = 3406), and the temporal validation cohort included those hospitalized in 2021-2023 (n = 1366). Known AF (KAF) was defined as AF documented before stroke or within 14 days after stroke; AFDAS was defined as newly documented AF beyond 14 days among patients without KAF. Multivariable logistic regression restricted to KAF-free patients was used for score derivation. Discrimination, calibration, and time-to-AFDAS risk stratification were assessed.
Among KAF-free patients, AFDAS was detected during routine clinical follow-up in 176 of 2175 (8.1%) in the development cohort and 148 of 1366 (10.8%) in the validation cohort. The final PAFIS score included age ≥ 75 years, female sex, valvular heart disease, left atrial diameter ≥ 40 mm, and tricuspid regurgitation peak gradient ≥30 mmHg. AUCs were 0.72 (95% CI, 0.68-0.76) in development and 0.65 (95% CI, 0.60-0.70) in validation. PAFIS outperformed CHA₂DS₂-VASc, HAVOC, and AF-ESUS, but not Brown ESUS-AF. Observed AFDAS detection rates increased across risk groups in both cohorts.
PAFIS provides a simple AFDAS-specific tool for selective post-stroke rhythm monitoring. Because AF ascertainment was based on routine clinical care without standardized prolonged monitoring, PAFIS predicts AF detection under routine practice rather than true AFDAS incidence. Prospective multicenter validation with standardized monitoring is warranted."
PubMed,valvular heart disease,A Geometric Feature Tracking Approach for Noninvasive Patient-Specific Estimation of Leaflet Strain from 3D Images of Heart Valves.,Wensi Wu; Matthew Daemer; Jeffrey A Weiss; Alison M Pouch; Matthew A Jolley,10.1007/s10439-026-04273-9,2026-07-11,Annals of biomedical engineering,"Valvular heart disease is prevalent and a major contributor to heart failure. Valve leaflet strain is a promising metric for evaluating the mechanics underlying the initiation and progression of valvular pathology. However, generalizable methods for noninvasively quantifying valvular strain from clinically acquired patient images remain limited. This study aims to develop a robust feature tracking framework that enables accurate shape matching across variable valve morphologies and quantification of in vivo atrioventricular leaflet strain from three-dimensional echocardiographic (3DE) images in pediatric and adult patients.
We developed a geometric feature tracking framework to quantify in vivo leaflet strain from 3DE images and to assess anatomical deformation across the cardiac cycle. Our approach integrates a cohort-derived geometric reference atlas to establish geometric correspondence and introduces a novel distance-weighted coherent point drift algorithm within a Gaussian mixture model framework for non-rigid registration. We evaluated performance against a finite element benchmark model and compared the approach with conventional point-based tracking methods. The framework was applied to pediatric and adult patient datasets (N = 31) to assess robustness across variable valve morphologies.
The proposed method demonstrated greater accuracy in quantifying anatomical alignment and leaflet strain than conventional point-based approaches. Validation against the finite element benchmark confirmed improved strain estimation. The framework achieved reliable inter-phase tracking of valve deformation across diverse morphologies in pediatric and adult patients. Analysis identified a consistent distribution pattern of the  1 st    principal strain associated with leaflet billow (prolapse).
This feature tracking framework provides a generalizable method for noninvasive quantification of atrioventricular valve leaflet strain from clinical 3DE images. Characterization of biomechanical strain patterns may improve prognostic assessment and support longitudinal evaluation of valvular heart disease. Further investigation of the biomechanical signatures of heart valve disease has the potential to enhance prognostic assessment and longitudinal evaluation of valvular heart disease."
PubMed,valvular heart disease,Prognostic Value of Echocardiographic TAPSE/PASP Ratio-Defined RV-PA Uncoupling in Cardiovascular and NonCardiovascular Diseases.,Hongwei Li; Yingyuan Zhang; Haomiao Wang; Hu Li; Xianbao Liu; Hang Dong; Xiaohui Tan; Huiling Huang; Shenghui Zhang; Pingsheng Wu; Cheng Liu,10.1016/j.jacasi.2026.05.014,2026-07-01,JACC. Asia,"Right ventricular-pulmonary arterial uncoupling (RV-PAuc), assessed by the tricuspid annular plane systolic excursion-to-pulmonary artery systolic pressure (TAPSE/PASP) ratio, acts importantly to determine outcomes in both cardiovascular diseases (CVDs) and non-CVDs.
This study sought to evaluate the prognostic value of the TAPSE/PASP ratio across diseases, identify RV-PAuc-related risk factors, and explore an optimal cutoff for risk stratification and clinical application.
Two independent reviewers selected eligible studies, including 82 cohort studies with 32,482 patients for mortality endpoints and 17 observational studies with 4,615 participants for baseline TAPSE/PASP values for this meta-analysis (PROSPERO, CRD42024579107). Relative risk (RR) was calculated for mortality endpoints, and standard mean differences were used for comparisons.
RV-PAuc was positively associated with mortality in both CADs and non-CADs (RR: 2.20 [95% CI: 2.02-2.40]; I2 = 81.6%]. Cutoff values ranged from 0.15 to 0.70 across conditions: pulmonary arterial hypertension (0.15-0.33), valvular heart disease (0.27-0.55), heart failure (0.33-0.60), cardiac amyloidosis (0.31-0.47), acute coronary syndrome (0.49-0.55), sepsis (0.39-0.50), COVID-19 (0.50-0.64), and other non-CVDs (0.63-0.70). The association remained significant at the 3 most commonly used cutoffs (0.31, 0.36, and 0.50), with heterogeneity eliminated only at 0.50. Except for body mass index, hypertension, and dyslipidemia, factors such as age (0.43-0.67), estimated glomerular filtration rate (0.31-0.60), atrial fibrillation (0.27-0.60), chronic kidney disease (0.34-0.40), coronary artery disease (0.27-0.37), type 2 diabetes (0.40-0.51), stroke, and chronic obstructive pulmonary disease were associated with RV-PAuc, with observed heterogeneity in TAPSE/PASP cutoff values.
The TAPSE/PASP ratio is a potential prognostic marker for predicting mortality in CVDs and non-CVDs. Despite heterogeneity, a universal cutoff of ≤0.50 mm/mm Hg enhances its clinical applicability."
PubMed,valvular heart disease,Acute mesenteric ischemia following ischemic stroke: a rare sequential embolic event managed with Ethiopia's first endovascular intervention.,Biruk W Fantu; Binyam M Habte; Yoseph M Habte; Eskedar K Belayneh; Meti T Tadesse; Eyob Z Wondemagegnewu; Makida M Habte; Henok W Nida; Samuel M Fetene; Wondwossen G Tekle,10.1097/MS9.0000000000005196,2026-07,Annals of medicine and surgery (2012),"Acute mesenteric ischemia (AMI) is defined as a sudden interruption of blood flow to a segment of the intestine, leading to ischemia, inflammation, and potential bowel necrosis if untreated. It is a life-threatening vascular emergency, and its occurrence following an acute ischemic stroke is exceedingly uncommon, with very few reports in the literature.
We report a 76-year-old woman with chronic atrial fibrillation and degenerative valvular heart disease who presented with acute ischemic stroke and, on the third day of admission, developed sudden, severe epigastric pain. Contrast-enhanced computed tomography angiography of the abdomen revealed complete occlusion of the distal superior mesenteric artery. Prompt endovascular thrombectomy achieved approximately 80% recanalization, resulting in complete symptom resolution without the need for surgical resection. The patient also recovered neurologically with no further complications.
AMI is frequently associated with advanced age and cardioembolic risk factors and remains difficult to diagnose due to nonspecific symptoms. This challenge is amplified in post-stroke patients. Contrast-enhanced CT angiography is essential for timely diagnosis, as early imaging significantly improves detection and facilitates prompt revascularization.
This case highlights the extreme rarity of AMI following stroke, underscores the need for heightened vigilance in patients with cardioembolic risk factors, and demonstrates the feasibility and success of early endovascular intervention, especially when thrombolysis is contraindicated. To our knowledge, this represents the first documented case of endovascular thrombectomy for mesenteric ischemia in Ethiopia, emphasizing the expanding role of minimally invasive vascular therapy in resource-limited settings."
PubMed,valvular heart disease,2D-Echocardiographic Estimation of Right Ventricular Volumes Using a Previously Validated Geometric Model Is Associated With Outcomes After Transcatheter Tricuspid Interventions.,Mhd Nawar Alachkar; Tanja Kücken; Johannes Schlegl; Marwin Bannehr; Michael Lichtenauer; Vera Paar; Michael Neuß; Anja Haase-Fielitz; Christoph Edlinger; Christian Butter,10.1111/echo.70557,2026-07,"Echocardiography (Mount Kisco, N.Y.)","To determine whether a simplified, previously proposed two-dimensional (2D) approach to RV volume assessment can provide adjunctive prognostic information in patients undergoing Transcatheter Tricuspid Valve Interventions (TTVI).
In this prospective single-center study, 113 patients undergoing TTVI were included (T-TEER; n = 91, heterotopic caval valve implantation; n = 17, and orthotopic transcatheter tricuspid valve replacement; n = 5). RV end-diastolic and end-systolic volumes were calculated using a previously described 2D-based geometric model. The primary endpoint was a composite of all-cause mortality or rehospitalization for acute decompensated heart failure at 1 year. The primary endpoint occurred in 47 patients (41.6%). In univariable Cox regression analysis, both RVEDVi (HR 1.05 per 10 mL/m2, 95% CI 1.01-1.10, p = 0.03) and RVESVi (HR 1.13 per 10 mL/m2, 95% CI 1.01-1.25, p = 0.03) were associated with adverse outcome. Receiver operating characteristic analysis identified cut-off values of 90 mL/m2 for RVEDVi and 35 mL/m2 for RVESVi. Patients above these thresholds (diastolic, systolic, or both) showed significantly reduced event-free survival (log-rank p < 0.01). In a multivariable Cox regression analysis, RV dilatation showed a trend toward worse outcomes (HR 2.09, 95% CI 0.91-4.80, p = 0.08), whereas the TriScore remained independently associated with outcome (HR 1.30, 95% CI 1.10-1.53, p < 0.01).
RV volumes derived from a simple 2D echocardiographic model are associated with clinical outcomes and may provide additional information for the assessment of patients undergoing TTVI."
PubMed,valvular heart disease,Association of the C-reactive protein-triglyceride glucose index with cardiovascular disease and mortality in the general US population: A NHANES study.,Zhenze Yu; Zihan Zhao; MingZhuang Sun; Yalei Han,10.1097/MD.0000000000049586,2026-07-10,Medicine,"Cardiovascular disease (CVD) remains a leading global cause of mortality, with metabolic and inflammatory dysregulation playing pivotal roles. The C-reactive protein-triglyceride glucose index (CTI), a novel biomarker integrating inflammation (CRP) and insulin resistance (triglyceride-glucose index), has shown promise in predicting adverse outcomes, but its associations with CVD and mortality in the general population remain unclear. The aim of this study is to explore the association of the C-reactive protein-triglyceride glucose index with cardiovascular disease and mortality. This study analyzed data from 8720 adults in the National Health and Nutrition Examination Survey (NHANES) 2001-2010. CTI was calculated as CTI 0.412 × ln(CRP [mg/L]) + [ln(TG [mg/dL] × FPG [mg/dL])]/2. Multivariable logistic regression examined the association between CTI tertiles (T1-T3) and CVD, and Cox regression assessed the relationship between CTI tertiles and cardiovascular and all-cause mortality, with adjustment for demographic, lifestyle, and clinical factors. Higher CTI tertiles were correlated with worse metabolic profiles and higher prevalence of hypertension and diabetes (P < .001). After full adjustment, the highest CTI tertile (T3) was associated with increased CVD risk (odds ratio = 1.50, 95% confidence interval [CI]: 1.18-1.92, P = .004), cardiovascular mortality (hazard ratio = 1.54, 95% CI: 1.06-2.25, P = .024), and all-cause mortality (hazard ratio = 1.53, 95% CI: 1.29-1.89, P < .001). Restricted cubic spline analysis revealed a nonlinear relationship between CTI and cardiovascular mortality, as well as all-cause mortality. Higher CTI is associated with prevalent CVD and independently predicts increased cardiovascular and all-cause mortality."
PubMed,valvular heart disease,Acute mesenteric ischemia complicated by short bowel syndrome: a rare case report from Syria.,Hamdah Hanifa; Mariam Alhumsi; Dham Khalil; Ebrahem Alchaar; Mohamad Qashqash; Mohamad Nour Hababeh; Mohi Alddin Mahouk; Yihea Mohammad Al-Mashaqbah; Hevin Ibrahim; Amneh Zaidan; Salah Haider; Saeed Olabi; Salwa Haj Fatouh; Amal Almohammad; Khelat Al-Ali; Ahmad Alkarkour,10.1186/s12245-026-01297-9,2026-07-11,International journal of emergency medicine,"Acute mesenteric ischemia (AMI) is a life-threatening pathological condition characterized by obstruction of blood flow to the intestine, it is rare and usually presents with non-specific gastrointestinal symptoms. Embolic, thrombotic and non-obstructive pathology are the main causes of this disease. Treatment varies from case to case depending on clinical and imaging findings. Open surgery is often required in advanced cases.
A 79-year-old female presented with sudden-onset severe generalized abdominal pain associated with nausea, vomiting, and poor oral intake. Her medical history included atrial fibrillation, valvular heart disease, diabetes mellitus, and prior coronary artery bypass surgery. Physical examination revealed abdominal pain disproportionate to clinical findings. Contrast-enhanced CT-scan findings were highly suggestive of extensive acute mesenteric ischemia. Exploratory laparotomy confirmed widespread necrosis of the small intestine, extending from approximately 40-50 cm distal to the ligament of Treitz to the ileocecal junction. Extensive bowel resection was performed, followed by creation of a double-barrel jejunoileostomy. Postoperatively, the patient developed short bowel syndrome (SBS) and remained clinically stable with dependence on total parenteral nutrition (TPN).
This report emphasizes the importance of consulting emergency physicians in such cases, as their awareness of mesenteric ischemia, their appropriate diagnosis, and prompt management play a crucial role in increasing survival rates and achieving faster recovery in patients.
Not applicable."
PubMed,valvular heart disease,Quadrivalvular Carcinoid Heart Disease Via Patent Foramen Ovale as Initial Presentation of Metastatic Neuroendocrine Tumor.,Riya Sam; Anil Ananthaneni; Sadichhya Karki; Kevin Lee; Valluvan Jeevanandam; Blase Polite; David M Najman,10.1016/j.jaccas.2026.109223,2026-07-09,JACC. Case reports,"Carcinoid heart disease typically affects right-sided valves. Quadrivalvular involvement is rare.
A 52-year-old woman presented with florid heart failure. Multimodality imaging demonstrated severe multivalvular regurgitation, and a large patent foramen ovale. She underwent bioprosthetic triple valve replacement with atrial septal defect patch closure. Histology revealed fibromyxoid degeneration and postoperative evaluation confirmed a metastatic small bowel neuroendocrine tumor. Following somatostatin analog therapy as a bridge, she underwent definitive oncologic resection with complete biochemical and radiologic response.
This case illustrates the indolent course of carcinoid syndrome and the dramatic presentation of severe undiagnosed carcinoid heart disease. Atypical multivalvular disease should prompt carcinoid screening, as preoperative recognition is essential to avoid life-threatening carcinoid crisis.
In patients with unexplained multivalvular regurgitation and suspected neuroendocrine tumor, evaluate for right-to-left shunting and carcinoid valvulopathy to enable timely, multidisciplinary management."
PubMed,valvular heart disease,Preoperative systemic immune inflammation index predicts early complications and 30-day mortality after heart valve surgery: a retrospective cohort study.,IMade Adi Parmana; Dudy Arman Hanafy; Cindy Elfira Boom,10.1186/s12871-026-04076-4,2026-07-09,BMC anesthesiology,"The systemic immune-inflammation index (SII) is considered a promising inflammatory index for predicting adverse outcomes in cardiovascular diseases. However, its prognostic value in patients undergoing heart valve surgery remains unclear. This study aimed to investigate the predictive significance of preoperative SII for early postoperative complications and 30-day mortality.
This was a retrospective, single-center cohort study conducted at the National Cardiovascular Center Harapan Kita in Jakarta, Indonesia, a tertiary cardiac surgery referral hospital. It included adults (> 18 years) who underwent elective aortic, mitral, or combined valve surgery between January 2020 and December 2024. After applying exclusion criteria, 1347 patients were stratified by SII into low (< 551 × 103/mm3, n = 927) and high (≥ 551 × 103/mm3, n = 420) groups.
High preoperative SII was significantly associated with acute kidney injury (AKI) (p = 0.002), prolonged mechanical ventilation (p = 0.039), extended total hospital length of stay (LOS-H) (p = 0.004), and 30-day mortality (p = 0.026). Multivariate logistic regression identified SII (OR 2.169; 95% CI 1.600-2.941; p < 0.001) as independent predictor of adverse postoperative outcomes. When analyzed as a continuous variable, preoperative SII remained independently associated with adverse postoperative outcomes (adjusted OR per 100-unit increase 1.196; 95% CI 1.148-1.245; p < 0.001). Subgroup analysis revealed the highest predictive value in patients undergoing aortic valve surgery, with an area under the curve (AUC) of 0.797 (95% CI 0.728-0.866).
Elevated preoperative SII is independently associated with an increased risk of early postoperative complications and 30-day mortality in patients undergoing heart valve surgery. As a simple and cost-effective inflammatory index, SII may aid in preoperative risk stratification and support more personalized perioperative care."
PubMed,valvular heart disease,Integrating RV-PA coupling and geometry-based indices into the TRI-SCORE improves prognostic assessment in tricuspid regurgitation.,Raffaella Mistrulli; Monika Beles; Elayne Kelen De Oliveira; Rosie Vrenozaj; Sara Gharehdaghi; Emanuele Barbato; Pasquale Paolisso; Jerrold Spapen; Martin Penicka; Marc Vanderheyden; Liesbeth Rosseel; Frank V Praet; Hadewich Hermans; Guy Van Camp,10.1136/openhrt-2026-003981,2026-07-09,Open heart,"Tricuspid regurgitation (TR) is a progressive and underdiagnosed condition associated with poor prognosis. Although the TRI-SCORE is a validated risk model for patients undergoing tricuspid valve surgery, it does not incorporate echocardiographic measures of right ventricular (RV) function or RV-pulmonary artery coupling, which are increasingly recognised as major prognostic determinants.
To evaluate whether integration of simple, widely available echocardiographic indices-tricuspid annular plane systolic excursion (TAPSE)/pulmonary artery systolic pressure (PASP), TAPSE/RV end-diastolic area (RVAD) and TAPSE/RV end-systolic area (RVAS)-improves the prognostic performance of the TRI-SCORE in patients with moderate-to-severe TR.
We retrospectively included 93 patients with severe TR, including functional, mixed and primary/Cardiac Implantable Electronic Device (CIED)-related aetiologies treated with medical therapy, surgery or transcatheter edge-to-edge repair. The primary endpoint was all-cause mortality; the secondary endpoint was a composite of mortality or heart failure hospitalisation. Multivariable Cox regression models were used to assess the incremental predictive value of each TAPSE-derived ratio beyond the TRI-SCORE. Optimal thresholds were derived using spline regression and maximally selected rank statistics.
Lower TAPSE/PASP, TAPSE/RVAD and TAPSE/RVAS values were independently associated with worse outcomes. Each parameter significantly enhanced risk discrimination when added to the TRI-SCORE (C-index improved from 0.614 to 0.710 for TAPSE/PASP, 0.685 for TAPSE/RVAD and 0.696 for TAPSE/RVAS; all p<0.001). Prognostically relevant cut-offs were identified at 0.44, 0.80 and 1.3, respectively.
Simple echocardiographic indices of RV function provide substantial incremental prognostic value when combined with the TRI-SCORE and may improve risk stratification and timing of intervention in isolated TR."
PubMed,valvular heart disease,Vendor-independent Aortic Valve Calcium Scoring in Patients with Discordant Echocardiographic Criteria of Severe Aortic Stenosis.,Magdalena M Dobrolińska; Niels van der Werf; Marcel J W Greuter; Neil J Craig; Martin J Willemink; Niek H J Prakken; Jacek Kwiecinski; Evangelos Tzolos; Riemer H J A Slart; Wojciech Wojakowski; David E Newby; Marc Dweck; Tim Leiner,10.1148/ryct.250480,2026-08,Radiology. Cardiothoracic imaging,"Purpose To apply a vendor-neutral Agatston score (vnAS) for aortic valve calcification across multiple CT systems and to aortic stenosis severity classification. Materials and Methods Anthropomorphic phantoms with varying degrees of calcification were scanned using seven different CT systems and a reference electron-beam CT system to determine the vnAS. The vnAS was calculated using a regression model, whose performance was evaluated by both the coefficient of determination and analysis of variance. The vnAS was subsequently validated on a retrospective patient sample from eight international centers. Thresholds of severe aortic valve stenosis were defined as 1274 and 2065 AU for women and men, respectively. Results The Agatston scores from all CT systems were strongly correlated with that of the reference system (R2 > 0.932). On the basis of their echocardiographic findings, 183 of 831 (22.0%) patients (mean age ± SD, 77 years ± 10; 351 of 831 [42.2%] women) had discordant echocardiographic aortic valve stenosis findings. Among women with discordant results, the vnAS was higher than the traditional aortic valve calcium score (median, 1693 AU [IQR, 908-2513 AU] vs 1181 AU [IQR, 726-1964 AU], respectively; P < .001). Similar findings were observed for men (median, 2658 AU [IQR, 1894-3822 AU] vs 2056 AU [IQR, 1408-3056 AU], respectively; P < .001). Using the vnAS, 8.5% of women and 17.8% of men with discordant echocardiographic findings were reclassified into the severe aortic stenosis group. Conclusion A previously developed calibration tool, the vnAS, was validated and reclassified patients with discordant echocardiographic findings into the severe aortic stenosis group. Keywords: CT, Echocardiography, Percutaneous, Cardiac, Valves, Calcifications/Calculi, Technology Assessment, Vendor-neutral Agatston Score, Aortic Stenosis, Aortic Valve Calcification, Phantoms Supplemental material is available for this article. © RSNA, 2026 See also commentary by Jaltotage and Leipsic in this issue."
PubMed,deep learning,Deep learning-empowered Raman spectroscopy for gastric cancer diagnosis: a review of data pipelines and algorithms.,Mingkun Wang; Wenbo Mo; Daojian Qi; Shuang Ni; Feng Tang; Xinming Wang; Qiang Yang; Minjie Zhou,10.1039/d6an00642f,2026-07-13,The Analyst,"Raman spectroscopy is emerging as a label-free tool for gastric cancer diagnosis by capturing molecular fingerprints of malignant transformation. However, weak scattering, strong fluorescence background, anatomical heterogeneity, and limited annotated datasets restrict its translation into routine endoscopic practice. This review examines the integration of deep learning with Raman spectroscopy from a data-pipeline perspective. We analyze core data challenges and summarize learning-based preprocessing strategies for denoising, baseline correction, and spectral reconstruction. Data augmentation approaches-particularly generative models for small-sample and class-imbalance problems-are then reviewed. Major deep learning architectures are categorized by analytical role: convolutional networks extract local spectral patterns, recurrent models capture biochemical sequential dependencies, and Transformer-based models support global context modeling and interpretable visualization. The evidence indicates a clear shift toward data-centric, end-to-end representation learning. Future work should integrate explainable AI with calibration transfer, domain adaptation, standardized validation, and prospective multicenter evaluation to enable clinical optical biopsy."
PubMed,deep learning,Insights into the Indexing of Powder X-ray Diffraction from a Robust Transformer Deep Learning.,Ke Shu; Wei-Xin Yan; Huai-Hai Li; Dong-Yun Gui; Chun-Hai Wang,10.1021/acs.jcim.6c01362,2026-07-13,Journal of chemical information and modeling,"The indexing of powder X-ray diffraction (PXRD) for ab initio determination of unknown crystal structures remains challenging for systems with low-symmetry (e.g., triclinic and monoclinic), large unit cell (V > 1000 Å³), and nonideal data due to reliance on heuristic methods with limited robustness. Here, we propose AIdex-R2, a transformer-based end-to-end framework that performs joint inference of the extinction groups (EGs) and unit cell parameters from sequences of low-angle diffraction reflections. The model achieves ∼98.5% top-5 accuracy for EG identification and ∼1.44% mean absolute percentage error (MAPE) for cell parameter prediction (indexing), with an indexing success rate exceeding ∼90% under extremely realistic perturbations (e.g., zero-shift errors ±0.30°, uncertainty noise ±0.15°, reflection absence n = 4, and impurity reflections n = 2). Large-scale benchmarking shows superior performance over classical algorithms (TREOR, ITO, DICVOL) in both speed/efficiency and accuracy. Through interpretability studies of the internal decision-making mechanism, we confirm that the model adopts a discriminant logic dominated by the first diffraction peak (low 2θ) with dynamic weight allocation, providing a novel perspective and evidence for understanding the ""black box"" of PXRD indexing."
PubMed,deep learning,Operational phenotyping for chronic low back pain: a narrative review and methodology for developing routing and escalation pathways across spine care.,Kai-Uwe Lewandrowski; Matthias Pumberger; Friederike Schomig; Biswadjiet Sanjay Harhangi; Alexander R Vaccaro; Morgan P Lorio,10.21037/apm-2026-1-0026,2026-07-08,Annals of palliative medicine,"Chronic low back pain (CLBP) is clinically heterogeneous and generates substantial symptom burden, functional limitation, psychological distress, work disability, and health-care utilization. Existing phenotyping approaches often describe subgroups but do not specify how subgroup assignment changes routing, conservative-care dose, imaging, interventional escalation, surgical evaluation, or outcome monitoring. The objective of this narrative review was to define operational phenotyping as a practical method for developing routable, auditable spine-care pathways and to distinguish this methodology from descriptive subgrouping, Subgroups for Targeted Treatment Back Screening Tool (STarT Back)-style risk stratification, and machine-learning phenotyping.
We conducted a narrative review using structured methods. PubMed/MEDLINE was the primary database, supplemented by Embase, Cumulative Index to Nursing and Allied Health Literature (CINAHL), PsycINFO, Cochrane Central Register of Controlled Trials (CENTRAL), Scopus/Web of Science when available, guideline and trial-registry review, and reference-list screening. Searches covered January 2000 through January 2026. Studies were synthesized using an Inputs-Decision-Pathway-Outcome (IDPO) framework. The Berlin deep-phenotyping program was used as a contextual exemplar of multidomain measurement, not as evidence of treatment efficacy.
The synthesis yielded five operational findings. First, phenotype labels are implementation-ready only when linked to explicit pathway decisions. Second, minimal universal inputs should be separated from targeted add-ons. Third, escalation gates require illustrative thresholds and safety overrides rather than open-ended care drift. Fourth, diagnostic procedures, including diagnostic medial branch blocks, may themselves define a pain generator phenotype and should not be treated only as downstream treatment. Fifth, surgical referral should be framed as entry into shared decision-making evaluation rather than an automatic indication for surgery.
Operational phenotyping is best understood as a methodology for developing a field guide rather than a completed field guide for all settings. It translates deep phenotyping and stratified-care concepts into locally deliverable pathways by requiring the same four elements for each phenotype: feasible inputs, explicit decision logic, an actionable pathway, and measurable outcomes."
PubMed,deep learning,Performance of ChatGPT-5 on the Polish State Specialization Examination in General Surgery: An Evaluation Study.,Alicja Główka; Maja Bubnowska; Marcin Szukała; Barbara Więckowska; Tomasz Banasiewicz; Krzysztof Szmyt,10.5604/01.3001.0055.7863,2026-06-08,Polski przeglad chirurgiczny,"&lt;p&gt;&lt;strong&gt;Introduction:&lt;/strong&gt; Artificial intelligence, particularly large language models like ChatGPT-5.0, is increasingly applied in medical education and decision support. At the same time, there is a lack of research assessing the effectiveness of the latest language models in high-stakes specialized examinations in Poland, which justifies the need for such an analysis.&lt;/p&gt;&lt;p&gt;&lt;strong&gt;Aim: &lt;/strong&gt;This study evaluates ChatGPT-5.0's performance on the Polish Specialization Examination (PES) in general surgery.&lt;/p&gt;&lt;p&gt;&lt;strong&gt;Methods:&lt;/strong&gt; A total of 701 single-choice questions from six PES sessions (2023-2025) were analyzed. The questions were divided into various categories. Each question was independently posed to ChatGPT-5.0 three times, and responses were compared with official answer keys. AI performance was compared with that of residents.&lt;/p&gt;&lt;p&gt;&lt;strong&gt;Results:&lt;/strong&gt; ChatGPT-5.0 achieved scores ranging from 75.6% to 82.8%, with an overall accuracy of 81-84%, consistently exceeding both the 60% pass threshold and the average score of residents. While ChatGPT-5.0 occasionally outperformed the top-performing residents, the highest human scores were superior in most sessions. Confidence scores were positively correlated with answer accuracy.&lt;/p&gt;&lt;p&gt;&lt;strong&gt;Conclusions:&lt;/strong&gt; ChatGPT-5.0 demonstrates strong written exam performance in general surgery. These findings highlight the potential of AI in medical education and exam preparation, while underscoring the limitations of single-choice assessments for clinical competence.&lt;/p&gt;&lt;p&gt;&lt;strong&gt;The significance of the study:&lt;/strong&gt; This study provides the first systematic evaluation of ChatGPT-5.0 on the National Specialty Examination in General Surgery in Poland, offering new insights into how advanced AI models perform across clinical domains and cognitive task types, and highlighting their potential role in future surgical training frameworks.&lt;/p&gt."
PubMed,deep learning,Assessing the concordance between ChatGPT-4 and EAU guidelines indications in bladder cancer management: a real-world study.,Mattia Lo Re; Anna Cadenar; Marta Pezzoli; Stefano Mancon; Elettra Fuligni; Luca Lambertini; Asia Carlino; Rossella Catanzaro; Michele DI Dio; Andrea Minervini; Andrea Cocci,10.23736/S2724-6051.26.06641-3,2026-06,Minerva urology and nephrology,"The integration of Artificial Intelligence (AI), particularly Large Language Models (LLMs) like ChatGPT, into healthcare is reshaping patient information-seeking behaviors. While prior studies have evaluated ChatGPT's performance across various urological domains, no research has yet addressed its ability to provide guideline-concordant recommendations for Bladder Cancer (BCa) management based on histopathological findings. This study aimed to evaluate the concordance between ChatGPT-4 and urologists' therapeutic recommendations for patients undergoing transurethral resection of bladder tumor (TURBT), using the European Association of Urology (EAU) guidelines as the reference.
We retrospectively analyzed 219 consecutive patients who underwent TURBT for BCa at a tertiary referral center between January and June 2024. Data collected included demographics, oncological history, and histopathology reviewed according to WHO 2022 standards. Patients were risk-stratified using the 2021 EAU Non Muscle-Invasive Bladder Cancer (NMIBC) risk model. Two urologists independently defined treatment plans per 2024 EAU guidelines. ChatGPT-4 (accessed April 2025) was queried using histopathological reports and previous BCa history. Recommendations from ChatGPT and urologists were compared for agreement, evaluated using Cohen's Kappa coefficient.
Among the 219 patients (mean age 72.36 years, 78.5% male), 42.9% had de novo BCa, 6.8% underwent II look TURBT, and 50.2% had recurrence. Histopathology revealed 68.5% pure urothelial carcinoma and 53.8% high-grade tumors. NMIBC risk classification identified 5.5% low, 19.6% intermediate, 32.9% high, and 9.1% very-high risk cases. Overall agreement between urologist and ChatGPT recommendations was poor (Cohen's K=-0.06). Stratified analyses showed moderate agreement for first-time BCa (K=0.23) and very high agreement in muscle-invasive BCa (MIBC) cases (K=0.88). In contrast, recurrent cases and II look TURBT showed low to negative concordance (K=-0.24 and K=-0.6, respectively). ChatGPT displayed a notably conservative attitude towards recommending early radical cystectomy, aligning with guidelines in only 3 of 21 cases.
Despite good readability and accessibility, ChatGPT-4's therapeutic recommendations based solely on histopathological reports lacked consistency with EAU guidelines, especially in complex scenarios such as recurrent disease or post-intravesical therapy management. Concordance was higher in straightforward cases like initial diagnosis or MIBC. These findings underscore the limitations of AI when clinical context is incomplete and highlight the irreplaceable role of clinician judgment. ChatGPT may serve as a supplementary tool for patient education but should not be used independently for clinical decision-making in BCa."
PubMed,deep learning,MeshGrow: Integrated framework for simulation-ready cardiac and vascular mesh construction from medical imaging.,Numi Sveinsson Cepero; Arjun Narayanan; Fanwei Kong; Shawn C Shadden,10.1177/20480040261455944,2026,JRSM cardiovascular disease,"Patient-specific cardiovascular simulations are an integral part of cardiovascular research and are increasingly finding use in clinical practice. A primary factor hindering large cohort studies and clinical utilization of cardiovascular simulations is the time-consuming process of constructing simulation-suitable computer models from medical image data. Methods have been proposed to automate the model construction process, but are tailored to either vascular or cardiac models. We herein propose a framework, MeshGrow, that is capable of combining automated modeling of cardiac and extended vascular territories. Namely, we demonstrate that this method can be used to reconstruct the main cardiac chambers along with the aorta and its main sub-branches, and returns a simulation-suitable mesh with a defined aortic valve surface and other surfaces needed for boundary condition specification. MeshGrow combines two different machine learning based techniques to address the specific challenges involved with cardiac and vascular model construction. This results in a two-stage approach; (a) meshing the cardiac structures and (b) growing the vasculature out from it. We present results of our method on five CT test datasets and compare predictions against state-of-the-art benchmark methods, as well as ground truth manually constructed models. Results show that MeshGrow achieves higher metric scores than benchmark methods on the test data. Additionally, we showcase the applicability of the method by running three-dimensional computational fluid dynamics simulations with two of the test cases. With this work, we demonstrate a method that can automate the construction of combined cardiac and vascular models for patient-specific cardiovascular hemodynamic simulation."
PubMed,deep learning,HADANet: hybrid attentive domain adaptation for cross-subject motor imagery EEG decoding.,Dingming Wu; Meng Tang; Shihong Liu,10.1007/s11571-026-10510-7,2026-12,Cognitive neurodynamics,"Motor imagery (MI) based brain-computer interfaces (BCIs) enable direct decoding of human motor intentions from neural activity. Electroencephalography (EEG) is widely used for MI decoding due to its non-invasive nature and high temporal resolution. However, large inter-subject variability in EEG signals leads to significant distribution discrepancies across subjects, which limits the generalization ability of existing decoding models. To address this issue, we propose a Hybrid Attentive Domain Adaptation Network (HADANet) for cross-subject motor imagery EEG decoding. The proposed framework employs a hierarchical convolutional feature extractor to capture complementary temporal and spectral characteristics of EEG signals. A hybrid attention mechanism further enhances discriminative spatial and channel-wise neural representations. In addition, a hybrid domain adaptation strategy combining adversarial learning and multi-kernel maximum mean discrepancy (MMD) alignment is introduced to reduce inter-subject distribution discrepancies and learn domain-invariant features. Experiments on the PhysioNet and Cho motor imagery datasets demonstrate that HADANet achieves competitive performance compared with several state-of-the-art methods, obtaining average accuracies of 82.85% and 85.87%, respectively. The results demonstrate that our framework effectively models motor imagery-related neural patterns and improves cross-subject generalization for practical BCI systems. the code in public https://github.com/curiouspeople/HADANet-."
PubMed,deep learning,"An advanced wide-and-deep learning framework for soybean price forecasting using market, weather, trade, and supply data.",Vilas Damodhar Ghonge; Yogesh Kulkarni,10.1016/j.mex.2026.104030,2026-12,MethodsX,"Precise prediction of agricultural commodity prices is key to assisting farmers, traders, policymakers and supply chain stakeholders to alleviate the uncertainty, and enable them to make sound decisions. The fluctuation in the price of soybean is very unpredictable because of the interplay of market forces, weather unpredictability, trade, output and farming methods. This paper suggests a multi-source machine learning model that is capable of forecasting the accurate price of soy beans using past market prices, arrivals, trade as well as weather forecasting, crop supply and area under cultivation. The dataset of a complete prediction of the prices of soybean between Jan 2015 to March 2026 was built by using the data provided in AGMARKNET, NCDEX, government trade portals, meteorological agencies and state agricultural databases. Exploratory data analysis was done to learn price distributions and regional differences, then systematic data preprocessing, normalization and feature engineering such as rainfall deviation, price range and arrivals per cultivation area was done. Several machine learning and deep learning models were implemented, such as Random Forest, Gradient Boosting, XGBoost, ensemble methods, dense neural network, attention-based models, and a proposed Wide and Deep Network (AgroWDN) was tested. RMSE, MAE, MSE and R2 measures were used to evaluate model performance on training, validation and test datasets. Experimental outcomes depict that AgroWDN model is, by all means, more efficient than the traditional machine learning and deep learning methods, making the least prediction errors and R2 at 98.97; it implies a high predictive performance. These results prove that the method of multi-source data fusion and hybrid deep learning structures are effective in price prediction in agriculture. The suggested framework provides a scalable and useful solution to the profitable prediction of soybean prices and may be applied to other crops and markets."
PubMed,deep learning,Clinical applications of MRI-based artificial intelligence in spinal metastases: A systematic review.,Chunhua Hou; Anqi Wang; Jianru Xiao; Xiang Wang; Wei Xu,10.1016/j.jbo.2026.100782,2026-08,Journal of bone oncology,"This review systematically evaluates the current research landscape, methodological characteristics, and translational challenges of artificial intelligence (AI) integrated with magnetic resonance imaging (MRI) across the diagnostic and therapeutic pathway of spinal metastases, with the aim of informing clinical practice and future research.
Following the Preferred Reporting Items for Systematic Reviews and Meta-Analyses (PRISMA) guidelines, we conducted a systematic search of PubMed, Web of Science, and the Cochrane Library. Original studies investigating AI models, including machine learning, deep learning, and large language models, developed from MRI data for spinal metastases were included. Two reviewers independently screened studies and extracted data. Sixty-one studies were included in the qualitative synthesis.
The included studies focused on four core clinical tasks: diagnosis and pathological classification (23 studies), clinical prognosis and risk stratification (17 studies), lesion detection and segmentation (16 studies), and automated clinical scoring and report analysis (5 studies). AI models showed promising performance across these tasks, with the highest area under the curve (AUC) for benign-malignant differentiation reaching 0.98 and the highest Dice similarity coefficient (DSC) for automatic lesion segmentation exceeding 0.85. Nevertheless, important limitations remain. Most studies were single-center retrospective investigations (73%), and the majority addressed isolated tasks rather than integrated clinical workflows. Important gaps also persist in multicenter generalizability, long-term survival prediction, and multimodal data integration.
MRI-based AI has substantial potential to improve the diagnosis and management of spinal metastases. Future studies should emphasize large-scale, multi-center prospective validation and integrated intelligent systems supporting screening, decision-making, treatment response assessment, and long-term follow-up."
PubMed,deep learning,NeuroPpred-PSCG: A Multimodal Framework Using ProtT5 and Structural Features for Neuropeptide Prediction Based on Gated Cross-Attention Mechanism and Multiscale Gated Convolution.,Shengli Zhang; Xinyi Zhang,10.1021/acs.jcim.6c01123,2026-07-13,Journal of chemical information and modeling,"As fundamental signaling molecules, neuropeptides are involved in diverse physiological regulatory activities. Abnormal expression patterns have been closely linked to neurological and metabolic disorders, which underscores the urgent need for precise and rapid identification methods. Here, we develop NeuroPpred-PSCG, a novel multimodal deep learning framework. At its core, the framework employs both a bidirectional cross-attention mechanism and a gated fusion module to integrate global semantic insights from the protein language model (ProtT5) with local conformational data derived from secondary structure. Furthermore, it utilizes a multiscale gated convolutional network to enhance hierarchical contextual information. On the independent test set, NeuroPpred-PSCG surpasses current leading methods on most metrics, achieving ACC of 94.8%, SN of 95.1%, F1-score of 94.8%, and MCC of 0.896, reflecting robust overall discriminative capability. Compared to the previous best-performing model, NeuroPpred-MSN, our method shows improvements of 1.2% and 0.024 in ACC and MCC, respectively, and most notably, a significant 2.8% gain in SN. Ablation studies, robustness analysis, and interpretability analysis further substantiate the effectiveness of each component, as well as the overall stability and interpretability of NeuroPpred-PSCG. The source code and data sets have been made publicly accessible at https://github.com/xinyizhang186/NeuroPpred-PSCG."
PubMed,deep learning,A deep learning framework for recognizing skin changes secondary to chronic venous insufficiency in clinical photographs: a multicentre validation study.,Ko Eun Kim; Yerin Lee; Hyunyoung Kang; Dai Hyun Kim; Hwan Kyu Roh; Sejung Yang; Beom Suk Kim,10.1080/07853890.2026.2694142,2026-12,Annals of medicine,"Chronic venous insufficiency (CVI) produces heterogeneous lower-extremity skin changes that often mimic inflammatory dermatoses, complicating the differentiation between venous etiologies and conditions requiring dermatologic care. Coexisting venous signs further confound visual interpretation, leading to diagnostic variability. To address this unmet clinical need, we developed and externally validated a pose-guided, high-resolution deep learning pipeline to classify CVI-related skin lesions from routine clinical photographs.
A deep learning framework was developed using a multicentre dataset (8672 images) from Korea University Guro Hospital, Chung-Ang University Gwangmyeong Hospital and Heartwell Vein Clinic. The pipeline integrated Sapiens-based pose estimation for limb localization and a U-Net model refined with Segment Anything Model 2 (SAM2) for skin segmentation. Multiple backbone architectures were evaluated, and ResNet-34 was selected based on optimal performance, taking refined masks and RGB images as input. Performance was evaluated on an internal test set, an independent clinical dataset (n = 183), and the Fitzpatrick17k dataset.
ResNet-34 emerged as the optimal architecture, achieving an internal AUROC of 0.922 with balanced sensitivity (0.679) and specificity (0.943) at 1024 × 1024 resolution. Pose-guided skin segmentation improved discrimination compared to using raw images (AUROC 0.920) or skin masking alone (AUROC 0.905). Multicentre training enhanced generalizability, yielding an external AUROC of 0.877 and maintaining high performance on the Fitzpatrick17k dataset (sensitivity 0.918).
Our pose-guided, high-resolution pipeline enables robust, objective detection of CVI-related skin lesions. By demonstrating high generalizability across multicentre and public datasets, this framework serves as a reliable decision-support tool to standardize clinical phenotyping and facilitate consistent triage and management of chronic venous disease across diverse care settings."
PubMed,deep learning,Intratumoral distribution of anisokaryosis in canine cutaneous mast cell tumors.,Christof A Bertram; Frauke Wilm; Eda Parlak; Taryn A Donovan; Hannah Janout; Pompei Bolfa; Michael J Dark; Andrea Fuchs-Baumgartinger; Andrea Klang; Robert Klopfleisch; Barbara Richter; Marc Aubreville; Stephan M Winkler; Matti Kiupel; Alexander Bartel,10.1177/03009858261465447,2026-07-12,Veterinary pathology,"Automated measurements of anisokaryosis in canine cutaneous mast cell tumors (ccMCTs) have been shown to be predictive of survival, but questions remain regarding the intratumoral distribution of anisokaryosis. Whole-slide images of 96 ccMCTs were analyzed with a deep learning-based segmentation algorithm to quantify anisokaryosis using the standard deviation (SD) of the nuclear area. In 35/96 cases, >5% of the non-overlapping 256 × 256 µm2 regions were hotspots (SD ≥11.5 µm2). Regions selected by 7 pathologists within these 35 cases matched hotspots in 32% of the instances. Outcome analysis (tumor-related death) based on single tumor regions yielded an area under the curve (AUC) of 0.901 for pathologist-selected hotspots, falling between random region selection (AUC: 0.862) and 90th-percentile targeted selection (AUC: 0.956). Whole-slide analysis of the hotspot proportion predicted survival with an AUC of 0.956, with 20% of hotspots as a prognostically meaningful threshold. Whereas pathologists-selected tumor regions are prognostically meaningful for nuclear morphometry, whole-slide analysis may provide additional prognostic information."
PubMed,deep learning,Combined Molecular Fingerprint and Descriptor Features Enable Classical Machine Learning to Match Deep Learning Performance Across the Tox21 Toxicity Panel.,Oluwaseun E Agboola; Samuel S Agboola; Adekunle T Adegbuyi; Zainab A Ayinla,10.1080/15376516.2026.2703006,2026-07-12,Toxicology mechanisms and methods,"Molecular fingerprints and physicochemical descriptors encode complementary structural information, yet most Tox21 benchmarks evaluate only one representation at a time. This study examined whether integrating both closes the reported gap between classical and graph-based deep learning.
Six algorithms (Random Forest, XGBoost, LightGBM, SVM, MLP, Logistic Regression) were trained on a 3,131-dimensional feature vector combining 59 RDKit descriptors with ECFP4, ECFP6, and RDKit topological fingerprints (1,024 bits each), across 8,014 Tox21 compounds and 12 endpoints, evaluated under both stratified 5-fold cross-validation and a Bemis-Murcko scaffold split. Bootstrap resampling (n = 1,000) gave 95% confidence intervals.
Random Forest achieved the highest mean AUC-ROC of 0.846 (SD = 0.053) under stratified 5-fold cross-validation, with 10 of 12 endpoints exceeding 0.80. Under a Bemis-Murcko scaffold split matching the deep learning benchmark protocol, RF mean AUC was 0.839, at or slightly above the published aggregate means of AttentiveFP (0.829) and GROVER (0.831); because these benchmarks report only a single aggregate mean, comparison is aggregate-level only. Adding fingerprints to the descriptor-only baseline improved RF on 10 of 12 endpoints (maximum gain +0.028 on SR-ATAD5). A linear-kernel SVM (0.752) outperformed the originally reported RBF-kernel SVM (0.710), a kernel-calibration artifact; SVM remained the weakest baseline.
An integrated fingerprint-descriptor representation lets classical machine learning match published graph neural networks on Tox21 under matched scaffold-split evaluation, without specialized hardware, offering a reproducible, interpretable alternative for computational toxicology."
PubMed,deep learning,Geospatial-based surveillance of malaria risk in dar es salaam using a hybrid 3DCNN + LSTM and CA model.,Edmund Steven Kanjagaile; Dorothea Deus; Anastazia Daniel Msusa,10.1186/s12942-026-00482-6,2026-07-12,International journal of health geographics,"Malaria remains a significant public health burden in tropical and subtropical regions, where the efficient identification and prediction of risk areas remain challenging. Conventional field surveys used to map Anopheles breeding sites are costly, time consuming and often incomplete. Therefore, there is a pressing need for a geospatially integrated surveillance framework that can accurately map malaria risk and forecast future risk dynamics to support targeted control efforts. A geospatial hybrid modelling framework was developed by integrating multi-source remote sensing, malaria, and climate datasets. A Random Forest model was employed to determine the relative importance of the input variables, which were then weighted and selected for inclusion in a deep-learning architecture. The predictive model combines a 3D Convolutional Neural Network (3DCNN) to capture spatial patterns with a Long Short-Term Memory (LSTM) network to learn temporal dynamics. The model was trained against a baseline mean squared error (MSE) of 0.1 representing a naïve mean predictor. To improve spatial realism of the final risk maps, a Cellular Automata (CA) model was incorporated using a 3 × 3 Moore neighborhood structure, with parameters calibrated at γ = 0.293 and β = 43.9 to enhance the spatial propagation of risk across neighboring cells. The framework successfully mapped malaria risk in Dar es Salaam with a Spearman rank correlation of 0.92, identifying Kigamboni South, Tundwi, and Msongola as high-risk areas. The hybrid 3DCNN-LSTM model reduced the training by 97.3% and validation losses by 90.2% respectively from the baseline. Projections to 2060 indicate a steadily spatial increase in malaria risk, with a cumulative slope of 0.077 risk units over the 35-year horizon (an annual slope of 0.002), demonstrating the model's ability to estimate future risk."
PubMed,deep learning,Drawing or gesturing? Prior knowledge moderates the impact of embodied pedagogies.,Icy Yunyi Zhang; Zoey Zhao; Rui Yu; Jennifer Tan; Ji Y Son,10.1186/s41235-026-00740-y,2026-07-13,Cognitive research: principles and implications,"Educators face persistent challenges in fostering deep understanding of abstract STEM concepts. Theories of embodied cognition propose that grounding abstract ideas in bodily action and perception can enhance learning. Teachers often intuitively use embodied pedagogies such as gesturing and hand-drawing in the classroom, both by performing these themselves or asking students to do these actions, yet the comparative effects of these different types of embodied pedagogies are not well understood. Furthermore, the effect of these pedagogies needs to be put into perspective of students' varying levels of prior understanding. It is unlikely that a single pedagogy will suit all learners. Building on research examining how embodied pedagogies interact with prior knowledge, we contrasted gesture-based and hand-drawing-based instruction in a college-level introductory statistics and data science course. Students were randomly assigned to view instructional videos that enacted either drawing or gesture then reenacted the demonstrated actions. Results showed that prior knowledge significantly moderated instructional effectiveness: For low-prior-knowledge learners, gesture-based instruction outperformed drawing-based instruction, whereas no difference emerged for high-prior-knowledge learners. The findings of this study contribute to our theoretical understanding of how embodied pedagogies impact learning and offer practical insights for tailoring embodied pedagogies to learners' prior knowledge in the classroom."
PubMed,deep learning,"Regional-scale prediction and assessment of soil organic matter content in the Yuanmou Dry-Hot Valley, Southwest China, using satellite-derived phenological time series and deep learning.",Dengdeng Ding; Jida Yang; Sihe Deng; Hongye Zhu; Zhengbo Ma; Chengxiu Fu; Junlang Deng; Dingyun Zhao; Zhen Long; Xiaoyan Wang; Peiwen Yang; Qibin Chen; Qing Zhang,10.1007/s10661-026-15659-6,2026-07-12,Environmental monitoring and assessment,"The dry-hot valley region is characterized by pronounced topographic relief and a complex land-use mosaic, resulting in strong nonlinearity and fine-scale spatial heterogeneity in soil organic matter (SOM). These characteristics increase the difficulty and uncertainty of remote sensing-based digital soil mapping. Although Yuanmou County has been widely investigated, limited attention has been paid to regional-scale SOM prediction in dry-hot valley ecosystems using long-term satellite-derived phenological dynamics and deep learning approaches. To address this gap, this study integrated 475 topsoil samples, topographic factors, environmental covariates, and multi-year satellite-derived phenology time-series variables to develop a regional-scale SOM prediction and assessment framework in Yuanmou County, Yunnan Province, China. The predictive performance of four models was compared, including a convolutional neural network (CNN), a CNN-random forest hybrid model (CNN-RF), a CNN-long short-term memory model (CNN-LSTM), and an attention-augmented CNN-LSTM model (CNN-LSTM-Att). The results showed that model architecture had a substantial influence on SOM prediction accuracy, with overall performance ranked as CNN-LSTM-Att > CNN-LSTM > CNN-RF > CNN. Among the four models, CNN-LSTM-Att achieved the best performance on the independent test set, with R2 = 0.61, RMSE = 2.49 g kg⁻1, and MAE = 1.39 g kg⁻1. The incorporation of temporal modeling and the attention mechanism improved the extraction of dynamic phenological signals associated with SOM formation, resulting in a more refined spatial representation. The CNN-LSTM-Att prediction map clearly identified low-SOM areas along the northern valley corridor and high-SOM zones in the forest-dominated southern and eastern regions, while showing stronger sensitivity to local patches and transitional ecotones. Overall, coupling long-term phenological dynamics with an attention mechanism improved both the predictive accuracy and spatial expressiveness of SOM mapping in complex terrain, providing a useful methodological reference for SOM assessment and precision land management in dry-hot valley regions."
PubMed,deep learning,Machine learning and multi-omic empowered risk stratification and therapeutic framework targeting nucleotide metabolism and mast cell for stomach adenocarcinoma patients.,Yue Shi; Jingwei Zhang; Xiaoping Men; Zhicun Yang; Fang Wang,10.1007/s12672-026-05438-7,2026-07-12,Discover oncology,"Mast cell and nucleotide metabolism(NM) encodes the Stomach adenocarcinoma (STAD) progression and tumor immune microenvironment(TME) heterogeneity. Research targeting deciphering NM-mast cell axis in STAD can pave the way for the deeper understanding of STAD pathogenesis.
STAD stomach tissue bulk profiles(GSE26899 and GSE10326) were utilized for identification of Mast cell and nucleotide metabolism(MNM)-associated shared differentially expressed genes(DEGs) via integrative bioinformatic analysis, including Limma, ssGSEA and WGCNA. Next, Lasso-cox regression was cross-employed for elaboration of predictive model and MNM-associated hub gene identification in TCGA-STAD and GSE84437 bulk profiles for STAD patients. Besides, deep learning algorithm(SOM) was utilized for risk stratification for STAD patients in TCGA-STAD dataset. Indeed, we also elucidated the molecular and immune heterogeneity of hub gene at bulk(TCGA-STAD cohort) and single-cell transcriptomic(GSE158937) levels of STAD patients, especially in virtual malignant cells at spatial and temporal manners. Besides, GSCA database with ridge regression were cross-performed for identification of optimal therapeutic framework for STAD patient treatment and then validated by molecular docking. Finally, in vitro study examined the relationship between hub gene and STAD cancer cell proliferation, growth and metastasis.
MNM can guide the STAD patient prognostic forecasting and risk stratification. Particularly, UCK2 can be considered as MNM-associated hub gene involved in STAD pathogenesis proved by in silico and in vitro studies. Indeed, HG-5-113-01 should be considered as drug reproposing framework targeting UCK2 for the treatment of STAD.
Our study first discovered the integration of MNM mechanisms and predictive roles for STAD patients by combining artificial intelligence(AI) and multi-omic studies."
PubMed,deep learning,Unifying the hallmarks of major depression through neuroimmune-metabolic-oxidative (NIMETOX) dysregulation: a mechanistic systems framework.,Michael Maes; Abbas F Almulla; Drozdstoj Stoyanov; Yingqiang Zhang,10.1038/s41423-026-01448-1,2026-07-13,Cellular & molecular immunology,"Current state-of-the-art neuroimmune, metabolic, and oxidative stress (NIMETOX) knowledge that has been developed in clinical major depressive disorder (MDD) research over the past three decades is explored in this review. Between 1990 and 2000, the acute phase of severe MDD was characterized by the activation of T helper (Th)1 cells and M1 macrophages, leading to immune dysregulation that affects nutritional immunity and alters protein, tryptophan, iron, and lipid metabolism. The latter comprises lower high-density lipoprotein cholesterol, reverse cholesterol transport (RCT), ω3 polyunsaturated fatty acids, heightened lipid peroxidation and atherogenicity. Additionally, immune alterations regulate stress-responsive systems and modify the biological basis of depressive symptoms through neurotoxic effects and reduced neuroprotection. The incremental information acquired from 2000 to 2026 revealed that the acute phase of severe MDD is characterized by immune sensitization, imbalances between the compensatory immunoregulatory system (CIRS) and the immune-inflammatory response system (IRS) and that there are multiple interactions between increased atherogenicity, metabolic syndrome, oxidative stress, and lower antioxidant activity and RCT. Additionally, the NIMETOX pathway may be fuelled by increased expression of TLR4 and NF-κB intracellular signaling driven by increased lipopolysaccharides, lipids, and oxidatively modified epitopes. This paper presents evidence that peripheral NIMETOX pathways may lead to neuroinflammation, microglial activation, and neuronal damage and that increased lipid load impairs these central pathways. This paper assesses the field's future advancements by conducting a comprehensive examination of the reviewed knowledge base, deep phenotyping, panomics methodologies, and machine learning techniques, including the nomothetic precision approach."
PubMed,deep learning,Dynamic structured pruning and merging for real-time acceleration of reinforcement learning.,Takato Ishii; Ryo Ariizumi; Fumitoshi Matsuno,10.1038/s41598-026-59565-w,2026-07-12,Scientific reports,"Deep reinforcement learning (DRL) remains constrained by high computational costs, hindering its practical deployment. While neural network pruning offers a solution for model compression, most existing DRL approaches rely on unstructured pruning. This results in irregular sparse matrices that lack compatibility with standard hardware, offering no tangible real-time acceleration. Furthermore, pruning in DRL is notoriously challenging due to inherent training instability, which often leads to catastrophic performance degradation. To overcome these limitations, we propose a novel framework that integrates dynamic structured pruning with model merging. By periodically merging parallel network instances, our method effectively counteracts the instability triggered by aggressive structural changes, enabling the use of structured pruning directly compatible with general-purpose hardware. Experimental results on continuous control tasks demonstrate that our approach reduces cumulative training FLOPs by up to 72% while maintaining performance competitive with dense baselines across the majority of environments. Additionally, inference profiling confirms an average latency reduction of 16.2%, highlighting the framework's potential for accelerating both the training and deployment of DRL agents. Our code is available at https://github.com/hail-mary/neuron-pruning."
PubMed,deep learning,Hybrid variational quantum-classical data assimilation for numerical weather prediction using Lorenz system benchmarks.,T Praveen Kumar; K V Raghavender; T Veeranna; G K Srikanth; C Kumar; Abhinandan Routray,10.1038/s41598-026-60719-z,2026-07-12,Scientific reports,"The major computational bottleneck of operational Numerical Weather Prediction (NWP) is data assimilation, in which a high-dimensional, prohibitively expensive variational cost function must be minimised repeatedly, with computational costs scaling alongside model resolution. This work presents a systematic empirical evaluation of an Adaptive Hybrid Variational Quantum-Classical (VQE)-based framework for Four-Dimensional Variational Data Assimilation (4DVAR), benchmarked against Classical BFGS optimisation and three deep learning baselines: a standard Long Short-Term Memory network (LSTM), a task-aligned Data Assimilation LSTM (DA-LSTM), and a Neural Ordinary Differential Equation (Neural ODE) across two canonical chaotic atmospheric models of increasing complexity: the three-variable Lorenz-1963 (L63) and the forty-variable Lorenz-1996 (L96) systems. All experiments were conducted using PennyLane quantum simulation across 50 independent runs per method, with rigorous statistical validation including paired t-tests, Wilcoxon signed-rank tests, bootstrap 95% confidence intervals, and formal effect size estimation. Results are reported with full timing decomposition separating quantum circuit execution (T1), classical optimiser time (T2), and infrastructure overhead (T3). The central finding is that the Adaptive Hybrid Quantum-Classical model with a Hardware-Efficient Ansatz (Hybrid QC-HEA) achieves a mean 4DVAR cost of 2.10 on L63 and 21.0 on L96 representing only 11.7% and 14.8% above the Classical 4DVAR baseline respectively-differences that are not statistically significant at p < 0.05. Crucially, Hybrid QC-HEA outperforms all three deep learning baselines by substantial margins on L96, achieving 5.5x lower cost than DA-LSTM, 5.2x lower than LSTM, and 8.3x lower than Neural ODE. The Hybrid QC-HEA also exhibits the tightest cost distribution across 50 runs on L96, demonstrating superior operational reliability compared to all competing methods. Conversely, all-quantum VQE-based methods with no refinement by classical methods scale to cost 32 and 75x more than classical on L96, and thus gradient-free quantum optimisation without the classical BFGS refinement step is ultimately impractical to high-precision data assimilation and the classical BFGS refinement step is in any case a fundamental element of the architecture. Computational scaling analysis reveals that Classical 4DVAR wall-clock time grows 126-fold from L63 to L96, consistent with theoretical predictions of exponentially increasing complexity in chaotic optimisation landscapes, while the hybrid framework maintains near-classical accuracy at both scales. These results constitute an empirical proof-of-concept for hybrid quantum-classical data assimilation on realistic atmospheric models, establishing a reproducible benchmarking framework for future investigation on near-term quantum processors based NISQ devices."
Crossref,aortic stenosis,Serum sialic acid is independently associated with cerebrovascular atherosclerotic stenosis severity and total vascular burden: A retrospective cohort study,Qi Cai; Chunjiao Yang; Lei Luo; Yinfei Huang; Yu Xie; Xin Liang; Renwei Zhang; Yumin Liu,10.1016/j.cca.2026.121217,2027-01,Clinica Chimica Acta,
Crossref,aortic stenosis,Staged Full-endoscopic Foraminotomy for Multilevel Lumbar Stenosis with Scoliosis: A Case Report,Takayuki KITAHARA; Yuji NAGAO; Takafumi OHSHIMA; Naoto ONO; Saori SOEDA; Makoto TAKEUCHI; Kosuke SUGIURA; Hiroaki MANABE; Masatoshi MORIMOTO; Fumitake TEZUKA; Hiroshi KAGEYAMA; Junzo FUJITANI; Koichi SAIRYO,10.2176/jns-nmc.2025-0339,2026-12-31,NMC Case Report Journal,
Crossref,aortic stenosis,Two Cases of Lumbar Spinal Canal Stenosis with Dorsal Meningovertebral Ligaments: Potential Risk of Dural Laceration,Kyohei KIN; Ryoji TOMINAGA; Kento TAKEBAYASHI; Hiroki IWAI; Hisashi KOGA,10.2176/jns-nmc.2025-0354,2026-12-31,NMC Case Report Journal,
Crossref,aortic stenosis,Deep learning-based multimodal fusion of vibrational spectroscopy and clinical data for aortic dissection diagnosis and prognosis,Guangyao Ma; Lei Yan; Xuguang Zhou; Hui Yang; Chen Chen; Jing Tao; Hao Liu; Cheng Chen; Yining Yang,10.1016/j.saa.2026.128391,2026-12,Spectrochimica Acta Part A: Molecular and Biomolecular Spectroscopy,
Crossref,aortic stenosis,Vasodilatory study of Mitragyna speciosa (Korth.) Havil methanolic extract using rats aortic ring assay,Hui Wei Loh; Wan Yin Tew; Chong Seng Yan; Chi Yuan Low; Zurina Hassan; Qiyue Qiu; Bin Yang; Zheng Zhang; Ruiling Zhang; Nelson Jeng Yeou Chear; Mun Fei Yam,10.1016/j.jep.2026.122057,2026-12,Journal of Ethnopharmacology,
Crossref,aortic stenosis,Step-by-step En face O red oil method for aortic plaque staining and quantification in ApoE knockout mouse,Nurin Yasmin Mohd Khairudin; B. Vimala R.M.T Balasubramaniam; Suhaila Abd Muid; Nurdiyana Nasrudin; Nasibah Azme,10.1016/j.mex.2026.104020,2026-12,MethodsX,
Crossref,aortic stenosis,An antibody-conjugated polymer nanoparticle that targets inflammatory site for abdominal aortic aneurysm antioxidant stress therapy,Youjin Huang; Qi'’nan Yin; Qin Zhang; Jinping Liu; Ya Wu; Yong Liu,10.1016/j.bioadv.2026.214968,2026-11,Biomaterials Advances,
Crossref,aortic stenosis,M1 macrophage-derived exosomal miR-155-5p exacerbates aortic dissection via SMAD5-Mediated regulation of vascular smooth muscle cell phenotype,Dengwei Cao; Xinyi Li; Shaoping Zhu; Jianfeng Chen; Haoxiang Li; Jiajun Shi; Xiaoqi Xiong; Jiahui Liu; Yumou Wang; Zhe Dong; Jiangping Song; Jinping Liu,10.1016/j.bioactmat.2026.05.057,2026-11,Bioactive Materials,
Crossref,aortic stenosis,Colchicine attenuates diet-induced early aortic vascular remodeling in mice via modulation of inflammatory and cell death-associated pathways,Amira I. Shrief; Sally Abdallah Mostafa; Dina S. Elshenawy; Mamdouh Eldesoqui; Somaya Saad; Yomna F. Hassan,10.1016/j.tice.2026.103720,2026-11,Tissue and Cell,
Crossref,aortic stenosis,Comparative phenotypic analysis of primary aortic VSMCs versus TGF - β/PDGF - BB differentiated MSCs in rat,Pulkit Soni; Diksha Rani; Manish Kumar; Vaibhav Kushwaha; Anurag Thapliyal; Satyavir Yadav; Shashank Kumar Maurya; Sanjay Kumar Dey,10.1016/j.tice.2026.103714,2026-11,Tissue and Cell,
Crossref,aortic stenosis,The impact of FBN1 variant types on pregnancy-related aortic dissection in women with Marfan syndrome,Tae Yokouchi-Konishi; Chizuko Aoki-Kamiya; Mitsuhiro Tsuritani; Yasuki Ishihara; Yohei Miyashita; Yoshihiro Asano; Takeshi Yagyu; Hitoshi Matsuda; Hiroko Morisaki; Mai Temukai; Masami Sawada; Aiko Kakigano; Naoko Iwanaga; Takeshi Kanagawa; Reiko Neki; Jun Yoshimatsu,10.1016/j.ijcard.2026.134634,2026-10,International Journal of Cardiology,
Crossref,aortic stenosis,DNMT3B attenuates the development of thoracic aortic aneurysm and dissection by suppressing TFEB-mediated autophagy in vascular smooth muscle cells,Yulin Bao; Yaxin Zhu; Yuting Niu; Yilu Hu; Dingkun Lu; Ruixia Xu; Xiaohan Fan,10.1016/j.bbadis.2026.168331,2026-10,Biochimica et Biophysica Acta (BBA) - Molecular Basis of Disease,
Crossref,aortic stenosis,Impact of Aortic Diameter on Left Ventricular Diastolic Dysfunction Following Endovascular Aortic Repair in Patients with Abdominal Aortic Aneurysm,Hitoshi Nakanowatari; Masumi Iwai-Takano; Tomohiro Takano; Tsuyoshi Fujimiya; Koki Takahashi; Yoshiki Endo; Yasuhisa Fukada; Yoshihito Irie; Tetsuya Ohira,10.1016/j.avsg.2026.05.108,2026-10,Annals of Vascular Surgery,
Crossref,aortic stenosis,Interpretable machine learning for one-year mortality prediction in acute aortic dissection: a multimodal model integrating CT imaging features and electrocardiographic parameters,Jing Zhang; Wuyu Xiong; Yunping Sun; Wenqiang Li; Cuiyuan Huang; Huiling Zheng; Caiwei Tan; Ye Sang; Jiajuan Yang; Songlin Zhang; Jian Yang,10.1016/j.bspc.2026.110969,2026-10,Biomedical Signal Processing and Control,
Crossref,aortic stenosis,Early Multicenter Experience with the Nexus Duo™ Aortic Arch Stent Graft System in the Treatment of Aneurysmatic Aortic Arch Diseases,Theodosios Bisdas; Michael Erb; Nikolas Charalambous; Michelle Antonello; Vladimir Makaloski; Luis Miguel Izquierdo Lamoca; Said Abisi; Ahmed Elbasty; Semih Buz; Elisa Jankwitz; Georgios I. Karaolanis; Nada Yasser Elzefzaf; Neophytos Zambas (Nicosia); Prakash Saha; Christiane Schubert,10.1016/j.avsg.2026.05.095,2026-10,Annals of Vascular Surgery,
Crossref,aortic stenosis,Metabolic mechanism analysis of abdominal aortic aneurysm tissues by internal extractive electrospray ionization mass spectrometry with minimal sample size,Manman Qin; Leting Wang; Dan Shan; Deqing Lin; Qinglin Chen; Shuxiang Yan; Liangliang Liao; Xinyi Luo; Yifeng Zhang; Jun Yu,10.1016/j.talanta.2026.129840,2026-10,Talanta,
Crossref,aortic stenosis,Long-Term Durability of TEVAR for Blunt Traumatic Aortic Injury in Young Patients,Karthigesu Aimanan; Ammar Ahmad; Michael Arvind; Putera Mas Pian; Kumaraguru VK. Pillay; Hanif Hussein,10.1016/j.avsg.2026.05.107,2026-10,Annals of Vascular Surgery,
Crossref,aortic stenosis,"Evaluation, treatment, and outcomes in patients with possible severe aortic stenosis",Pishoy Gouda; Derek D. Cyr; Karen Chiswell; Jeremy Mercer; Paul Hofmann; Shazeb Khan; Sreekanth Vemulapalli,10.1016/j.ahj.2026.107498,2026-10,American Heart Journal,
Crossref,aortic stenosis,Transcatheter embolization of an endoleak through a vascular plug implanted in the left common iliac artery during aortouni-iliac endovascular aortic repair: A case report,Ryuta Okuhira; Akira Ikoma; Ryosuke Mimura; Atsufumi Kamisako; Tetsuo Sonomura; Hiroshi Doi,10.1016/j.radcr.2026.06.034,2026-10,Radiology Case Reports,
Crossref,aortic stenosis,Admission-Based Early Risk Stratification for In-Hospital Mortality in Ruptured Abdominal Aortic Aneurysm: A Pragmatic Clinical Model,M.a Lourdes Del Río-Solá; Marina Jimenez-Caja; Clara de la Torre-Casaseca; Eva Alvarez-Garcia; Carlos García-Padron; Cintia Flota-Ruiz,10.1016/j.avsg.2026.05.086,2026-10,Annals of Vascular Surgery,
Crossref,mitral regurgitation,AIoT-Driven Real-Time Detection of Mitral Valve Prolapse,Meng Han Chen; Guanling Lee,10.1504/ijipt.2027.10079642,2027,International Journal of Internet Protocol Technology,
Crossref,mitral regurgitation,Cine-derived mitral annular relaxation velocity for detection of preclinical left ventricular diastolic dysfunction,Niall McVeigh; David Ryan; Fiona Ryan; Joseph McCambridge; Maria Ferre; Sebastian Flynn; David J. Murphy; Mark Ledwidge; Ken McDonald; Jonathan D. Dodd,10.1016/j.mri.2026.110733,2026-11,Magnetic Resonance Imaging,
Crossref,mitral regurgitation,Corrigendum to “First-in-human study of the K-Clip™ transcatheter annular repair system for severe functional tricuspid regurgitation” [International Journal of Cardiology 390(2023) / IJCA 131174],Xiaochun Zhang; Qinchun Jin; Wenzhi Pan; Wei Li; Yingqiang Guo; Genshan Ma; Cuizhen Pan; Shasha Chen; Yuan Zhang; Lei Zhang; Mingfei Li; Shiqiang Hou; Yat-yin Lam; Thomas Modine; Alex Pui-Wai Lee; Juying Qian; Daxin Zhou; Junbo Ge,10.1016/j.ijcard.2026.134622,2026-10,International Journal of Cardiology,
Crossref,mitral regurgitation,A physiology-constrained framework for non-invasive left atrial pressure assessment and post-procedural estimation in mitral stenosis,Qimin Zhang; Wenwen Liang; Shengzhang Wang; Minmin Sun,10.1016/j.bspc.2026.110809,2026-10,Biomedical Signal Processing and Control,
Crossref,mitral regurgitation,Severe tricuspid regurgitation is a congestion-driven cardiorenal disease: A longitudinal study defining a right heart failure phenotype,Layal Mansour; Prayuth Rasmeehirun; Guillaume L'Official; Benjamin Marut; Marion Lacout; Melanie Bezard; Erwan Donal,10.1016/j.ijcard.2026.134643,2026-10,International Journal of Cardiology,
Crossref,mitral regurgitation,Relationship between left atrial fibrosis and function in a selected cohort undergoing surgery for severe primary mitral regurgitation,Caterina Maffeis; Andrea Rossi; Elvin Tafciu; Stefania Rizzo; Monica De Gaspari; Vincenzo Giambruno; Venanzio Di Nicola; Giovanni B. Luciani; Cristina Basso; Flavio L. Ribichini,10.1016/j.ijcard.2026.134614,2026-10,International Journal of Cardiology,
Crossref,mitral regurgitation,Left atrial strain and fibrosis in primary mitral regurgitation: asynchronous markers of atrial remodelling?,Cristina Conte; Alessandro Telesca; Massimo Imazio,10.1016/j.ijcard.2026.134642,2026-10,International Journal of Cardiology,
Crossref,mitral regurgitation,Safety of multiple grasping attempts during transcatheter mitral valve repair with the PASCAL system,Florian Jürgens; Florian Schindhelm; Mohammed Abusharekh; Clara M.K. Brandts; Jürgen Kampf; Matthias Totzeck; Fadi Al-Rashid; Peter Lüdike; Tienush Rassaf; Amir A. Mahabadi,10.1016/j.ijcard.2026.134636,2026-10,International Journal of Cardiology,
Crossref,mitral regurgitation,"Comment on “accuracy of machine learning models for mitral regurgitation severity assessment: A systematic review and meta-analysis""",Sharyu Ikhar; Yogesh Nagargoje; Ruchita Shrivastava,10.1016/j.ijcrp.2026.200666,2026-09,International Journal of Cardiology Cardiovascular Risk and Prevention,
Crossref,mitral regurgitation,Ultrasound measurement of antral cross-sectional area to predict regurgitation during general anesthesia for cesarean section in laboring women: a prospective observational cohort study,Longyuan Shen; Qiuxia Jiang; Xiaojuan Yu; Quansheng Xiao; Shengzhao Wang; Xiongda Lin; Qichen Luo; Shaoqiang Huang,10.1016/j.accpm.2026.101773,2026-09,Anaesthesia Critical Care &amp; Pain Medicine,
Crossref,mitral regurgitation,"Direct-access, balloon-expandable mitral valve replacement under fibrillatory arrest in extensive mitral annular calcification",John Wheeler; Gilbert Tang; Dimosthenis Pandis; Ahmed El-Eshmawi,10.1016/j.xjse.2026.100130,2026-09,JTCVS Structural and Endovascular,
Crossref,mitral regurgitation,Case report: Salvage transcatheter aortic valve replacement for acute aortic regurgitation due to prosthetic valve endocarditis,Denizhan Ozdemir; Uttam Singh; Adishwar Singh; Raj R. Makkar,10.1016/j.crmic.2026.100165,2026-09,Cardiovascular Revascularization Medicine: Interesting Cases,
Crossref,mitral regurgitation,Massive mitral annular calcification with valvular involvement: Multimodality and longitudinal imaging correlation,Manuela Montatore; Gabriele Fanigliulo; Federica Masino; Ruggiero Tupputi; Roberto Maresca; Francesca Calò; Eluisa Muscogiuri; Giuseppe Guglielmi,10.1016/j.radcr.2026.05.087,2026-09,Radiology Case Reports,
Crossref,mitral regurgitation,Beyond gastric volume: linking gastric ultrasound to regurgitation to refine aspiration risk assessment,Lionel Bouvet; Dan Benhamou,10.1016/j.accpm.2026.101811,2026-09,Anaesthesia Critical Care &amp; Pain Medicine,
Crossref,mitral regurgitation,Mechanical mitral prosthesis thrombosis despite normal disc mobility: A case report,Parvathy Sankar; Nicholas Mitchell; Aiden Van Loo; Mohammad Ghandhor; Mitchell Schwocho; Noora Neiroukh; Richard Bloomingdale,10.1016/j.crmic.2026.100168,2026-09,Cardiovascular Revascularization Medicine: Interesting Cases,
Crossref,mitral regurgitation,Blood-nulled late gadolinium enhancement increases sensitivity for subtle basal myocardial scar in mitral valve prolapse with annular disjunction,Amy Avakian; Muhammad Umair,10.1016/j.radcr.2026.05.076,2026-09,Radiology Case Reports,
Crossref,mitral regurgitation,Clinical and echocardiographic predictors of reintervention after percutaneous or surgical treatment of rheumatic mitral stenosis: A systematic review,S.A. Gómez-Gualdrón; J.S. Macias-Martinez; A.M. Pulido-Parra; S.A. Higuera-Leal; B.E. Vesga-Angarita,10.1016/j.cpcardiol.2026.103358,2026-09,Current Problems in Cardiology,
Crossref,mitral regurgitation,Severe aortic regurgitation following ventricular septal defect repair: A case discussion,Jacqueline Nel; Muhammed Vally,10.1016/j.visj.2026.102572,2026-09,Visual Journal of Emergency Medicine,
Crossref,mitral regurgitation,Multimodality imaging assessment of caseous mitral annular calcification in a hemodialysis patient undergoing atrial fibrillation ablation: A case report,Jingyan Niu; Wencai Huang; Jiani Zou,10.1016/j.radcr.2026.04.080,2026-08,Radiology Case Reports,
Crossref,valvular heart disease,Giant Cells in Health and Disease-A Review,Sonal Gupta,10.21276/ijchmr.2016.2.2.10,2106-06-20,International Journal Of Community Health And Medical Research,
Crossref,valvular heart disease,Contemporary Disease Management in Quebec,Amédé Gogovor; Michelle Savoie; Yola Moride; Marilyn Krelenbaum; Terrence Montague,10.12927/hcq.2013.19495,2088-01-15,Healthcare Quarterly,
Crossref,valvular heart disease,Chronic Disease Prevention and Management: Implications for Health Human Resources in 2020,Margo Orchard; Esther Green; Terrence Sullivan; Anna Greenberg; Verna Mai,10.12927/hcq.2013.19496,2088-01-15,Healthcare Quarterly,
Crossref,valvular heart disease,What a Study on Ultraprocessed Fake Meat and Heart Disease Really Found,Lori Y,10.1038/scientificamerican072077-2xmzfca9smsvxelw1jobgf,2077-07,Scientific American,
Crossref,valvular heart disease,Woman Receives Genetically Modified Pig Kidney Transplant after Heart Pump Surgery,Tanya L,10.1038/scientificamerican072077-4hozib8kpx2m6wjvhqi1zz,2077-07,Scientific American,
Crossref,valvular heart disease,Water Lily or Camelotte Sign in Pulmonary Hydatid Cyst – An Orphan Disease,Sudheer Tale; Soibampahel M; Mrudula K; Ritisha B; Subodh K; Girish S,10.23880/cclsj-16000132,2028-11-11,Cell &amp; Cellular Life Sciences Journal,"A 20 – year – old male without any previous comorbidity presented to pulmonary medicine outpatient department with complaints of dull aching chest pain on right side, dry cough and shortness of breath for the pastone year. He was non vegetarian and had no addictions. On general physical examination his vitals were stableand respiratory system examination revealed decreased breath sounds in the right hemithorax. All his routineblood investigations were normal. Chest radiograph revealed homogenous opacity in the right middle andlower zones. Contrast enhanced computed tomography of thorax and abdomen showed a well defined encapsulatedcystic lesion of size 12x10x14cm with internal floating membranes (water lily sign or Camelotte sign) with masseffect on adjacent lung parenchyma causing atelectasis and compression of adjacent vessels (Figure 1). Hydatid serology (IgG) was positive. Patient was treated symptomatically and referred for surgical intervention."
Crossref,valvular heart disease,Comparison of convolutional neural network (CNN) methods using AlexNet and VGG16 architectures for disease detection in apples,Anang Pramono; Zuhriah Virlani Putri,10.1504/ijaac.2028.10078919,2028,International Journal of Automation and Control,
Crossref,valvular heart disease,"EFFECT OF FERTILIZER FACTORY WASTES ON SEED GERMINATION, PLANT GROWTH AND ROOT-KNOT DISEASE DEVELOPMENT IN TOMATO (Lycopersicon lycopersicum L.) PLANTS",Gopal Dixit,10.33865/wjb.002.02.0086,2027-08-31,World Journal of Biology and Biotechnology,"In the present research paper studies have been made on fertilizer factory wastes on percent seed germination, root and shoot length of plants and development of root-knot galls by Meloidogyne incognita in five cultivars of tomato. Though all the cultivars showed almost similar impact of fertilizer wastes on seed germination, plant growth and resistance for root-knot disease with little variation. Percent germination of seeds and plant growth was found decreased while the root-knot index was increased along with the increase in concentration of fertilizer wastes."
Crossref,valvular heart disease,RELATION OF HEART WEIGHT WITH AGE AND WEIGHT OF CADAVER,Jolly Agarwal; Virendra Kumar,10.21761/jms.v2i01.10838,2027-07-25,SRMS JOURNAL OF MEDICAL SCIENCE,"Introduction: Height, weight, and age of person has significant impact on the normal size of&#x0D; heart. These parameters need to be considered when cut-off values indicating the need for&#x0D; treatment or even surgery are established. The aim of present work is to study the relation of&#x0D; weight of the heart with age and weight of cadaver.&#x0D; Material and Methods: The study was performed in the Department of Anatomy, Shri Ram&#x0D; Murti Smarak Institute of Medical Sciences, Bareilly on 30 hearts from embalmed cadavers.&#x0D; The hearts were procured from the cadavers available in our department. The heart was&#x0D; thoroughly cleaned and measurements were taken.&#x0D; Results: The mean heart weight was 223.37 ± 57.78 g. Significant relationship between age of&#x0D; the cadaver and weight of the heart (p=0.0004), weight of cadaver and weight of heart&#x0D; (p=0.0001) was observed.&#x0D; Conclusion: The above study provides valuable data of the heart in our geographical location,&#x0D; which may be useful for cardiac surgeons and physicians."
Crossref,valvular heart disease,"Correlation of IL-1β, IL-17A, and CXCL13 Biomarkers with P2RX7 Genetic Polymorphism and Clinical Disease Activity of Iraqi Patients with Rheumatoid Arthritis",Zahraa Thamir; Mohammed Nader,10.21608/ejmm.2026.497902.2527,2027-07-01,Egyptian Journal of Medical Microbiology,
Crossref,valvular heart disease,Elevated TLR-9 Gene Expression Correlates with IL-41 and TNF-α Levels and Renal Dysfunction in Iraqi Patients with Chronic Kidney Disease,Fatima A. Habba; Basima Q. ALSaadi,10.21608/ejmm.2026.497345.2513,2027-07-01,Egyptian Journal of Medical Microbiology,
Crossref,valvular heart disease,Serum Interleukin-15 and Tumor Necrosis Factor-Alpha as Diagnostic and Disease Activity Biomarkers in Vitiligo,Ali S. Aziz; Raad A. Alasady,10.21608/ejmm.2026.494791.2477,2027-07-01,Egyptian Journal of Medical Microbiology,
Crossref,valvular heart disease,Association of Helicobacter pylori toxins cagA and vacA with Parkinson's Disease,Enas A. Daef; Mona H. Abdel-Rahim; Eman M. Farghly; Eman M.H. Khedr; Mona S. Embarek,10.21608/ejmm.2026.483634.2350,2027-04-01,Egyptian Journal of Medical Microbiology,
Crossref,valvular heart disease,Diagnostic and Prognostic Utility of IL-17 and TNF-α in Psoriasis: Insights into Early Detection and Disease Severity,Dhamya K. Sarhan; Jenan M. Ghani; Baneen A. Abd Ulrahman; Intisar R. Sharba; Jinan M. Abd,10.21608/ejmm.2026.482466.2339,2027-04-01,Egyptian Journal of Medical Microbiology,
Crossref,valvular heart disease,Interleukin-30 Level in Patients with Psoriasis Vulgaris and its Relation to Disease Severity,Heba E.S. Hassan; Nessma A. Nosser; Nora M. Darwish; Fatma F. El Dakrory,10.21608/ejmm.2026.487292.2402,2027-04-01,Egyptian Journal of Medical Microbiology,
Crossref,valvular heart disease,Detection of Serum Levels of Interleukin-37 In Patients with Vitiligo and Its Correlation with Disease Activity,Mona G. Nada; Nancy M. Mamdouh; Mera M.G. Anan,10.21608/ejmm.2026.489043.2422,2027-04-01,Egyptian Journal of Medical Microbiology,
Crossref,valvular heart disease,The Role of Nuclear Enriched Abundant Transcript 1 (NEAT1) as a Novel Marker in Diagnosis of Systemic Lupus Erythematosus Disease in Benha University Hospital,"Amany K. Shahat; Ahmed S. Osman; El-Sayed M. Abd-Elghany; Neama L. Ismail; Noha H, Ibrahim",10.21608/ejmm.2026.484722.2369,2027-04-01,Egyptian Journal of Medical Microbiology,
Crossref,valvular heart disease,IL-37 Expression Levels and Its Correlation with Autoantibodies and Disease Severity in Myasthenia Gravis Patients,Radwa M.A. El Galaly; Noha A. Afifi; Ahmad A. Awad; Asmaa M.M. Hasan; Fatma S. Abd-Elsamea,10.21608/ejmm.2026.477092.2284,2027-04-01,Egyptian Journal of Medical Microbiology,
Crossref,valvular heart disease,Efficacy versus coverage: population-level impacts of vaccination schemes,Lixin Lin; Lewi Stone,10.1016/j.idm.2026.07.001,2027-03,Infectious Disease Modelling,
Crossref,valvular heart disease,From giant components to communities: community-level insights for prioritizing interventions within large clusters of HIV-1 transmission networks,Huanchang Yan; Hao Wu; Jiahang Wang; Shunming Li; Yefei Luo; Lingxuan Lai; Jingyang Hu; Zhenming Tian; Yuanli Rao; Jing Gu; Shixing Tang; Yuantao Hao; Zhigang Han; Yu Liu,10.1016/j.idm.2026.05.010,2027-03,Infectious Disease Modelling,
Crossref,deep learning,Learner profiles and the process of Learning in the Higher Educational Context,Christos Skourlas; Petros Belsis,10.15556/ijiim.02.01.003,2115-03-05,International Journal on Integrated Information Management,
Crossref,deep learning,WEB-BASED COLLABORATIVE LEARNING AND KNOWLEDGE SHARING IN INFORMAL BUSINESS NETWORKS,George Stalidis; Costis Papadimitrakopoulos; Theocharis Tsakiris,10.15556/ijiim.01.02.002,2114-12-10,International Journal on Integrated Information Management,
Crossref,deep learning,Availability and Utilization of Tools and Equipment for Teaching and Learning Garment Making Trade in the Senior Secondary Schools in Edo State,,10.20431/2349-0381.0303002,2106,"International Journal of Humanities, Social Sciences and Education",
Crossref,deep learning,Title Pending 8184,,10.3998/mjcsl.8184,2036-06-28,Michigan Journal of Community Service Learning,
Crossref,deep learning,Title Pending 8122,,10.3998/mjcsl.8122,2036-05-11,Michigan Journal of Community Service Learning,
Crossref,deep learning,Title Pending 8219,,10.3998/mjcsl.8219,2036-04-13,Michigan Journal of Community Service Learning,
Crossref,deep learning,Title Pending 8273,,10.3998/mjcsl.8273,2036-03-03,Michigan Journal of Community Service Learning,
Crossref,deep learning,Title Pending 7452,,10.3998/mjcsl.7452,2036-01-19,Michigan Journal of Community Service Learning,
Crossref,deep learning,Title Pending 6294,,10.3998/mjcsl.6294,2034-12-20,Michigan Journal of Community Service Learning,
Crossref,deep learning,Title Pending 5730,,10.3998/mjcsl.5730,2034-11-18,Michigan Journal of Community Service Learning,
Crossref,deep learning,Title Pending 3643,,10.3998/mjcsl.3643,2033-09-06,Michigan Journal of Community Service Learning,
Crossref,deep learning,Title Pending 4120,,10.3998/mjcsl.4120,2033-03-28,Michigan Journal of Community Service Learning,
Crossref,deep learning,Title Pending 2741,,10.3998/mjcsl.2741,2032-09-28,Michigan Journal of Community Service Learning,
Crossref,deep learning,Machine Learning Application for SAIs,Tiare Rivera,10.56251/watu4873,2030-10-20,International Journal of Government Auditing,
Crossref,deep learning,Integration of Biomechanics and Digital Technology: Using Kinovea for Motion Analysis and Learning for Beginner Athletes,Muhammad Nur Hudha; Riezky Maya Probosari; Annisa Nur Khasanah; Supurwoko; Salsabila Kholifahtun Nisa’; Gifran Rihla Gifarka Latief,10.58524/jcss.v4i2.890,2029-11-29,Journal of Coaching and Sports Science,"Background: The integration of biomechanics with digital motion-analysis technologies has introduced new approaches for examining movement efficiency, kinematic characteristics, and technical patterns in walking and running activities. Kinovea, as an accessible motion-analysis software, provides both visual and quantitative feedback. However, its application in supporting technique development among beginner athletes remains insufficiently explored. Aim: This study aims to describe the use of Kinovea in biomechanics training and examine its contribution to the awareness of kinematic characteristics and movement techniques among beginner athletes. Methods: A descriptive qualitative design involved 72 beginner athletes aged 18–25 years selected through purposive sampling. Data were collected over 16 weeks through interviews, field observations, and motion video recordings analyzed using Kinovea. Kinematic data focused on joint angles, stride behavior, and movement phases during walking, running, and the flight phase. Qualitative data were analyzed using content analysis with NVivo 12, while kinematic results were interpreted descriptively to identify performance patterns and areas for technical refinement. Result: Kinematic analysis showed coordinated joint-angle patterns across all phases. Walking analysis identified arm swing angles of 50.9°–58.8° and leg separation angles of 64.3°–67.2°, indicating a stable gait rhythm. The running analysis revealed knee angles of 68.8°–69.8° and elbow angles of 87.6°–89.1°, indicating efficient propulsive mechanics. The flight phase demonstrated knee angles of 81.2°–87.8° and elbow angles of 80.4°–88.3°, suggesting effective momentum use and postural stability. These measurements supported stride-efficiency assessment and technique evaluation. Qualitative findings revealed that Kinovea enabled athletes to interpret movement phases and identify technical inefficiencies through slow-motion and frame-by-frame visualization. Conclusion: Kinovea supports basic motion analysis by providing clear kinematic information and helping beginner athletes observe and refine their movement techniques. The findings also offer practical value for coaches by enabling more precise identification of inefficient patterns and guiding targeted corrections during early-stage training."
Crossref,deep learning,Sparsity Learning via Structured Functional Factor Augmentation,Hanteng Ma; Ziliang Shen; Xingdong Feng; Xin Liu,10.5705/ss.202025.0205,2029,Statistica Sinica,
Crossref,deep learning,Transfer Learning for High-dimensional Regression with Compositional Covariates: Application to Microbiome Studies,Qinqin Hu; Xiaojing Luo; Chencheng Ma; Wang Zhou,10.5705/ss.202025.0314,2029,Statistica Sinica,
Crossref,deep learning,Cyber Defense Digital Twins: A Federated Learning and Zero-Trust AI Architecture for Autonomous Threat Prediction and Response,Sivaramakrishnan Narayanan,10.32628/cseit251116279,2028-08-27,"International Journal of Scientific Research in Computer Science, Engineering and Information Technology","Modern enterprise networks operate under persistent threats that exploit cloud-native misconfigurations, identity sprawl, and API vulnerabilities at machine speed. Existing security operations center (SOC) architectures remain largely reactive, signature-dependent, and incapable of predicting multi-stage lateral movement. This paper proposes the Cognitive Cyber Defense Digital Twin (CCDT), a unified architecture integrating federated learning (FL), graph neural network (GNN)-based attack-path forecasting, adversarially hardened detection models, and autonomous Security Orchestration, Automation, and Response (SOAR) with deception engineering. The CCDT constructs a continuously synchronized digital replica of organizational assets and employs reinforcement learning-based red agents to stress-test detection models. A federated intelligence mesh enables cross-organizational privacy-preserving gradient sharing. Experimental evaluations against CICIDS-2018 and LANL datasets demonstrate 52% faster attack-path detection, 41% reduction in false positive rate, and 60% reduction in mean-time-to-respond (MTTR) compared to traditional SOC baselines. Integrated Explainable AI (XAI) modules using SHAP values enable audit-ready compliance reporting. The CCDT represents a paradigm shift from reactive monitoring to predictive, autonomous, and privacy-preserving cyber defense for hybrid cloud environments."
Crossref,deep learning,The Nexus of Leadership and Learning: Exploring Female Principals' Influence on the Teaching-Learning Process in Secondary Schools,Muhammad Niqab; Salma Tabbasum; Shakil Ahmad,10.55737/qjss.vii-i.26473,2028-02-28,Qlantic Journal of Social Sciences,"The research paper will set out to debate the role played by the leadership competencies of principals in the teaching and learning process. The research will embrace a quantitative research design that will seek to answer the question concerning the relationship that exists between leadership skills of possessed by the  principals and the ongoing teaching-learning process in the female secondary schools using a co-relational study design. A survey instrument comprising of 37 items, which measured the leadership skills possessed by the selected principals and the prevailing teaching learning process, was used in the collection of data. Questionnaires for this study were administered to 108 male and female educators who were serving in secondary schools in Tehsil Wari, upper Dir and among them 100 questionnaires were submitted and were deemed to be useful in the analysis. The data in hand were calculated using Statistical Package of the Social Sciences (SPSS) version-27 and the obtained results indicated that the collected data was normally distributed. The findings revealed that all the variables of the study had great correlations. The analysis of the data was done through linear regression to measure the effect that the leadership skills of the principals had on the teaching learning process and this indicated that leadership skills of the principals have statistically significant effect on the teaching learning process. The policies derived out of this research can be a good guide to both the policymakers and organizational leaders because they can provide a good outline on how to empower the leaders in charge of the principals and as well as exert more influence on the effective teaching and learning processes."
Crossref,deep learning,Transforming Education through Technology: The Case of COVID 19 Digital Learning in Nagaland,K Hinoca Assumi,10.71126/nijre.v2i1.16,2028-02-28,Naveen International Journal of Research in Education (NIJRE),"Through the perspective of the COVID-19 pandemic and the disruption and opportunity it engendered, this chapter follows a transformative effect of EdTech and Digital education in India particularly in Nagaland through analysis. Drawing upon national policy frameworks, conceptual literature on educational technology, and contextual evidence based on the case of Nagaland, the chapter considers the rapid migration to digital learning as an emergency strategy (in response to the ongoing institution closures) based on the stark shifts in pedagogical practice, access to education services, and preparedness. The findings show that, including the ability of national programmes such as NEP 2020, SWAYAM, DIKSHA, PM e-VIDYA, and others, to promote access to digital tools was low within periphery or hill areas (e.g., Nagaland), due to lack of infrastructural resources, digital divide, unprepared teachers and economic/social divides, and more. The pandemic exposed the deep social and infrastructure divides in connectivity, device availability, assessment and learner engagement, with implications that were especially grave in rural and tribal settings. Although it accelerated the pace of innovation and the application of blended and low-tech learning practices teachers have been experimenting with digital platforms and the post-COVID recovery process, including remedial programmes and hybrid instruction. The chapter also discusses that blended learning is the most fitting, viable and sustainable approach for reaching the technological level in the field of educational technology at Nagaland. It implies that technology-mediated education can improve equity, quality, and resilience, but only under the conditions of inclusive policy design, strong digital infrastructure, vigorous teacher capability building, and culturally appropriate digital content. Keywords: Educational technology, digital learning, COVID-19, Nagaland, online education, Challenges, blended learning"
OpenAlex,aortic stenosis,"Computational methods for augmenting the echocardiographic assessment of low-flow, low-gradient aortic valve stenosis",Marcell Illyes,10.5525/gla.thesis.86089,2026-07-12,Enlighten: Theses (The University of Glasgow),"Aortic stenosis (AS) is the most common valvular disease requiring intervention in adults in developed countries. One of its most diagnostically challenging subtypes is low-flow low-gradient (LFLG) AS, characterised by discordant echocardiographic grading criteria. Current guidelines recommend dobutamine stress echocardiography (DSE) to resolve diagnostic uncertainty; however, DSE is often inconclusive and carries procedural risks. This research investigates whether resting echocardiographic recordings alone can distinguish true-severe from pseudo-severe LFLG AS. First, statistical analyses and classical machine learning (ML) techniques were applied to standard and novel echocardiographic predictors to assess their ability to separate severity grades and flow states. The results show that the decision boundaries derived from concordant AS cases do not generalise well to LFLG AS. Although ML models achieved 79.3% accuracy in synthetic data generated from concordant AS, performance decreased when evaluated in the LFLG AS cohort in both rest and stress states. Second, a novel strain imaging pipeline was developed to estimate three-dimensional myocardial deformation from 2D triplanar echocardiographic data. This enabled calculation of 3D strain parameters over time without full 3D acquisitions. The global and segmental longitudinal strain values did not show significant differences between the 3D and triplanar methods, confirming the validity of the pipeline. A qualitative analysis also suggested that regional strain values were lower in patients with severe LFLG AS. Finally, deep learning (DL) models that combine transformer-based feature extractors with multiple-instance learning were trained on a public dataset for AS severity classification. The test accuracy showed marginal improvements in the public data set with an average improvement of 2.16% over the predefined test sets, and generalisation to clinical data from patients with concordant AS achieved a balanced accuracy of 67.5%, compared to 62.5% from previous models. Additionally, the model performance in LFLG AS was assessed under resting or both resting and stress states."
OpenAlex,aortic stenosis,"Left Ventricular Outflow Tract Obstruction: A Comprehensive Pathophysiological, Clinical, and Therapeutic Overview of a Heterogeneous Spectrum of Cardiovascular Disorders",Indunil Karunarathna; Asoka Karunarathna,10.5281/zenodo.21314660,2026-07-11,Zenodo (CERN European Organization for Nuclear Research),"Left ventricular outflow tract obstruction (LVOTO) encompasses a diverse and clinically significant group of cardiovascular disorders characterized by impedance to systolic blood flow from the left ventricle into the systemic circulation. This obstruction may arise at three distinct anatomical levels—subvalvular, valvular, or supravalvular—and can be attributable to congenital anomalies, acquired degenerative processes, or dynamic functional derangements. Hemodynamically, LVOTO is defined by a peak instantaneous gradient of at least 30 mmHg across the outflow tract, a threshold that carries profound prognostic implications. The etiological spectrum includes subaortic stenosis, bicuspid aortic valve stenosis, supravalvular aortic stenosis, coarctation of the aorta, and hypertrophic cardiomyopathy, each with unique pathophysiological mechanisms, natural histories, and therapeutic considerations. Untreated LVOTO imposes a chronic afterload burden on the left ventricle, culminating in maladaptive hypertrophy, chamber dilatation, and eventual heart failure. Diagnosis relies on a multifaceted approach incorporating clinical examination, electrocardiography, and advanced imaging modalities such as transthoracic echocardiography, cardiac magnetic resonance, and computed tomography angiography. Management strategies are etiology-specific and range from pharmacological modulation in dynamic obstructions to surgical or catheter-based interventions for fixed anatomical lesions. Given the condition's prevalence across all age groups and its potential for significant morbidity and mortality, a comprehensive understanding of LVOTO is essential for clinicians across specialties. This review provides an in-depth scholarly examination of the pathophysiological substrates, clinical presentations, diagnostic algorithms, and evidence-based therapeutic approaches for the major causes of LVOTO, emphasizing the imperative of early recognition and interprofessional collaborative management to optimize patient outcomes."
OpenAlex,aortic stenosis,"QuANTUM-Wild: a Phase III, randomized trial of quizartinib in newly diagnosed <i>FLT3</i> -ITD–negative acute myeloid leukemia",Pau Montesinos; Jessica Altman; Lars Bullinger; June‐Won Cheong; Amir Fathi; Mark J. Levis; Selina Luger; Toshihiro Miyamoto; Esther Natalie Olíva; Alexander E. Perl; Christian Récher; Rebeca Rodriquez Veiga; Yi-Xiang Wang; Amer M. Zeidan; Li Liu; Yvonne Duong; Jaime E. Connolly Rohrbach; Giorgio Inghirami; Karenza Alexis; Andreas Gosberg; Akash Nahar; Kristy Burns; Naval Daver; Harry P. Erba,10.1080/14796694.2026.2689464,2026-07-11,Future Oncology,"Quizartinib is a potent type II inhibitor of FMS-like tyrosine kinase 3 (FLT3) that demonstrated significant survival benefit among patients with newly diagnosed (ND) acute myeloid leukemia (AML) without FLT3-internal tandem duplication (FLT3-ITD) in the randomized, Phase II QUIWI trial. Here, we present the rationale and design of QuANTUM-Wild, a double-blind, randomized, placebo-controlled, Phase III study to confirm the efficacy and safety of quizartinib plus standard induction and consolidation chemotherapy and as maintenance monotherapy in adult patients with ND FLT3-ITD–negative AML. Eligible patients are randomized 2:2:1 to one of three treatment arms. Patients in Arm A (n ≈ 280) receive quizartinib plus chemotherapy during induction and consolidation (with option for transplant without study drug), followed by up to 36 cycles of single-agent maintenance therapy. Patients in Arm B (n ≈ 280) receive placebo in all treatment phases plus chemotherapy, then as maintenance monotherapy. Patients in Arm C (n ≈ 140) receive quizartinib plus chemotherapy in the induction and consolidation phases, then placebo during the maintenance phase, to specifically assess the utility of quizartinib maintenance. The primary endpoint is overall survival. Secondary endpoints include event-free survival, remission rate, and safety.Clinical trial registration: http://www.clinicaltrials.gov identifier is NCT06578247."
OpenAlex,aortic stenosis,"Left Ventricular Outflow Tract Obstruction: A Comprehensive Pathophysiological, Clinical, and Therapeutic Overview of a Heterogeneous Spectrum of Cardiovascular Disorders",Indunil Karunarathna; Asoka Karunarathna,10.5281/zenodo.21314659,2026-07-11,Zenodo (CERN European Organization for Nuclear Research),"Left ventricular outflow tract obstruction (LVOTO) encompasses a diverse and clinically significant group of cardiovascular disorders characterized by impedance to systolic blood flow from the left ventricle into the systemic circulation. This obstruction may arise at three distinct anatomical levels—subvalvular, valvular, or supravalvular—and can be attributable to congenital anomalies, acquired degenerative processes, or dynamic functional derangements. Hemodynamically, LVOTO is defined by a peak instantaneous gradient of at least 30 mmHg across the outflow tract, a threshold that carries profound prognostic implications. The etiological spectrum includes subaortic stenosis, bicuspid aortic valve stenosis, supravalvular aortic stenosis, coarctation of the aorta, and hypertrophic cardiomyopathy, each with unique pathophysiological mechanisms, natural histories, and therapeutic considerations. Untreated LVOTO imposes a chronic afterload burden on the left ventricle, culminating in maladaptive hypertrophy, chamber dilatation, and eventual heart failure. Diagnosis relies on a multifaceted approach incorporating clinical examination, electrocardiography, and advanced imaging modalities such as transthoracic echocardiography, cardiac magnetic resonance, and computed tomography angiography. Management strategies are etiology-specific and range from pharmacological modulation in dynamic obstructions to surgical or catheter-based interventions for fixed anatomical lesions. Given the condition's prevalence across all age groups and its potential for significant morbidity and mortality, a comprehensive understanding of LVOTO is essential for clinicians across specialties. This review provides an in-depth scholarly examination of the pathophysiological substrates, clinical presentations, diagnostic algorithms, and evidence-based therapeutic approaches for the major causes of LVOTO, emphasizing the imperative of early recognition and interprofessional collaborative management to optimize patient outcomes."
OpenAlex,aortic stenosis,Screening of pediatric patients with congenital anomalies of the kidney and urinary tract for associated congenital heart disease in a tertiary care setting,Sahar Sheta; Rana Hendawy; Esraa Fathy; Shaimaa Sayed,10.1007/s00467-026-07454-9,2026-07-11,Pediatric Nephrology,"BACKGROUND: Congenital anomalies of the kidney and urinary tract (CAKUT) are among the most common birth defects and represent a leading cause of chronic kidney disease (CKD) in children. Congenital heart disease (CHD) is the most frequent severe congenital malformation worldwide. Given the shared mesodermal embryologic origin of both the renal and cardiovascular systems, an association between CAKUT and CHD has been proposed. We aimed to screen pediatric patients diagnosed with CAKUT for the presence of associated CHD. METHODS: This cross-sectional analytical study included 300 pediatric patients with CAKUT. Demographic data, type of CAKUT and kidney function status were collected. All patients underwent cardiac evaluation and echocardiography to detect structural heart defects and assess cardiac function. CAKUT types and their association with CHD were analyzed. RESULTS: The mean age of the cohort was 6.42 years, with a male predominance (68.7%). CHD was detected in 7% of patients, with atrial septal defect (33%) and ventricular septal defect (23%) being the most frequent lesions. 28.5% of these patients with CHD needed surgical intervention. The most common CAKUT subtype was vesicoureteral reflux (27.7%), and it was the most common CAKUT subtype associated with CHD. Fractional shortening impairment was strongly associated with advanced CKD. CONCLUSIONS: The coexistence of CHD among children with CAKUT could emphasize the need for cardiac evaluation and consider the echocardiographic screening in this population. Moreover, the observed link between advanced CKD stage and cardiac dysfunction supports the necessity of integrated nephro-cardiac care in these patients."
OpenAlex,aortic stenosis,"Left Main, Proximal LAD &amp; LCX Arteries Dimensions in Indian Population: An IVUS Study",Nilashish Dey,10.25258/ijpqa.16.12.69,2026-07-11,International Journal of Pharmaceutical Quality Assurance,.
OpenAlex,aortic stenosis,Association of Lipoprotein(a) With SYNTAX Score in Young Adults Presenting with Acute Coronary Syndrome: A Cross-Sectional Study,AKASH SWAIN; BARUN KUMAR; Kanika Kukreja; ADITYA AGARWAL; Kishan Mavani,10.21203/rs.3.rs-10106809/v1,2026-07-10,Research Square,
OpenAlex,aortic stenosis,Incidental Moderate Aortic Stenosis and 90-Day Mortality in Non- Cardiac Critical Illness: A Retrospective Cohort Study Using the MIMIC-IV Echocardiography Database,Lujun Shao; Cheng Xu; Huiyu Tai; Yue Li,10.21203/rs.3.rs-9965444/v1,2026-07-10,Research Square,
OpenAlex,aortic stenosis,The Evolving Role of Coronary Artery Imaging in Assessing Cardiovascular Risk from Lipoprotein(a),Michael T. Savides; Harpreet S. Bhatia; Inna Kuznetsova; Michael J. Wilkinson,10.1007/s11883-026-01440-0,2026-07-10,Current Atherosclerosis Reports,"PURPOSE OF REVIEW: Summarize current literature on the use of coronary artery imaging modalities in examining the atherosclerotic and arterial inflammatory manifestations of elevated lipoprotein(a) [Lp(a)]. Evaluate the evolving role of coronary imaging in risk stratification and treatment decisions. RECENT FINDINGS: While Lp(a) and calcium scoring (CAC) are independently associated with cardiovascular risk, Lp(a) is associated with CAC incidence and progression. Lp(a) is associated with greater plaque prevalence, multivessel disease, and high-risk morphologies, while also being linked to accelerated progression of mixed and lipid-rich plaque by coronary CT angiography. Intravascular imaging modalities further show associations between Lp(a) and thin-cap fibroatheroma, lipid-rich plaque, percent atheroma volume, and plaque progression. Lp(a) is associated with non-calcified or mixed coronary plaque morphology and progression, as well as increased risk of high-risk plaque features. While additional research is needed, current literature suggests that coronary imaging may be an important tool in cardiovascular risk stratification for individuals with elevated Lp(a)."
OpenAlex,aortic stenosis,Evolocumab,CDA-AMC,10.51731/cjht.2026.1472,2026-07-10,Canadian Journal of Health Technologies,"Reimbursement reviews of drugs later in the life cycle include a comprehensive assessment of clinical value, unmet clinical need, distinct social and ethical considerations, economic considerations, and impacts on the health systems. The assessments inform nonbinding recommendations that help guide the reimbursement decisions of Canada’s federal, provincial, and territorial drug plans and cancer agencies. This review assesses Evolocumab, 140 mg in 1.0 mL (140 mg/mL), 420 mg in 3.5 mL (120 mg/mL), solution for injection, subcutaneous injection. Indication under consideration for reimbursement: Evolocumab is indicated as an adjunct to diet and other LDL-C–lowering therapies (e.g., statins, ezetimibe, LDL apheresis) in adult and pediatric patients aged 10 years and older with HoFH who require additional lowering of LDL-C."
OpenAlex,aortic stenosis,"Incidence, Predictors and Prognosis of Pacemaker Implantation after Transcatheter Aortic Valve Implantation versus Surgical Aortic Valve Replacement: A Prospective Cohort Study.",Abdulaziz Aboshahba; Mostafa El sayed; Islam Abdelmoneim Ahmed; Zia Sabah; Amer Albarznjy; Mohamed Shaban; Ahmed Elmedany; Abdelhamid Ismail Abdelhamid Abu Rahhal; Ibrahim Faragallah Said; A M Galal; M. A. Mansour; E Mostafa Ahmed; Hend O El Gharib; Saleh Ali Alshehri; Ahmed Mohamed Sanad; Abdelaal Alsayed Abdelrahman Alkhouly; Ahmed Faheem Abdo; Hani A Khalaf; Bassam Mohammad Mokhaimar; Essam Khalil; Karim Mashhour; Mahmoud Khalifa; Mohamed A. Elghanam; Ahmed Mohamed; Khaled Elsayed; Abdallah Sami Mahmoud; A ElsebaeyShousha; Ibrahim K. Gamil; Mohamed M. Elbably; Hanan Abd ElRazek; Mohamed Khaled; Asmaa G Shahien; A. Omar; Wael Tawfik,10.7417/ct.2026.2003,2026-07-10,PubMed,"Background: Cardiac conduction disturbances remain a frequent complication after aortic valve replacement, particularly following transcatheter aortic valve implantation. These disturbances may necessitate permanent pacemaker implantation and can influence post procedural outcomes, yet comparative prospective data integrating anatomical predictors remain limited. Aim: To compare the incidence and prognosis of cardiac conduction disturbances and permanent pacemaker implantation after transcatheter versus surgical aortic valve replacement, and to identify independent clinical and radiological predictors of pacemaker requirement. Method: This prospective cohort study included 60 elderly patients with severe aortic stenosis who underwent either surgical aortic valve replacement or transcatheter aortic valve implantation. Clinical, electrocardiographic, echocardiographic, and computed tomography based radiological data were collected. Patients were followed for six months to assess new onset conduction disturbances, pacemaker implantation, and clinical outcomes. Multivariable regression analysis was used to identify independent predictors of permanent pacemaker implantation. Results: Among 60 patients, 20 underwent SAVR and 40 underwent TAVI. New onset conduction disturbances were more frequent after TAVI than SAVR (45% vs 15%). Permanent pacemaker implantation occurred in 35% of TAVI patients compared with 10% after SAVR. Within TAVI, pacemaker implantation was higher with self-expandable valves than balloon expandable valves (50% vs 20%). Greater implantation depth and higher LVOT calcification were independent predictors of pacemaker implantation. Conclusion: Transcatheter aortic valve implantation is associated with a higher risk of conduction disturbances and permanent pacemaker implantation than surgical replacement, driven largely by procedural and anatomical factors. Integration of detailed pre procedural imaging may improve risk stratification and procedural planning."
OpenAlex,aortic stenosis,Biology of HDL: From Structural Heterogeneity to Dysfunctional Remodeling in Cardiovascular Disease and Comorbidities,Cai Yn; Kehan Li; Huibo Ma; Jianqiang Wu; Yuehong Zheng,10.3390/antiox15070864,2026-07-10,Antioxidants,"The pathogenesis of cardiovascular diseases (CVDs) is intimately linked to cholesterol dysregulation. While high-density lipoprotein cholesterol (HDL-C) is classically considered cardioprotective, contemporary epidemiological evidence reveals a noncausal, often U-shaped, relationship with CVD risk. Static measurements of HDL-C obscure the structural and functional heterogeneity of circulating HDL particles. Under pathological stress, HDL undergoes extensive structural remodeling into dysfunctional HDL, thereby losing its vasculoprotective properties and instead mediating proatherogenic and proinflammatory responses. This review critically evaluates the biogenesis, maturation, and metabolic trajectory of HDL. By integrating recent advancements in proteomics and lipidomics, we map the intricate compositional shifts within HDL subpopulations and clarify the regulatory roles of HDL-associated microRNAs in intercellular communication. We investigate the specific drivers of HDL dysfunction, which is often exacerbated by comorbidities such as diabetes and chronic kidney disease. Furthermore, we outline the methodological transition from automated homogeneous HDL-C quantification to multidimensional profiling. Shifting the clinical focus from HDL quantity to functional quality resolves the HDL-C paradox, helping to drive the development of precision lipidology and targeted therapies to reverse HDL dysfunction in CVDs."
OpenAlex,aortic stenosis,Apical sparing strain (cherry-on-top sign) and the associated amyloidosis red-flag profile in patients with a hypertrophic phenotype: A single-center pilot,Renata Rajtar-Salwa; Agata Krawczyk-Ożóg; Michał Susuł; Jakub Batko; Paweł Petkow-Dimitrow; Stanisław Bartuś; Artur Dziewierz,10.33963/v.phj.113668,2026-07-10,Kardiologia Polska,
OpenAlex,aortic stenosis,Impact of Adherence to Guideline-Recommended Surgical Timing on Outcomes in Infective Endocarditis,Daniel Pastor-Wulf; Rafael González Manzanares; Jorge Perea Armijo; Manuel Crespín-Crespín; José López Aguilera; Manuel Pan; Juan C. Castillo; Manuel Anguita,10.3390/jcm15145421,2026-07-10,Journal of Clinical Medicine,"Background: Infective endocarditis (IE) frequently requires surgical intervention; however, the prognostic impact of adherence to guideline-recommended surgical timing remains uncertain. We aimed to evaluate the association between adherence to recommended surgical timing and short- and mid-term mortality in patients with IE undergoing surgery. Methods: We conducted a retrospective, observational single-center study including consecutive patients diagnosed with IE and an indication for surgery who underwent surgery during the index hospitalization between January 2000 and April 2021. Patients were classified according to whether surgery was performed within or outside the guideline-recommended time frame based on surgical priority. The primary endpoint was 30-day all-cause mortality. Secondary endpoints included in-hospital complications and one-year mortality. Multivariable logistic and Cox regression analyses were performed to evaluate the association between adherence to recommended surgical timing and outcomes. Results: Among 368 patients with IE, 282 (76.6%) had an indication for surgery; 193 surgically treated patients were included in the analysis. Surgery was performed within the recommended time frame in 148 patients (76.7%) and outside the recommended time frame in 45 (23.3%). Thirty-day mortality was 20.2%, with no significant differences between groups (19.6% vs. 22.2%; OR 0.85, 95% CI 0.38–1.92; p = 0.701). In multivariable analysis, no association was observed between adherence to guideline-recommended surgical timing and 30-day mortality (OR 1.97, 95% CI 0.77–5.04; p = 0.159) or one-year mortality (HR 1.19, 95% CI 0.65–2.17; p = 0.578). Society of Thoracic Surgeons (STS) score remained independently associated with both short- and mid-term mortality. Results were consistent in a sensitivity analysis including patients who died before surgery and in a propensity-score overlap weighting analysis. Conclusions: In this cohort of patients with IE and surgical indication who underwent surgery during the index hospitalization, adherence to guideline-recommended surgical timing was not associated with short- and mid-term mortality. Preoperative risk was independently associated with both short- and mid-term mortality, whereas surgical priority was associated with short-term mortality. Future prospective studies are needed to better characterize the role of surgical timing in the prognosis of IE."
OpenAlex,aortic stenosis,Computational studies on visceral artery lesions and aortic pathologies involving visceral branches: a comprehensive review for the clinician,Siting Li; Tianai Wu; X G Sun; Xiao Liu; Zenghan Cao; Fangda Li; Rong Zeng; S M Yang; Yuehong Zheng,10.3389/fcvm.2026.1856457,2026-07-10,Frontiers in Cardiovascular Medicine,"Visceral arteries, including the celiac artery, superior mesenteric artery, and renal arteries, play a critical role in supplying blood to abdominal organs. Lesions affecting these arteries can be classified into two categories: primary visceral artery pathologies and secondary involvement due to aortic diseases, sometimes leading to serious complications such as ischemia, organ failure, and rupture. Computational modeling approaches have emerged as a valuable tool for analyzing complex hemodynamics in artery diseases. This review provides a critical overview of computational fluid dynamics (CFD) studies on lesions of or involving visceral arteries. CFD could help understanding how biomechanical forces contribute to the development and growth of aneurysms, stenosis, and dissections, as well as predicting the risk of thrombosis, restenosis, and graft failure after endovascular repair of aortic lesions involving the visceral branches. Significant challenges remain, including model simplifications, the lack of patient-specific boundary conditions, and inadequate clinical imaging data due to the complex and individualized anatomy of visceral arteries. Advancements in fluid-structure interaction modeling, real-time hemodynamic data acquisition from imaging modalities, and machine learning-based image segmentation are expected to enhance simulation accuracy and clinical relevance. CFD has the potential to refine the diagnosis and treatment of visceral artery diseases and improve clinical outcomes."
OpenAlex,aortic stenosis,Deep-learning denoising for ultrahigh-resolution photon-counting detector CT: phantom and in vivo evaluation of non-calcified coronary plaques,Sardi Hyska; Muhammad Taha Hagar; José Osoria-Velasquez; Nicola Fink; Jens Ricke; Moritz C. Halfmann; Hugo Marques; Elliot R. McVeigh; George Wesbey; Pál Maurovich‐Horvat; Bálint Szilveszter; Tilman Emrich; Ákos Varga‐Szemes; Milán Vecsey-Nagy,10.1007/s10554-026-03774-x,2026-07-10,The International Journal of Cardiovascular Imaging,"To assess the value of convolutional neural network (CNN)-based denoising for the evaluation of non-calcified coronary plaques on ultrahigh-resolution (UHR) photon-counting detector (PCD) coronary CT angiography (CCTA). A dynamic phantom containing lipid-rich and fibrotic plaques with 50%-diameter stenosis (PDS) was scanned on PCD-CT under varying conditions. For in-vivo imaging, consecutive patients with non-calcified coronary plaques (NCPs) who underwent CCTA with PCD-CT were included. Image series were reconstructed using a sharp vascular kernel (Bv64) with slice thicknesses of 0.2 mm/0.4 mm, quantum iterative reconstruction (QIR) levels 3/4, and with/without CNN denoising. Phantom-based line-profile analysis yielded edge-width at half maximum (EWHM) and 10-90% rise distance as sharpness metrics. Plaque contrast-to-noise ratio (CNR) and PDS were assessed in the phantom and in patients. Two readers evaluated subjective image quality (noise, diagnostic confidence) using a four-point Likert scale. Pairwise comparisons were performed using a Bonferroni-corrected p < 0.002 for significance. Fifty-five patients (median age 74 [66.5-78] years; 19 women) with 97 NCPs were included. Phantom-based sharpness metrics remained unchanged after denoising (all pairwise p > 0.051). CNN denoising increased plaque CNR consistently in the phantom (fibrotic: 0.80-1.64 to 0.92-2.06; lipid-rich: 0.21-0.34 to 0.35-0.46) and in vivo (0.99-2.07 to 1.37-2.92, all pairwise p < 0.001). Denoising did not alter PDS values in phantom or in vivo plaques (all pairwise p > 0.006). Subjective image noise and diagnostic confidence improved across all reconstructions (all pairwise p < 0.001). CNN-based denoising of UHR PCD-CT improves image quality of non-calcified coronary plaques, while preserving sharpness and quantitative stenosis metrics."
OpenAlex,aortic stenosis,Table 1_Computational studies on visceral artery lesions and aortic pathologies involving visceral branches: a comprehensive review for the clinician.docx,Siting Li (3121287); T C Wu; Xiaoning Sun (255857); Xiao Liu (65413); Zenghan Cao (17944562); Fangda Li (9515056); Rong Zeng (54019); Shiyi Yang (5729594); Yuehong Zheng,10.3389/fcvm.2026.1856457.s001,2026-07-10,Figshare,"Visceral arteries, including the celiac artery, superior mesenteric artery, and renal arteries, play a critical role in supplying blood to abdominal organs. Lesions affecting these arteries can be classified into two categories: primary visceral artery pathologies and secondary involvement due to aortic diseases, sometimes leading to serious complications such as ischemia, organ failure, and rupture. Computational modeling approaches have emerged as a valuable tool for analyzing complex hemodynamics in artery diseases. This review provides a critical overview of computational fluid dynamics (CFD) studies on lesions of or involving visceral arteries. CFD could help understanding how biomechanical forces contribute to the development and growth of aneurysms, stenosis, and dissections, as well as predicting the risk of thrombosis, restenosis, and graft failure after endovascular repair of aortic lesions involving the visceral branches. Significant challenges remain, including model simplifications, the lack of patient-specific boundary conditions, and inadequate clinical imaging data due to the complex and individualized anatomy of visceral arteries. Advancements in fluid-structure interaction modeling, real-time hemodynamic data acquisition from imaging modalities, and machine learning-based image segmentation are expected to enhance simulation accuracy and clinical relevance. CFD has the potential to refine the diagnosis and treatment of visceral artery diseases and improve clinical outcomes."
OpenAlex,aortic stenosis,"Bony Heart: Myocardial and pericardial calcification, the yet unrevealed mechanism",Jayeeta Samanta; Saswata Manna,10.30574/wjarr.2026.31.1.1852,2026-07-10,World Journal of Advanced Research and Reviews,"The pulsatile organ, heart consists of cells possessing different functions during developmental stages and in adult, lack of which causes pathological condition. Previous studies show increased alkaline phosphatase (ALP), osteopontin expression in atherosclerosis and vascular calcification, increased reactive oxygen species (ROS) generation and Runt-related transcription factor-2 (Runx2), osteocalcin during aortic valve calcification, increased Runx2, osteopontin in cardiac fibroblasts upon osteogenic induction. Recent findings indicate that cardiomyocytes too take osteoblastic phenotype during hypertrophy. Cardiac injuries including hypertrophy, oxidative stress make the cells prone to calcification. This review mainly focusses on the current knowledge of the osteoblastic modification of cardiac cells with special emphasis on the rare cases of myocardial, pericardial and fetal cardiac calcification. Since cardiomyocyte and pericardial calcification are rare but gradually increasing phenomenon, better understanding of the associated molecular mechanism is needed for therapeutic intervention and in targeting specific molecules for treating or slowing down the calcification process."
OpenAlex,mitral regurgitation,[A novel TPM1 variant causing Dilated cardiomyopathy in a child: A case report and literature review].,S Y Sun; Yongzheng Lou; 黄立新; Min Xie; Haibo Li,10.3760/cma.j.cn511374-20250929-00581,2026-08-10,PubMed,"OBJECTIVE: To explore the clinical manifestations and characteristics of TPM1 gene variants causing Dilated cardiomyopathy (DCM) in children. METHODS: This study focused on a pediatric patient diagnosed with DCM associated with a TPM1 gene variant, who presented at the Pediatric Cardiology Department of Women and Children's Hospital of Ningbo University on October 1, 2024. A retrospective analysis of the clinical data was conducted. Peripheral blood samples were collected from the patient and both parents. Following extraction of genomic DNA, whole exome sequencing was carried out. Candidate variant was validated by Sanger sequencing in the family trio. Structural prediction and analysis of the mutant TPM1 protein were carried out using AlphaFold and PyMOL. In addition, a systematic literature review was conducted to summarize the clinical manifestations and genetic characteristics of DCM cases linked to TPM1 variants. This study was approved by the Medical Ethics Committee of the hospital (Ethics No.: EC2024-143). RESULTS: The patient, a 2-year-old girl, presented with delayed motor development. Colored Doppler ultrasound revealed left ventricular enlargement with slight endocardial thickening, mild-to-moderate mitral regurgitation, and reduced left ventricular systolic function. Whole exome sequencing revealed that she has harbored a heterozygous c.82_84del (p.Asp28del) variant of the TPM1 gene, which was detected in neither parent, suggesting a de novo origin or parental germline mosaicism. The three-dimensional structure of the TPM1 protein predicted by AlphaFold was analyzed in PyMOL, demonstrating that the variant may result in deletion of aspartic acid at position 28 (Asp28) and replacement with lysine (Lys28), forming new hydrogen bond interactions with residues Glu24, Ala31, and Glu32. A literature review has identified 10 English and 1 Chinese publication, collectively reporting 30 patients (including the present case) and 12 distinct TPM1 variants. Except for the deletion variant in this study, all others were missense variants, with the most common one being c.250G>A (p.Asp84Asn). Clinically, affected infants typically manifested as delayed motor/growth development, feeding difficulties, and dyspnea, while adult patients commonly presented with exertional dyspnea, palpitations, and dizziness as initial symptoms. CONCLUSION: This study has identified a de novo TPM1 variant c.82_84del (p.Asp28del) as a novel cause of pediatric DCM. Early genetic testing is crucial for the diagnosis, clinical management, and genetic counseling. Above finding has also enriched the mutational spectrum of TPM1-associated cardiomyopathy."
OpenAlex,mitral regurgitation,ST-segment elevation myocardial infarction in older adults: echocardiographic characterization and outcomes in contemporary practice,Laima Caunīte; Rinchyenkhand Myagmardorj; Xavier Galloo; Dorien Laenens; Jan Stassen; Takeru Nabeta; Idit Yedidya; Maria Chiara Meucci; Jurriën H. Kuneman; Inge J. van den Hoogen; Sophie E. van Rosendael; Hoi W Wu; Victor J. Brand; Adrian Giucă; Kārlis Trušinskis; Nina Ajmone Marsan; Jeroen J. Bax; Pieter van der Bijl,10.1007/s10554-026-03775-w,2026-07-11,The International Journal of Cardiovascular Imaging,"Evidence on cardiac remodeling, left ventricular (LV) function recovery, medication use and outcomes in older ST-segment elevation myocardial infarction (STEMI) patients is limited. We examined these aspects at baseline and evolution one year post-infarct in patients aged ≥ 80 versus < 80.STEMI registry data were retrospectively analyzed. The older subgroup included patients aged ≥ 80 years at index hospitalization. Echocardiography was performed at baseline and one year after STEMI. LV remodeling was defined as > 20% relative increase in the LV end-diastolic volume. One-year cardiovascular outcomes and five-year all-cause mortality are reported.Study included 2178 patients; 132 (6.1%) were aged ≥ 80. Older patients had worse baseline LV ejection fraction (47.2 ± 9.6% versus 49.8 ± 8.2%; p < 0.001) and experienced more adverse LV remodeling (29% versus 19%; p = 0.024). Nevertheless, LV function improved similarly in both groups. Beta-blocker and renin-angiotensin-aldosterone system inhibitor use was lower (86.4% versus 94.2%; p < 0.001 and 90.2% versus 96.5%; p < 0.001, respectively) but diuretic prescription higher (18.2% versus 8.1%; p < 0.001) in older patients. One year post-infarct beta-blocker and renin-angiotensin-aldosterone system inhibitor use decreased and was similar in both groups, but older patients continued to receive more diuretics and suffered higher heart failure hospitalization rates (7.0% versus 2.6%; p = 0.006). Five-year mortality was 25.8% in older versus 4.3% in younger patients (log-rank χ2 133.2; p < 0.001).Older patients experienced more adverse LV remodeling, received less beta-blockers and renin-angiotensin-aldosterone system inhibitors but more diuretics at discharge and one year, compared to younger patients. Nevertheless, LV function recovered similarly in both groups."
OpenAlex,mitral regurgitation,"Prevalence, Correlates, and Prognostic Significance of In-Hospital Transthoracic Echocardiography Use in Stable Acute Myocardial Infarction",Alon Shechter; Arthur Shiyovich; Robert J. Siegel; Olga Morelli; Harel Gilutz; Ygal Plakht,10.3390/jcdd13070322,2026-07-10,Journal of Cardiovascular Development and Disease,"Little is known regarding in-hospital transthoracic echocardiography (TTE) utilization and its prognostic implications among stable patients with acute myocardial infarction (AMI). We aimed to explore patient and disease characteristics, treatment strategies, and mid-term outcome following uncomplicated AMI according to TTE use during the hospitalization phase. A single-center, retrospective analysis was conducted that included consecutive adult individuals admitted for AMI who did not develop cardiogenic shock and who survived the index hospitalization. Stratified by in-hospital TTE administration status, the cohort was evaluated for all-cause mortality at 1-year post-discharge. Overall, 15,971 subjects (mean age 66 ± 14 years, 69.8% males, 46.1% with ST-elevation myocardial infarction) were analyzed, of whom 12,610 (79.0%) underwent TTE. TTE use correlated with younger age, fewer comorbidities, greater odds of invasive revascularization and intensive coronary care unit management, and lengthier hospital stay. Ultimately, it was associated with a lower rate, cumulative incidence, and—independent of accompanying prognostic markers—risk of all-cause mortality (n = 1032/12,619, 8.2% vs. n = 804/3361, 23.9%, p &lt; 0.001; Log-Rank p &lt; 0.001; adjusted hazard ratio 0.75, 95% confidence interval 0.67–0.83, p &lt; 0.001). Similar results were observed within a 6270-patient, 1-1 propensity score-matched sub-cohort. To conclude, in our experience, in-hospital TTE administered for stable AMI patients was associated with improved mid-term survival. Further research is needed to re-evaluate the present-day recommendation’s Level of Evidence C for its routine use."
OpenAlex,mitral regurgitation,Vertebral heart size and vertebral left atrial size reference intervals in 8 canine breeds,Allison J. Rowland; C. Zepeda; Lisa Murphy; Colleen Tansey; Nicole Piscitelli; Jessica Gentile-Solomon; Donald Szlosek; Reid K. Nakamura,10.2460/ajvr.26.02.0061,2026-07-10,American Journal of Veterinary Research,"Objective: To evaluate vertebral heart size (VHS) and vertebral left atrial size (VLAS) reference intervals in 8 dog breeds: Australian Cattle Dogs, Shih Tzus, Maltese, Dachshunds, Greyhounds, French Bulldogs, Norwich Terriers, and Brittany Spaniels. Methods: Dogs were included if they had 2- or 3-view thoracic radiographs performed and no cardiopulmonary or systemic disease. The same board-certified cardiologist performed the VHS and VLAS measurements in all dogs. Results: The reference interval for Australian Cattle Dogs was 9.1v to 11.2v for VHS and 1.7v to 2.4v for VLAS. The reference interval for Shih Tzus was 8.4v to 10.5v for VHS and 1.6v to 2.4v for VLAS. The reference interval for Maltese was 8.7v to 10.7v for VHS and 1.7v to 2.5v for VLAS. The reference interval for Dachshunds was 8.8v to 10.7v for VHS and 1.6v to 2.2v for VLAS. The reference interval for Greyhounds was 9.4v to 11.5v for VHS and 1.9v to 2.6v for VLAS. The reference interval for French Bulldogs was 9.9v to 13.0v for VHS and 1.7v to 2.6v for VLAS. The reference interval for Norwich Terriers was 9.6v to 11.7v for VHS and 1.7v to 2.3v for VLAS. The reference interval for Brittany Spaniels was 9.4v to 11.5v for VHS and 1.9v to 2.6v for VLAS. Conclusions: The investigators report breed-specific VHS and VLAS reference intervals for 8 canine breeds. Clinical Relevance: Clinicians should be aware of these results to accurately diagnose radiographic cardiomegaly in these breeds."
OpenAlex,mitral regurgitation,Corynebacterium diphtheriae as a very rare cause of infective endocarditis,Dominika Wójcicka; Magdalena Kasińska; Zuzanna Katulska; Andrzej Chciałowski; Magdalena Potapowicz-Krysztofiak; Aneta Guzek,10.20452/pamw.17348,2026-07-10,Polskie Archiwum Medycyny Wewnętrznej,"Polish Archives of Internal Medicine is an international, peer-reviewed, online-only periodical issued monthly in English as an official journal of the Polish Society of Internal Medicine. The journal is designed to publish articles related to all aspects of internal medicine, both clinical and basic science, provided they have practical implications."
OpenAlex,mitral regurgitation,The Wistar-Kyoto rat as a model relevant to inattentive ADHD: substrain variability and affective comorbidity,Natalia Gaik; Emil Dzierkacz; Agata Faron‐Górecka,10.1007/s43440-026-00878-y,2026-07-10,Pharmacological Reports,"Wistar-Kyoto (WKY) rats, originally used as a control group for spontaneously hypertensive rats, are increasingly recognized as a valuable model for studying selected neuropsychiatric disorders. This strain exhibits behavioral and neurobiological traits relevant to both depression and inattentive attention-deficit/hyperactivity disorder (ADHD), including behavioral inhibition, increased stress sensitivity, anhedonic behaviors, and deficits in sustained attention. At the same time, a significant challenge remains in the form of considerable variability among WKY substrains, resulting from genetic differences and the breeding practices employed by individual suppliers. This variability may limit the reproducibility of results, but it also holds research value, enabling the analysis of distinct dimensions of mental disorders within related animal models. The aim of this review is to integrate available data on the genealogy, genetic variability, and behavioral phenotypes of WKY rats, with particular emphasis on their relevance to ADHD research and on depression-related traits that may influence the interpretation of WKY rats as a reference or disease-relevant strain. The added value of the present review is therefore to provide an integrated ADHD-oriented perspective on the WKY strain, while also considering depression-related and treatment-response traits as biologically relevant components of its complex behavioral phenotype."
OpenAlex,mitral regurgitation,Gut microbiota and serum metabolic profiles in patients with sepsis-induced cardiomyopathy and their association with the disease,Kai Chen; Lin Jia; Yizhuo Zhang; Ying Liu; X L Yang; Xiaojuan Yang,10.3389/fcimb.2026.1811654,2026-07-10,Frontiers in Cellular and Infection Microbiology,"Background The pathogenesis of sepsis-induced cardiomyopathy (SIC) remains unclear, and the lack of effective treatment options results in high mortality rates. There may be interactions between gut microbiota dysbiosis, serum metabolic changes, and SIC; however, research in this area is limited. This study aims to provide a theoretical basis for targeted interventions to improve the gut microbiome, thereby enhancing cardiac function and prognosis in patients with SIC. Methods This prospective cohort study enrolled 48 septic patients admitted to the intensive care unit (ICU) of a tertiary general hospital in Ningxia, China, between March 2024 and March 2025. Patients were stratified into SIC (n=28) and SEPSIS (n=20) groups. Age- and sex-matched healthy controls (HC, n=10) were also recruited. Fecal samples from all three groups were analyzed via 16S rRNA gene amplicon sequencing, and serum samples from the SIC and SEPSIS groups were analyzed via LC–MS-based untargeted metabolomics. Spearman’s correlations linked microbial and metabolic alterations to echocardiographic parameters and myocardial injury markers. Results Compared with the SEPSIS and HC groups, the SIC group presented significant differences in both the α and β diversity of the gut microbiota (all P&amp;lt;0.05). Compared with that in the SEPSIS group, the Bacillota/Bacteroidota ratio was significantly lower in the SIC group (P&amp;lt;0.05); compared with the SEPSIS and HC groups, the SIC group presented significantly increased abundances of genera such as Parabacteroides and Clostridium innocuum group and significantly decreased abundances of genera such as Oscillospiraceae_UCG-003 and Lachnospiraceae_UCG-004 (all P&amp;lt;0.05). Forty-nine differential metabolites were identified (VIP≥1, P&amp;lt;0.05): hippuric acid, estrone glucuronide, and TMAO were elevated, while 15-deoxy-Δ12,14-prostaglandin J2 was reduced in the SIC group (all P&amp;lt;0.05). Differential genera/metabolites correlated strongly with SIC diagnostic indicators: e.g., Parabacteroides positively correlated with estrone glucuronide, hippuric acid, and GLS, and negatively with LVEF. Conclusion Gut microbiota dysbiosis differs between patients with Sepsis-induced cardiomyopathy and healthy individuals or patients with sepsis. Additionally, the serum metabolic profile changes in SIC patients differ from those in patients with sepsis, and these characteristic changes are significantly associated with clinical indicators related to the diagnosis of SIC."
OpenAlex,mitral regurgitation,Neurofibromatosis Type 1 Associated with Breast Cancer: A Case Report,,10.54289/jcrmh2600111,2026-07-10,Journal of Case Reports and Medical History,"Neurofibromatosis type 1 (NF1) is an autosomal dominant neurocutaneous disorder caused by loss-of function mutations in the NF1 tumor suppressor gene encoding neurofibromin, a negative regulator of the RAS/MAPK signaling pathway. Women with NF1 carry a significantly elevated risk of breast cancer, particularly before the age of 50. We report the case of a 59-year-old woman with known NF1 who developed an invasive ductal carcinoma (IDC) of the left breast, not otherwise specified (NOS), classified cT4d N1c M1, of Luminal B molecular subtype (ER 60%, PR 10%, Ki67 20%, HER2 1+). The clinical presentation was dominated by massive cutaneous involvement with diffuse neurofibromas and an ulcerated, fungating left breast tumor with carcinomatous lymphangitis. Imaging revealed extensive NF1related lesions paravertebral plexiform neurofibromas, hepatic and renal cysts as well as severe cardiopulmonary complications that ultimately precluded surgical intervention. The patient received neoadjuvant chemotherapy (EC100 followed by Docetaxel), then endocrine therapy (Tamoxifen, subsequently switched to Letrozole + Palbociclib), with transition to integrated palliative care. This case highlights the complexity of breast cancer management in NF1 patients: diagnostic challenges posed by multiple cutaneous lesions, difficulties in radiological interpretation, elevated surgical risk, and the need for a comprehensive multidisciplinary approach."
OpenAlex,mitral regurgitation,Incidence and Predictors of Acute Tricuspid Regurgitation Worsening After Left Bundle Branch Area Pacing,Keisuke Miyajima; Yasukazu Takazawa; Kazuku Ishihara; Nozomi Masuda; Takeru Yamada; Ryosuke Yabuzaki; Wakaba Kobayashi; Shogo Hakamata; Yusuke Oda; Kazuya Nakamura; Ayako Okazaki; Yoshitaka Kawaguchi; Yasushi Wakabayashi; Yuichiro Maekawa,10.1253/circrep.cr-26-0148,2026-07-10,Circulation Reports,"Background: Worsening of tricuspid regurgitation (TR) has been recognized after transvenous cardiac implantable electronic device implantation, but data on early echocardiographic TR deterioration after left bundle branch area pacing (LBBAP) remain limited."
OpenAlex,mitral regurgitation,Challenging Anaesthetic Management of a Child with Hunter Syndrome Undergoing Adenotonsillectomy and Hernia Repair: A Case Report,Anupama Kumari; Sara Mary Thomas; J. Mehta; Pooja Shah,10.7860/jcdr/2026/90323.23987,2026-07-10,JOURNAL OF CLINICAL AND DIAGNOSTIC RESEARCH,"Hunter syndrome, also known as Mucopolysaccharidosis type II (MPS II), is a rare X-linked lysosomal storage disorder caused by a deficiency in iduronate-2-sulfatase. This deficiency leads to the accumulation of Glycosaminoglycans (GAG) which affects multiple organ systems in the body, presenting significant challenges in conduct of anaesthesia. The present report presents a case of four-year-old male child with MPS II who required two surgical procedures six months apart-adenotonsillar resection and hernia repair (umbilical and inguinal). The uniqueness of the present case lies in the use of two different anaesthetic approaches for the same patient: general anaesthesia with challenging airway management for the first surgery and spinal anaesthesia with sedation for the second, thus avoiding repeated airway instrumentation. Preoperative evaluation revealed characteristic features such as coarse facial features, an enlarged head, macrocephaly, macroglossia, a short neck, a Mallampati grade III airway, an enlarged liver and mild mitral valve prolapse with regurgitation. Anticipating airway difficulties, spontaneous ventilation was maintained during induction of general anaesthesia; direct laryngoscopy revealed a Cormack-Lehane grade III view and intubation was successfully performed on the first attempt using a paediatric bougie and a flexometallic endotracheal tube. For the subsequent hernia repair, regional anaesthesia was deliberately chosen to circumvent the known airway risks and the procedure proceeded uneventfully. Both surgeries resulted in smooth recoveries. The present case highlights the importance of comprehensive preoperative assessment, careful airway management and adaptable anaesthetic planning, including the strategic use of regional techniques, to ensure safety in children with MPS II who require multiple surgeries during childhood."
OpenAlex,mitral regurgitation,Atrial Septal Aneurysm and Anxiety: A Bridge from Structure to Psychology,Doğaç Çağlar Gürbüz; Hasan Atmaca; Hicran Damar; Mustafa Kemal Erol; Ertan Yetkın,10.21203/rs.3.rs-9958423/v1,2026-07-10,Research Square,
OpenAlex,mitral regurgitation,Serial Transcranial Doppler Monitoring in a Patient with Acyanotic Congenital Heart Disease Undergoing Endoscopic Third Ventriculostomy: An Anesthetic Perspective,Shobika Sridhar; Sharek A. Nazir; Dasari S. Priyanka; Pradeep Khobragade,10.1055/s-0046-1820455,2026-07-10,Journal of Neuroanaesthesiology and Critical Care,"Abstract Endoscopic third ventriculostomy (ETV) is associated with abrupt intracranial pressure fluctuations and risk of venous air embolism. In patients with acyanotic congenital heart disease (ACHD) and residual intracardiac shunts, perioperative physiological alterations may result in transient shunt reversal, increasing the risk of paradoxical cerebral embolism. We report the anesthetic management of a pediatric patient with ACHD, a persistent atrial septal defect, and a patent ductus arteriosus device in situ undergoing ETV, in whom serial intraoperative transcranial Doppler (TCD) monitoring was employed as a neurocentric safety adjunct. Middle cerebral artery flow velocities were assessed at predefined perioperative milestones, including induction, ventricular access and irrigation, and emergence. TCD demonstrated stable cerebral blood flow velocities without microembolic signals or downstream Doppler evidence suggestive of major cerebral hemodynamic disturbance during the monitored perioperative stages. The intraoperative and postoperative courses were uneventful, with no new neurological deficits. This case highlights the feasibility of serial, milestone-based TCD monitoring as an adjunct to anesthetic vigilance by providing surrogate information on cerebral hemodynamic stability during neuroendoscopic surgery in a pediatric patient with an intracardiac shunt."
OpenAlex,mitral regurgitation,"Infective Endocarditis, a Current Perspective: Clinical and Epidemiological Profile in a High-Volume Chilean Tertiary Centre Between 2021–2023",Ignacio Hernan Pineda Etcheber; Cheryld Mutel GOnzález; Javiera Antonia Bascuñan Maiz; Antonia Cesped Astete; Mauricio Soto,10.3390/pathogens15070727,2026-07-10,Pathogens,"Infective endocarditis (IE) is a severe pathology with recent changes in its epidemiological profile, characterised by older patients with more comorbidities. The objective of this study is to describe the clinical and microbiological characteristics, as well as potential factors associated with mortality, of patients with IE in a tertiary academic centre. Material and Methods: Descriptive, retrospective, and observational study of patients over 18 years of age with a confirmed diagnosis of IE, conducted between 2021 and 2023 at the Dr Hernán Henríquez Aravena Hospital in Temuco, Chile. Biodemographic variables, risk factors, microbiology, echocardiographic findings, and complications were analysed using descriptive statistics and logistic regression models. Results: 119 patients were included (average age 60 years; 65.5% male; 28.5% rural). The most frequent risk factors were arterial hypertension (55%) and diabetes mellitus (29%). 18% were on haemodialysis (HD). Microbiological isolation was achieved in 78.1% of cases, with Streptococcus gallolyticus the most frequent isolate (16.8%), followed by Staphylococcus aureus (15.1%) and coagulase-negative Staphylococcus (15.1%). Complications were present in 69% of cases, mainly emboli (43%) and septic shock (23%)—59.6% required surgery. Global mortality was 44.5%, with a decreasing annual trend (from 58% in 2021 to 33% in 2023). Comorbidities and complications independently associated with mortality were chronic renal failure on HD (OR 5.76; p = 0.001), heart failure (OR 3.13; p = 0.025), and septic shock (OR 3.31; p = 0.016). Conclusions: IE in this centre presents an aggressive profile and a high burden of comorbidities. The prevalence of S. gallolyticus is a notable regional observation not reported in similar populations. Mortality remains high, with an improving trend."
OpenAlex,mitral regurgitation,A Case Series of Confirmed <i>Neisseria gonorrhoeae</i> Native Mitral Valve Infective Endocarditis: Presentation and Management,S Van Der Westhuizen; Johan Koen; J Steyn; D Meintjies; S Lee-Jones; Jacques Janson; Anton Doubell,10.1093/ehjcr/ytag531,2026-07-10,European Heart Journal - Case Reports,"Abstract Background Infective endocarditis arising as a complication of disseminated gonococcal infection (DGI) is uncommon. The condition most frequently involves the aortic or pulmonary valves, with 12 cases affecting the native mitral valve reported in the literature to date. We describe a rare occurrence of three patients presenting with native mitral valve gonococcal endocarditis. Case Summary Three unrelated patients presented to our unit over a 15-month period with DGI. The clinical presentations varied, and although sexually active, no recent prodromal history of disseminated gonococcal infection were reported, except for one patient who had non-specific complaints of tender joints potentially in keeping with gonococcal infection. Two patients underwent a surgical mitral valve replacement due to significant valve destruction, and one underwent mitral valve repair. Laboratory testing for organism identification required a multi-modal strategy in all patients. One patient demised as a complication of over-anticoagulation. Discussion Diagnosis and treatment of patients presenting with infective endocarditis (IE) should follow the 2023 ESC Guidelines on Infective Endocarditis. A multimodal strategy should be employed in identifying the organism, especially in the case of culture-negative endocarditis. Due to the extensive tissue destruction seen with gonococcal IE the patients mostly require valve replacement. However, valve repair must be considered/aimed for in our patients given the morbidity and mortality with warfarin therapy as highlighted by this case series. Local sensitivity profiles and resistance testing should be considered when treating DGI."
OpenAlex,mitral regurgitation,"Cardiomyopathy in glycogen storage diseases: diagnosis, prognosis, and advanced management",Umang Patel; Eren Gunes; Apaara Chawla; Kiara Ashman; Adam Taub; Tigran Arakelyan; Ariyan Madani; K. Patel; Quan Bui; Eric Adler,10.1007/s10741-026-10648-w,2026-07-10,Heart Failure Reviews,"Glycogen storage diseases (GSDs) are a heterogeneous group of rare and often under-recognized causes of inherited cardiomyopathy characterized by pathological glycogen or autophagic vacuole accumulation of debris within various tissues, including the heart. These diseases often present as phenocopies of sarcomeric hypertrophic cardiomyopathy, though they may also manifest with dilated or mixed phenotypes. Key GSDs with cardiomyopathy include Pompe disease (GSD IIa), Danon disease (IIb), Cori/Forbes disease (GSD III), Andersen disease (GSD IV), Tarui disease (GSD VII), phosphorylase kinase deficiency (GSD IX), glycogenin-1 deficiency (GSD XV), and PRKAG2 syndrome, each presenting unique clinical trajectories. Accurate diagnosis requires integration of clinical red flags, multimodality cardiac imaging, and electrocardiography, alongside definitive diagnostic tools like enzyme screening, genetic testing, and endomyocardial biopsy. There is a dearth of evidence regarding specific treatment of each unique GSD cardiomyopathy, but emerging therapeutics across the spectrum of GSDs aim to address this need. This review covers current knowledge on the spectrum of GSD-related cardiomyopathies, discussing pathophysiology, diagnosis, and evolving treatment strategies."
OpenAlex,mitral regurgitation,Emerging insights into infective endocarditis in the era of transcatheter aortic valve implantation,Alexandra Dădârlat-Pop; Adela Șerban; Adrian Molnar; Alexandru Oprea; Raluca Tomoaia; Ștefan-Dan Moț; Iulia Dorli Demetra Moț; Horia Rosianu,10.3389/fcimb.2026.1822120,2026-07-10,Frontiers in Cellular and Infection Microbiology,"With the rapid expansion of transcatheter aortic valve implantation (TAVI), infective endocarditis (IE) involving transcatheter prostheses has emerged as a major clinical challenge associated with high morbidity and mortality. Although the overall incidence of TAVI-associated IE remains relatively low, outcomes are poor, particularly in elderly and frail patients with multiple comorbidities. Importantly, TAVI-associated IE differs from surgical prosthetic valve endocarditis in several aspects, including patient profile, microbiological characteristics, imaging findings, and therapeutic management. This contemporary review summarizes recent evidence regarding the epidemiology, microbiology, multimodality imaging, management strategies, and prognosis of IE following TAVI. Particular emphasis is placed on the prominent role of enterococci, the limitations of conventional echocardiography, and the growing importance of multimodality imaging techniques such as cardiac CT and [¹ 8 F]-FDG PET/CT for diagnosis and detection of perivalvular complications. Current evidence regarding surgical versus conservative management remains limited and strongly influenced by patient selection and operative risk, making individualized Heart Team decision-making essential. Despite advances in transcatheter therapies and imaging modalities, TAVI-associated IE continues to carry very high short- and long-term mortality. Improved preventive strategies, earlier diagnosis, optimized multimodality imaging algorithms, and better selection of patients for surgical intervention are needed to improve outcomes in this high-risk population."
OpenAlex,valvular heart disease,Scalable risk stratification of undiagnosed heart failure using routine health data and its association with imaging phenotypes and outcomes,Yoko M. Nakao; Ramesh Nadarajah; Farag Shuweihdi; Christopher Hayward; Michihiko Goto; Jung‐Chi Hsu; Mohammad Haris; Ben Hurdus; Osama Tariq; Temar Habtezghi; A Helbitz; Ali Wahab; Lan Mu; K N Nakao; Peter Swoboda; Amitava Banerjee; Mark C. Petrie; Clare Taylor; Koji Kawakami; Jianhua Wu; Chris P Gale,10.1038/s41598-026-60673-w,2026-07-11,Scientific Reports,"Late diagnosis of Heart failure (HF) is associated with worse outcomes. We aimed to develop a scalable tool to identify those at high risk of undiagnosed HF using routine electronic health records (EHR). We developed and internally validated a logistic regression (FIND-HF) model for incident HF diagnosis within one year in United Kingdom primary care EHRs (CPRD-Aurum, n=3 520 186), with good prediction performance (area under the receiver operating characteristic curve (AUC) 0.79), equal to more complex modelling techniques. We externally validated FIND-HF in United Kingdom (CPRD-GOLD, n=570 850, AUC 0.72), Japan (JMDC, n=6 820 694, AUC 0.73), United States of America (Epic Cosmos, n=7 710 398, AUC 0.78), and Taiwan (NTUH, n=170 518, AUC 0.85). In a cohort who had undergone HF diagnostics an optimised FIND-HF threshold had a positive predictive value of 21.4% and a negative predictive value of 96.9%. Amongst patients with HF who had undergone cardiac magnetic resonance imaging, high FIND-HF risk compared with low FIND-HF risk as reference, was associated with increased risk of a primary composite outcome of heart failure hospitalisation or cardiovascular death and more advanced adverse remodelling including lower left ventricular ejection fraction. FIND-HF is a scalable EHR-based model which has the potential to help rule out undiagnosed HF in low risk cases, whilst high risk cases are associated with more advanced cardiac dysfunction and worse prognosis."
OpenAlex,valvular heart disease,Impact of Acute Rheumatic Fever on the Type and Severity of Valvular Lesions: Experience of the Cardiology and Cardiovascular Surgery Departments of Avicenne Military Hospital of Marrakech,Yassine Alfatihi; A. Elfathi; Ayoub Dahioui; Hamid Jallal; Noureddine Atmani; Abdessamad Abdou; Abdelmajid Bouzerda; Ali Khatouri,10.9734/ca/2026/v15i3552,2026-07-11,Cardiology and Angiology An International Journal,"Background: Acute rheumatic fever remains an important cause of acquired valvular heart disease where rheumatic heart disease persists in practice, with possible long-term consequences including severe valvular involvement, chamber remodelling, rhythm disturbances, and surgery. Objective: This study described the impact of acute rheumatic fever on the type and severity of valvular lesions among patients managed for valvular heart disease at Avicenne Military Hospital and assessed post-operative outcomes after valve surgery. Methods: This retrospective descriptive and analytical study included 106 adult patients with valvular disease documented by transthoracic echocardiography and managed in the Departments of Cardiology and Cardiovascular Surgery. Demographic, clinical, electrocardiographic, echocardiographic, and surgical data were analysed according to rheumatic or non-rheumatic aetiology. Results: The mean age was 57.4 ± 12.3 years, and 71 patients were male. Rheumatic aetiology was identified in 52 patients (49.1%). Polyvalvular disease was observed in 46 patients, atrial dilation in 84 patients, and atrial fibrillation in 40 cases among patients with arrhythmias. Severe or very severe lesions were more frequent in the rheumatic group. Surgery was performed in 58 patients, with mechanical mitral valve replacement being the most frequent procedure. Early complications included atrial fibrillation, acute cardiac failure, pericardial effusion, infection, thromboembolic events, renal failure, bleeding requiring re-exploration, and complete atrioventricular block. Four operated patients died in hospital. Conclusion: Rheumatic aetiology was the leading cause of valvular disease and was associated with clinically important severity, polyvalvular involvement, atrial remodelling, and frequent surgical management. The findings support prevention, early diagnosis, structured follow-up, and careful post-operative monitoring."
OpenAlex,valvular heart disease,Awareness of Dental Professionals of the Relationship Between Prosthetic Pressure Lesions and Infective Endocarditis: A Cross-Sectional Observational Study,Francesco Saverio Ludovichetti; Serena Zanatta; Davide Scettri; Valentina Brun; Sergio Mazzoleni; Edoardo Stellini; Christian Bacci,10.3390/clinpract16070129,2026-07-10,Clinics and Practice,"Background: Infective endocarditis is a serious disease affecting cardiac tissues and may arise following episodes of transient bacteremia. Oral prosthetic pressure lesions, characterized by mucosal ulcerations, may facilitate the entry of pathogenic microorganisms into the systemic circulation. In predisposed individuals, the presence of such lesions may therefore contribute to the development of infective endocarditis. The objective of this study was to assess dental professionals’ knowledge, awareness, and self-reported clinical practices related to the possible relationship between oral prosthetic pressure lesions and infective endocarditis. Materials and Methods: A cross-sectional observational study was conducted using an anonymous online questionnaire specifically developed for this study and subjected to preliminary content validation and pilot assessment before administration. The survey was distributed online to oral health professionals working in the Italian public and private sectors; for the present analysis, only complete responses provided by licensed dental professionals practicing in Italy were included. Results: Among the 268 dental professionals analyzed, an overall limited awareness of the possible relationship between oral prosthetic pressure lesions and infective endocarditis emerged. Only 16.8% of participants reported being familiar with the most recent guidelines for the prevention of infective endocarditis. Conclusions: The findings suggest the need to strengthen continuing education, improve familiarity with current infective endocarditis prevention guidelines, and promote more structured clinical protocols for the assessment and management of prosthetic pressure lesions in patients at risk."
OpenAlex,valvular heart disease,Initial cardioplegia dose indexed to left ventricular mass in mitral valve surgery,Sitong Tang; Xinglei Ren; Chiyin Wang; Mariam Omotolani Afolabi; Meijuan Dai; J M Chen; Yeqian Shen; Qinpu Wang; Boyu Wang; Shuzhan Huang; Xiaofen Jiang; Yi-Xiang Wang,10.1177/02676591261462274,2026-07-10,Perfusion,"Background In mitral valve surgery, cardioplegia is commonly dosed by body weight or body surface area (BSA), which may not reflect true cardiac mass. We evaluated whether indexing the initial dose to left ventricular (LV) mass improves dosing fidelity. Methods We retrospectively studied 323 patients undergoing mitral surgery with St. Thomas solution (2019–2022). The initial dose of cardioplegia was based on a flow of 150 mL · min –1 · m –2 of body surface area. To reduce heterogeneity related to differences in ventricular remodeling and cardioplegia delivery strategies, the study was restricted to patients undergoing mitral valve surgery. Echocardiography-derived LV mass yielded two indices: C1 = initial perfusion dose (mL)/LV mass (g) and C2 = initial perfusion dose (mL)/LV mass index (LVMI, calculated as LV mass divided by body surface area [BSA]). Patients were divided into 2 groups, Group A (C1 ≤ 6.6 mL·g -1 ) and Group B (C1 &gt; 6.6 mL·g –1 ). Primary endpoint was CK-MB mass (a quantitative measure of the creatine kinase-MB) at 0, 7, 24, and 48 h. High-sensitivity cardiac troponin T (hs-cTnT), ICU and hospital stay were also evaluated. Restricted cubic splines and segmented regression assessed nonlinearity and thresholds; propensity score matching (PSM) generated 67 pairs. Model performance was evaluated using the Akaike and Bayesian information criteria (AIC/BIC). Results In unmatched and matched analyses, C1 showed a nonlinear association with CK-MB mass, with a threshold near C1 = 12.2 mL·g –1 , above which CK-MB increased more steeply. C2 displayed higher thresholds (17.5). After PSM, Group B (higher C1) had higher CK-MB mass at 0, 24, and 48 h; hs-cTnT at 24 h was slightly higher in Group A. ICU and hospital stay were similar between groups. Model fit favored C1 over C2 at 24 and 48 h (lower AIC/BIC). Conclusions LV-mass–indexed dosing captures a nonlinear relevant dose–response and suggests that C1 values above approximately 12.2 mL·g –1 may represent a potential upper range that warrants caution."
OpenAlex,valvular heart disease,Implementation of Cardiac Computed Tomography for Aortic Valve Infective Endocarditis: Coronary Arteries Evaluation and Concordance with Transoesophageal Findings,Pietro Valsecchi; Katia Ellena; Alessandro D’Onorio De Meo; Adele Valentini; Roberta Cattaneo; Calogero Volpe; Filippo Amoroso; Catherine Klersy; Giulia Magrini; Stefano Pelenghi; Raffaele Bruno; Elena Seminari,10.3390/diagnostics16142160,2026-07-10,Diagnostics,"Background: Cardiac computed tomography (CCT) is recommended as a complementary exam and for coronary artery disease evaluation in patients with aortic valve IE (AVIE). We aimed to evaluate the performance of CCT in visualizing coronary arteries in patients with AVIE and its concordance with transoesophageal findings. Methods: We included patients admitted for AVIE who underwent CCT from 2016 to 2023. Coronary arteries were divided into 17 segments according to the American Heart Association and compared using generalized linear models extended to the binomial family. Results were presented as risk differences (RDs) and 95% confidence intervals (CIs). For those undergoing cardiac surgery, we evaluated the concordance among CCT, TOE, and surgical inspection using Cohen’s kappa (κ) test. Results: During the study period, 39 patients with AVIE performed CCT, of whom 28 underwent cardiac surgery. Visibility of coronary arteries was lower in median segments (RD −0.23; 95% CI −0.32 to −0.14) and in distal segments (RD −0.25; 95% CI −0.36 to −0.15) compared to proximal ones. Visibility of left anterior descending artery 2 was higher compared to right coronary artery 2 (RD 0.33; 95% CI 0.07 to 0.45) and obtuse marginal (RD 0.33; 95% CI 0.52 to 0.15). Concordance between CCT and TOE was globally low for vegetations (kappa 0.14), pseudoaneurysms (kappa 0.46), and paravalvular leakage (kappa 0.36). Conclusions: This study highlights the complementary role of CCT in diagnosing IE, given its low concordance with TOE for specific IE lesions. Furthermore, while CCT offers good visibility of the proximal coronary arteries in patients with AVIE, the visibility of the median and distal segments may be suboptimal."
OpenAlex,valvular heart disease,Expanding clinical variability in FBXW7-related neurodevelopmental disorder: a multicenter case series,Salvatore Savasta; Francesco Fabrizio Comisi; Giovanni Battista Dell’Isola; Gabriele Di Pasquale; Ivy Johnson; Isabella Herman; Andrea Maria Comisi; Francesca Felicia Operto; Giuditta Bargiacchi; Daniela Q.C.M. Barge‐Schaapveld; Giuseppe Donato Mangano; Marco Carotenuto; Vincenzo Salpietro; Alberto Verrotti,10.1186/s11689-026-09705-0,2026-07-10,Journal of Neurodevelopmental Disorders,"BACKGROUND: Heterozygous variants in FBXW7 have recently been recognized as a cause of a rare neurodevelopmental disorder with variable developmental delay, neurological manifestations, and multisystem involvement. The breadth of clinical variability and penetrance remains incompletely defined. CASES PRESENTATION: We report a retrospective multicenter case series of seven previously unreported individuals (five males, two females) with heterozygous FBXW7 variants identified through clinical genetic testing, aged 5-9 years at last evaluation (median 6 years). Six variants occurred de novo and one was inherited. Neurodevelopmental involvement was present in six individuals and was characterized by global developmental delay and language impairment; hypotonia was observed in all seven. Formal intellectual disability was documented in four cases, while one individual showed preserved cognitive functioning with predominant behavioral difficulties. Epileptic seizures occurred in four individuals, whereas three had no history of epilepsy. Brain MRI was available for six individuals and was normal in four, whereas two showed structural anomalies involving the corpus callosum. Extracerebral features were variably reported, most commonly constipation and recurrent respiratory/otolaryngological infections. Comparison with previously reported individuals confirmed the core neurodevelopmental phenotype and further refined the spectrum. CONCLUSIONS: This case series expands the phenotypic spectrum associated with FBXW7-related neurodevelopmental disorder and highlights variable expressivity and incomplete penetrance, including clinically relevant variants presenting with mild or atypical phenotypes. These findings support considering FBXW7 across a broad range of neurodevelopmental presentations and inform genetic counseling."
OpenAlex,deep learning,The Role of Collective Bricolage in Creating University Governance Structures: The Example of the Galileo Observatory,Ariel Méndez; Amandine Pascal,,2050-01-01,Cairn.info,"This study investigates the concept of “collective bricolage” within the framework of creating a universe science observatory in France. In the face of significant transformations in higher education and research, this article examines how university stakeholders can employ collective bricolage to adapt to institutional mandates for restructuring. Drawing on Lévi-Strauss’s notion of bricolage and the theoretical contributions of Duymedjian and Rüling (2010), this research investigates how this bricolage can be implemented in the absence of conventional or normative space to support the process, and particularly within a context characterized by conflictual relationships. The case study analyzes the collective bricolage process and its components, demonstrating that the dialectical nature of collective bricolage facilitates the creation of robust governance structures through the negotiation and recombination of resources and rationales from the diverse actors involved."
OpenAlex,deep learning,The nature and tensions of environmental management control in local authorities,Christophe Maurel; Christophe Favoreu; London Proofreaders,,2050-01-01,Cairn.info,"This exploratory research aims to characterize, on the one hand, the concept of environmental management control (EMC) through the practices that underpin it, and, on the other hand, the tensions associated with it and the implementation of these practices in public organizations. Although EMC is attracting growing interest within the public sector, it seems to be facing technical and governance difficulties. A grid for analyzing management tools and the theory of organizational paradoxes is used to address the issue of characterizing EMC practices and the associated tensions in the local public sector. Various municipalities were mobilized to explore and characterize their first experiences of implementing EMC. Our results enable us to characterize both the tools used and the tensions generated between the objectives pursued in terms of resource management, dialogue with the socio-economic environment, and behavioral orientation."
OpenAlex,deep learning,A collaborative and participatory approach to public service innovation: Health sector dynamics and outlook,Fatima Yatim; Alan Sitkin; Cadenza Academic Translations,,2050-01-01,Cairn.info,"This article explores the dynamics of collaborative and participatory innovations in public health services using Chen et al.’s (2020) typology. Based on a mixed survey of projects awarded under the national “Droits des usagers de la santé” initiative, the study finds that user participation primarily generates operational and capacity-oriented innovations frequently involving external partnerships. The analysis highlights the crucial interactions between internal and external dynamics, identifying essential conditions for successful innovations: effective mobilization of internal resources, robust institutional support, and early and active user involvement. However, the study also identifies limitations in citizen engagement, particularly in the evaluation phase of innovations. The article concludes by suggesting avenues for enhancing full co-creation processes in public services to maximize public value."
OpenAlex,deep learning,Genesis of Organizational Innovation in Healthcare,Sabrina Grandclaude; Didier Grandclaude; Thierry Nobre; Cadenza Academic Translations,,2050-01-01,Cairn.info,"Based on the analysis of 96 organizational innovation in healthcare (OIH) projects and 52 interviews conducted with project leaders initiating these innovations, this research identifies the phenomena underlying the genesis of OIHs. The results highlight the major role played by factors such as patient empathy, international inspiration, academic inspiration, technological inspiration, serendipitous encounters, and the desire for organizational transformation in driving the generation of OIHs. Furthermore, our findings emphasize the dual nature of the research and development process for these innovations, characterized as both ex nihilo and ex materia."
OpenAlex,deep learning,"Depth of Processing, learner aptitude, and the acquisition of L2 English grammatical structures",Shweta Nigam,10.48683/1926.00128861,2031-01-01,CentAUR (University of Reading),"Depth of Processing (DoP) is central to several models of instructed second language acquisition (ISLA) (Leow, 2015). While DoP has been extensively examined in vocabulary learning (e.g., Laufer &amp; Hulstijn, 2001), its role in the acquisition of grammatical structures, particularly through oral and audio-visual modalities remains comparatively underexplored. Drawing on the Levels of Processing framework (Craik &amp; Lockhart, 1972), this study investigated whether task-induced processing depth influences the acquisition of third conditionals and comparatives, and whether language aptitude (LLAMA B, D, F) predicts learning gains. Using a pretest–posttest design, four intact classes involving 108 Grade 8 EFL learners in India were assigned to one of the three experimental conditions differing in level and type of processing: Low DoP, High DoP Explicit, and High DoP Implicit. The treatment task required the participants to listen to an audio-visual story containing the target structures (third conditionals and comparatives) and complete analytic tasks (varying in different groups) before listening to the story for a second time. The oral performance of the participants was analysed for accuracy, and frequency of use of the target structures. A grammaticality judgement test (GJT) and an elicited imitation task (EIT) were used to assess the participants’ gains in the knowledge of the target structures. In addition, language aptitude (LLAMA B, D, F) was measured and modelled as a predictor of gain scores. Results showed a significant effect of processing condition on GJT performance with the High DoP Implicit group outperforming the High DoP Explicit group on total scores and comparatives. In contrast, ANCOVA analyses indicated no significant group differences on EIT outcomes once pretest performance was controlled, with pretest scores strongly predicting posttest performance. In oral production, processing effects were structure-specific: the Low DoP group showed greater accuracy gains for comparatives, while both High DoP groups revealed increased frequency of use of third conditionals. However, across all four measures, multiple regression analyses indicated that LLAMA B, D, and F did not significantly predict gain scores. Overall, the findings support a processing-by-structure pattern: deeper processing benefits were most evident for the more salient structure (comparatives) on an explicit, written measure, whereas complex, low-salience forms (third conditionals) showed limited accuracy change but increased frequency of use under deeper processing."
OpenAlex,deep learning,Combating Data and Target Shifts in Visual Tasks,Zhaorui Tan,10.17638/03194353,2031-01-01,Open MIND,"The rapid advancement of deep learning models for visual tasks has led to significant progress in many domains. However, a key challenge remains: ensuring that models can generalize effectively to unseen samples or novel classes, especially in real-world scenarios where training data-target pairs are often limited or unavailable, and test data may exhibit shifts in both data and targets. This thesis addresses the problem of shifts across data and targets, proposing novel methods to improve model generalization and transferability in complex settings. The thesis identifies the different shift scenarios for visual tasks and presents their problem forms. The research first relaxes the static target distribution assumption in Multi-Domain Generalization (mDG) tasks, introducing the General Multi-Domain Generalization (GMDG) objective to improve generalization under varying data shifts. Specifically, Extensive experiments validate that GMDG is feasible for classification, segmentation, and regression tasks. Further considering extreme target distribution shifts where even unknown novel classes emerge, the study also explores logical regularization techniques for tasks such as Generalized Category Discovery (GCD), mDG+GCD, and Class Incremental Learning (CIL), proposing a sample-based logical regularization term (L-Reg) to enhance data-, target-, and all-shift generalization. Additionally, a partial logic framework is introduced to address challenges in CIL, enabling models to retain room for unknown classes during training. This is further extended by the Partial-Logic Regularization (PL-Reg), which improves generalization across GCD, mDG+GCD, and transferability for CIL tasks. Furthermore, the thesis proposes a novel Semantic-aware Data Augmentation (SADA) framework for cross-modality generalization in text-to-image synthesis (T2Isyn), text-image retrieval (TIR), and image-text retrieval (ITR) tasks. This framework ensures semantic preservation across text and image modalities, improving both semantic consistency and image quality in cross-modality tasks. The methods proposed in this thesis offer significant advancements in visual generalization and transfer scenarios, providing theoretical insights and practical solutions for handling data shifts, target shifts, and multi-modalities in complex scenarios. Extensive experiments validate the effectiveness of the proposed methods, demonstrating their superior performance across a range of tasks."
OpenAlex,deep learning,Assessing the Role of Digital Transformation in Strengthening Customer Engagement: A Case Study of bKash,Abdullah Al Ahad; Majeda Begum,,2031-01-01,RUCforsk (Roskilde University),"In this study, the role of digital transformation in enhancing customer engagement in the mobile financial services (MFS) industry is explored through a case study of bKash in Bangladesh.The research was designed to find out the key digital transformation projects which bKash has done, understanding customer perceptions about digital service, understanding the relationship and analysis between features of digital transformation and customer engagement, and analysing the challenges and opportunities of digital transformation.The research method used was a mixed-method research design, which was a combination of quantitative survey data from 46 respondents and qualitative data from the interviews conducted with 4 participants.The quantitative data were analysed statistically using descriptive statistics, reliability analysis, correlation analysis and multiple regression analysis, and the qualitative data were analysed in themes.The study was adopted primarily based on the Technology Acceptance Model (TAM) with the aid of the Diffusion of Innovation (DOI)Theory.The results propose that digital transformation has a positive impact on customer engagement for bKash.The PU, TR and PS measures had strong direct effects on customer engagement.On the contrary, the POEU and DSQ measures had results were statistically insignificant.Qualitative data discussion specified some factors that influence users experience, and these are convenience, reliability, and trust.Though there are several advantages in using digital platforms like bKash, but there are some cautions and issues of being worried.Fraud and service cost is two key area of being worried.According to the findings of this research project, the significance of ongoing innovation, robust security measures, and customer-focused digital approaches are so crucial and in emerging markets Bangladesh, financial service providers should integrate these issues to succeed in the competition."
OpenAlex,deep learning,Antecedents and consequences of Green-tech FDI in emerging markets,Zhuoran Liu,10.17638/03195308,2031-01-01,Open MIND,"As environmental pressures intensify, attracting sustainable foreign direct investment (FDI), particularly green-tech FDI, has become a critical pathway for emerging markets to achieve environmental sustainability. However, existing research remains fragmented, offering limited insights into why green-tech FDI enters emerging markets and how it affects regional green innovation. This thesis addresses these gaps by systematically examining both the antecedents and consequences of green-tech FDI through three empirical studies using regional data from China. Study 1 and Study 2 focus on the antecedents of green-tech FDI. Study 1 examines how host-country conditions can attract green-tech FDI, highlighting the role of environmental management information disclosure (EMID) by domestic firms in reducing information gaps and strengthening green market–seeking motives. Study 2 shifts attention to the active decision-making of green-tech FDI, showing that under uncertainty, green-tech foreign investors engage in identity-based bandwagon learning by imitating peers with similar green identities, thereby mitigating investment risks. Study 3 turns to the consequences of green-tech FDI. It demonstrates that, due to the technological complexity of green innovation and limited absorptive capacity in emerging markets, green-tech FDI may generate crowding-out effects rather than purely positive spillovers. Adopting a network perspective, the study further finds that universities play a key moderating role: through broad linkages and deep collaborations, they help mitigate negative spillovers and facilitate the diffusion of green technologies. Together, the three studies advance the literature on sustainable FDI by differentiating green-tech FDI from general FDI and identifying the specific mechanisms that shape its entry decisions and local innovation outcomes. Practically, the findings provide guidance for emerging-market governments and firms on how to attract and manage sustainable investment, balance growth with environmental objectives, and strengthen local innovation ecosystems."
OpenAlex,deep learning,Deep learning design of programmed enhancer pairs,Salil Garg; Blake M Torres; Joanna Wypasek,10.5281/zenodo.19477875,2030-04-08,Zenodo (CERN European Organization for Nuclear Research),
OpenAlex,deep learning,Deep learning design of programmed enhancer pairs,Salil Garg; Blake M Torres; Joanna Wypasek,10.5281/zenodo.19463376,2030-04-08,Zenodo (CERN European Organization for Nuclear Research),
OpenAlex,deep learning,Deep learning design of programmed enhancer pairs,Salil Garg; Blake M Torres; Joanna Wypasek,10.5281/zenodo.19463375,2030-04-08,Zenodo (CERN European Organization for Nuclear Research),
OpenAlex,deep learning,A UAV-Based Framework for Community-Scale Residential Building Energy Modelling in China,Mengfan Jin,10.17638/03195460,2029-01-01,Open MIND,"With increasing emphasis on energy efficiency and carbon emission reduction in the building sector, rapid and scalable energy modelling of existing buildings is critical for retrofit projects and policy development. Conventional surveys, data collection and energy modelling processes remain labour-intensive and impractical for large-scale applications, and energy modelling often dominates project time and cost. Unmanned Aerial Vehicles (UAVs) equipped with high-resolution and infrared cameras now offer fast and safe exterior surveys, showing great potential in building energy assessments. Yet, a systematic framework for UAV integration, from image capture through processing to inputs for building energy simulation, has not been established. This research addresses these challenges by developing a structured framework for community-scale building energy modelling, which integrates UAV photogrammetry to accelerate data acquisition, reduce labour, and shorten energy modelling time for retrofit projects. The framework is designed to minimise prior data requirements while maximising automation and retaining sufficient accuracy and reliability. It also addressed systemic issues, such as the lack of data necessary to fully exploit the potential of available technologies in the context of this study. To achieve this research objective, a mixed-methodology approach, combining desk studies and fieldwork, was adopted. First, a comprehensive review of UAV-based building energy studies mapped the current applications and available tools, proposing a preliminary framework. Fieldwork then encompassed a pilot study and a detailed case study. In the pilot test, a single building was surveyed to identify an optimal toolchain for flight planning, image capture, photogrammetric reconstruction, model generation, and selection of a simulation platform. The resulting refined framework was applied to a case study of a 39-building community, and it was demonstrated that further automation was necessary. The potential for automation was then further explored. Geomatic algorithms, machine learning, and deep learning techniques were compared, and the combination that best balanced accuracy and processing time was selected for 3D model generation and window-to-wall ratio (WWR) extraction. In parallel, an archetype library of residential buildings in the Hot Summer Cold Winter (HSCW) zone in China was compiled to facilitate the assignment of thermal parameters. Finally, a reusable community-scale building energy modelling (CBEM) workflow was assembled in Grasshopper using Ladybug Tools components to process the aforementioned inputs. In conclusion, this study integrates UAV photogrammetry, GIS-based geomatic algorithms, machine learning, and graphical programming to develop an UAV-CBEM framework. The outcomes establish a foundation for scalable UAV-based building energy assessments, enhancing applicability in data-limited and large-scale settings worldwide."
OpenAlex,deep learning,Culture Audit - Save a Life Pet Rescue,Grace L Kmak; Kaley A Chriswell; Carter Roberts; Antonio Pizza; Caroline Parrott,,2029-01-01,Journal of International Crisis and Risk Communication Research,"Our project was a culture audit on the non-profit save a life pet rescue. Our goal was to analyze how the group works along with determine if there is any areas of improvement for the organization. Through this, we learned that any ability to give back can make an impact for all things. Whether it be dogs or families."
OpenAlex,deep learning,Data Augmentation Application in Deep Learning Drug Discovery by Utilizing Relationships Between Biological and Medical Entities,Tianjun Wang,10.17638/03195452,2029-01-01,Open MIND,
OpenAlex,deep learning,Spectral Materialism: Encounters with land-time-scapes,Sam Nightingale,10.25602/gold.00040593,2029-01-01,Goldsmiths (University of London),"This transdisciplinary, practice-based PhD introduces spectral materialism through art-based research encounters with ecologically and historically stratified land-time-scapes shaped by hypersalinity and colonial terraforming. Centred in the semi-arid Mallee (southeastern Australia) and read through echoes with California’s Imperial Valley, the project examines how spectral time—the co-presence and haunting of other temporalities—manifests in the material conditions of salt, soil, water, plants, and infrastructures. It asks how learning from geological, First Nations, colonial, and ecological pasts can orient responsibilities in unsettled futures. Treating the present as a crisis of time as much as a crisis of matter, the thesis critiques linear-progressive temporalities bound to Western modernity and extractive regimes. In response, spectral materialism is developed as both a conceptual framework and a critical creative methodology. Through alchemical media experiments with salt crystals, hypersaline soils, and halophytes, photography is reconfigured as a site-responsive, process-oriented practice. Salt is engaged as a material agent and ‘time-crystal’ whose phase shifts—dissolution, saturation, precipitation, crystallisation, evaporation—form a meta-chemistry that refracts deep-marine pasts, settler-colonial irrigation infrastructures, and contemporary dust into processual renderings of time. Methodologically, the project advances attunement as a mode of sensing and responsiveness to forces that are not always immediately perceptible yet are materially active. Field notes appear as para-writing, interrupting linear narration so that heterogeneous times co-present themselves within the text. The thesis is guided by First Nations temporalities—time as relational and in place—while remaining accountable to ethical limits and protocols. The contribution is twofold: a theoretical articulation of spectral materialism as a way to think time otherwise, and a set of site-responsive methods for engaging elemental media in saline environments. Together, they generate materially grounded accounts of spectral presences and open alternative pathways for knowing, sensing, and relating within land-time-scapes marked by enduring colonial and ecological afterlives amid planetary change."
OpenAlex,deep learning,Advocating the potential of AI for syndrome discovery: a scoping review,A C P Ferreira; Aleksandar Anžel; Alexander Ullrich; Georges Hattab,,2029-01-01,Open MIND,"This protocol describes a scoping review to map the landscape of artificial intelligence (AI) applications in syndrome discovery. Specifically, we aim to identify: 1. What AI techniques (e.g., natural language processing, machine learning, deep learning) have been used to detect or characterize syndromes (in the context of Syndromic Surveillance Systems); 2. which clinical data sources (e.g., EHR text, emergency departments data, primary care data) are leveraged."
OpenAlex,deep learning,Deep learning image analysis of donor red blood cells to predict deformability and transfusion efficacy,Erik S. Lamoureux,10.14288/1.0451932,2028-01-01,cIRcle (University of British Columbia),"The full abstract for this thesis is available in the body of the thesis, and will be available when the embargo expires."
OpenAlex,deep learning,Le jeu de rôle ludique : un terrain d’analyse et d’entraînement pour l’acquisition de compétences managériales,Sanne Stijve; David Robert,,2028-01-01,Cairn.info,"Unlike serious role-playing games, which attempt to simulate certain situations and interactions in the business world, tabletop role-playing games set their narrative in a fictional universe. RPG games provide an excellent opportunity to analyse the interaction and thinking patterns of participants and offers the possibility to develop new behaviours and testing them over the course of one or more game sessions, using the “decontextualised” simulation system on a benevolent testing ground, an immersive simulation environment that enables analysis and personal growth work. This activity has been the subject of workshops run by PsychoStratégie SA, which constitute a case study showing how tabletop RPGs can be used in an innovative way to develop the managerial skills of professionals through a deeper understanding of their own interactional and reflexive patterns and the development of new behaviours and tactics."
OpenAlex,deep learning,"The Enlightenment of an Entrepreneur: A Multidisciplinary Exploration of Management, Psychology and Economic Theology",Graziano Mazza,,2028-01-01,Cairn.info,"This conceptual paper explores how Economic Theology’s ideas of calling, oikonomia, and entrepreneurship can enhance entrepreneurs’ ability to navigate sustainability transitions. Integrating concepts from various disciplines, it reimagines entrepreneurship as an iterative learning process that addresses societal challenges. The paper analyses existing Religion of Work theories, providing societal, psychological, and anthropological insights. It elucidates the concept of calling in entrepreneurship, suggesting that work can have transcendent meaning and purpose. Additionally, it examines boundaryless careers and the significance of work, portraying entrepreneurship as a profession with humanitarian and spiritual dimensions. The paper outlines fundamental beliefs and frameworks for societal contribution through entrepreneurship, emphasizing the individual-in-society perspective. It advocates for entrepreneurs as moral agents aligned with community values and proposes a shift from viewing economic actions as mere resource allocation to recognizing entrepreneurial action as an expression of human agency. JEL Codes: B5"
OpenAlex,deep learning,Deep q-learning aided k-means clustering protocol for optimizing network lifetime in wireless sensor networks,Flynn Dowey,10.14288/1.0451106,2028-01-01,Open Collections,"The full abstract for this thesis is available in the body of the thesis, and will be available when the embargo expires."
