source,keyword,title,authors,doi,publication_date,journal,abstract
PubMed,aortic stenosis,Myocardial remodeling and fibrosis by cardiovascular magnetic resonance in adults with congenital aortic valve stenosis.,Zoë A Keuning; Annemien E van den Bosch; Bernardo Loff Barreto; Sharon W Kirschbaum; Hendrik J Vos; Ricardo P J Budde; Jolien W Roos-Hesselink; Alexander Hirsch,10.1016/j.ijcard.2026.134726,2026-08-12,International journal of cardiology,"Left ventricular (LV) remodeling is becoming increasingly important in assessing the impact of aortic stenosis (AS). However, data on structural LV remodeling in congenital AS patients is scarce. Therefore, this study aimed to describe LV remodeling before and after aortic valve replacement (AVR) in adults with congenital AS and identify markers associated with myocardial fibrosis.
In this prospective study, adult patients with congenital AS were included with 1) at least mild AS (Vmax ≥2.5 m/s) or 2) prior AVR due to congenital AS. Cardiovascular Magnetic Resonance (CMR) was performed to assess structural LV remodeling. Results were compared with CMR data from 20 healthy controls. Data from 73 patients were included (median age 43 [30-52] years, 67% male), of whom 20 patients were post-AVR. LV systolic function was preserved in all patients. LV mass index was significantly higher in patients with a native valve than in controls (70 ± 19 vs. 59 ± 8 g/m2, p = 0.023). Late gadolinium enhancement (LGE) was present in 19 patients (26%): 13 with a native valve and 6 post-AVR (25% vs. 30%, p = 0.64). Native T1 and extracellular volume (ECV) did not differ significantly from healthy controls. In patients post-AVR, LV mass index and matrix volume were significantly lower compared to patients with a native valve.
LGE was present in a quarter of adults with congenital AS. However, ECV in patients with native valves did not differ significantly from healthy controls. LV dimensions were lower in patients post-AVR, but LGE persisted, indicating LV remodeling even after AVR."
PubMed,aortic stenosis,From categories to continuum: Rethinking gastrointestinal bleeding risk in aortic stenosis.,Paolo Springhetti; Marie-Annick Clavel,10.1016/j.ijcard.2026.134723,2026-08-12,International journal of cardiology,
PubMed,aortic stenosis,Risk Factors for Aortopathy in Bicuspid Aortic Valve: Insights from a Large Echocardiographic Cohort.,Niloufar Javadi; Chaitanya Tumuluri; Prabhjot Hundal; Denise Ignatowski; Brianna Madalinski; M Fuad Jan; A Jamil Tajik; Renuka Jain,10.1016/j.echo.2026.08.006,2026-08-12,Journal of the American Society of Echocardiography : official publication of the American Society of Echocardiography,"Bicuspid aortic valve (BAV) is the most common congenital heart defect and is frequently associated with thoracic aortopathy. Risk stratification remains challenging, as predictors of aortopathy are incompletely understood, and prior studies have been limited by modest sample sizes or incomplete echocardiographic characterization.
We retrospectively analyzed 1602 patients diagnosed with BAV. Aortopathy was defined as dilation of the sinus of Valsalva or ascending aorta using guideline-recommended thresholds. Clinical and echocardiographic predictors included age, sex, body surface area, hypertension, diabetes mellitus, medications (including beta blockers, calcium channel blockers, angiotensin converting enzyme inhibitors (ACEi), angiotensin receptor blockers (ARB) and statins, BAV morphology (Sievers type I-III), presence of raphe, valve calcification severity, aortic regurgitation (AR), and stenosis (AS) severity and coarctation. Missing data were addressed by multiple imputations. Univariable and multivariable logistic regression identified independent predictors of aortopathy.
Aortopathy was present in 64.7% of patients. On multivariable analysis, older age (odds ratio [OR] 1.011 per year, p=0.005), male sex (OR 0.76 for female vs male, p=0.03), BAV type I (reference; type II OR 0.6, p=0.01; type III OR 0.57, p=0.04), valve calcification severity (OR 2.31 per grade, p<0.001), and AR severity (OR 1.20 per grade, p=0.002) were independently associated with aortopathy. AS severity (OR 0.87 per grade, p=0.02) was inversely associated with aortopathy. Raphe, coarctation, hypertension, diabetes mellitus, consuming beta-blockers, calcium channel blockers, ACEi/ARB, and statins were not significant predictors. The model demonstrated good discrimination (AUC 0.79, 95% CI 0.76- 0.81), excellent calibration, and a Brier score of 0.18, indicating good overall predictive accuracy.
In a large echocardiographic cohort, age, sex, BAV type, valve calcification, AS, and AR severity were independently associated with aortopathy. These readily available variables refine risk stratification in BAV. Prospective, multicenter validation is warranted to incorporate these predictors into clinical practice."
PubMed,aortic stenosis,Temporal Trends and In-hospital Outcomes of Transcatheter Aortic Valve Implantation in Bicuspid Aortic Valves in Brazil: A Propensity-Matched Analysis.,Pedro Calomeni; Fernando Bernardi; Fábio Sandoli de Brito; Marcella Sousa Abizaid; Francisco Ribeiro Barbosa; Pedro Alves Lemos; Fausto Feres; Dimytri Alexandre Siqueira; Ricardo Costa; Rogério Sarmento-Leite; Fernanda Mangione; José Armando Mangione; Luiz Eduardo Koenig São Thiago; Valter Correia de Lima; Adriano Dias Dourado Oliveira; Marcos Antônio Marino; Carlos José Francisco Cardoso; Paulo Ricardo Avancini Caramori; Rogério Tadeu Tumelero; Antenor Lages Fortes Portela; Maurício Lopes Prudente; Leônidas Alvarenga Henriques; Fábio Solano de Freitas Souza; Cristiano Guedes Bezerra; Guy Fernandes de Almeida Prado Junior; Leandro Zacarias Figueiredo de Freitas; Ederlon Ferreira Nogueira; George César Ximenes Meireles; Renato Bastos Pope; Ênio Eduardo Guérios; Pedro Beraldo de Andrade; Luciano de Moura Santos; Augusto Celso Lopes; Vinicius Borges Cardozo Esteves; Cleverson Zukowski; Alexandre Abizaid; Henrique Barbosa Ribeiro,10.36660/abc.20250750,2026,Arquivos brasileiros de cardiologia,"Bicuspid aortic valve (BAV) is a significant risk factor for aortic stenosis (AS). Yet, the outcomes of transcatheter aortic valve implantation (TAVI) remain unclear, as most randomized trials excluded such patients. Furthermore, most published evidence on TAVI in BAV comes from high-income countries, which may not reflect realities of underserved populations.
Evaluate temporal trends, procedural, and in-hospital outcomes between BAV and tricuspid aortic valve (TAV) patients.
Retrospective observational study based on a Brazilian multicenter registry of TAVI patients between January 2009 and December 2021. We performed propensity score matching to adjust comparisons. A p-value <0.05 was considered statistically significant for all analyses.
Among 2,426 patients from 25 centers, 111 had BAV. TAVI procedures increased over time in both groups. After one-to-three matching, 90 BAV and 243 TAV patients were included. No significant differences were observed in rates of major vascular complications (4% vs. 5%; p=0.99), major or life-threatening bleeding (10% vs. 6%; p=0.34), stroke (2% vs. 0.4%; p=0.37), or in-hospital mortality (7% vs. 3%; p=0.21). Over time, there was a significant reduction in in-hospital mortality (p<0.01) and major procedural complications (p<0.01 for vascular, bleeding, and stroke events), regardless of valve type.
During the study period, annual TAVI procedures increased in both BAV and TAV patients, although the prevalence of BAV remained relatively low. No significant differences were observed in procedural or clinical outcomes between the propensity-matched groups. Both valve types showed reductions in procedural complications and in-hospital mortality over time."
PubMed,aortic stenosis,Comparative efficacy of pharmacological therapies in non-obstructive hypertrophic cardiomyopathy: a frequentist network meta-analysis.,Bharath Kumar G; Madhumitha S; Nidhi S Ibrahimpur; Richardson M; Bikash Ranjan Meher,10.1007/s00228-026-04157-w,2026-08-12,European journal of clinical pharmacology,"Management of symptomatic non-obstructive hypertrophic cardiomyopathy (HCM) remains challenging, and evidence comparing pharmacological therapies is limited. While several randomized controlled trials (RCTs) have evaluated individual agents, direct comparisons across multiple therapies are lacking. This study aimed to compare the efficacy of available pharmacological treatments for non-obstructive HCM using network meta-analysis.
This frequentist network meta-analysis was conducted following PRISMA-NMA guidelines. Randomized controlled trials evaluating pharmacological therapies in adult patients with non-obstructive HCM were identified through systematic searches of major databases. Continuous outcomes were analyzed using mean differences (MD) with 95% confidence intervals (CI), while NT-proBNP was analyzed using the ratio of means (RoM). The primary outcome was change in peak oxygen consumption (peak VO₂). Secondary outcomes included VE/VCO₂ slope, NT-proBNP levels, E/e' ratio, Kansas City Cardiomyopathy Questionnaire (KCCQ) score, and left ventricular ejection fraction (LVEF).
Nine RCTs involving 1,057 patients were included. No pharmacological therapy demonstrated a significant improvement in peak VO₂, the primary outcome. Mavacamten significantly reduced NT-proBNP compared with placebo (RoM 0.42, 95% CI 0.32-0.56, I² = 0%), whereas ARNI and ninerafaxstat significantly improved VE/VCO₂ slope, and candesartan improved E/e' ratio. No significant differences were observed for KCCQ score or LVEF.
Different pharmacological therapies may provide benefits in specific physiological domains in patients with non-obstructive HCM; however, no single therapy demonstrated consistent improvements across all evaluated outcomes. These findings highlight the heterogeneity of treatment effects and suggest that targeting multiple pathophysiological pathways may be important. Larger randomized and head-to-head comparative studies are needed to define optimal management in this population."
PubMed,aortic stenosis,TAVR Procedural Planning for Patients With Supra-Annular and Sinotubular Junction Constriction.,Vagisha Sharma; Shiavax J Rao; Guy Rogers; Edo Kaluski,10.1016/j.jaccas.2026.109773,2026-08-12,JACC. Case reports,"Calcific constriction of the supra-annular aorta and sinotubular junction (STJ) can significantly impair transcatheter aortic valve replacement (TAVR), leading to suboptimal valve expansion and leaflet dysfunction. We describe a case of severe STJ constraint in which bench testing demonstrated constrained expansion dynamics and informed a tailored transcatheter strategy resulting in successful valve deployment with favorable hemodynamics.
1) Recognition of severe STJ-annulus mismatch and high-risk anatomy on preprocedural computed tomography; 2) bench testing demonstrating constrained expansion and leaflet ""cogwheeling""; 3) selection of an appropriate transcatheter valve platform based on anatomical considerations; 4) careful balloon predilation and iterative deployment with optimized (relatively infra-annular) positioning; and 5) use of meticulous procedural techniques to minimize embolic and conduction risk.
Failure to recognize STJ constraint may result in asymmetric expansion, leaflet dysfunction, sinus sequestration, paravalvular regurgitation, coronary obstruction, or annular injury. Balloon-expandable valves may carry increased risk in rigid anatomies due to abrupt radial force transmission.
Constricted supra-annular aorta and STJ represent a significant challenge in transcatheter aortic valve replacement. Careful 3-dimensional planning, appropriate valve selection, and tailored deployment strategies are essential to optimize procedural and hemodynamic outcomes."
PubMed,aortic stenosis,Intravascular Ultrasound (IVUS)-Guided Endovascular Treatment of Severe Left Subclavian Artery Stenosis in a Patient With High-Risk Post-Coronary Artery Bypass Grafting Surgery.,Abenezer Tedla; Abisiniya Kabtimer; Anshuman Sikka; Elijah Shelby; Charbel Ishak,10.7759/cureus.112521,2026-07,Cureus,"Coronary-subclavian steal syndrome (CSSS) is an uncommon but clinically important entity that may occur after coronary artery bypass grafting (CABG) with internal mammary artery conduits. Hemodynamically significant proximal left subclavian artery (LSA) stenosis can alter distal branch vessel flow and, in patients with prior left internal mammary artery (LIMA)-based CABG, may raise concern for coronary-subclavian steal physiology. Concurrent vertebral artery flow reversal may further predispose to cerebrovascular insufficiency. We report a case of a 75-year-old male with an extensive cardiovascular history, including prior CABG, transcatheter aortic valve replacement (TAVR), thoracic endovascular aortic repair (TEVAR), and a cardiac implantable electronic device, who presented with dizziness and was found to have severe proximal left subclavian artery stenosis. Computed tomography angiography demonstrated severe (~90%) proximal LSA stenosis, while duplex ultrasonography revealed alternating vertebral artery flow consistent with evolving steal physiology. Invasive hemodynamic assessment confirmed a significant trans-stenotic gradient (>25 mmHg). Given the patient's prior LIMA-based CABG, severe proximal LSA stenosis raised concern for possible coronary-subclavian steal physiology, although direct angiographic confirmation of retrograde LIMA flow was not available. The patient underwent a hybrid endovascular approach utilizing intravascular ultrasound (IVUS)-guided lesion assessment and optimization, drug-coated balloon (DCB) angioplasty, and precise deployment of a balloon-expandable covered stent (GORE VIABAHN VBX; Flagstaff, AZ: W. L. Gore & Associates). The procedure restored antegrade subclavian flow, normalized the trans-stenotic pressure gradient, and preserved the vertebral artery origin. This case demonstrates the technical feasibility of a multimodality endovascular approach for severe proximal LSA stenosis with evolving vertebrobasilar steal physiology in a high-risk post-CABG patient. Integration of IVUS guidance, DCB therapy, and covered stent technology may assist procedural optimization in carefully selected patients, although further studies are required to define the long-term role of this strategy in supra-aortic trunk disease."
PubMed,aortic stenosis,Complete versus incomplete coronary revascularisation in patients undergoing PCI after TAVI.,Carlo Andrea Pivato; Nicole Fontana; Leon Gramss; Emanuele Di Angelantonio; Francesca Ieva; Cosmo Godino; Masaaki Nakase; Karsten Hug; Tobias Andreas Rheude; Antonio Jesús Muñoz-García; Victor Alfonso Jimenez Diaz; Alfonso Ielasi; Marco Barbanti; Giuliano Costa; Angelo Anzuini; Giorgio Quadri; Diego Lopez-Otero; Philippe Garot; Loredana Bucciarelli; Jorn Brouwer; Bernhard Reimers; Damiano Regazzoli; Luca Testa; Jorge Sanz-Sanchez; Daijiro Tomii; Alaide Chieffo; Michael Joner; Gennaro Sardella; Enrico Cerrato; Luis Nombela-Franco; Gianluigi Condorelli; Thomas Pilgrim; Giulio Giuseppe Stefanini,10.1136/openhrt-2026-004221,2026-08-11,Open heart,"The optimal revascularisation strategy for patients undergoing percutaneous coronary intervention (PCI) after transcatheter aortic valve implantation (TAVI) remains undefined. In particular, the prognostic impact of complete revascularisation (CR) versus incomplete revascularisation (ICR) in this setting is unknown.
To evaluate the long-term clinical outcomes of CR versus ICR in patients undergoing PCI after TAVI.
We analysed 447 patients from the multicentre, international Revascularization After Transcatheter Aortic Valve Implantation (REVIVAL) registry who underwent PCI after TAVI between 2008 and 2023. Patients were classified as CR or ICR according to the presence of residual significant stenosis following PCI. The primary endpoint was the 4-year incidence of major adverse cardiovascular events (MACE), a composite of cardiovascular death, myocardial infarction or stroke. The Kaplan-Meier method was used to estimate cumulative event rates, and a weighted Cox regression model employing an entropy balance approach was used to adjust for possible confounders.
ICR was achieved in 132 patients (29.5%) and CR in 315 patients (70.5%). The mean follow-up after PCI was 1065±904 days (1213±938 in the ICR group; 1002±883 in the CR group). The crude 4-year incidence of MACE was 35.0% with ICR and 34.7% with CR (HR 0.93, 95% CI 0.62 to 1.39, p=0.710). Adjusted analysis confirmed no significant difference (32.5% vs 34.1%; HR 1.01, 95% CI 0.62 to 1.64, p=0.971).
In this registry, CR after TAVI was common but not associated with improved outcomes compared with ICR. These results support a selective rather than systematic pursuit of CR in elderly, high-risk post-TAVI patients."
PubMed,aortic stenosis,Bachmann Bundle Pacing Combined with ICD in Hypertrophic Cardiomyopathy with Interatrial Conduction Block.,Shengjie Wu; Kelly Q Jia; Xiangxiang Shi; XingXing Chen; Lan Su,10.1016/j.ccep.2026.06.004,2026-09,Cardiac electrophysiology clinics,"This case presents a 67-year-old man with familial hypertrophic cardiomyopathy, severe heart failure (LVEF 31%, NYHA III), and significant interatrial conduction delay. After ruling out cardiac resynchronization therapy due to unsuitable ventricular activation characteristics, a dual-chamber implantable cardioverter-defibrillator was implanted, using Bachmann bundle pacing for the atrial lead to optimize interatrial synchrony. BBP successfully corrected the IACD, evidenced by P-wave shortening and normalization. This led to remarkable clinical improvements within 1 month: LVEF increased from 31% to 49%, and NYHA class improved from III to II. Echocardiography confirmed enhanced left atrial-left ventricular coupling. This case demonstrates BBP combined with ICD as a novel and effective strategy for HCM patients with IACD, offering both sudden cardiac death protection and substantial hemodynamic and functional benefits by optimizing atrial activation and atrioventricular synchrony."
PubMed,aortic stenosis,Aortic valve stenosis in 2026: from emerging mechanisms to clinical drug development.,Kang H Zheng; Emilie L Gaillard; Jeffrey Kroon; Erik S G Stroes; S Matthijs Boekholdt,10.1016/j.atherosclerosis.2026.121865,2026-08-05,Atherosclerosis,"Calcific aortic valve stenosis (AS) is the most prevalent valvular heart disease in high-income countries, affecting 9.4 million persons globally. While surgical and transcatheter aortic valve replacement have transformed outcomes, they address end-stage disease rather than the underlying pathobiology. The development of pharmacological therapies to slow or halt AS progression would represent a paradigm shift in disease management. Recent advances have substantially expanded our understanding of AS pathogenesis. Large-scale genome-wide association studies have identified over 260 risk loci, with the LPA locus confirming lipoprotein(a) as the most robustly validated genetic risk factor. Single-cell transcriptomics have revealed unexpected cellular heterogeneity and novel mechanisms including macrophage-to-mesenchymal transition. Emerging insights into metabolic reprogramming, epigenetic regulation, innate immunity and clonal hematopoiesis have identified multiple therapeutic targets. Despite these pathophysiological advances, no pharmacological therapy has yet demonstrated efficacy in adequately powered randomized trials. Statin therapy and skeletal bone metabolism-targeted agents have proven ineffective previously and multiple mechanistically diverse approaches are now under investigation. The most promising developments center on lipoprotein(a) reduction with antisense oligonucleotides, with the first dedicated AS trial ongoing. Additional strategies include PCSK9 inhibition, supplementation of omega-3 fatty acids, treatment with colchicine, soluble guanylate cyclase activation with ataciguat, and DPP-4 inhibition. Success in any of these trials would represent the first disease-modifying therapy for AS, with potential to delay valve replacement, preserve myocardial function, and improve outcomes for millions of patients worldwide."
PubMed,aortic stenosis,Long-Term Survival After Transcatheter Aortic Valve Replacement Relative to an Age- and Comorbidity-Matched Population.,Akiva Rosenzveig; Faysal Massad; Osamah Badwan; Ankit Agrawal; Samuel Reiss; James Yun; Milind Desai; Amar Krishnaswamy; Samir Kapadia; Grant W Reed,10.1016/j.jacadv.2026.103094,2026-08-11,JACC. Advances,
PubMed,aortic stenosis,Prognostic Impact of Gait Speed Changes During Hospitalization in Patients Undergoing Transcatheter Aortic Valve Implantation.,Shinya Tajima; Kentaro Hori; Daichi Kobayashi; Kotaro Takizawa; Atsuko Nakayama,10.1253/circrep.CR-25-0336,2026-08-10,Circulation reports,"Pre- and post-hospitalization gait speed are known prognostic indicators in patients undergoing transcatheter aortic valve implantation (TAVI); however, the impact of changes in gait speed during hospitalization on prognosis remains unclear. This study investigated the effect of in-hospital gait speed changes on survival outcomes.
We retrospectively analyzed 1,082 patients (mean age 85 years) who underwent TAVI between 2013 and 2022. Gait speed was assessed at admission (pre-TAVI) and at discharge. Patients were classified into 4 groups based on baseline gait speed (normal/slow) and in-hospitalization change (non-decreased/decreased): Normal/Non-DG (n=420); Normal/DG (n=197); Slow/Non-DG (n=385); and Slow/DG (n=80). The primary outcome was post-discharge all-cause mortality. During a mean follow up of 3.1 years, 255 (24%) patients died. In a multivariable Cox model, compared with the Normal/Non-DG group, mortality risk was higher in the Normal/DG group (hazard ratio [HR] 1.905; 95% confidence interval [CI] 1.230-2.951; P=0.004) and the Slow/DG group (HR 2.102; 95% CI 1.186-3.728; P=0.011), whereas the Slow/Non-DG group showed no significant difference (HR 1.373; 95% CI 0.927-2.034; P=0.114).
A decline in gait speed during hospitalization was associated with a higher risk of post-discharge all-cause mortality. This association remained after multivariable adjustment, even among patients with normal gait speed at admission. These findings suggest that in-hospital gait speed change may serve as a clinically meaningful prognostic marker in patients undergoing TAVI."
PubMed,aortic stenosis,Association of Non-Severe Aortic Stenosis With Left Ventricular Reverse Remodeling and Clinical Outcomes After Cardiac Resynchronization Therapy.,Masaki Ishiyama; Naoki Fujimoto; Tetsuji Kitano; Taku Omori; Takashi Sasou; Keishi Moriwaki; Emiyo Sugiura; Shiro Nakamori; Yoshihiko Kagawa; Tairo Kurita; Kaoru Dohi,10.1253/circrep.CR-26-0137,2026-08-10,Circulation reports,"The clinical impact of non-severe aortic stenosis (AS) on the response to cardiac resynchronization therapy (CRT) remains unclear. We investigated whether non-severe AS affects left ventricular (LV) reverse remodeling and long-term outcomes after CRT.
We retrospectively analyzed 181 consecutive patients with chronic heart failure (mean age 70 years; 76% male) who underwent CRT at a single center. Patients were classified into a non-severe AS group (mild or moderate AS) and a no AS group. The primary endpoint was a composite of all-cause death and heart failure hospitalization. LV reverse remodeling, defined as a ≥15% reduction in LV end-systolic volume at 6 months, was evaluated as a secondary endpoint. Patients with non-severe AS were older and had a higher baseline LV ejection fraction. LV reverse remodeling occurred less frequently in the non-severe AS group (39% vs. 66%; P<0.05). Non-severe AS was independently associated with lower likelihood of LV reverse remodeling. During a median 3.5-year follow up, cumulative incidence of the composite endpoint was higher in the non-severe AS group. In multivariable Cox analysis, non-severe AS independently predicted adverse outcomes (hazard ratio 2.19; 95% confidence interval 1.19-4.16; P=0.01).
Non-severe AS is associated with attenuated LV reverse remodeling and worse outcomes after CRT and may represent a modifier of CRT response."
PubMed,aortic stenosis,Konno aortic valve replacement in adults: Enabling larger prosthetic valve implantation and adequate aortic root enlargement for coronary clearance.,Daisuke Yoshioka; Ai Kawamura; Kazuo Shimamura; Takuji Kawamura; Shin Yajima; Yusuke Misumi; Shunsuke Saito; Shigeru Miyagawa,10.1016/j.xjtc.2026.102481,2026-08,JTCVS techniques,"Surgical aortic valve replacement in patients with severe aortic stenosis and small annuli remains challenging owing to prosthesis-patient mismatch and the limited feasibility of subsequent valve-in-valve transcatheter aortic valve replacement (ViV-TAVR). The Konno procedure enables annular and left ventricular outflow tract (LVOT) enlargement; however, outcomes in adults remain insufficiently defined.
Between January 2023 and October 2025, 193 patients underwent surgical aortic valve replacement at our institution, of whom 19 (10%) received the Konno procedure for annulus diameter ≤19 mm, high likelihood of prosthesis-patient mismatch, or anticipated ViV-TAVR with estimated high risk of coronary obstruction. Operative results, echocardiographic and electrocardiographic parameters, and computed tomography measurements of the aortic root were assessed before and after surgery.
Patients were aged 59 ± 19 years and 84% were women. Bioprostheses were implanted in 12 patients (63%) and mechanical valves in seven (37%), with enlargement permitting prosthesis implantation 2 to 3 sizes larger. Septal myectomy was performed in 6 patients. No in-hospital mortality occurred. Computed tomography demonstrated enlargement of the sinus of Valsalva (+7.0 mm) and sinotubular junction (+6.9 mm), consistent with ViV-TAVR feasibility. Echocardiography confirmed relief of LVOT obstruction; however, right ventricular diameter tended to increase, tricuspid annular plane systolic excursion declined, and QRS duration increased from 90 to 114 milliseconds, indicating intraventricular conduction delay.
Konno aortic valve replacement facilitates implantation of larger prostheses, relieves LVOT obstruction, and optimizes root anatomy for future ViV-TAVR. Conduction disturbances and right ventricular functional decline warrant long-term surveillance."
PubMed,aortic stenosis,Association of the HIGS score with permanent pacemaker implantation and mortality after transcatheter aortic valve implantation.,Özkan Karaca; Burak Toprak; Nihat Söylemez; Mustafa Ekici; Abdulkadir Bilgiç; Ahmet Turhan Kılıç; Samet Yımaz; Ali Orçun Sürmeli; Sonay Oğuz; Mehmet Ballı; Rıdvan Bora; Serdar Keçeoğlu,10.1080/07853890.2026.2715272,2026-12,Annals of medicine,"Permanent pacemaker implantation (PPI) and early mortality remain important complications after transcatheter aortic valve implantation (TAVI). The Hematological Inflammatory Global Score (HIGS), derived from routine hematological parameters, may provide prognostic information after TAVI. This study evaluated the association of HIGS with PPI and in-hospital mortality.
This retrospective single-center study included 196 consecutive patients undergoing TAVI (mean age 78.2 ± 6.9 years; 71.4% male). HIGS was calculated using standardized values of red cell distribution width, platelet distribution width, and immature granulocyte percentage. Associations with outcomes were assessed using logistic regression, and discrimination was evaluated by receiver operating characteristic analysis.
PPI occurred in 43 patients (21.9%) and in-hospital mortality in 34 (17.3%). HIGS was higher in patients with PPI and in those who died (both p < 0.001). In multivariable analysis, HIGS remained independently associated with PPI (OR 3.96, 95% CI 1.79-8.76, p < 0.001) and mortality (OR 4.92, 95% CI 2.12-11.41, p < 0.001). HIGS showed good discrimination for PPI (AUC 0.84) and mortality (AUC 0.87), and improved conventional clinical models.
Higher HIGS values were independently associated with PPI and in-hospital mortality after TAVI. HIGS may be a simple, readily available risk-stratification marker, although prospective multicenter validation is required."
PubMed,aortic stenosis,Combining patient history and plasma lp(a) for improving atherosclerotic cardiovascular disease risk assessments.,Matheus Augusto de Oliveira Amorim; José Moreira Kffuri Filho; Viviane Zorzanelli Rocha,10.1080/14779072.2026.2718197,2026-08-11,Expert review of cardiovascular therapy,
PubMed,aortic stenosis,"Meta-Analysis of TAVR Versus SAVR in Bicuspid Valve: Mortality, Complications, and Long-Term Outcomes.",Vamsikalyan Borra; Sidhartha Gautam Senapati; Arankesh Mahadevan; Roopesh Vempati; Ketan Tamirisa; Nithya Borra; Ikechukwu Ogbu,10.2174/011573403X463733260721120148,2026-07-30,Current cardiology reviews,"Bicuspid Aortic Valve (BAV) is the most common congenital heart disease and often causes aortic stenosis in younger adults. There are few prospective randomized trials comparing Transcatheter Aortic Valve Replacement (TAVR) and Surgical Aortic Valve Replacement (SAVR) in BAV patients, since these patients are usually excluded from major studies because of their complex anatomy. A meta-analysis to compare clinical outcomes between TAVR and SAVR in people with BAV was conducted.
PubMed, Google Scholar, and SCOPUS were searched for studies published up to December 2023 that compared TAVR and SAVR in patients with BAV. The main outcomes that were examined were mortality, atrial fibrillation, permanent pacemaker implantation, stroke, respiratory complications, and acute kidney injury. Forward and backward citation searches were also used. Random-effects models were used to calculate pooled odds ratios (ORs) with 95% confidence intervals, and heterogeneity was assessed using the I² statistic. Sensitivity analyses were performed by removing one study at a time.
The analysis included seven studies with a total of 96,430 BAV patients. Of these, 41,110 had TAVR and 55,320 had SAVR. Patients who had TAVR were less likely to experience in-hospital respiratory complications, bleeding or need for transfusion, and new-onset atrial fibrillation. However, they were more likely to need a permanent pacemaker. There were no significant differences between the groups in short-term mortality, stroke, or acute kidney injury.
Lower peri-procedural morbidity with TAVR likely reflects its minimally invasive nature, whereas higher pacemaker rates may relate to bicuspid valve anatomy and conduction system vulnerability.
TAVR appears to be a reasonable alternative to SAVR in carefully selected BAV patients, but randomized trials and long-term follow-up remain necessary."
PubMed,aortic stenosis,Prognostic Impact of Definite and Marginal Discordance Between Fractional Flow Reserve and Nonhyperemic Pressure Ratio.,Yasutsugu Shiono; Shoichi Kuramitsu; Tomohiro Shinozaki; Yoshiaki Kawase; Takenori Domei; Futoshi Yamanaka; Umihiko Kaneko; Tsunekazu Kakuta; Kazunori Horie; Hidenobu Terai; Hirohiko Ando; Daisuke Higashioka; Toru Tagashira; Kazutaka Nogi; Takashi Kubo; Taku Asano; Jun Shiraishi; Hiromasa Otake; Akinori Sugano; Hiroki Okabe; Atsushi Iwai; Yuetsu Kikuta; Hidetaka Nishina; Atsushi Tanaka; Masashi Iwabuchi; Hiroyoshi Yokoi; Tetsuya Amano; Takashi Akasaka; Hitoshi Matsuo; Nobuhiro Tanaka; J-PRIDE Investigators,10.1016/j.jcin.2026.03.037,2026-08-10,JACC. Cardiovascular interventions,"Fractional flow reserve (FFR) and nonhyperemic pressure ratios (NHPR) can show either marginal or definite discordance.
This study sought to investigate the clinical significance and factors associated with the magnitude of discordance between FFR and NHPR.
From the J-PRIDE registry, 4,304 lesions from 3,200 patients were categorized into 6 groups: (G1) definite FFR-/NHPR- (FFR ≥0.82 and NHPR ≥0.91), (G2) definite FFR+/NHPR+ (FFR ≤0.78 and NHPR ≤0.87), (G3) marginal discordant FFR+/NHPR- (FFR ≤0.80 and NHPR = 0.88-0.90, or FFR = 0.79-0.81 and NHPR >0.89), (G4) definite discordant FFR+/NHPR- (FFR ≤0.78 and NHPR ≥0.91), (G5) marginal discordant FFR-/NHPR+ (FFR = 0.79-0.81 and NHPR ≤0.89, or FFR >0.80 and NHPR = 0.88-0.90), and (G6) definite discordant FFR-/NHPR+ (FFR ≥0.82 and NHPR ≤0.87). The study endpoint was the cumulative 1-year incidence of major adverse cardiac events (defined as all-cause mortality, myocardial infarction, and clinically driven revascularization).
Compared with G1, groups with definite discordance exhibited higher risks of major adverse cardiac events (G4, adjusted hazard ratio [aHR]: 1.98; 95% CI: 1.07-3.68; P = 0.029; and G6, aHR: 2.18; 95% CI: 1.18-4.04; P = 0.013), whereas those with marginal discordance (G3 and G5) did not. Additionally, G6 had an increased risk of all-cause mortality (aHR: 2.57; 95% CI: 1.19-5.56; P = 0.017). In FFR+/NHPR- lesions, G3 and G4 showed divergent associations with left anterior descending or left main coronary artery lesions and diameter stenosis. In FFR-/NHPR+ lesions, lower body mass index, diabetes mellitus, anemia, aortic stenosis, left ventricular hypertrophy, and in-stent restenosis were associated with G6, but not with G5.
Definite discordance between FFR and NHPR differs from marginal discordance in terms of clinical prognosis and associated factors."
PubMed,aortic stenosis,The Depth of Precision: Implantation Strategy in Self-Expanding TAVR.,Amit N Vora; Mohamad Alkhouli,10.1016/j.jcin.2026.07.002,2026-08-10,JACC. Cardiovascular interventions,
PubMed,aortic stenosis,"Prospective, Single-Arm Pivotal Study for the Treatment of Subjects With Severe Symptomatic Calcific Aortic Valve Stenosis Using the Valvosoft Noninvasive Ultrasound Therapy.",Flavien Vincent; Hélène Eltchaninoff; Bernard Iung; Marleen Van Wely; Etienne Puymirat; Menno van Gameren; Laurent Faroux; Giovanni Amoroso; Won-Keun Kim; Eric Van Belle; Gaspard Suc; Osama Soliman; Bernard Cholley; Danijela Trifunović-Zamaklar; Laurent Lepage; Dimitry Schewel; Alexander Ijsselmuiden; Mathieu Pernot; Michael Tanter; Christian Spaulding; Emmanuel Messas,10.1161/CIRCULATIONAHA.125.077582,2026-08-11,Circulation,
Crossref,aortic stenosis,Microscopic anatomy of the heart and aortic crest of the sea hare Aplysia depilans (Gastropoda: Euopisthobranchia),Alexandre Lobo-da-Cunha,10.1016/j.tice.2026.103817,2027-02,Tissue and Cell,
Crossref,aortic stenosis,Serum sialic acid is independently associated with cerebrovascular atherosclerotic stenosis severity and total vascular burden: A retrospective cohort study,Qi Cai; Chunjiao Yang; Lei Luo; Yinfei Huang; Yu Xie; Xin Liang; Renwei Zhang; Yumin Liu,10.1016/j.cca.2026.121217,2027-01,Clinica Chimica Acta,
Crossref,aortic stenosis,Modeling calcific aortic valve disease with engineered human valve tissues identifies SAMHD1 as a therapeutic target,Xiangfu Meng; Qian Zhou; Zijin Zhu; Weihua Qiao; Bingchuan Geng; Zhengfeng Fan; Ruxiang Wang; Shanqing Gao; Yanyan Zhou; Pengcheng Yang; Nianguo Dong; Yan Qi; Donghui Zhang,10.1016/j.biomaterials.2026.124432,2027-01,Biomaterials,
Crossref,aortic stenosis,Staged Full-endoscopic Foraminotomy for Multilevel Lumbar Stenosis with Scoliosis: A Case Report,Takayuki KITAHARA; Yuji NAGAO; Takafumi OHSHIMA; Naoto ONO; Saori SOEDA; Makoto TAKEUCHI; Kosuke SUGIURA; Hiroaki MANABE; Masatoshi MORIMOTO; Fumitake TEZUKA; Hiroshi KAGEYAMA; Junzo FUJITANI; Koichi SAIRYO,10.2176/jns-nmc.2025-0339,2026-12-31,NMC Case Report Journal,
Crossref,aortic stenosis,Two Cases of Lumbar Spinal Canal Stenosis with Dorsal Meningovertebral Ligaments: Potential Risk of Dural Laceration,Kyohei KIN; Ryoji TOMINAGA; Kento TAKEBAYASHI; Hiroki IWAI; Hisashi KOGA,10.2176/jns-nmc.2025-0354,2026-12-31,NMC Case Report Journal,
Crossref,aortic stenosis,Intraoperative Near-infrared Spectroscopy Findings Reflecting Cerebrovascular Autoregulation during Staged Angioplasty for Severe Carotid Artery Stenosis: A Case Report,Norihiro IWAMOTO; Shin-Ichiro OSAWA; Norio NARITA; Hiroyuki SAKATA; Hidenori ENDO,10.2176/jns-nmc.2025-0403,2026-12-31,NMC Case Report Journal,
Crossref,aortic stenosis,"Non-A, non-B aortic arch dissection with atypical presentation, ambiguous CTA findings, and therapeutic dilemma",Mohammed Abrahim; Alina Pace; Ryan D'Sa,10.1016/j.ajem.2026.07.054,2026-12,The American Journal of Emergency Medicine,
Crossref,aortic stenosis,Deep learning-based multimodal fusion of vibrational spectroscopy and clinical data for aortic dissection diagnosis and prognosis,Guangyao Ma; Lei Yan; Xuguang Zhou; Hui Yang; Chen Chen; Jing Tao; Hao Liu; Cheng Chen; Yining Yang,10.1016/j.saa.2026.128391,2026-12,Spectrochimica Acta Part A: Molecular and Biomolecular Spectroscopy,
Crossref,aortic stenosis,Shear-driven platelet activation in pulsatile microflows: Effects of stenosis curvature revealed by an integrated CFD–microfluidic platform,Sololo Kebede Nemomsa; Suhwan Lee; Jae Min Song; Tao Cai; Dong Kim; Eunseop Yeom,10.1016/j.ijengsci.2026.104646,2026-12,International Journal of Engineering Science,
Crossref,aortic stenosis,Vasodilatory study of Mitragyna speciosa (Korth.) Havil methanolic extract using rats aortic ring assay,Hui Wei Loh; Wan Yin Tew; Chong Seng Yan; Chi Yuan Low; Zurina Hassan; Qiyue Qiu; Bin Yang; Zheng Zhang; Ruiling Zhang; Nelson Jeng Yeou Chear; Mun Fei Yam,10.1016/j.jep.2026.122057,2026-12,Journal of Ethnopharmacology,
Crossref,aortic stenosis,Step-by-step En face O red oil method for aortic plaque staining and quantification in ApoE knockout mouse,Nurin Yasmin Mohd Khairudin; B. Vimala R.M.T Balasubramaniam; Suhaila Abd Muid; Nurdiyana Nasrudin; Nasibah Azme,10.1016/j.mex.2026.104020,2026-12,MethodsX,
Crossref,aortic stenosis,Left main coronary artery stenosis assessment on coronary CT angiography,Mahdi Zahedi; Pooya Eini; Mohammad Javad Alemzadeh-Ansari; Marzieh Motevalli; Amirafraz Fallah Najmabadi; Golnaz Houshmand,10.1016/j.ejro.2026.100803,2026-12,European Journal of Radiology Open,
Crossref,aortic stenosis,First French case of native aortic valve infective endocarditis due to Staphylococcus pasteuri,Guillaume Pocheron; Claire Duployez; François Beze; Rémi Leroy; Denis Dubois; Serena Sibilio; Caroline Loïez; Rémi Le Guern; Frédéric Wallet,10.1016/j.diagmicrobio.2026.117592,2026-12,Diagnostic Microbiology and Infectious Disease,
Crossref,aortic stenosis,Cost-effectiveness of transcatheter aortic valve replacement in patients with severe aortic stenosis and low surgical risk: perspective of a middle-income country's public health system,Guilherme Augusto Reissig Pereira; Carisi Anne Polanczyk; Ana Paula Beck da Silva Etges; Rodrigo Petersen Saadi; Eduardo Gehling Bertoldi,10.1016/j.ijcard.2026.134673,2026-11,International Journal of Cardiology,
Crossref,aortic stenosis,Physician-Modified Fenestrated Stent-Grafts Planned Using Three-Dimensional Techniques for Complex Aortic Pathology: A Systematic Review and Meta-Analysis,Patryk Skórka; Karol Miler; Marta Ziętara; Piotr Gutowski; Arkadiusz Kazimierczak; Paweł Rynio,10.1016/j.avsg.2026.06.032,2026-11,Annals of Vascular Surgery,
Crossref,aortic stenosis,Impact of CT incidental lung findings and pulmonary function on 3-year mortality after transcatheter aortic valve replacement (TAVR),Mustafa Mousa Basha; Louisa Hein; Sophia Mohr; Baravan Al-Kassou; Marcel Weber; Thomas Beiert; Sebastian Zimmer; Julian Luetkens; Daniel Kütting; Farhad Bakhtiary; Georg Nickenig; Dirk Skowasch; Carmen Pizarro; Jasmin Shamekhi,10.1016/j.hrtlng.2026.102911,2026-11,Heart &amp; Lung,
Crossref,aortic stenosis,An antibody-conjugated polymer nanoparticle that targets inflammatory site for abdominal aortic aneurysm antioxidant stress therapy,Youjin Huang; Qi'’nan Yin; Qin Zhang; Jinping Liu; Ya Wu; Yong Liu,10.1016/j.bioadv.2026.214968,2026-11,Biomaterials Advances,
Crossref,aortic stenosis,Aligning Credentialing with the Complexity of Endovascular Aortic Repair,Mazin Foteh; Rafael D. Malgor,10.1016/j.avsg.2026.06.017,2026-11,Annals of Vascular Surgery,
Crossref,aortic stenosis,Temporal changes in BNP levels and their prognostic impact on future cardiac events in patients undergoing transcatheter aortic valve implantation,Koji Mizutani; Akihito Tanaka; Yoshiyuki Tokuda; Hiroki Kondo; Shinichiro Takeda; Hikari Matsumoto; Masao Yamada; Tomonari Uemura; Kenji Furusawa; Masato Mutsuga; Toyoaki Murohara,10.1016/j.ijcard.2026.134705,2026-11,International Journal of Cardiology,
Crossref,aortic stenosis,RNA helicase MTR4 aggravates abdominal aortic aneurysm formation by recruiting SRSF1 to regulate TERT alternative splicing,Yajing Li; Keying Tian; Shuolin Li; Ying Wang; Qi Cao; Sihan Wang; Xinhua Zhang; Xugang Wang; Hongguang Lian; Xin Liu; Wei Wang; Lingdan Zhao; Long Zhang; Junhuai Song; Junyi Liu; Yu Zhang; Jinkun Wen; Bin Zheng,10.1016/j.bbadis.2026.168374,2026-11,Biochimica et Biophysica Acta (BBA) - Molecular Basis of Disease,
Crossref,mitral regurgitation,AIoT-Driven Real-Time Detection of Mitral Valve Prolapse,Meng Han Chen; Guanling Lee,10.1504/ijipt.2027.10079642,2027,International Journal of Internet Protocol Technology,
Crossref,mitral regurgitation,New variants in ACE gene region in 10 Cavalier King Charles Spaniel dogs with mild and severe myxomatous mitral valve disease – preliminary study,Maksymilian Lewicki; Sylwia Górczyńska-Kosiorz; Piotr Frydrychowski; Justyn Gach; Zuzanna Wojtczak; Jacek Cymbryłowicz; Agnieszka Noszczyk-Nowak,10.1016/j.vas.2026.100769,2026-12,Veterinary and Animal Science,
Crossref,mitral regurgitation,A physics-informed neural network framework for hemodynamic reconstruction and quantitative mitral regurgitation assessment,Kalpana Chauhan; Rajeev Kumar Chauhan,10.1016/j.bspc.2026.111264,2026-12,Biomedical Signal Processing and Control,
Crossref,mitral regurgitation,Cine-derived mitral annular relaxation velocity for detection of preclinical left ventricular diastolic dysfunction,Niall McVeigh; David Ryan; Fiona Ryan; Joseph McCambridge; Maria Ferre; Sebastian Flynn; David J. Murphy; Mark Ledwidge; Ken McDonald; Jonathan D. Dodd,10.1016/j.mri.2026.110733,2026-11,Magnetic Resonance Imaging,
Crossref,mitral regurgitation,Epigenetic and transcriptomic regulation of RTN4IP1 links mitochondrial metabolism to the risk of mitral valve disease,Baiyu Tian; Fei Meng; Jiangang Wang; Haibo Zhang; Tiange Luo; Jintao Fu; Kemin Liu; Wenbo Zhang; Cheng Zhao; Yuqing Jiao; Junhui Sun,10.1016/j.hrtlng.2026.102892,2026-11,Heart &amp; Lung,
Crossref,mitral regurgitation,The prognostic importance of the right ventricle for patients with mitral regurgitation undergoing surgical treatment: A speckle tracking study,Maria Concetta Pastore; Federica Marrese; Andrea Marchese; Lorenzo Tanzi; Andrea Stefanini; Antonio Capolongo; Giulia Elena Mandoli; Ilenia Pennisi; Martina Rizzo; Veronica Lorenz; Giuseppe Alba; Gianfranco Montesi; Luna Cavigli; Flavio D'Ascenzi; Marta Focardi; Serafina Valente; Ottavio Alfieri; Matteo Cameli,10.1016/j.ijcard.2026.134681,2026-11,International Journal of Cardiology,
Crossref,mitral regurgitation,Beyond mitral regurgitation reduction: Divergent hemodynamic and structural responses to transcatheter edge-to-edge repair in primary and secondary mitral regurgitation,Carlo Vignati; Gaia Cattadori; Fiorella Puttini; Beatrice Pezzuto; Valentina Mantegazza; Chiara Morocutti; Arianna Galotta; Elisabetta Salvioni; Irene Mattavelli; Rebecca Caputo; Jeness Campodonico; Anna Apostolo; Mauro Contini; Pietro Palermo; Massimo Mapelli; Stefania Farina; Federico De Marco; Cristina Ferrari; Antonio Luca Bartorelli; Manuela Muratori; Piergiuseppe Agostoni,10.1016/j.ijcard.2026.134678,2026-11,International Journal of Cardiology,
Crossref,mitral regurgitation,Corrigendum to “First-in-human study of the K-Clip™ transcatheter annular repair system for severe functional tricuspid regurgitation” [International Journal of Cardiology 390(2023) / IJCA 131174],Xiaochun Zhang; Qinchun Jin; Wenzhi Pan; Wei Li; Yingqiang Guo; Genshan Ma; Cuizhen Pan; Shasha Chen; Yuan Zhang; Lei Zhang; Mingfei Li; Shiqiang Hou; Yat-yin Lam; Thomas Modine; Alex Pui-Wai Lee; Juying Qian; Daxin Zhou; Junbo Ge,10.1016/j.ijcard.2026.134622,2026-10,International Journal of Cardiology,
Crossref,mitral regurgitation,A physiology-constrained framework for non-invasive left atrial pressure assessment and post-procedural estimation in mitral stenosis,Qimin Zhang; Wenwen Liang; Shengzhang Wang; Minmin Sun,10.1016/j.bspc.2026.110809,2026-10,Biomedical Signal Processing and Control,
Crossref,mitral regurgitation,Association of component measurement variability and disease severity with variability of calculated mitral regurgitant fraction in dogs with myxomatous mitral valve disease,G. McAulay; D. Singleton; M. Rishniw,10.1016/j.jvc.2026.06.004,2026-10,Journal of Veterinary Cardiology,
Crossref,mitral regurgitation,"A retrospective (2020–2025), multicenter study of myxomatous mitral valve disease in Chihuahuas from Italy, Sweden, and the United States of America",I. Spalla; M.B. Bjerknaes; T. Bertuccini; G. Menciotti; A. Showers; G. Dossi; M. Borgarelli; J. Häggström; I. Ljungvall; R. Toschi Corneliani; C. Locatelli,10.1016/j.jvc.2026.06.005,2026-10,Journal of Veterinary Cardiology,
Crossref,mitral regurgitation,Severe tricuspid regurgitation is a congestion-driven cardiorenal disease: A longitudinal study defining a right heart failure phenotype,Layal Mansour; Prayuth Rasmeehirun; Guillaume L'Official; Benjamin Marut; Marion Lacout; Melanie Bezard; Erwan Donal,10.1016/j.ijcard.2026.134643,2026-10,International Journal of Cardiology,
Crossref,mitral regurgitation,Relationship between left atrial fibrosis and function in a selected cohort undergoing surgery for severe primary mitral regurgitation,Caterina Maffeis; Andrea Rossi; Elvin Tafciu; Stefania Rizzo; Monica De Gaspari; Vincenzo Giambruno; Venanzio Di Nicola; Giovanni B. Luciani; Cristina Basso; Flavio L. Ribichini,10.1016/j.ijcard.2026.134614,2026-10,International Journal of Cardiology,
Crossref,mitral regurgitation,"Influence of age, frailty and non-cardiac comorbidities on survival in patients undergoing mitral valve edge-to-edge repair – a perspective from the German health care system",Kerstin Piayda; Nabor Keweloh; Bernhard Unsöld; Samuel Sossalla; Amin Polzin; Fabian Voss; Jafer Haschemi; Marcel Giemsa; Ursula Marschall; Beata Hennig; Michael Beil; Malte Kelm; Christian Jung,10.1016/j.ijcha.2026.101990,2026-10,IJC Heart &amp; Vasculature,
Crossref,mitral regurgitation,Left atrial strain and fibrosis in primary mitral regurgitation: asynchronous markers of atrial remodelling?,Cristina Conte; Alessandro Telesca; Massimo Imazio,10.1016/j.ijcard.2026.134642,2026-10,International Journal of Cardiology,
Crossref,mitral regurgitation,Safety of multiple grasping attempts during transcatheter mitral valve repair with the PASCAL system,Florian Jürgens; Florian Schindhelm; Mohammed Abusharekh; Clara M.K. Brandts; Jürgen Kampf; Matthias Totzeck; Fadi Al-Rashid; Peter Lüdike; Tienush Rassaf; Amir A. Mahabadi,10.1016/j.ijcard.2026.134636,2026-10,International Journal of Cardiology,
Crossref,mitral regurgitation,"Comment on “accuracy of machine learning models for mitral regurgitation severity assessment: A systematic review and meta-analysis""",Sharyu Ikhar; Yogesh Nagargoje; Ruchita Shrivastava,10.1016/j.ijcrp.2026.200666,2026-09,International Journal of Cardiology Cardiovascular Risk and Prevention,
Crossref,mitral regurgitation,Ultrasound measurement of antral cross-sectional area to predict regurgitation during general anesthesia for cesarean section in laboring women: a prospective observational cohort study,Longyuan Shen; Qiuxia Jiang; Xiaojuan Yu; Quansheng Xiao; Shengzhao Wang; Xiongda Lin; Qichen Luo; Shaoqiang Huang,10.1016/j.accpm.2026.101773,2026-09,Anaesthesia Critical Care &amp; Pain Medicine,
Crossref,mitral regurgitation,When Moderate Is Severe: Bivalvular Functional Regurgitation,Asad Ghafoor,10.1016/j.shj.2026.101087,2026-09,Structural Heart,
Crossref,mitral regurgitation,"Direct-access, balloon-expandable mitral valve replacement under fibrillatory arrest in extensive mitral annular calcification",John Wheeler; Gilbert Tang; Dimosthenis Pandis; Ahmed El-Eshmawi,10.1016/j.xjse.2026.100130,2026-09,JTCVS Structural and Endovascular,
Crossref,deep learning,Learner profiles and the process of Learning in the Higher Educational Context,Christos Skourlas; Petros Belsis,10.15556/ijiim.02.01.003,2115-03-05,International Journal on Integrated Information Management,
Crossref,deep learning,WEB-BASED COLLABORATIVE LEARNING AND KNOWLEDGE SHARING IN INFORMAL BUSINESS NETWORKS,George Stalidis; Costis Papadimitrakopoulos; Theocharis Tsakiris,10.15556/ijiim.01.02.002,2114-12-10,International Journal on Integrated Information Management,
Crossref,deep learning,Availability and Utilization of Tools and Equipment for Teaching and Learning Garment Making Trade in the Senior Secondary Schools in Edo State,,10.20431/2349-0381.0303002,2106,"International Journal of Humanities, Social Sciences and Education",
Crossref,deep learning,Title Pending 8184,,10.3998/mjcsl.8184,2036-06-28,Michigan Journal of Community Service Learning,
Crossref,deep learning,Title Pending 8122,,10.3998/mjcsl.8122,2036-05-11,Michigan Journal of Community Service Learning,
Crossref,deep learning,Title Pending 8219,,10.3998/mjcsl.8219,2036-04-13,Michigan Journal of Community Service Learning,
Crossref,deep learning,Title Pending 8273,,10.3998/mjcsl.8273,2036-03-03,Michigan Journal of Community Service Learning,
Crossref,deep learning,Title Pending 7452,,10.3998/mjcsl.7452,2036-01-19,Michigan Journal of Community Service Learning,
Crossref,deep learning,Title Pending 6294,,10.3998/mjcsl.6294,2034-12-20,Michigan Journal of Community Service Learning,
Crossref,deep learning,Title Pending 5730,,10.3998/mjcsl.5730,2034-11-18,Michigan Journal of Community Service Learning,
Crossref,deep learning,Title Pending 3643,,10.3998/mjcsl.3643,2033-09-06,Michigan Journal of Community Service Learning,
Crossref,deep learning,Title Pending 4120,,10.3998/mjcsl.4120,2033-03-28,Michigan Journal of Community Service Learning,
Crossref,deep learning,Title Pending 2741,,10.3998/mjcsl.2741,2032-09-28,Michigan Journal of Community Service Learning,
Crossref,deep learning,Machine Learning Application for SAIs,Tiare Rivera,10.56251/watu4873,2030-10-20,International Journal of Government Auditing,
Crossref,deep learning,Integration of Biomechanics and Digital Technology: Using Kinovea for Motion Analysis and Learning for Beginner Athletes,Muhammad Nur Hudha; Riezky Maya Probosari; Annisa Nur Khasanah; Supurwoko; Salsabila Kholifahtun Nisa’; Gifran Rihla Gifarka Latief,10.58524/jcss.v4i2.890,2029-11-29,Journal of Coaching and Sports Science,"Background: The integration of biomechanics with digital motion-analysis technologies has introduced new approaches for examining movement efficiency, kinematic characteristics, and technical patterns in walking and running activities. Kinovea, as an accessible motion-analysis software, provides both visual and quantitative feedback. However, its application in supporting technique development among beginner athletes remains insufficiently explored. Aim: This study aims to describe the use of Kinovea in biomechanics training and examine its contribution to the awareness of kinematic characteristics and movement techniques among beginner athletes. Methods: A descriptive qualitative design involved 72 beginner athletes aged 18–25 years selected through purposive sampling. Data were collected over 16 weeks through interviews, field observations, and motion video recordings analyzed using Kinovea. Kinematic data focused on joint angles, stride behavior, and movement phases during walking, running, and the flight phase. Qualitative data were analyzed using content analysis with NVivo 12, while kinematic results were interpreted descriptively to identify performance patterns and areas for technical refinement. Result: Kinematic analysis showed coordinated joint-angle patterns across all phases. Walking analysis identified arm swing angles of 50.9°–58.8° and leg separation angles of 64.3°–67.2°, indicating a stable gait rhythm. The running analysis revealed knee angles of 68.8°–69.8° and elbow angles of 87.6°–89.1°, indicating efficient propulsive mechanics. The flight phase demonstrated knee angles of 81.2°–87.8° and elbow angles of 80.4°–88.3°, suggesting effective momentum use and postural stability. These measurements supported stride-efficiency assessment and technique evaluation. Qualitative findings revealed that Kinovea enabled athletes to interpret movement phases and identify technical inefficiencies through slow-motion and frame-by-frame visualization. Conclusion: Kinovea supports basic motion analysis by providing clear kinematic information and helping beginner athletes observe and refine their movement techniques. The findings also offer practical value for coaches by enabling more precise identification of inefficient patterns and guiding targeted corrections during early-stage training."
Crossref,deep learning,Sparsity Learning via Structured Functional Factor Augmentation,Hanteng Ma; Ziliang Shen; Xingdong Feng; Xin Liu,10.5705/ss.202025.0205,2029,Statistica Sinica,
Crossref,deep learning,Inference for Extreme Value Index Through Individualized Fusion Learning,Hongfang Sun; Yu Chen; Tao Xu; Zhengjun Zhang,10.5705/ss.202026.0109,2029,Statistica Sinica,
Crossref,deep learning,Transfer Learning for High-dimensional Regression with Compositional Covariates: Application to Microbiome Studies,Qinqin Hu; Xiaojing Luo; Chencheng Ma; Wang Zhou,10.5705/ss.202025.0314,2029,Statistica Sinica,
Crossref,deep learning,Cyber Defense Digital Twins: A Federated Learning and Zero-Trust AI Architecture for Autonomous Threat Prediction and Response,Sivaramakrishnan Narayanan,10.32628/cseit251116279,2028-08-27,"International Journal of Scientific Research in Computer Science, Engineering and Information Technology","Modern enterprise networks operate under persistent threats that exploit cloud-native misconfigurations, identity sprawl, and API vulnerabilities at machine speed. Existing security operations center (SOC) architectures remain largely reactive, signature-dependent, and incapable of predicting multi-stage lateral movement. This paper proposes the Cognitive Cyber Defense Digital Twin (CCDT), a unified architecture integrating federated learning (FL), graph neural network (GNN)-based attack-path forecasting, adversarially hardened detection models, and autonomous Security Orchestration, Automation, and Response (SOAR) with deception engineering. The CCDT constructs a continuously synchronized digital replica of organizational assets and employs reinforcement learning-based red agents to stress-test detection models. A federated intelligence mesh enables cross-organizational privacy-preserving gradient sharing. Experimental evaluations against CICIDS-2018 and LANL datasets demonstrate 52% faster attack-path detection, 41% reduction in false positive rate, and 60% reduction in mean-time-to-respond (MTTR) compared to traditional SOC baselines. Integrated Explainable AI (XAI) modules using SHAP values enable audit-ready compliance reporting. The CCDT represents a paradigm shift from reactive monitoring to predictive, autonomous, and privacy-preserving cyber defense for hybrid cloud environments."
Crossref,deep learning,The Nexus of Leadership and Learning: Exploring Female Principals' Influence on the Teaching-Learning Process in Secondary Schools,Muhammad Niqab; Salma Tabbasum; Shakil Ahmad,10.55737/qjss.vii-i.26473,2028-02-28,Qlantic Journal of Social Sciences,"The research paper will set out to debate the role played by the leadership competencies of principals in the teaching and learning process. The research will embrace a quantitative research design that will seek to answer the question concerning the relationship that exists between leadership skills of possessed by the  principals and the ongoing teaching-learning process in the female secondary schools using a co-relational study design. A survey instrument comprising of 37 items, which measured the leadership skills possessed by the selected principals and the prevailing teaching learning process, was used in the collection of data. Questionnaires for this study were administered to 108 male and female educators who were serving in secondary schools in Tehsil Wari, upper Dir and among them 100 questionnaires were submitted and were deemed to be useful in the analysis. The data in hand were calculated using Statistical Package of the Social Sciences (SPSS) version-27 and the obtained results indicated that the collected data was normally distributed. The findings revealed that all the variables of the study had great correlations. The analysis of the data was done through linear regression to measure the effect that the leadership skills of the principals had on the teaching learning process and this indicated that leadership skills of the principals have statistically significant effect on the teaching learning process. The policies derived out of this research can be a good guide to both the policymakers and organizational leaders because they can provide a good outline on how to empower the leaders in charge of the principals and as well as exert more influence on the effective teaching and learning processes."
OpenAlex,aortic stenosis,Relationship between baseline patient-reported health status and patient-centered outcomes after Transcatheter Aortic Valve Replacement.,Daijiro Tomii; Jonas Lanz; Dik Heg; Holger Thiele; Won-Keun Kim; Michael Joner; Helge Möllmann; Lenard Conradi; Christian Thilo; Stefan Toggweiler; Bernard Prendergast; Stephan Windecker; Thomas Pilgrim,10.48620/98197,2026-10-01,Open Access CRIS of the University of Bern,"Background Aortic stenosis (AS) impairs health-related quality of life but the prognostic impact of patient-reported health status prior to transcatheter aortic valve replacement (TAVR) is not fully established.Objectives To investigate the association of patient-reported health status at baseline with clinical outcomes and health status after transfemoral TAVR in patients with symptomatic severe AS.Methods In the investigator-initiated, multicenter SCOPE I randomized trial, patients underwent TAVR who provided baseline Kansas City Cardiomyopathy Questionnaire (KCCQ) assessment were included in this post-hoc analysis. An integrated patient-centered outcome was defined as being alive with good health status (KCCQ overall summary score [KCCQ-OS] ≥75 without a decline of &gt;10 points from baseline).Results Of 739 patients enrolled in SCOPE I, 692 were included in the present analysis. Median baseline KCCQ-OS was 54.9 [39.6-71.9] distributed as follows: KCCQ-OS &lt;25 - 74 (10.7%), 25-49 - 222 (32.1%), 50-74 - 271 (39.2%), ≥75 - 125 (18.1%). At 3 years after TAVR, higher baseline KCCQ-OS was associated with a greater likelihood of being alive with good health status (KCCQ-OS 50-75 vs. 0-25: adjusted odds ratio 2.25, 95% CI 1.12-4.54; 75-100 vs. 0-25: adjusted odds ratio 5.15, 95% CI 2.33-11.3). Restricted cubic spline modelling demonstrated an approximately linear relationship between baseline KCCQ-OS and all-cause mortality, and alive with good health status.Conclusions In this post-hoc analysis of SCOPE I, better baseline patient-reported health status was associated with a higher probability of being alive with good health status up to 3 years after TAVR.Clinical Trial Registration https://www.Clinicaltrials gov. NCT03011346."
OpenAlex,aortic stenosis,Fluid dynamics-informed CCTA-derived geometric parameters in right coronary artery anomalies predict abnormal invasive Adenosine-FFR and Dobutamine-FFR.,Ali Mokhtari; Anselm W. Stark; Dominik Obrist; Marius Reto Bigler; Stefano F. de Marchi; Lorenz Räber; Isaac Shiri; Christoph Gräni,10.48620/99492,2026-08-15,Open Access CRIS of the University of Bern,"Background Traditional anatomical assessment of stenosis in right anomalous aortic origin of coronary arteries (R-AAOCA) may not capture the complex, eccentrically shaped lumen and its perimeter-dependent resistance, and may therefore underestimate flow limitation. R-AAOCA involves both fixed stenosis, similar to atherosclerotic plaques (assessable with invasive adenosine-derived fractional flow reserve, FFRAdenosine), and additional stress-induced dynamic stenosis; both components can be captured with dobutamine-derived FFR (FFRDobutamine). We hypothesized that fluid dynamics-informed geometric parameters provide a physiologically grounded description with enhanced discriminative value compared with conventional geometric parameters for predicting FFRAdenosine and FFRDobutamine.Methods We performed a retrospective analysis of prospectively enrolled participants from the National Registry of Coronary Anomalies (NARCO) who underwent invasive FFRAdenosine and FFRDobutamine assessment. We calculated multiple CCTA-derived geometric parameters organized into two categories: (1) conventional geometric parameters including cross-sectional area (A), perimeter (P), minor and major axes at the ostium and intramural lumen area (ILA; i.e., the point of maximal stenosis), and effective diameter (Deff = (4A/π)); and conventional stenosis ratios including the area stenosis ratio (ASR) and effective diameter stenosis ratio (EDSR); (2) fluid dynamics-informed parameters comprising shape descriptors: including hydraulic diameter (Dh = 4A/P), elliptic ratio (ER = major/minor axis), circularity (C = 4πA/P2), and hydraulic diameter stenosis ratio (HDSR); and resistance-based indices including resistance index (RI = L × P4/A4), ostial angulation penalty (OAP = Aostial/Aref × [1 + tan(θ)]), and comprehensive stenosis score (CSS = RI × ER × [1 + sin(θ)]) integrating resistance, shape-dependent losses, and take-off angle (θ) effects. The invasive reference was hemodynamic relevance (i.e. FFR≤0.80) in FFRAdenosine and FFRDobutamine. We assessed Pearson correlation with FFR, univariable linear regression (R2), logistic regression with odds ratios (OR), and ROC AUC for classification (FFR≤0.80).Results A total of 81 R-AAOCA patients were included with a mean age of 52.3 ± 12.0 years and a mean body mass index of 27.0 ± 5.1 kg/m2; 27 patients (33.3%) were female. FFRAdenosine≤0.80 was observed in 5 (6.2%) patients and FFRDobutamine≤0.80 in 16 (19.8%) patients. The highest discriminatory power to predict abnormal FFRAdenosine was observed for the RI (AUC = 0.97, 95% CI 0.92-1.00), followed by the OAP (AUC = 0.97, 95% CI 0.92-1.00), ostial area (AUC = 0.96, 95% CI 0.90-1.00), CSS (AUC = 0.95, 95% CI 0.89-0.99), and ostial minor diameter (AUC = 0.95, 95% CI 0.90-0.99). The highest discriminatory power to predict abnormal FFRDobutamine was observed for ostial minor diameter (AUC = 0.85, 95% CI 0.74-0.94), followed by RI (AUC = 0.83, 95% CI 0.68-0.95) and ILA minor diameter (AUC = 0.81, 95% CI 0.69-0.92). RI explained 45% of the variance in FFRAdenosine and 43% of the variance in FFRDobutamine. At optimal thresholds, RI achieved 100% sensitivity and 95% specificity for predicting abnormal FFRAdenosine, whereas ostial minor diameter achieved 100% sensitivity and 57% specificity for predicting abnormal FFRDobutamine.Conclusions In patients with R-AAOCA, CCTA-derived fluid dynamics-informed metrics showed high diagnostic performance for identifying hemodynamically relevant fixed stenosis (i.e., defined by abnormal FFRAdenosine), with discriminatory ability comparable to conventional geometric parameters. For combined fixed and stress-induced dynamic stenosis (i.e., defined by abnormal FFRDobutamine), both approaches performed similarly but with lower accuracy, underscoring the need for more advanced noninvasive modeling approaches that explicitly capture the stress-induced dynamic component."
OpenAlex,aortic stenosis,Subgroup variations in effectiveness of femoropopliteal sirolimus versus paclitaxel-coated balloon angioplasty: post hoc results of the randomised SIRONA trial,Ulf Teichgräber; Maja Ingwersen; T Lehmann; Stephanie Platzer; Ina Kunstmann; Sabine Steiner; Andrej Schmidt; Tim Wittig; Thomas Zeller; Marcus Thieme; Hans Krankenberg; Martin Werner; Marianne Brodmann; Nasser Malyar; Stefan Müller-Hülsbeck; Luca De Paoli; Oliver Schlager; Martin Austermann; Gunnar Tepe; Christian Erbel; Dr. Wulf Ito Md; Rainer Waßmer; Lars Maiwald; René Aschenbach; Christian Wissgott; Martin Andrassy; Florian Wolf; Ulrich Beschorner; Maciej Pech; Konstantinos Katsanos; Dierk Scheinert,10.1186/s42155-026-00743-2,2026-08-11,CVIR Endovascular,"INTRODUCTION: The randomised SIRONA trial showed that sirolimus-coated balloon (SCB) angioplasty was non-inferior to paclitaxel-coated balloon angioplasty (PCB) regarding femoropopliteal primary patency. There was no difference in clinically driven target lesion revascularisation (cdTLR) rates between the treatment groups. This post-hoc analysis aimed to assess whether the overall results were consistent across different subgroups and selected post-baseline factors. METHODS: Primary patency at 12 months was assessed using duplex ultrasound and adjudicated by a core laboratory for 203 and 199 participants in the SCB and PCB groups, respectively (available-case intention-to-treat analysis). Data on 12-month cdTLR were available for 238 and 244 participants in the SCB and PCB groups, respectively. Odds ratios (ORs) for primary patency and hazard ratios (HRs) for cdTLR after SCB compared to PCB in non-pre-specified subgroups were assessed using generalised linear mixed models to control for centre effects, and Cox proportional hazards models, respectively. RESULTS: Primary patency and cdTLR were generally consistent across the analysed subgroups. Two nominal interaction signals were observed. For cdTLR, a nominal interaction with age was identified (interaction p = 0.047); among participants older than 70 years, the estimated hazard ratio favoured SCB (HR 0.52, 95% CI 0.16-1.71). For primary patency, treatment effects differed according to residual diameter stenosis (interaction p = 0.022); the estimated treatment effect favoured SCB in participants with residual diameter stenosis > 30% (OR 1.67, 95% CI 0.76-3.65). No other interactions between treatment and subgroup or post-baseline factors were observed. CONCLUSION: The effectiveness of SCB compared to PCB was similar and mainly consistent among subgroups. The evaluation should be considered exploratory. TRIAL REGISTRATION: ClinicalTrials.gov, NCT04475783. Registered 17 July 2020, https://clinicaltrials.gov/study/NCT4475783 ."
OpenAlex,aortic stenosis,Outcomes of Modified Microvascular Plugs as a Pulmonary Flow Restrictors in Congenital Heart Disease,Brian Tran; Jacob Shalkevich; Joseph Graziano; Byron Garn; Daniel A. Velez; Mohamad Alaeddine; Arash Sabati; Saleem Almasarweh,10.1007/s00246-026-04413-x,2026-08-11,Pediatric Cardiology,"Manually modified microvascular plugs (M-MVPs) have emerged as transcatheter pulmonary flow restrictors (PFRs) in neonates and infants with complex congenital heart disease and pulmonary overcirculation. Standardized device modification methods and short-term outcomes remain limited. We performed a retrospective single-center clinical data review of consecutive patients who underwent transcatheter pulmonary flow restriction using M-MVPs from January 2023 through June 2025. Data collected included patient characteristics, procedural details, peri-procedural complications, surgical outcomes, device explantation, and mortality. Twenty-one neonates and infants (median age: 16 days (IQR 8-22); median weight: 2.8 kg (IQR 2.3-3.9) received 44 M-MVP devices. Femoral venous access was used in 20/21 cases, with carotid access required in one patient. Median angiographic branch pulmonary artery diameters were 5.1 mm (left) and 5.3 mm (right). Fifteen patients underwent surgical explantation at a median 43 days (IQR 37.5-58.5 days), with one patient supported for 236 days. All devices were surgically explanted without major intraoperative complications or device related stenosis requiring pulmonary arterioplasty. Three patients required additional device implantation for distal migration or incomplete pulmonary artery coverage, and two patients ultimately required conversion to surgical main pulmonary artery banding. Interval mortality was 29% (6/21) in a cohort with substantial comorbidity, physiologic instability, and limited surgical candidacy. Exploratory physiologic analysis demonstrated higher renal near-infrared spectroscopy values among patients who survived to surgery, although physiologic responses following implantation were variable. In this retrospective descriptive experience, M-MVPs provided technically feasible temporary pulmonary flow restriction in carefully selected high-risk neonates and infants. Given the small sample size, heterogeneous cohort, and lack of a control group, the findings presented should be considered descriptive and hypothesis generating."
OpenAlex,aortic stenosis,"Lipoprotein(a) in cardiovascular disease: pathophysiology, residual risk, and emerging therapeutic strategies",Lucio Giuseppe Granata; Simona Giubilato; Francesca Campanella; Francesco Amico; Stefania Angela Di Fusco; Furio Colivicchi,10.3389/fmed.2026.1886347,2026-08-11,Frontiers in Medicine,"Lipoprotein(a) [Lp(a)] has emerged as a major, genetically determined, contributor to residual cardiovascular risk. Accumulating evidence from epidemiological studies, human genetics, and Mendelian randomization has unequivocally established elevated Lp(a) as an independent risk factor for atherosclerotic cardiovascular disease (ASCVD) and calcific aortic valve stenosis (CAVS). Lp(a) consists of a low-density lipoprotein-like particle in which apolipoprotein(a) is covalently linked to apolipoprotein B100. This unique structure confers proatherogenic, pro-inflammatory, and antifibrinolytic properties, largely mediated by oxidized phospholipids and the structural homology of apolipoprotein(a) with plasminogen. Circulating Lp(a) concentrations are genetically determined and remain relatively stable throughout life with minimal influence from lifestyle interventions. Conventional lipid-lowering therapies have little or no meaningful effect on circulating Lp(a) concentrations, leaving an important component of residual cardiovascular risk unaddressed. In contrast, RNA-based therapeutics targeting hepatic LPA expression have demonstrated reductions in circulating Lp(a) of up to 80–90% and are currently being evaluated in phase 3 cardiovascular outcome trials. This narrative review summarizes the molecular biology, genetics, epidemiology, pathophysiological mechanisms, and clinical relevance of Lp(a), and critically examines current and emerging therapeutic strategies aimed at reducing Lp(a)-mediated cardiovascular risk."
OpenAlex,aortic stenosis,Chronic Kidney Disease and Outcomes after TAVR in Patients with Severe Peripheral Arterial Disease: Insights from the Hostile Registry,Gianluca Anastasia; Tullio Palmerini; Francesco Saia; Antonio Giulio Bruno; Won‐Keun Kim; Alessandro Iadanza; Ole De Backer; Francesco Burzotta; Nicolas M. Van Mieghem; Thomas Pilgrim; Claudia Tiziana Aranzulla; Max M. Meertens; Michael Joner; Francesco Meucci; Stefan Toggweiler; Luca Testa; Sergio Berti; Matteo Montorfano; Daniel Braun; Fausto Castriota; Marco De Carlo; Marco Barbanti; Francesco Tartaglia; Georg Nickenig; Tommaso Piva; Azeem Latib; Chiara Fraccaro; Ran Kornowski; A. Bartorelli; Mohamed Abdel-Wahab; Matteo Vercellino; Italo Porto,10.1093/ehjvshd/xwag067,2026-08-11,European Heart Journal - Valvular and Structural Heart Disease,"Abstract Background Chronic kidney disease (CKD) often coexists with aortic stenosis and worsens outcomes after transcatheter aortic valve replacement (TAVR). CKD is also associated with peripheral artery disease (PAD), but its impact in severe PAD patients undergoing TAVR remains unclear. Aim To evaluate the effect of CKD on PAD severity and outcomes after TAVR. Methods The HOSTILE registry included patients with severe PAD undergoing TAVR via transfemoral access (TFA, 30%) after iliofemoral revascularization, transalternative access (32%), or transthoracic access (38%). Patients were stratified by estimated glomerular filtration rate (eGFR) into low (≤48.0 mL/min; n=565) and intermediate/high (&amp;gt;48.0 mL/min; n=1,130) groups. The primary endpoint was major adverse events (MAEs) at 30 days and 12 months, adjusted using propensity score and overlap weighting. Results PAD characteristics were comparable across eGFR strata. Low eGFR was associated with higher 30-day MAEs (aHR 1.24, p=0.018), mainly driven by major vascular complications (aHR 1.32, p=0.006). At 1 year, MAEs (aHR 1.28, p=0.003) and mortality (aHR 1.53, p=0.002) remained increased, although landmark analysis suggested predominantly peri-procedural risk. Using an eGFR cut-off of 30 mL/min confirmed worse 30-day and 1-year MAEs, mortality, and cardiac death, with increased 1-year bleeding. In TFA patients, low eGFR predicted higher 30-day MAEs (aHR 1.77, p=0.002) and mortality (aHR 2.83, p=0.025), and 1-year MAEs (aHR 1.77, p=0.001) and mortality (aHR 2.31, p=0.003), with significant access–eGFR interaction. Conclusions In severe PAD patients undergoing TAVR, CKD amplifies peri-procedural risk, especially early vascular complications. Although TFA remains associated with better outcomes, its benefit appears attenuated in patients with renal dysfunction."
OpenAlex,aortic stenosis,Multidimensional lipid and inflammatory risk control following evolocumab treatment in real-world ASCVD: a hospital-based cohort study,Qiang Niu; Xiaolu Liu; Hui Zhang; Qilei Wang; Bo Li,10.3389/fphar.2026.1890158,2026-08-11,Frontiers in Pharmacology,"Background Evolocumab lowers low-density lipoprotein cholesterol (LDL-C) and reduces cardiovascular events in patients with established atherosclerotic cardiovascular disease (ASCVD). In routine care, however, the LDL-C course is observed through irregular laboratory testing, changing background therapy, and variable follow-up. We examined lipid response, inflammatory risk control, post-index laboratory abnormalities, and exploratory risk-index outcomes after evolocumab initiation in a hospital-based ASCVD cohort. Methods This retrospective real-world cohort used routine hospital data from ASCVD patients with recorded evolocumab exposure. Patients were classified into documented statin and no documented statin groups according to whether concomitant statin therapy was recorded in available hospital medication records during the pre-index 30-day window. Baseline lipids were defined as the patient-level median of traceable pre-index hospital laboratory measurements. The primary lipid follow-up period was 30–120 days; later periods were 121–365 days and beyond 365 days. The primary endpoint was percentage change in LDL-C at 30–120 days. LDL-C goal attainment, LDL-C reduction ≥ 50%, other lipid markers, C-reactive protein-triglyceride glucose index (CTI), inflammatory markers, longer-term LDL-C patterns, and post-index laboratory abnormalities were analyzed as secondary or exploratory outcomes. Between-group comparisons used propensity-score overlap weighting with bootstrap confidence intervals and were interpreted as adjusted observational associations. Results Of 250 patients with recorded evolocumab exposure, 183 were included in the main analysis cohort: 137 in the documented statin group and 46 in the no documented statin group. Median LDL-C fell from 2.85 to 1.08 mmol/L, a median reduction of 63.3%. LDL-C &amp;lt;1.4 mmol/L was achieved in 82/117 patients (70.1%), and LDL-C reduction ≥ 50% was achieved in 81/117 patients (69.2%). In the endpoint-specific core clinical propensity model, LDL-C percentage reduction favored the documented statin group (weighted difference, −10.34 percentage points [95% CI, −20.85 to −0.045]; P = 0.048); the expanded lipid-adjusted sensitivity model remained directionally consistent but crossed the null. In the predefined exploratory CTI analysis, hsCRP-TyG Delta CTI favored the documented statin group (adjusted difference, −0.423 [95% CI, −0.749 to −0.097]; P = 0.011), whereas CRP-TyG pointed in the same direction without reaching statistical significance (−0.247 [95% CI, −0.564 to 0.071]; P = 0.128). Dual-target control was achieved in 55/131 patients (42.0%) and was more frequent in the documented statin group. Conclusion In this hospital-based real-world ASCVD cohort, evolocumab was associated with marked LDL-C lowering in routine care. A broader pattern of lipid and exploratory residual-risk marker improvement was observed in patients with documented concomitant statin therapy. These findings are consistent with guideline-recommended lipid management, although the between-group results should be interpreted as adjusted observational associations rather than causal relationships."
OpenAlex,aortic stenosis,Condition-Specific Structural Heart Disease Screening from ECG Features: An Interpretable Binary Relevance Machine Learning Analysis,Paola M. Brena Ortiz; Nafees Qamar,10.1007/978-3-032-35387-0_40,2026-08-11,Lecture notes in computer science,
OpenAlex,aortic stenosis,Sex and age-specific gamma-glutamyl transferase to high-density lipoprotein cholesterol ratio: a potential marker of subclinical arterial stiffness elevation,Yi-Chih Chang; Ting‐Yu Lin; Wen-Cheng Li,10.3389/fcvm.2026.1852845,2026-08-11,Frontiers in Cardiovascular Medicine,"Introduction The gamma-glutamyl transferase to high-density lipoprotein cholesterol ratio (GGT/HDL-C) integrates oxidative stress and lipid dysregulation, but its relationship with subclinical arterial stiffness elevation (SASE) and potential sex- and age-specific differences remains unclear. This study examined the association between GGT/HDL-C and SASE, assessed using brachial-ankle pulse wave velocity (baPWV), in an asymptomatic adult population. Methods This cross-sectional study included 10,518 adults who underwent routine self-paid health examinations at Xiamen Chang Gung Hospital between 2013 and 2016. Clinical, biochemical, and vascular parameters were assessed. SASE was defined as a mean baPWV &amp;gt;1,700 cm/s. Participants were stratified by sex and age (≤50 and &amp;gt;50 years) and categorized into sex- and age-specific tertiles of GGT/HDL-C. Hierarchical logistic regression models were adjusted for age, fasting glucose, triglycerides, low-density lipoprotein cholesterol, alcohol intake, and lipid-lowering medication use. Receiver operating characteristic analyses were performed to evaluate discriminatory performance. Results The study included 5,877 men and 4,641 women, with a median age of 46 years; 799 participants (7.6%) had SASE. Higher GGT/HDL-C tertiles were associated with less favorable cardiometabolic profiles and progressively higher baPWV. In the fully adjusted model, the highest versus lowest GGT/HDL-C tertile was associated with increased odds of SASE in men &amp;gt;50 years (odds ratio [OR], 1.823; 95% confidence interval [CI], 1.303–2.550), women ≤50 years (OR, 4.620; 95% CI, 1.012–21.101), and women &amp;gt;50 years (OR, 1.435; 95% CI, 1.009–2.040). In men ≤50 years, the association was positive but of borderline statistical significance (OR, 1.877; 95% CI, 0.994–3.544). Sensitivity analyses yielded generally consistent findings. GGT/HDL-C alone demonstrated modest discriminatory performance, which was better in women than in men. Discussion Higher GGT/HDL-C ratios were associated with SASE, with variations in the magnitude and statistical precision of the associations across sex and age groups. The GGT/HDL-C ratio may serve as an adjunctive biomarker for preliminary vascular risk stratification. However, its modest stand-alone discriminatory performance and the cross-sectional, single-center study design warrant cautious interpretation and external validation."
OpenAlex,aortic stenosis,A rare complication of vascular surgery – subclinical esophageal perforation secondary to supra-aortic debranching and TEVAR: a case report,András Herczeg; Veronika Papp; Ákos Balázs; Attila Szíjártó; Zoltán Szeberin; Tamás Vass,10.1097/rc9.0000000000000777,2026-08-11,International Journal of Surgery Case Reports,"Introduction and importance: Combined supra-aortic debranching and thoracic endovascular aortic repair (TEVAR) are well-established therapeutic options for complex aortic arch pathologies. Although rare, late complications such as esophageal injury can be life-threatening and require prompt multidisciplinary management. Several cases of delayed esophageal perforation complicated by mediastinitis have been reported in the literature. However, perforation presenting solely as a graft infection causing microembolizations remains exceedingly rare. Case presentation: A 56-year-old male patient with a history of multiple prior cardiovascular surgeries (including TEVAR and zone 1 debranching) and no other relevant medical or habitual risk factors was admitted with recurrent fever, painful ischemic petechiae of the left hand, and left-sided transient ischemic attacks. Imaging studies demonstrated infection of the carotico-subclavian polytetrafluoroethylene (PTFE) crossover graft. Esophagogastroduodenoscopy revealed esophageal perforation caused by erosion of the retroesophageal PTFE graft. Complete graft explantation, arterial homograft reconstruction, and surgical repair of the esophageal lesion were performed. Subsequently, the patient required partial graft resection due to pseudoaneurysm formation of the homograft, as well as percutaneous angioplasty for stenosis of the subclavian anastomosis. At present, the patient remains in a satisfactory and stable condition. Clinical discussion: Retroesophageally positioned grafts may lead to esophageal perforation through chronic mechanical compression and subsequent ischemic necrosis of the esophageal wall. In the present case, the graft itself appeared to tamponade the perforation, thereby limiting mediastinal contamination and contributing to the subclinical presentation. Conclusion: The present case highlights the potential for an atypical and insidious clinical presentation that may delay diagnosis. Early graft explantation and appropriate reconstruction may lead to favorable clinical outcomes."
OpenAlex,aortic stenosis,Case Report: A rare case of multi-vessel coronary artery-coronary sinus fistula combined with multiple coronary aneurysms initially presenting with frequent premature ventricular complexes,Hongwei Yi; Jia Li; Yue Bao,10.3389/fcvm.2026.1920885,2026-08-11,Frontiers in Cardiovascular Medicine,"Coronary artery fistula (CAF) is a rare congenital coronary malformation. Sakakibara type B lesions, in which multiple coronary arteries drain concurrently into the coronary sinus (CS), are extremely uncommon, and cases initially presenting with high-burden premature ventricular complexes (PVCs) as the initial manifestation have rarely been reported. This paper reports a 63-year-old female patient presenting with intermittent palpitations for 1 year. A 24-hour ambulatory electrocardiogram (Holter) revealed a PVC burden of up to 40,804 complexes, with a total of 101,582 heartbeats recorded. Transthoracic echocardiography (TTE) demonstrated dilation of the left atrium, left ventricle and right atrium, moderate mitral and tricuspid regurgitation, dilated right coronary artery (RCA) with a right coronary artery-coronary sinus fistula, while lesions of the left circumflex artery (LCX) and second obtuse marginal branch (OM2) were missed. Three-dimensional coronary computed tomography angiography (CCTA) reconstruction showed tortuous and diffusely dilated LCX, OM2 and RCA, with aneurysms at the distal segments of all three vessels. The distal segments of the three vessels anastomosed with each other and drained into the CS. The dilated coronary arteries compressed the great cardiac vein, resulting in focal luminal stenosis. The patient's PVCs originated from the left coronary cusp. Radiofrequency catheter ablation completely relieved palpitations, and follow-up Holter at 3 months recorded only 1 PVC with a different origin from preoperative ectopy. Cardiac surgeons recommended surgical ligation of the fistula, but the patient opted for regular imaging follow-up and long-term clopidogrel antiplatelet therapy due to absence of myocardial ischemia, heart failure and other symptoms. This case indicates that three-dimensional CCTA reconstruction serves as the primary non-invasive modality for definitive diagnosis and therapeutic evaluation of complex CAF. Idiopathic PVCs originating from the aortic sinuses of Valsalva can coexist independently with CAF. Type B CAF with multiple feeding vessels draining into the CS represents a high-risk anatomical subtype, requiring long-term, individualized multidisciplinary management."
OpenAlex,aortic stenosis,The Role of CB1 and CB2 Cannabinoid Receptors in Myocardial Ischemia-Reperfusion Injury: Cardioprotective and Vasculoprotective Effects (a literature review),I. V. Stepanov; A. S. Gorbunov; L. N. Maslov,10.29001/2073-8552-2026-3133,2026-08-10,Сибирский журнал клинической и экспериментальной медицины,"Myocardial ischemia-reperfusion injury remains a major determinant of adverse post-infarction outcomes, contributing to irreversible myocardial damage, coronary microvascular dysfunction, an exaggerated inflammatory response, and pathological cardiac remodeling. In recent years, the endocannabinoid system has emerged as an important regulator of cellular adaptation to ischemia-reperfusion injury. Aim: To summarize current experimental data on the role of CB1 and CB2 cannabinoid receptors in the mechanisms of cardioprotection and vasculoprotection in myocardial ischemia-reperfusion injury. The review assesses the localization and expression of cannabinoid receptors in the myocardium and vascular wall, their intracellular signaling pathways, and their functional significance in ischemia-reperfusion injury. Experimental studies on the effects of CB1 and CB2 receptor activation on infarct size, inflammatory response, endothelial function, coronary microvascular dysfunction, and post-infarction cardiac remodeling are discussed. Particular attention is also given to experimental data confirming the involvement of CB1 and CB2 receptors in the cardioprotective mechanisms of ischemic preconditioning, remote ischemic preconditioning, postconditioning, and heat stress. The available data indicate that the biological effects of cannabinoid receptors depend on receptor subtype, the mode of receptor activation, and the experimental model employed. In most experimental studies, activation of CB2 receptors has been associated with pronounced anti-inflammatory, vasculoprotective, and cardioprotective effects, whereas the role of CB1 receptors appears to be more complex and is influenced by the characteristics of the experimental model of myocardial ischemia-reperfusion injury, as well as the timing and pattern of receptor activation. Overall, current data suggest that cannabinoid receptors represent promising therapeutic targets for the development of novel pharmacological strategies aimed at preventing myocardial ischemia-reperfusion injury and adverse cardiac remodeling following myocardial infarction."
OpenAlex,aortic stenosis,Incidence and Risk Factors of Mortality in Adults with Congenital Heart Disease: Results from the Mayo Adult Congenital Heart Disease Registry,Naveenkumar Nallathambi; Ishika Gupta; Keerthika Vijayakumar; William R. Miranda; Alexander C. Egbe; Luke J. Burchill; Brian D. Lahr; Alexander T.J. Lee; Abhishek Deshmukh; Samuel J. Asirvatham; Malini Madhavan,10.64898/2026.08.07.26359991,2026-08-10,medRxiv,"Background: Adults with congenital heart disease (ACHD) represent a rapidly expanding population with evolving mortality patterns. Despite improved survival, excess mortality persists. Objective: To evaluate the incidence, causes, and predictors of mortality in a contemporary ACHD cohort. Methods: We performed a retrospective cohort study of adults (?18 years) first evaluated at Mayo Clinic from 2002?2023. Baseline clinical, imaging, and electrocardiographic data were analyzed. Vital status was determined using institutional records and the Accurint national mortality database. Kaplan-Meier analysis and Cox proportional hazard models were used to evaluate mortality and identify independent predictors of mortality Results: A total of 7,678 ACHD patients were included, with median age of 36.8 years and median follow-up of 11.4 years. During 78,768 patient-years of follow-up, 1,116 patients died (median age at death 57.2 years), corresponding to an annual mortality rate of 1.4%. The cumulative rate of all-cause mortality at 5, 10, 15, and 20 years was 6.9%, 12.0%, 19.0%, and 26.2%, respectively. When stratified by CHD complexity, the annual death rate in patients with severe CHD (2.4%/year) was twice that of patients with moderate or mild CHD (both 1.2%/year). Older age and ACHD subtypes, specifically, cyanotic heart disease (HR 3.9, 95% CI 2.9?5.3) and Fontan physiology (HR 3.2, 95% CI 2.3?4.4), were strongly associated with increased mortality. Additional independent predictors included male sex, ventricular dysfunction, advanced NYHA class, prior heart failure hospitalization, hypertension, smoking, coronary artery disease, renal dysfunction, and abnormal hemoglobin levels. Cardiovascular causes accounted for 57.7% of deaths with known etiology, predominantly heart failure (48.9%) and sudden cardiac death (21.9%), while non-cardiovascular causes were driven mainly by infection and malignancy. Conclusions: In this large contemporary ACHD cohort, mortality was driven by ventricular dysfunction, heart failure, and systemic end-organ involvement in addition to the underlying congenital anatomy. Both cardiovascular and non-cardiovascular causes contributed significantly to mortality. These findings underscore the need for comprehensive multidisciplinary ACHD care focused on early recognition of cardiac functional decline, management of acquired comorbidities, and end-organ dysfunction."
OpenAlex,aortic stenosis,Significance of the PI3K/AKT pathway in coronary microvascular dysfunction and advances in natural compound therapeutic research,Yijia Du; Xujin Ning; Jingguo Ma; Lishuo Su; Zhao Ge; Xianliang Wang,10.36922/ejmo026260302,2026-08-10,Eurasian Journal of Medicine and Oncology,"Introduction: Coronary microvascular dysfunction (CMD) contributes to myocardial ischemia and adverse cardiovascular outcomes, but effective treatments remain limited. Objective: This review aims to clarify the role of the phosphoinositide 3-kinase/protein kinase B (PI3K/AKT) pathway in CMD and assess the therapeutic potential of natural compounds that modulate it. Methods: Available mechanistic and preclinical evidence on PI3K/AKT-mediated regulation of endothelial dysfunction, oxidative stress, inflammation, apoptosis, angiogenic repair, and microvascular homeostasis in CMD was reviewed. Natural compounds were classified into flavonoids, saponins, phenolic compounds, alkaloids, and polysaccharides, and their reported effects on PI3K/AKT-related downstream signaling axes were summarized. Results: The PI3K/AKT pathway acts as a context-dependent signaling hub in CMD. Appropriate activation supports endothelial survival, vasodilation, antioxidant defense, anti-inflammatory responses, and inhibition of cardiomyocyte apoptosis through signaling axes including AKT/eNOS, AKT/NRF2, AKT/mTOR, and BCL-2/BAX/caspase. Preclinical studies indicate that several natural compounds can ameliorate cardiovascular injury by modulating these axes, thereby reducing oxidative stress and inflammation, limiting apoptosis and autophagy-related injury, and promoting angiogenesis and microvascular repair. However, most evidence derives from non-CMD-specific cellular and animal models and relies primarily on changes in pathway phosphorylation or pharmacological inhibitor experiments. Direct genetic validation, pharmacokinetic characterization, formulation standardization, and clinical evidence remain insufficient. Conclusion: Natural compounds represent promising multi-target modulators of PI3K/AKT-related signaling in CMD, but their efficacy and pathway dependence require rigorous validation. Future studies should employ CMD-relevant models, objective microvascular endpoints, genetic approaches, optimized delivery systems, and integrative platforms such as organoids, multi-omics, artificial intelligence, and network pharmacology to facilitate clinical translation."
OpenAlex,aortic stenosis,Application of 80 kVp combined with deep learning reconstruction algorithm in overweight patients coronary CT angiography: reduced radiation dose and contrast agent dose,Hangge Pan; Qiushuang Zhang; Jianrong Ding; Jingli Pan; Aiyun Sun,10.3389/fradi.2026.1876684,2026-08-10,Frontiers in Radiology,"<title>Abstract</title> Background: Coronary CT angiography (CCTA) has become a key imaging technique for clinical screening of coronary artery disease (CAD). Overweight patients have a higher prevalence of CAD, however, they face increased risks of radiation exposure and contrast-induced nephropathy during CCTA examinations. This study aimed to explore the feasibility of an 80 kVp scanning protocol combined with deep learning image reconstruction (DLIR) algorithm to reducing radiation dose and contrast agent dose in overweight patients with CCTA. Methods: A prospective study was conducted on 100 overweight patients who underwent CCTA, randomly divided into two groups of 50 patients each. The scanning tube voltage of group A was 80 kVp, the dose of contrast agent was calculated as BMI × 0.14mL/s x 9s, and H-strength DLIR(DLIR-H) was used for image reconstruction. The voltage of group B was 100 kVp, the contrast agent dose was calculated as BMI × 0.18mL/s x 9s and the image was reconstruction by 50% adaptive statistical iterative reconstruction-Veo (ASIR-V50%). Radiation dose, contrast agent dose, injection rate, subjective and objective image quality were compared. Results: Compared to Group B, Group A exhibited significantly lower values for radiation dose (2.85 ± 0.46 vs.4.46 ± 0.69 mSv), contrast agent dose (34.62 ± 2.05 vs. 43.64 ± 1.91 mL) and injection rate (3.83 ± 0.22 vs. 4.84 ± 0.21 mL/s) (all <italic>P</italic> &lt; 0.001), representing reductions of 36.02%, 20.67% and 20.87%, respectively. Inter-reader agreement for subjective scores were excellent ( <italic>к</italic> between 0.89 and 1.00). Group A demonstrated significantly lower background noise compared to Group B (15.46 ± 2.82 vs. 21.60 ± 4.36 HU, <italic>P</italic> &lt; 0.001). The signal-to-noise ratio (SNR) and contrast-to-noise ratio (CNR) of major coronary arteries were significantly better in Group A compared to Group B (both <italic>P</italic> &lt; 0.05), except for the SNR of left circumflex artery. Conclusions: In overweight patients undergoing CCTA, the 80 kVp protocol combined DLIR-H effectively reduced the radiation dose, contrast agent dose and injection rate while ensuring image quality compared to the 100 kVp combined ASIR-V50% scanning protocol."
OpenAlex,aortic stenosis,Serum aquaporin-1 increases with heart failure and aortic valve surgery with cardiopulmonary bypass,Maria Politi; Mailén Blanco; Sebastian Raúl Fonseca; Raúl Ferreyra; Guillermo Bortman; Antonio Piazza; Gisela Di Giusto; C. Capurro,10.1177/02676591261476511,2026-08-10,Perfusion,"Introduction Serum aquaporin-1 increases with inflammation and edema. However, its role as a cardiovascular biomarker remains unexplored. The goal of this study is to evaluate serum aquaporin-1 concentrations across two distinct clinical settings characterized by myocardial stress and congestion: acute heart failure and surgical aortic valve replacement with cardiopulmonary bypass. Methods This observational study included healthy volunteers ( n = 8), acute heart failure patients ( n = 11), and surgical aortic valve replacement patients ( n = 11). Serum aquaporin-1 was measured using ELISA. Myocardial biopsies were obtained for aquaporin-1 and aquaporin-4 protein quantification before and after cardiopulmonary bypass in six patients. Results Serum aquaporin-1 levels were significantly higher in acute heart failure (3,921 ± 1,396 pg/mL; p = 0.0006) and surgical aortic valve replacement patients (3,318 ± 1,394 pg/mL; p = 0.0070) compared to healthy volunteers (1,755 ± 807 pg/mL). These differences remained significant after adjusting for sex and age. All patients with low cardiac output had serum aquaporin-1 concentrations in the upper half of their group distribution. Serum aquaporin-1 correlated moderately with B-type natriuretic peptide (r = 0.40; p = 0.0265), C-reactive protein (r = 0.42; p = 0.0203), and erythrocyte sedimentation rate (r = 0.45; p = 0.0117). Following cardiopulmonary bypass, myocardial aquaporin-1 increased (73%; p = 0.0310), while aquaporin-4 decreased (53%; p = 0.0440), with a strong but non-significant correlation between cardiac and serum aquaporin-1 changes. Conclusion Serum aquaporin-1 levels are elevated in acute heart failure and post-surgical aortic valve replacement patients, particularly in those with low cardiac output."
OpenAlex,aortic stenosis,Development of atrioventricular valve regurgitation following transcatheter aortic valve replacement for severe aortic stenosis,Kornelia Löw; Nike Knufinke; Julius Steffen; Lukas Stolz; Carolin Fröhlich; Julius Fischer; Philipp M. Doldi; Magda Haum; Luisa Freyer; Hans Theiss; Konstantin Stark; Jörg Hausleiter; Steffen Massberg; Simon Deseive,10.1007/s00392-026-02999-z,2026-08-10,Clinical Research in Cardiology,
OpenAlex,aortic stenosis,"Transthyretin Amyloid Cardiomyopathy in Women: Epidemiology, Diagnostic Delay, and Clinical Implications",Avni Madhani; Bhavya Ancha; Kevin M. Alexander; Joban Vaishnav,10.1007/s40119-026-00463-7,2026-08-10,Cardiology and Therapy,"Transthyretin amyloid cardiomyopathy (ATTR-CM) is an underdiagnosed cause of heart failure, resulting from the deposition of misfolded transthyretin protein in the myocardium. While historically considered to be a male-predominant disease, an increasing number of studies have shown that ATTR-CM may be under-recognized in women, likely due to differences in disease presentation compared with men. Notably, left ventricular wall thickness ≥ 12 mm is frequently used as a marker for ATTR-CM workup; however, women with ATTR-CM often have a lower left ventricular wall thickness than men and may not meet this threshold despite significant myocardial involvement. Moreover, hormonal differences between male and female patients may result in distinct cardiac phenotypes. Socioeconomic factors disproportionately impacting women, such as increased caregiving burden, symptom dismissal, and fewer financial resources, are likely additional contributing factors. As a result, diagnostic delays up to several years have been noted in women. Improving the diagnosis of ATTR-CM in women requires a multifactorial approach, including reforming screening guidelines to reflect sex-specific differences in disease presentation and increasing awareness of ATTR-CM in the community. Furthermore, given the historical underrepresentation of women in clinical studies on ATTR-CM, further investigation is necessary to better understand the prevalence, treatment efficacy, and outcomes of ATTR-CM in women."
OpenAlex,aortic stenosis,Vessel fractional flow reserve (vFFR) vs. optical coherence tomography in chronic coronary syndromes (VISION-FFR),Piotr Baruś; Adrian Bednarek; Karol Sadowski; Karol Artur Sadowski; Łukasz Kołtowski; Adam Rdzanek; Arkadiusz Pietrasik; Grzegorz Opolski; Marcin Grabowski; Janusz Kochman; Mariusz Tomaniak,10.1007/s00392-026-02991-7,2026-08-10,Clinical Research in Cardiology,"Fractional flow reserve (FFR) is the gold standard for evaluating the functional significance of coronary stenosis. With advances in methods based on computational fluid dynamics and three-dimensional vessel reconstructions, non-invasive assessment using indices such as vessel FFR (vFFR) has become feasible. To evaluate the association between vFFR and optical coherence tomography (OCT)-derived parameters in patients with chronic coronary syndromes (CCS). In this single-center, prospective, observational study, patients with CCS and intermediate coronary stenoses (40–80% lesions in coronary angiography), undergoing FFR, vFFR, and OCT assessments were enrolled. FFR and vFFR ≤ 0.8 was considered hemodynamically significant. A total of 106 patients with 120 lesions were enrolled. Sixty-two patients had vFFR ≤ 0.8, and 44 patients presented with vFFR > 0.8. The median vFFR in the vFFR-positive group was 0.72 (0.70–0.77) and in the vFFR-negative group 0.88 (0.85–0.92), p < 0.001. The sensitivity of vFFR for identifying FFR-positive lesions was 88.5% with 92.5% specificity, the area under curve was 0.905. On OCT analysis lesions with vFFR ≤ 0.8 had smaller minimal lumen area (MLA) (1.83 ± 0.92 mm 2 vs. 2.53 ± 1.33 mm 2 , p = 0.001) and were longer (16.38 ± 9.66 mm vs. 10.79 ± 6.41 mm, p < 0.001). Multivariate analysis adjusted for gender, age, and left anterior descending artery location revealed that lower vFFR value was an independent predictor of smaller MLA (Exp(B) for logMLA = 0.92, p < 0.001). vFFR cutoff value of 0.8 presents high accuracy associated with longer and more severe stenosis assessed by OCT in patients with chronic coronary syndromes. ClinicalTrials.gov ID: NCT06844942."
OpenAlex,aortic stenosis,"Quality, readability, and clinical-risk signals of default public-interface LLM responses to vascular and perioperative patient questions: a cross-sectional snapshot",Wei Zhong; Yuanyuan Zhang; Yu Huang; Jin Yang; Guoxue Zheng; Qin Li; Gangzhi Li; Qin Liu,10.3389/fpubh.2026.1905883,2026-08-10,Frontiers in Public Health,"Background Patients increasingly use public large language model chatbot interfaces to seek health information. In vascular disease and perioperative management, default first responses may influence how patients interpret urgent symptoms, antithrombotic medications, procedural choices, and anesthesia-related safety issues. Methods This cross-sectional benchmark study evaluated 110 default first responses returned by five publicly accessible LLM chatbot interfaces during a defined access window on May 28–29, 2026, Beijing time (UTC + 8). Interface names were recorded solely as the public-interface display labels visible at the time of access and should not be interpreted as independently verified API-level model identifiers. Each model was queried with 22 guideline-derived English patient-facing questions, yielding 110 responses. Responses were assessed using DISCERN, Ensuring Quality Information for Patients (EQIP), Global Quality Scale (GQS), Journal of the American Medical Association (JAMA) benchmark criteria, used only as a visible metadata/transparency proxy, six readability formulas, an investigator-developed Guideline Concordance Score, and an investigator-developed Potential Clinical-Risk Severity Flag. Differences across the evaluated public-interface response sets were tested using Friedman tests with Holm-adjusted post hoc comparisons. Results Interrater agreement was high for established instruments: DISCERN ICC(A,1) = 0.940, EQIP ICC(A,1) = 0.830, GQS weighted κ = 0.829, and JAMA weighted κ = 0.898. Observed public-interface response performance differed significantly for DISCERN, EQIP, and JAMA criteria (all p &amp;lt; 0.001), and for GQS ( p = 0.011). Within this defined late-May 2026 response set, responses returned by the interface displaying the label ‘Grok-4.3’ had the highest observed sample means for DISCERN (58.68), EQIP (81.14), GQS (4.27), and the JAMA visible metadata/transparency proxy score (1.00). No evaluated public-interface response set achieved recommended sixth-grade readability, and no individual response met all six readability thresholds. Responses returned by the interface displaying the label ‘DeepSeek-v4’ had the most favorable observed readability profile within this sampled response set, although the mean FKGL remained 11.53. These observations should not be interpreted as durable model rankings. Conclusion In this English-language benchmark of default first responses from five public LLM interfaces accessed through specific logged-in accounts from a Hong Kong, China IP address during a single late-May 2026 window, 107 of 110 responses received the maximum Guideline Concordance Score, and no response met the prespecified criteria for a high Potential Clinical-Risk Severity Flag. Pronounced ceiling and floor effects preclude conclusions about clinical sufficiency or safety. These findings should not be generalized to non-English use, different health-literacy levels, country-specific emergency-care pathways, other regions or account configurations, or later interface states."
OpenAlex,mitral regurgitation,When Time Is of the Essence: Multifocal Infective Endocarditis in a Young Patient,Lara E Budwig; Paul Njoku; Amit Mandal; Constantinos G. Missouris,10.7759/cureus.114343,2026-08-11,Cureus,"Infective endocarditis (IE) is uncommon in adolescents but may cause severe morbidity, especially with congenital heart disease (CHD) or delayed diagnosis. A 17-year-old male with a presumed closed perimembranous ventricular septal defect (VSD) presented with five months of weight loss, malaise, fevers, cough and pleuritic chest pain. A new pansystolic murmur prompted transthoracic echocardiography (TTE), which was highly suggestive of mitral and pulmonary valve vegetations with evidence of severe valvular regurgitation. Blood cultures grew Streptococcus mitis and computed tomography (CT) demonstrated pulmonary septic emboli. Progressive multivalvular destruction required transfer to a tertiary adult CHD and cardiothoracic centre where he underwent complex cardiac surgery. He underwent mitral and tricuspid valve repair, pulmonary valve replacement, VSD closure and resection of a double-chambered right ventricle (DCRV). Postoperative complete atrioventricular (AV) block required temporary epicardial pacing, but intrinsic rhythm remained stable and AV conduction subsequently recovered. This case highlights the impact of diagnostic delay in adolescent IE and the importance of early identification, multidisciplinary team (MDT) management and prompt intervention in this patient cohort."
OpenAlex,mitral regurgitation,Floppy Mitral Valve/Mitral Valve Prolapse: Diagnosis and Clinical Classification in This Continuing Odyssey,Konstantinos Dean Boudoulas; F TRIPOSKIADIS; Konstantinos Marmagkiolis; Cezar Iliescu; Mehmet Cilingiroglu; Antonios Pitsis; Christodoulos Stefanadis; Harisios Boudoulas,10.15420/ecr.2025.65,2026-08-11,European Cardiology Review,"Few disorders have evoked more interest and controversy in cardiology over recent centuries than floppy mitral valve (FMV)/mitral valve prolapse (MVP). FMV/MVP is a complex entity with multiple genotypes and phenotypes in which the clinical manifestations may not be directly related to the severity of mitral regurgitation. Furthermore, there is a lack of a precise definition of this complex entity. This review emphasises a diagnostic approach based mostly on FMV rather than solely on MVP, which frequently may be a non-specific finding. In addition, a clinical classification of FMV/MVP is presented that separates patients with symptoms not directly related to the severity of mitral regurgitation (referred to as FMV/MVP syndrome) from those in whom symptoms are directly related to mitral regurgitation and its complications. In the future, genetic variants will likely be incorporated into the diagnostic classification and management of this complex entity as this odyssey continues."
OpenAlex,mitral regurgitation,[A novel TPM1 variant causing Dilated cardiomyopathy in a child: A case report and literature review].,S Y Sun; Yongzheng Lou; 黄立新; Min Xie; Haibo Li,10.3760/cma.j.cn511374-20250929-00581,2026-08-10,PubMed,"OBJECTIVE: To explore the clinical manifestations and characteristics of TPM1 gene variants causing Dilated cardiomyopathy (DCM) in children. METHODS: This study focused on a pediatric patient diagnosed with DCM associated with a TPM1 gene variant, who presented at the Pediatric Cardiology Department of Women and Children's Hospital of Ningbo University on October 1, 2024. A retrospective analysis of the clinical data was conducted. Peripheral blood samples were collected from the patient and both parents. Following extraction of genomic DNA, whole exome sequencing was carried out. Candidate variant was validated by Sanger sequencing in the family trio. Structural prediction and analysis of the mutant TPM1 protein were carried out using AlphaFold and PyMOL. In addition, a systematic literature review was conducted to summarize the clinical manifestations and genetic characteristics of DCM cases linked to TPM1 variants. This study was approved by the Medical Ethics Committee of the hospital (Ethics No.: EC2024-143). RESULTS: The patient, a 2-year-old girl, presented with delayed motor development. Colored Doppler ultrasound revealed left ventricular enlargement with slight endocardial thickening, mild-to-moderate mitral regurgitation, and reduced left ventricular systolic function. Whole exome sequencing revealed that she has harbored a heterozygous c.82_84del (p.Asp28del) variant of the TPM1 gene, which was detected in neither parent, suggesting a de novo origin or parental germline mosaicism. The three-dimensional structure of the TPM1 protein predicted by AlphaFold was analyzed in PyMOL, demonstrating that the variant may result in deletion of aspartic acid at position 28 (Asp28) and replacement with lysine (Lys28), forming new hydrogen bond interactions with residues Glu24, Ala31, and Glu32. A literature review has identified 10 English and 1 Chinese publication, collectively reporting 30 patients (including the present case) and 12 distinct TPM1 variants. Except for the deletion variant in this study, all others were missense variants, with the most common one being c.250G>A (p.Asp84Asn). Clinically, affected infants typically manifested as delayed motor/growth development, feeding difficulties, and dyspnea, while adult patients commonly presented with exertional dyspnea, palpitations, and dizziness as initial symptoms. CONCLUSION: This study has identified a de novo TPM1 variant c.82_84del (p.Asp28del) as a novel cause of pediatric DCM. Early genetic testing is crucial for the diagnosis, clinical management, and genetic counseling. Above finding has also enriched the mutational spectrum of TPM1-associated cardiomyopathy."
OpenAlex,mitral regurgitation,Early and Long-Term Clinical Outcomes of Coronary Artery Bypass Grafting in Patients with Heart Failure and Reduced Ejection Fraction: A Cross-Sectional Study,Soroush Abedini; Roghayeh Pourkia; Hamidreza vafaei; Sepehr Ramezani,10.21203/rs.3.rs-10528291/v1,2026-08-10,Research Square,
OpenAlex,mitral regurgitation,Urinary Biomarkers for the Risk Assessment and Management of Heart Failure: Pearls and Pitfalls,Bethany Roehm; Yash Vaggar; Justin L. Grodin; Robert D. Toto,10.1007/s11897-026-00774-9,2026-08-10,Current Heart Failure Reports,"PURPOSE OF REVIEW: We review potential applications and pitfalls of urinary biomarkers in people with heart failure (HF). RECENT FINDINGS: Albuminuria may indicate kidney damage and guide prioritization of medications in HF. Urine sodium is useful in guiding diuretic management. Several experimental urine biomarkers have been evaluated, with the most robust data available for neutrophil gelatinase-associated lipocalin, kidney injury marker 1, insulin-like growth factor-binding protein 7 in conjunction with tissue inhibitor of metalloproteinases-2, angiotensinogen, and N-acetyl-β-D-glucosaminidase. None provide diagnostic superiority over serum creatinine in evaluating risk of kidney injury. Some may have utility in identifying those at risk for adverse clinical outcomes. While urine albumin and sodium have prognostic and diagnostic utility in HF, the current role for other urine biomarkers is less clear, particularly in predicting worsening kidney function. Some of these biomarkers may provide mechanistic insights into kidney damage in HF."
OpenAlex,mitral regurgitation,Anomalous Left Coronary Artery from the Pulmonary Artery (ALCAPA): A 15-Year Retrospective Cohort Study at a Tertiary Referral Center,Vítor Doria Ricardo; Jessica Fonseca Campos de Oliveira; Felipe Yu Matsushita; Magno Felipe; Debora de Oliveira Antunes Rocha; Isabela Atten Colares; Paula Vieira de Vincenzi Gaiolla,10.1007/s00246-026-04398-7,2026-08-10,Pediatric Cardiology,
OpenAlex,mitral regurgitation,Can transesophageal echocardiography be safely deferred? A low-cost predictive model using D-dimer to exclude left atrial thrombus in treatment-naïve rheumatic mitral stenosis,Nawar A. Al-Wather; Mohammed Al-Kebsi; Abdulhafeedh Al-Habeet; Ahmed Al-Motarreb; Hesham Al-Fakih,10.3389/fcvm.2026.1780267,2026-08-10,Frontiers in Cardiovascular Medicine,"Background Transesophageal echocardiography (TEE) is the reference standard for excluding left atrial thrombus (LAT) in rheumatic severe mitral stenosis (SMS), yet its availability is limited in many low-resource settings. A reliable, low-cost strategy to safely defer TEE would have a significant clinical impact. This study evaluated whether D-dimer–based predictive models can accurately exclude newly detected LAT in treatment-naïve patients with rheumatic SMS. Methods Sixty-eight consecutive patients with rheumatic SMS who were not receiving anticoagulation underwent D-dimer testing, transthoracic echocardiography, and TEE. Associations with LAT were assessed using conventional and Firth-penalized logistic regression. Diagnostic performance was evaluated using receiver operating characteristic analysis with 1,000-bootstrap internal validation. Two composite models were examined: D-dimer combined with atrial fibrillation (AF) and D-dimer combined with mitral valve area (MVA). Results LAT was newly detected in 12 patients (17.6%). D-dimer levels were significantly higher in LAT-positive patients (943.5 vs. 168.5 ng/mL, p &amp;lt; 0.001). The optimal D-dimer cut-off (360.6 ng/mL) achieved 100% sensitivity, 71.4% specificity, and an optimism-corrected AUC of 0.935, outperforming the conventional 500 ng/mL threshold (sensitivity 75%). In adjusted models, D-dimer remained a strong independent predictor of LAT (per SD: AOR 6.91; 95% CI 2.72–17.54). Composite models demonstrated similarly high discrimination (AUC 0.933–0.940); adding AF did not improve performance, whereas incorporating MVA increased specificity to 100%. Conclusions D-dimer may help exclude LAT in treatment-naïve patients with rheumatic SMS. Its potential role in supporting more selective TEE use in resource-limited settings warrants further evaluation in larger prospective multicenter studies."
OpenAlex,mitral regurgitation,Echocardiographic left ventricular filling pressure (E/e′) and incident acute kidney injury in critically ill adults with preserved ejection fraction,Lujun Shao; Yue Li; Cheng Xu; Huiyu Tai; Li Wang; Jinyu Shi,10.21203/rs.3.rs-10063256/v1,2026-08-10,Research Square,
OpenAlex,mitral regurgitation,Mitral valve vegetation and embolic stroke in newly diagnosed granulomatosis with polyangiitis: a diagnostic challenge mimicking culture-negative endocarditis,Noor Farhoud; Hussam Farhoud,10.12890/2026_006960,2026-08-10,European Journal of Case Reports in Internal Medicine,"Introduction: Granulomatosis with polyangiitis (GPA) is an antineutrophil cytoplasmic antibody (ANCA)-associated small- to medium-vessel vasculitis that most commonly affects the respiratory tract and kidneys. Cardiac involvement is uncommon, and valvular manifestations are rare. Distinguishing GPA-related valvular involvement from infective endocarditis (IE) presents a significant diagnostic challenge, particularly because ANCA positivity may also occur in IE. Case description: We report a 60-year-old man who presented with necrotic lower-extremity ulcers, acute kidney injury, and elevated inflammatory markers. Serologic evaluation demonstrated positive ANCA with proteinase-3 specificity, while kidney biopsy confirmed pauci-immune necrotizing crescentic glomerulonephritis, supporting a diagnosis of GPA. Despite initiation of immunosuppressive therapy, he developed acute focal neurologic deficits, and brain magnetic resonance imaging demonstrated multifocal ischemic infarcts consistent with an embolic process. Transoesophageal echocardiography revealed a mitral valve mass with moderate-to-severe regurgitation. Blood cultures and serologic evaluation for fastidious organisms remained negative. Conclusion: This case highlights a rare presentation of GPA with suspected sterile valvular involvement complicated by embolic stroke and underscores the importance of distinguishing ANCA-associated vasculitis from culture-negative infective endocarditis."
OpenAlex,mitral regurgitation,From Papillary Muscle Rupture to Left Atrial Pseudoaneurysm: A Rare Sequential Complication After Acute Myocardial Infarction and Mitral Valve Replacement,Rachelle Makhoul; Laurence Barde; Noureddine El Hajjaji; Nassim Sekkal; Jaweher Arfaoui,10.7759/cureus.114274,2026-08-10,Cureus,"Papillary muscle rupture is a rare but life-threatening mechanical complication of acute myocardial infarction, resulting in acute severe mitral regurgitation and cardiogenic shock. Emergency surgical intervention is essential for survival. Left atrial intramural hematoma and subsequent pseudoaneurysm formation are exceptionally rare complications of mitral valve surgery, with no established management strategy. We report the case of a 77-year-old man presenting with acute severe mitral regurgitation secondary to complete rupture of the posteromedial papillary muscle following an inferior myocardial infarction. He underwent emergency mitral valve replacement with a favorable postoperative course. Routine postoperative imaging unexpectedly revealed a left atrial wall hematoma, which evolved into a stable left atrial pseudoaneurysm on follow-up cardiac computed tomography. Given the absence of symptoms or lesion progression, conservative management with imaging surveillance was adopted. This case highlights the value of multimodality imaging in the diagnosis and follow-up of rare postoperative complications and supports a conservative approach in carefully selected clinically stable patients."
OpenAlex,mitral regurgitation,Infective endocarditis due to a novel <i>Gemella</i> species revealed by metagenomic sequencing,Yoshiyuki Sekikawa; Kazuhiro Horiba; Masanori Hashino; Keiko Soneda; Tomoyuki Kato,10.1128/asmcr.00057-26,2026-08-10,ASM Case Reports,"ABSTRACT Background Gemella species are rare causes of infective endocarditis, and accurate species identification can be challenging with routine diagnostic methods. We report infective endocarditis caused by a novel Gemella species, highlighting the diagnostic value of sequencing-based approaches for bacteria not registered in public databases and the risk of misclassification when novel species are not represented in reference databases. Case Summary A 55-year-old Japanese man presented with fatigue, anorexia, and altered mental status. Echocardiography revealed vegetations on the mitral and tricuspid valves with severe mitral regurgitation, and imaging demonstrated multiple systemic embolic events. Blood cultures grew gram-positive cocci that were initially identified as Gemella bergeri by matrix-assisted laser desorption/ionization time-of-flight mass spectrometry. The patient received antimicrobial therapy and underwent mitral valve replacement and tricuspid valve repair. Culture of the excised valve tissue was negative. Metagenomic sequencing of the valve vegetation detected a Gemella species distinct from G. bergeri . Genome assembly from sequencing data showed 94.5% average nucleotide identity with a reference G. bergeri genome, supporting classification as a novel species. Whole-genome sequencing of the blood culture isolate demonstrated near-complete concordance with the organism detected in the valve tissue. The patient recovered with a 6-week course of intravenous penicillin G after blood cultures became sterile. Conclusion This case demonstrates that rare Gemella infections may be misidentified by routine mass spectrometry. It underscores the importance of sequencing-based methods for accurate pathogen identification and highlights a diagnostic pitfall associated with database-dependent identification in infective endocarditis."
OpenAlex,mitral regurgitation,Mitral regurgitation trajectories after transcatheter aortic valve replacement are phenotype specific across low-flow aortic stenosis subtypes,Akarsh Sharma; Esha Vaish; Eileen Yu; Annapoorna Kini; Samin K. Sharma; Stamatios Lerakis,10.64898/2026.08.07.26359941,2026-08-10,medRxiv,"Objectives: Mitral regurgitation (MR) evolution after transcatheter aortic valve replacement (TAVR) in low-flow aortic stenosis (LFAS) is poorly characterized. We evaluated MR trajectories across LFAS phenotypes, predictors of MR worsening, and associations with clinical outcomes. Methods: We retrospectively studied 614 LFAS patients undergoing TAVR: low-flow high-gradient (LFHG; n=153, 24.9%), classical low-flow low-gradient (cLFLG; n=155, 25.2%), and paradoxical low-flow low-gradient (pLFLG; n=306, 49.8%). MR severity was abstracted from clinical echocardiography reports using a 6-level ordinal scale. MR worsening was defined as a ≥1-grade increase from baseline MR at ~30 days or ~1 year. Multivariable logistic models identified predictors of MR worsening. Kaplan-Meier and Cox models evaluated associations of MR trajectory and LFAS subtype with all-cause death, heart failure hospitalization (HFH), and their composite. Results: Among 614 LFAS patients, 443 had 30-day and 290 had 1-year echocardiographic follow up. At 30 days, MR trajectory differed significantly across LFAS phenotypes, with the highest rate of worsening in cLFLG and the lowest in LFHG. At 1 year, unadjusted MR trajectory distributions did not differ significantly across phenotypes. In adjusted logistic models, cLFLG remained independently associated with MR worsening at both timepoints. MR worsening was associated with worse unadjusted outcomes at 30 days but was not independently associated with the composite endpoint after multivariable adjustment. LFAS phenotype, particularly cLFLG, remained the dominant predictor of adverse clinical outcomes. Conclusions: MR evolution after TAVR is phenotype-specific: cLFLG patients have the highest risk of MR worsening and lowest event-free survival, supporting phenotype-informed post-TAVR surveillance."
OpenAlex,mitral regurgitation,Machine learning prediction of mitral regurgitation improvement after TAVI,Yin Wang; Yazheng Shan,10.5281/zenodo.21858043,2026-08-09,Zenodo (CERN European Organization for Nuclear Research),
OpenAlex,mitral regurgitation,Machine learning prediction of mitral regurgitation improvement after TAVI,Yin Wang; Yazheng Shan,10.5281/zenodo.21858042,2026-08-09,Zenodo (CERN European Organization for Nuclear Research),
OpenAlex,mitral regurgitation,A Case of Myxoma-Like Degeneration in a Patient With Marfan Syndrome Mimicking Vegetation of Infective Endocarditis,Koki Sugiyama; Takayuki Ishige; Hayato Yasui; Hiroya Yokohari; Hiroyuki Takao; Yoichi Iwamoto; Hirotaka Ishido; Satoshi Masutani,10.7759/cureus.114210,2026-08-09,Cureus,"Infective endocarditis (IE) is often considered first in the differential diagnosis when fever, a heart murmur, and valvular vegetation are present. IE caused by Mycoplasma pneumoniae has rarely been reported. We report a case in which IE was initially suspected based on the presence of fever, a heart murmur, and an IE vegetation-like structure on the anterior leaflet of the mitral valve identified by echocardiography following admission for pneumonia caused by M. pneumoniae. However, IE was ultimately excluded, and the vegetation-like structure was determined to represent myxoma-like degeneration associated with Marfan syndrome. A seven-year-old girl with no notable family history and no characteristic physical findings presented with fever and pneumonia, and polymerase chain reaction testing was positive for M. pneumoniae. Echocardiography revealed an IE vegetation-like structure on the anterior mitral leaflet with leaflet prolapse, moderate mitral regurgitation, and enlargement of the aortic sinus of Valsalva. IE, due to M. pneumoniae, was suspected, and antimicrobial therapy was initiated. The patient's fever and pneumonia improved; however, the vegetation-like structure on the mitral valve remained unchanged. Multiple blood cultures were negative. Given suspicion for an underlying connective tissue disorder, genetic testing was performed and identified a missense mutation in FBN1, confirming Marfan syndrome. Because it is difficult to distinguish IE vegetation from myxoma-like degeneration associated with Marfan syndrome using echocardiography alone, recognition of this entity in patients with Marfan syndrome may improve diagnostic accuracy and prevent misdiagnosis."
OpenAlex,valvular heart disease,Artificial Intelligence-Enabled Auscultation for Valvular Heart Disease Screening in Adults,Hai Nguyen Ngoc Dang; Thang Viet Luong,10.17605/osf.io/nua48,2026-08-11,Open Science Framework,"This project will systematically review the evidence on artificial intelligence-enabled cardiac auscultation for valvular heart disease screening in adults. The review will evaluate diagnostic performance, including sensitivity, specificity, and AUC for individual valve lesions and clinically relevant severity thresholds, and will examine how AI-enabled auscultation has been applied across different populations, operators, and healthcare settings. It will also assess practical and implementation considerations, including recording quality, workflow, referral pathways, feasibility, and human oversight. The review aims to clarify the current role of AI-enabled auscultation in adult valvular heart disease screening and identify evidence gaps relevant to its integration into a tiered clinical detection pathway."
OpenAlex,valvular heart disease,DYNAMIC-AF HF Study: An AI-ECG–Based Approach for Dynamic Assessment of Heart Failure Risk and Myocardial Recovery Following Atrial Fibrillation Ablation,Dong-Hyeok Kim; Yeji Kim; Jeongmin Kang; Moon‐Hyun Kim; Junbeom Park,10.21203/rs.3.rs-9887746/v1,2026-08-11,Research Square,
OpenAlex,valvular heart disease,Real-time CMR combined with cardiopulmonary exercise testing enables integrated assessment of cardiac function during exercise,Lena Maria Röwer; Duy Tam Vu; Mohamed Ali Goundi; Halima Malik; Pablo Emilio Verde; Dirk Voit; Jens Frahm; Anja Müller‐Lutz; Gerald Antoch; Michael Steinmetz; Christian Meierhofer; Dirk Klee; Frank Pillekamp,10.3389/fcvm.2026.1873004,2026-08-11,Frontiers in Cardiovascular Medicine,"Background Cardiopulmonary exercise testing (CPET) is the gold standard for assessing cardiopulmonary responses to physical stress. Real-time magnetic resonance imaging (RT-MRI) enables continuous cardiovascular imaging during free breathing (FB) and dynamic exercise. Objective This study aimed to develop a clinically applicable, easy-to-use MR-CPET protocol using user-friendly postprocessing software and to describe preliminary physiological observations in healthy subjects, forming the basis for future clinical applications. Material and Methods Healthy adults ( n = 12) underwent conventional cine cardiac magnetic resonance imaging (CMR) and cardiac RT-MRI at rest and during submaximal exercise in a 1.5 T MR scanner. The protocol included short-axis cine imaging for volumetry and phase-contrast imaging for aortic flow quantification. CPET was performed using an MR-compatible spirometry and a supine exercise setup enabling continuous measurement of respiratory airflow and gas exchange during image acquisition and simultaneous exercise. Data processing included automated spirometry analysis, temporal synchronization with RT-MRI, and ECG- and respiratory-based binning for volumetric reconstruction. Indexed oxygen consumption (VO₂i) and cardiac index (CI) were used to calculate the arteriovenous oxygen difference (a-vO 2 diff) according to the Fick equation. Participant comfort was assessed. Results The examination was well tolerated, with only minor discomfort related to the spirometry mask. RT-MRI showed strong agreement with conventional cine MRI for left ventricular volumes and ejection fraction at rest. Submaximal exercise significantly increased heart rate and ventilation, with concomitant increases in VO 2 i (201- 309 mL/min/m 2 ) and CI (3.38- 4.24 L/min/m 2 ), while ventricular volumes slightly decreased and ejection fraction remained unchanged. The calculated a-vO 2 diff increased from 5.9 to 7.3 mL/dL, indicating enhanced peripheral oxygen extraction. Data conclusion Combined CPET and cardiac RT-MRI using the presented user- and participant-friendly setup enables integrated assessment of cardiopulmonary performance and cardiovascular function during submaximal exercise and provides physiologically plausible Fick-derived measures of oxygen transport and utilization."
OpenAlex,valvular heart disease,High burden of fatigue amongst socioeconomically disadvantaged South Africans with rheumatoid arthritis,S. A. Didi; Bridget Hodkinson,10.3389/fmscd.2026.1882572,2026-08-11,Frontiers in Musculoskeletal Disorders,"Background Fatigue substantially affects quality of life in rheumatoid arthritis (RA), yet evidence from sub-Saharan Africa is limited. This study determined the prevalence of fatigue and factors associated with severe fatigue among South African patients with RA. Methods Consecutive adults with RA were drawn from a registry at a tertiary hospital for this cross-sectional analysis. Demographic and socioeconomic characteristics, disease activity, treatment, comorbidities, and patient-reported outcomes, including the Brief Pain Inventory, Health Assessment Questionnaire–Disability Index, EuroQol 5-Dimension questionnaire, and Hospital Anxiety and Depression Scale, were collected. Fatigue was assessed using the 13-item Functional Assessment of Chronic Illness Therapy–Fatigue scale. Any fatigue was defined as a FACIT-F score &amp;lt;40 and severe fatigue as &amp;lt;27. Associations with severe fatigue were examined using multivariable logistic regression. Results Among 550 participants, 467 (84.9%) were female, the mean age was 55.8 (SD 12.9) years, and 369 (67.1%) were socioeconomically disadvantaged. Any fatigue was present in 403 participants (73.3%): 168 (30.5%) reported some fatigue, 148 (26.9%) quite a lot, and 87 (15.8%) extreme fatigue. Severe fatigue was present in 235 participants (42.7%). In the complete-case multivariable model ( n = 516), severe fatigue was independently associated with current smoking [adjusted odds ratio (aOR) 1.78, 95% CI 1.14–2.79], multimorbidity (aOR 2.22, 95% CI 1.40–3.53), problems with usual activities (aOR 1.91, 95% CI 1.02–3.60), pain severity (aOR 1.23 per point, 95% CI 1.06–1.42), pain interference (aOR 1.18 per point, 95% CI 1.04–1.35), anxiety symptoms (HADS-A ≥ 11; aOR 3.13, 95% CI 1.94–5.06), and depressive symptoms (HADS-D ≥ 11; aOR 1.96, 95% CI 1.22–3.16). Conclusion Fatigue was highly prevalent in this socioeconomically disadvantaged RA cohort, with more than two-fifths meeting the study definition of severe fatigue. Severe fatigue was associated with smoking, multimorbidity, limitations in usual activities, pain, anxiety, and depression. These findings support assessment of physical, psychological, behavioral, and comorbidity-related factors in patients with RA who report fatigue."
OpenAlex,valvular heart disease,Antithrombotic Management Strategies and Outcomes After Left Atrial Appendage Closure in Atrial Fibrillation Patients Undergoing Percutaneous Coronary Intervention.,Gaddiel Quayson; Sammy Arab,10.21203/rs.3.rs-10622323/v1,2026-08-10,Research Square,
OpenAlex,valvular heart disease,Rhabdomyolysis Secondary to Reactivated Herpes Simplex Virus Type 1 Coinfected with Klebsiella pneumoniae in an Elderly Patient: A Case Report,Xiuping An; Yiwen Chen,10.21203/rs.3.rs-10288569/v1,2026-08-10,Research Square,
OpenAlex,valvular heart disease,"Fear of progression, somatic perception, and sleep quality among patients with heart failure: A latent profile and mediation analysis",xiaoxue zhang; GUO Weiting,10.21203/rs.3.rs-10498986/v1,2026-08-10,Research Square,
OpenAlex,valvular heart disease,Metabolic remodeling and cardiac functional adaptation mediated by dapagliflozin in patients with acute heart failure: a retrospective cohort study,Feng Liu; Xingjun Liu; Yuping He; Guobin Liu; Ting Lan; Zeng Zhao; Faming Yang,10.3389/fphar.2026.1913021,2026-08-10,Frontiers in Pharmacology,"Aims Grounded in the “myocardial metabolic starvation” hypothesis, this study evaluated the pharmacological effects of dapagliflozin on serum metabolic profiles, ventricular remodeling, and cardiac function in patients hospitalized with acute heart failure (AHF), and explored the associations between circulating metabolic alterations, ventricular remodeling, and cardiac functional parameters. Methods This single-center retrospective cohort study included 50 AHF patients (25 pairs) after 1:1 propensity score matching. The dapagliflozin group received standard care plus dapagliflozin 10 mg once daily for 6 months, while the control group received standard care alone. Changes in circulating metabolic parameters, including fasting blood glucose, lactic acid, free fatty acids, and ketone-related metabolites (β-hydroxybutyrate and acetoacetic acid), as well as glycolytic enzyme activity (pyruvate kinase), were compared between groups. Echocardiographic parameters, 6-min walk test (6 MWT) distance, B-type natriuretic peptide (BNP), and major adverse cardiovascular events (MACE) were also assessed. Results The dapagliflozin group showed greater reductions in circulating metabolic parameters, particularly fasting plasma glucose, free fatty acids, β-hydroxybutyrate, and acetoacetic acid, compared with controls (all P &amp;lt; 0.05). Left ventricular end-systolic diameter (37.29 ± 4.07 vs. 43.16 ± 4.41 mm) and end-diastolic diameter (45.17 ± 5.02 vs. 52.63 ± 6.20 mm) improved more markedly in the dapagliflozin group (both P &amp;lt; 0.001). left ventricular ejection fraction (48.36% ± 4.88% vs. 43.85% ± 4.90%, P = 0.002), BNP (116.45 ± 12.15 vs. 214.50 ± 20.36 pg mL -1 , P &amp;lt; 0.001), and 6 MWT distance (385.56 ± 51.42 vs. 314.78 ± 42.17 m, P &amp;lt; 0.001) were also significantly superior in the dapagliflozin group. FFA reduction correlated positively with LVEDD reduction (r = 0.638, P &amp;lt; 0.001). Multiple regression analysis identified ΔFFA (β = −0.412, P = 0.008) and Δβ-HB (β = −0.385, P = 0.012) as independent predictors of ΔLVEF improvement. MACE incidence was numerically lower in the dapagliflozin group (8.0% vs. 32.0%, P = 0.076). Conclusion In this small retrospective cohort, early in-hospital initiation of dapagliflozin was associated with favorable changes in circulating metabolic profiles, ventricular remodeling, and cardiac function in patients with acute heart failure. These findings suggest potential therapeutic benefits for ventricular remodeling, but require confirmation in larger prospective studies."
OpenAlex,valvular heart disease,The role of C-reactive protein to lymphocyte ratio and sleep duration in heart failure: exploring the mechanistic interplay and clinical implications,Shuangya Yang; Ning Gu; Qianhang Xia; Jingjing Zhu; Zhimei Qiu; Li Pan; Yongchao Zhao; Xi Wang; Yi Deng; Ranzun Zhao; Bei Shi; Ranzun Zhao; Bei Shi,10.1038/s41598-026-64042-5,2026-08-10,Scientific Reports,"Heart failure (HF) is a progressive disease with complex pathogenesis involving inflammation, immune dysfunction, and metabolic abnormalities. Although C-reactive protein (CRP) is an established HF marker, the CRP-to-lymphocyte ratio (CLR) integrates inflammatory and immune responses. Sleep duration is also critical for cardiovascular health, but the joint impact of CLR and sleep on HF remains unclear. This study examined their association using 14,900 participants (659 with HF) from 2015 to 2023 NHANES data. CLR was calculated as high-sensitivity CRP divided by lymphocyte count, and sleep duration was self-reported. Multivariable logistic regression analyzed the relationships, adjusting for demographic and clinical confounders. Restricted cubic spline models assessed nonlinearity, and subgroup analyses were performed. Higher CLR was strongly associated with increased HF risk (highest quartile OR = 7.49, 95% CI: 5.89–9.52, p < 0.001). Short sleep (< 7 h) also correlated with a higher risk (OR = 1.60, 95% CI: 1.25–2.54, p = 0.017). Nonlinear trends revealed inflection points for CLR (7.83, 11.05) and sleep duration (6.97, 7.07 h), with extreme values linked to greater risk. In conclusion, both elevated CLR and inadequate sleep are independent risk factors for HF, emphasizing their combined role in HF pathogenesis. Further research should investigate underlying mechanisms and assess whether targeting inflammation and sleep can improve HF outcomes."
OpenAlex,valvular heart disease,Multifocal cardiac infiltration with predominant mitral valve involvement in granulomatosis with polyangiitis,Marzena Romanowska-Kocejko; Karolina Dorniak; Anna Masiak; Marcin Hellmann,10.33963/v.phj.114156,2026-08-10,Kardiologia Polska,"Granulomatosis with polyangiitis (GPA) is a rare form of vasculitis characterized by the inflammation of small-and medium-sized vessels and formation of inflammatory tissue masses (granulomas).It most commonly affects upper respiratory tract, lungs, and kidneys, but can involve any organ.Heart involvement affects 6%-12% patients [1].Pericarditis and coronary vasculitis predominate, but myocarditis, endocarditis, and"
OpenAlex,valvular heart disease,When a Cardiac Tumor Mimics Valvular Disease: Giant Left Atrial Myxoma Causing Functional Mitral Stenosis,Marco Antonio Rodriguez Sanchez; Alejandro Cortés Sáinz; David Alejandro González Carrillo; Hugo Alberto Lugo Picos; Maria Guadalupe Zamora Carrasco; Diana Dely Garduño Felix; Jorlen Najera Lopez; Pedro Antonio Nieto Morga,10.7759/cureus.114317,2026-08-10,Cureus,"Cardiac myxomas are the most common primary cardiac tumors and may present with nonspecific manifestations, frequently leading to delayed diagnosis. Large left atrial myxomas can rarely mimic valvular heart disease by causing dynamic obstruction of transmitral flow. We report the case of a 46-year-old previously healthy woman presenting with progressive exertional dyspnea and orthopnea. Transthoracic echocardiography demonstrated a giant left atrial mass measuring 69 × 34 × 31 mm attached to the interatrial septum, prolapsing into the left ventricle during diastole and causing functional mitral stenosis through a dynamic ball-valve mechanism, with a mean transmitral gradient of 9.81 mmHg. Surgical resection was successfully performed, and histopathological examination confirmed atrial myxoma. The postoperative course was uneventful with complete symptom resolution. This case highlights the importance of considering structural intracardiac lesions in patients with unexplained heart failure symptoms and illustrates how giant atrial myxomas may mimic valvular pathology."
OpenAlex,valvular heart disease,Implementation of a Multimodal Diagnostic Algorithm for Blood Culture-Negative Infective Endocarditis at the Argentine National Reference Laboratory: A Prospective Study,Rita Armitano; Gisela Martinez; Monica Prieto,10.64898/2026.08.06.26359889,2026-08-10,medRxiv,"Background: Blood culture-negative infective endocarditis (BCNIE) poses a significant diagnostic challenge. This study evaluated a multimodal diagnostic algorithm combining serological and molecular methods at the Argentine National Reference Laboratory. Methods: A prospective analysis was conducted on 53 consecutive patients with suspected BCNIE referred between January 2019 and December 2024. The diagnostic workflow included indirect immunofluorescence for Bartonella spp. and Coxiella burnetii, species-specific PCR for Bartonella spp. and Tropheryma whipplei, and broad-range 16S rRNA PCR with Sanger sequencing on available blood and valvular tissue specimens. Results: An etiological diagnosis was established in 17 of 53 patients (32.1%). Bartonella spp. was the predominant pathogen (47.1%; 8/17), followed by T. whipplei (35.3%; 6/17) and Streptococcus spp. (17.6%; 3/17). All Bartonella cases were initially detected via serology, with molecular confirmation achieved exclusively through valvular tissue analysis. Conclusions: Implementing a standardized multimodal diagnostic algorithm significantly enhances etiological yields in BCNIE. The findings emphasize the complementary value of frontline serology and targeted molecular testing, highlighting that simultaneous submission of serum, blood, and valvular tissue is essential for optimal diagnosis."
OpenAlex,valvular heart disease,Low-detergent sonication decellularization preserves extracellular matrix architecture and enhances cell infiltration in human acellular dermal matrix,Mzwandile Mbele; Tonétha Jay; Nonhlanhla P. Khumalo; Ardeshir Bayat,10.3389/fbioe.2026.1839855,2026-08-10,Frontiers in Bioengineering and Biotechnology,"Introduction Acellular dermal matrix (ADM) scaffolds support tissue regeneration by providing structural integrity, biological cues, and a permissive microenvironment; optimal ADMs integrate with native tissue while preserving extracellular matrix (ECM) composition, microarchitecture, and biomechanics. Decellularization is a critical step in ADM development, as incomplete cellular removal can induce inflammation, whereas excessive chemical treatment can disrupt ECM structure and impair scaffold biofunctionality. Methods Here, we optimized human dermal decellularization to develop ADMs that retain ECM instruction while enabling deep host-cell infiltration and effective recellularization. Two low-detergent protocols were evaluated, Protocol A (sequential hypotonic and hypertonic solutions) and Protocol B (0.1% Triton X-100 in a hypotonic solution), both incorporating controlled ultrasonication and benzonase treatment, and compared with a conventional high-detergent method (Protocol C). Results All protocols effectively removed cellular material and nucleic acids, with substantial reductions in residual DNA content; however, Protocols A and B better preserved key ECM proteins, including collagen IV, elastin, and laminin, as confirmed by Raman spectroscopy and scanning electron microscopy. Functional assays demonstrated enhanced fibroblast adhesion and cell proliferation in Protocols A and B, whereas Protocol C showed limited cell growth. In ex vivo human skin wound models, Protocol B supported the highest cell infiltration and ECM deposition by day 21, followed by Protocol A, while Protocol C exhibited minimal integration and remodeling. Histological and immunohistochemical analyses consistently confirmed superior ECM preservation with low-detergent approaches. Conclusions Overall, combining controlled ultrasonication with minimal non-ionic detergent exposure represents a promising decellularization strategy that preserves ECM architecture, supports recellularization, and enhances scaffold integration potential for tissue engineering applications."
OpenAlex,valvular heart disease,Risk stratification and multidisciplinary management strategies for pregnancy complicated by pulmonary arterial hypertension: a narrative review,Minghui Mao; Feng Huang; Maochun Yang; Lanfang Chen; Yan Liu,10.3389/fendo.2026.1911305,2026-08-10,Frontiers in Endocrinology,"Pulmonary arterial hypertension (PAH) complicating pregnancy is a severe condition that poses a significant threat to maternal and foetal health. Despite recent improvements in outcomes for pregnant women with PAH, attributable to continuous updates in diagnostic and treatment strategies and the implementation of multidisciplinary team management, further research is needed on the clinical applicability of risk stratification systems and standardised processes for multidisciplinary management. This article provides a narrative review of the potential impact of pregnancies complicated by PAH on mothers and foetuses, as well as management strategies during pregnancy and childbirth. The aim is to summarise the health risks and management strategies for pregnant women in the preconception, antenatal, and postpartum periods, thereby providing a reference for clinical practice."
OpenAlex,valvular heart disease,Platelet-to-Lymphocyte Ratio-Driven Machine Learning Model for Predicting In-Hospital Major Adverse Cardiovascular Events After Percutaneous Coronary Intervention in Acute Myocardial Infarction: A Retrospective Cohort Study,Xiren Meng; Siyu Pan; Shuochao Zhao; Yaxin Wang; Hao Li; Zhen Shan; Yueran Yu; Yikang Xu,10.21203/rs.3.rs-10458680/v1,2026-08-10,Research Square,
OpenAlex,valvular heart disease,Terminal S Wave Pattern in Lead V3 as a Simple Marker for Ventricular Tachycardia Risk Stratification in Patients With Repaired Tetralogy of Fallot,Yuki Matsuoka; Miyako Igarashi; Naoto Kawamatsu; Yuto Iioka; Yoshihiro Harano; Yuki Komatsu; Tomoko Machino‐Ohtsuka; Hiro Yamasaki; Tomoko Ishizu,10.1111/jce.70468,2026-08-10,Journal of Cardiovascular Electrophysiology,"INTRODUCTION: Patients with repaired tetralogy of Fallot (rTOF) remain at risk of ventricular tachycardia (VT). This risk is most commonly related to slow conduction within the septal isthmus, which is defined as the region between the ventricular septal defect (VSD) patch and adjacent valvular annuli. While assessment of septal isthmus conduction currently requires invasive electrophysiological mapping, the 12-lead electrocardiogram (ECG) may offer a noninvasive alternative. Therefore, the present study aimed to identify ECG markers reflecting septal isthmus conduction properties and evaluate their ability to predict isthmus conduction characteristics and VT inducibility. METHODS AND RESULTS: In five patients with rTOF undergoing septal isthmus ablation, 12-lead ECGs obtained before and after ablation were compared to identify candidate ECG markers. The identified marker was validated in an independent cohort of 23 patients stratified according to septal isthmus conduction properties into normal conduction (Normal, n = 5), slow-conducting isthmus (SCI, n = 10), and conduction block (Block, n = 8) groups. The results indicated that the terminal S wave (TSW) in lead V3 became more prominent after ablation compared with that before ablation. In the validation cohort, V3 TSW was categorized as absent, small (< 0.1 mV), or large (≥ 0.1 mV), and the TSW patterns differed significantly among the groups (p < 0.001). Specifically, absent TSW was dominant in the Normal group (4/5, 80%), small TSW was the most frequent in the SCI group (7/10, 70%), and large TSW was predominant in the Block group (7/8, 87.5%). Small TSW predicted SCI with 70% sensitivity and 85% specificity (p = 0.013), whereas large TSW predicted Block with 88% sensitivity and 80% specificity (p = 0.006). Moreover, large TSW predicted VT non-inducibility with high specificity and high positive predictive value (p = 0.019). CONCLUSION: This study indicates that V3 TSW is a simple, noninvasive ECG marker reflecting septal isthmus conduction properties in rTOF, suggesting its potential utility for VT risk stratification."
OpenAlex,deep learning,The Role of Collective Bricolage in Creating University Governance Structures: The Example of the Galileo Observatory,Ariel Méndez; Amandine Pascal,,2050-01-01,Cairn.info,"This study investigates the concept of “collective bricolage” within the framework of creating a universe science observatory in France. In the face of significant transformations in higher education and research, this article examines how university stakeholders can employ collective bricolage to adapt to institutional mandates for restructuring. Drawing on Lévi-Strauss’s notion of bricolage and the theoretical contributions of Duymedjian and Rüling (2010), this research investigates how this bricolage can be implemented in the absence of conventional or normative space to support the process, and particularly within a context characterized by conflictual relationships. The case study analyzes the collective bricolage process and its components, demonstrating that the dialectical nature of collective bricolage facilitates the creation of robust governance structures through the negotiation and recombination of resources and rationales from the diverse actors involved."
OpenAlex,deep learning,The nature and tensions of environmental management control in local authorities,Christophe Maurel; Christophe Favoreu; London Proofreaders,,2050-01-01,Cairn.info,"This exploratory research aims to characterize, on the one hand, the concept of environmental management control (EMC) through the practices that underpin it, and, on the other hand, the tensions associated with it and the implementation of these practices in public organizations. Although EMC is attracting growing interest within the public sector, it seems to be facing technical and governance difficulties. A grid for analyzing management tools and the theory of organizational paradoxes is used to address the issue of characterizing EMC practices and the associated tensions in the local public sector. Various municipalities were mobilized to explore and characterize their first experiences of implementing EMC. Our results enable us to characterize both the tools used and the tensions generated between the objectives pursued in terms of resource management, dialogue with the socio-economic environment, and behavioral orientation."
OpenAlex,deep learning,Genesis of Organizational Innovation in Healthcare,Sabrina Grandclaude; Didier Grandclaude; Thierry Nobre; Cadenza Academic Translations,,2050-01-01,Cairn.info,"Based on the analysis of 96 organizational innovation in healthcare (OIH) projects and 52 interviews conducted with project leaders initiating these innovations, this research identifies the phenomena underlying the genesis of OIHs. The results highlight the major role played by factors such as patient empathy, international inspiration, academic inspiration, technological inspiration, serendipitous encounters, and the desire for organizational transformation in driving the generation of OIHs. Furthermore, our findings emphasize the dual nature of the research and development process for these innovations, characterized as both ex nihilo and ex materia."
OpenAlex,deep learning,"Depth of Processing, learner aptitude, and the acquisition of L2 English grammatical structures",Shweta Nigam,10.48683/1926.00128861,2031-01-01,CentAUR (University of Reading),"Depth of Processing (DoP) is central to several models of instructed second language acquisition (ISLA) (Leow, 2015). While DoP has been extensively examined in vocabulary learning (e.g., Laufer &amp; Hulstijn, 2001), its role in the acquisition of grammatical structures, particularly through oral and audio-visual modalities remains comparatively underexplored. Drawing on the Levels of Processing framework (Craik &amp; Lockhart, 1972), this study investigated whether task-induced processing depth influences the acquisition of third conditionals and comparatives, and whether language aptitude (LLAMA B, D, F) predicts learning gains. Using a pretest–posttest design, four intact classes involving 108 Grade 8 EFL learners in India were assigned to one of the three experimental conditions differing in level and type of processing: Low DoP, High DoP Explicit, and High DoP Implicit. The treatment task required the participants to listen to an audio-visual story containing the target structures (third conditionals and comparatives) and complete analytic tasks (varying in different groups) before listening to the story for a second time. The oral performance of the participants was analysed for accuracy, and frequency of use of the target structures. A grammaticality judgement test (GJT) and an elicited imitation task (EIT) were used to assess the participants’ gains in the knowledge of the target structures. In addition, language aptitude (LLAMA B, D, F) was measured and modelled as a predictor of gain scores. Results showed a significant effect of processing condition on GJT performance with the High DoP Implicit group outperforming the High DoP Explicit group on total scores and comparatives. In contrast, ANCOVA analyses indicated no significant group differences on EIT outcomes once pretest performance was controlled, with pretest scores strongly predicting posttest performance. In oral production, processing effects were structure-specific: the Low DoP group showed greater accuracy gains for comparatives, while both High DoP groups revealed increased frequency of use of third conditionals. However, across all four measures, multiple regression analyses indicated that LLAMA B, D, and F did not significantly predict gain scores. Overall, the findings support a processing-by-structure pattern: deeper processing benefits were most evident for the more salient structure (comparatives) on an explicit, written measure, whereas complex, low-salience forms (third conditionals) showed limited accuracy change but increased frequency of use under deeper processing."
OpenAlex,deep learning,Combating Data and Target Shifts in Visual Tasks,Zhaorui Tan,10.17638/03194353,2031-01-01,Open MIND,"The rapid advancement of deep learning models for visual tasks has led to significant progress in many domains. However, a key challenge remains: ensuring that models can generalize effectively to unseen samples or novel classes, especially in real-world scenarios where training data-target pairs are often limited or unavailable, and test data may exhibit shifts in both data and targets. This thesis addresses the problem of shifts across data and targets, proposing novel methods to improve model generalization and transferability in complex settings. The thesis identifies the different shift scenarios for visual tasks and presents their problem forms. The research first relaxes the static target distribution assumption in Multi-Domain Generalization (mDG) tasks, introducing the General Multi-Domain Generalization (GMDG) objective to improve generalization under varying data shifts. Specifically, Extensive experiments validate that GMDG is feasible for classification, segmentation, and regression tasks. Further considering extreme target distribution shifts where even unknown novel classes emerge, the study also explores logical regularization techniques for tasks such as Generalized Category Discovery (GCD), mDG+GCD, and Class Incremental Learning (CIL), proposing a sample-based logical regularization term (L-Reg) to enhance data-, target-, and all-shift generalization. Additionally, a partial logic framework is introduced to address challenges in CIL, enabling models to retain room for unknown classes during training. This is further extended by the Partial-Logic Regularization (PL-Reg), which improves generalization across GCD, mDG+GCD, and transferability for CIL tasks. Furthermore, the thesis proposes a novel Semantic-aware Data Augmentation (SADA) framework for cross-modality generalization in text-to-image synthesis (T2Isyn), text-image retrieval (TIR), and image-text retrieval (ITR) tasks. This framework ensures semantic preservation across text and image modalities, improving both semantic consistency and image quality in cross-modality tasks. The methods proposed in this thesis offer significant advancements in visual generalization and transfer scenarios, providing theoretical insights and practical solutions for handling data shifts, target shifts, and multi-modalities in complex scenarios. Extensive experiments validate the effectiveness of the proposed methods, demonstrating their superior performance across a range of tasks."
OpenAlex,deep learning,Antecedents and consequences of Green-tech FDI in emerging markets,Zhuoran Liu,10.17638/03195308,2031-01-01,Open MIND,"As environmental pressures intensify, attracting sustainable foreign direct investment (FDI), particularly green-tech FDI, has become a critical pathway for emerging markets to achieve environmental sustainability. However, existing research remains fragmented, offering limited insights into why green-tech FDI enters emerging markets and how it affects regional green innovation. This thesis addresses these gaps by systematically examining both the antecedents and consequences of green-tech FDI through three empirical studies using regional data from China. Study 1 and Study 2 focus on the antecedents of green-tech FDI. Study 1 examines how host-country conditions can attract green-tech FDI, highlighting the role of environmental management information disclosure (EMID) by domestic firms in reducing information gaps and strengthening green market–seeking motives. Study 2 shifts attention to the active decision-making of green-tech FDI, showing that under uncertainty, green-tech foreign investors engage in identity-based bandwagon learning by imitating peers with similar green identities, thereby mitigating investment risks. Study 3 turns to the consequences of green-tech FDI. It demonstrates that, due to the technological complexity of green innovation and limited absorptive capacity in emerging markets, green-tech FDI may generate crowding-out effects rather than purely positive spillovers. Adopting a network perspective, the study further finds that universities play a key moderating role: through broad linkages and deep collaborations, they help mitigate negative spillovers and facilitate the diffusion of green technologies. Together, the three studies advance the literature on sustainable FDI by differentiating green-tech FDI from general FDI and identifying the specific mechanisms that shape its entry decisions and local innovation outcomes. Practically, the findings provide guidance for emerging-market governments and firms on how to attract and manage sustainable investment, balance growth with environmental objectives, and strengthen local innovation ecosystems."
OpenAlex,deep learning,Deep learning design of programmed enhancer pairs,Salil Garg; Blake M Torres; Joanna Wypasek,10.5281/zenodo.19477875,2030-04-08,Zenodo (CERN European Organization for Nuclear Research),
OpenAlex,deep learning,Deep learning design of programmed enhancer pairs,Salil Garg; Blake M Torres; Joanna Wypasek,10.5281/zenodo.19463376,2030-04-08,Zenodo (CERN European Organization for Nuclear Research),
OpenAlex,deep learning,Deep learning design of programmed enhancer pairs,Salil Garg; Blake M Torres; Joanna Wypasek,10.5281/zenodo.19463375,2030-04-08,Zenodo (CERN European Organization for Nuclear Research),
OpenAlex,deep learning,A UAV-Based Framework for Community-Scale Residential Building Energy Modelling in China,Mengfan Jin,10.17638/03195460,2029-01-01,Open MIND,"With increasing emphasis on energy efficiency and carbon emission reduction in the building sector, rapid and scalable energy modelling of existing buildings is critical for retrofit projects and policy development. Conventional surveys, data collection and energy modelling processes remain labour-intensive and impractical for large-scale applications, and energy modelling often dominates project time and cost. Unmanned Aerial Vehicles (UAVs) equipped with high-resolution and infrared cameras now offer fast and safe exterior surveys, showing great potential in building energy assessments. Yet, a systematic framework for UAV integration, from image capture through processing to inputs for building energy simulation, has not been established. This research addresses these challenges by developing a structured framework for community-scale building energy modelling, which integrates UAV photogrammetry to accelerate data acquisition, reduce labour, and shorten energy modelling time for retrofit projects. The framework is designed to minimise prior data requirements while maximising automation and retaining sufficient accuracy and reliability. It also addressed systemic issues, such as the lack of data necessary to fully exploit the potential of available technologies in the context of this study. To achieve this research objective, a mixed-methodology approach, combining desk studies and fieldwork, was adopted. First, a comprehensive review of UAV-based building energy studies mapped the current applications and available tools, proposing a preliminary framework. Fieldwork then encompassed a pilot study and a detailed case study. In the pilot test, a single building was surveyed to identify an optimal toolchain for flight planning, image capture, photogrammetric reconstruction, model generation, and selection of a simulation platform. The resulting refined framework was applied to a case study of a 39-building community, and it was demonstrated that further automation was necessary. The potential for automation was then further explored. Geomatic algorithms, machine learning, and deep learning techniques were compared, and the combination that best balanced accuracy and processing time was selected for 3D model generation and window-to-wall ratio (WWR) extraction. In parallel, an archetype library of residential buildings in the Hot Summer Cold Winter (HSCW) zone in China was compiled to facilitate the assignment of thermal parameters. Finally, a reusable community-scale building energy modelling (CBEM) workflow was assembled in Grasshopper using Ladybug Tools components to process the aforementioned inputs. In conclusion, this study integrates UAV photogrammetry, GIS-based geomatic algorithms, machine learning, and graphical programming to develop an UAV-CBEM framework. The outcomes establish a foundation for scalable UAV-based building energy assessments, enhancing applicability in data-limited and large-scale settings worldwide."
OpenAlex,deep learning,Data Augmentation Application in Deep Learning Drug Discovery by Utilizing Relationships Between Biological and Medical Entities,Tianjun Wang,10.17638/03195452,2029-01-01,Open MIND,
OpenAlex,deep learning,Spectral Materialism: Encounters with land-time-scapes,Sam Nightingale,10.25602/gold.00040593,2029-01-01,Goldsmiths (University of London),"This transdisciplinary, practice-based PhD introduces spectral materialism through art-based research encounters with ecologically and historically stratified land-time-scapes shaped by hypersalinity and colonial terraforming. Centred in the semi-arid Mallee (southeastern Australia) and read through echoes with California’s Imperial Valley, the project examines how spectral time—the co-presence and haunting of other temporalities—manifests in the material conditions of salt, soil, water, plants, and infrastructures. It asks how learning from geological, First Nations, colonial, and ecological pasts can orient responsibilities in unsettled futures. Treating the present as a crisis of time as much as a crisis of matter, the thesis critiques linear-progressive temporalities bound to Western modernity and extractive regimes. In response, spectral materialism is developed as both a conceptual framework and a critical creative methodology. Through alchemical media experiments with salt crystals, hypersaline soils, and halophytes, photography is reconfigured as a site-responsive, process-oriented practice. Salt is engaged as a material agent and ‘time-crystal’ whose phase shifts—dissolution, saturation, precipitation, crystallisation, evaporation—form a meta-chemistry that refracts deep-marine pasts, settler-colonial irrigation infrastructures, and contemporary dust into processual renderings of time. Methodologically, the project advances attunement as a mode of sensing and responsiveness to forces that are not always immediately perceptible yet are materially active. Field notes appear as para-writing, interrupting linear narration so that heterogeneous times co-present themselves within the text. The thesis is guided by First Nations temporalities—time as relational and in place—while remaining accountable to ethical limits and protocols. The contribution is twofold: a theoretical articulation of spectral materialism as a way to think time otherwise, and a set of site-responsive methods for engaging elemental media in saline environments. Together, they generate materially grounded accounts of spectral presences and open alternative pathways for knowing, sensing, and relating within land-time-scapes marked by enduring colonial and ecological afterlives amid planetary change."
OpenAlex,deep learning,Deep learning image analysis of donor red blood cells to predict deformability and transfusion efficacy,Erik S. Lamoureux,10.14288/1.0451932,2028-01-01,cIRcle (University of British Columbia),"The full abstract for this thesis is available in the body of the thesis, and will be available when the embargo expires."
OpenAlex,deep learning,Deep q-learning aided k-means clustering protocol for optimizing network lifetime in wireless sensor networks,Flynn Dowey,10.14288/1.0451106,2028-01-01,Open Collections,"The full abstract for this thesis is available in the body of the thesis, and will be available when the embargo expires."
OpenAlex,deep learning,Cost-Grounded Reward Scaling for Deep Reinforcement Learning in Zero-Buffer Flow-Shop Maintenance - DATA,Valentina Popolo; Silvestro Vespoli,10.17632/t73ckh3f7k,2027-07-09,Mendeley Data,
OpenAlex,deep learning,Cost-Grounded Reward Scaling for Deep Reinforcement Learning in Zero-Buffer Flow-Shop Maintenance - DATA,Valentina Popolo; Silvestro Vespoli,10.17632/t73ckh3f7k.1,2027-07-09,Mendeley Data,
OpenAlex,deep learning,"LeafMicroDefect-TR: A Digital Microscope-Based Dataset of Microscopic Leaf Surface Images for Defect Detection, Region-wise Analysis, and Explainable Deep Learning",HIDIR SELCUK NOGAY,10.17632/tvxkgj69kg,2027-01-12,Mendeley Data,
OpenAlex,deep learning,"LeafMicroDefect-TR: A Digital Microscope-Based Dataset of Microscopic Leaf Surface Images for Defect Detection, Region-wise Analysis, and Explainable Deep Learning",HIDIR SELCUK NOGAY,10.17632/tvxkgj69kg.1,2027-01-12,Mendeley Data,
OpenAlex,deep learning,"Dataset for Wildlife Species Detection at Baluran National Park, Indonesia",Dede Aulia Rahman; Toto Haryanto; Christiawan Eko Saputro,10.5281/zenodo.21130358,2027-01-01,Zenodo (CERN European Organization for Nuclear Research),"This dataset is associated with the study: ""First use of visible-thermal fusion network approach for robust species monitoring in the tropics"".A total of 797 fused visible-thermal drone images were collected at Baluran National Park, East Java, Indonesia. The park is a tropical savanna ecosystem and a key conservation area for several protected and near-threatened species in Java.All images provided in this dataset are fusion outputs — composite images combining visible (RGB) and thermal infrared information — and were used directly as input for deep learning-based species detection models Dataset summary:Total images: 797 fused visible-thermal imagesImage type: Fusion, Raw, ThermalAnnotations: Not included Capture platform: UAV dual-sensor systemStudy site: Baluran National Park, Situbondo, East Java, IndonesiaHabitat: Tropical savanna"
OpenAlex,deep learning,Business Model Innovation among Startups and Its Future Research Trends: A Systematic Review and Bibliometric Analysis of Relevant Literature,Salsabil Thabti; Waleed Omri; Audrey Bécuwe; Abdelwahed Omri,,2027-01-01,Cairn.info,
