source,keyword,title,authors,doi,publication_date,journal,abstract
PubMed,aortic stenosis,Off-the-Shelf Multibranched Endograft for Type Ia Endoleak After Endovascular Aortic Repair: A Single-Center Study of the G-Branch Endograft.,Yapeng Zhu; Hongpeng Zhang; Yangyang Ge; Dan Rong; Ren Wei; Wei Guo,10.1016/j.avsg.2026.07.010,2026-07-15,Annals of vascular surgery,"To investigate the clinical outcomes of use of a novel off-the-shelf multibranched endovascular stent graft in patients with type Ia endoleak after endovascular aortic repair (EVAR).
Patients who received the G-branch endograft for type Ia endoleak after EVAR at our institution between November 2021 and July 2024 were retrospectively reviewed. The G-Branch endograft system, which has a hybrid configuration comprising two inner branches for the celiac axis and superior mesenteric artery and two outer branches for the renal arteries, was used in all cases. Follow-up assessments were scheduled at 1, 6, and 12 months after the index procedure and annually thereafter.
Technical success was achieved in all cases. No deaths, cases of spinal cord ischemia, or other major adverse events occurred within 30 days post-procedure. No type Ia or type III endoleaks were detected during a median follow-up of 24 months. One patient (14.3%) underwent re-intervention for type II endoleak. All target vessels remained patent without significant stenosis. No instances of dilatation of the aneurysm sac were observed.
The G-Branch endograft represents a promising option for management of type Ia endoleak after EVAR, with favorable short-term to medium-term outcomes. A large multicenter study is warranted to confirm our findings."
PubMed,aortic stenosis,Myocardial Deformation Analysis in Congenital Aortic Valve Stenosis: Comparison Across Clinical Phenotypes in Children.,Ali Abdulkarim; Matthew Beaver; Scott Anjewierden; Zhining Ou; John L Colquitt,10.1007/s00246-026-04383-0,2026-07-15,Pediatric cardiology,"Left ventricular (LV) longitudinal strain (LS) has prognostic value in adults with valvar aortic stenosis (AS), and impaired left atrial (LA) strain is associated with elevated filling pressures. The role of LA and LV strain in children with congenital AS is unclear. We hypothesized that LA and LV strain would be worse with higher gradients and/or greater ventricular mass. We performed a retrospective cross-sectional study (2015-2025) of children aged 1-18 years with isolated congenital AS and preserved systolic function, stratified by Doppler-derived mean gradient as mild (<20 mmHg), moderate (20-40 mmHg), or severe (>40 mmHg). Patients with critical neonatal AS, more than mild aortic regurgitation, prior intervention, genetic syndromes, or inadequate image quality were excluded. LA reservoir, conduit, and contraction strain and LV LS were measured by two-dimensional speckle-tracking echocardiography. Group comparisons and correlation analyses evaluated associations with aortic valve gradient, LV mass index, and mitral E/A ratio. Eighty-four children were identified (mean age 8.7 ± 4.6 years; 33% female). LA strain components (all p>0.2) and LV LS (p=0.8) did not differ across AS groups. Stratification by LV mass Z score (≤2 vs. >2) showed no differences in LA or LV strain. No strain parameter correlated with aortic valve gradient, LV mass index, or mitral E/A ratio (all p>0.05). In children with congenital AS, preserved systolic function, and no prior intervention, LA and LV strain are preserved across disease severity and ventricular hypertrophy categories, suggesting preserved myocardial function and absence of adverse ventricular remodeling."
PubMed,aortic stenosis,Bioprosthetic Valve Fracture During Valve-in-Valve TAVR in a Degenerated Braile Aortic Valve.,Iulian Calin; Lucian Dorobantu; Angela Georgescu; Silviu Dumitrascu; Irina Macovei-Dorobantu; Silvia Deaconu,10.1016/j.jaccas.2026.109243,2026-07-11,JACC. Case reports,"Valve-in-valve transcatheter aortic valve replacement (ViV-TAVR) in degenerated surgical bioprostheses, including less characterized valves such as those manufactured by Braile Biomédica, may be limited by constrained expansion and high residual gradients, particularly in small surgical valves.
An 89-year-old man presented with acute heart failure due to degeneration of a 23-mm Braile surgical aortic bioprosthesis with inherently small true internal diameter. ViV-TAVR with a 23-mm self-expanding valve resulted in a high residual gradient despite appropriate positioning. Given the absence of alternative therapeutic options, intentional high-pressure postdilatation using a noncompliant balloon was performed. This achieved bioprosthetic valve fracture (BVF), confirmed by fluoroscopy and computed tomography, leading to optimal transcatheter valve expansion, marked gradient reduction, and clinical improvement.
This case provides imaging-confirmed evidence of BVF in a degenerated Braile valve performed in the clinical setting, establishing the structural behavior of this specific prosthesis in human anatomy.
Small surgical bioprostheses with limited or poorly characterized true internal diameter are at high risk for severe residual gradients after ViV-TAVR. BVF, guided by multimodality imaging, can be a decisive strategy to optimize transcatheter valve expansion and hemodynamics."
PubMed,aortic stenosis,Vascular changes in hypertrophic cardiomyopathy.,Julia E Visch; Ali Nassar; George Burchell; Tjeerd Germans; Jolanda van der Velden,10.1093/cvr/cvag153,2026-07-15,Cardiovascular research,"Hypertrophic cardiomyopathy (HCM) is characterized by left ventricular hypertrophy along with (micro)vascular abnormalities. These include cardiac and peripheral vascular dysfunction, as well as structural vascular changes. This review summarizes the modalities for assessing (micro)vascular function and explores how vascular changes relate to disease progression, including structural remodeling, fibrosis, and clinical outcomes.
A systematic search of multiple databases was conducted to identify studies investigating vascular changes in patients with HCM, varying in disease severity. Human studies were included without time restrictions and studies involving hypertrophy secondary to other conditions (e.g., hypertension, aortic stenosis) were excluded.A total of 130 studies were included. Vascular changes were assessed with Positron Emission Tomography (n = 24), Cardiac Magnetic Resonance Imaging (n = 21), angiography (n = 18), scintigraphy and Single Photon Emission Computed Tomography (n = 30), peripheral measures (n = 12), and histology (n = 29). Perfusion abnormalities were common in HCM. While resting myocardial blood flow appears to be similar between HCM patients and controls, myocardial perfusion reserve is consistently reduced, correlating with early disease features, structural remodeling, and adverse outcomes. Peripheral vascular dysfunction is also frequently observed, though findings vary and mechanisms remain unclear.
Vascular abnormalities play a key role in the pathophysiology of HCM, and are closely linked to disease progression and prognosis. Data are limited regarding the role of vascular dysfunction in genotype-positive/phenotype-negative individuals and individuals with early or mild disease. Future research should focus on evaluating cardiac and peripheral vascular function across the disease spectrum to better understand underlying mechanisms and potential targets for intervention."
PubMed,aortic stenosis,Snare-assisted bailout of an embolized Evolut FX transcatheter aortic valve replacement prosthesis using a valve-through-valve balloon-expandable implantation.,Ghulam Mujtaba Ghumman; Syed Sohail Ali; Mohammed Taleb,10.1080/08998280.2026.2700107,2026-07-15,Proceedings (Baylor University. Medical Center),"Transcatheter aortic valve replacement (TAVR) is now the standard of care for severe symptomatic aortic stenosis; however, rare procedural complications such as valve embolization can result in life-threatening consequences. We describe a case of intraprocedural embolization of a self-expanding Medtronic Evolut FX valve into the ascending aorta during deployment. The embolized prosthesis was stabilized with a snare and parked distal to the sinotubular junction. Because a second self-expanding valve could not be advanced across the displaced frame, a 23 mm balloon-expandable Edwards SAPIEN 3 Ultra RESILIA valve was successfully delivered through the embolized prosthesis and deployed in the native annulus. This cross-platform valve-through-valve bailout restored durable valve function without surgery and underscores the importance of procedural adaptability in managing complex TAVR complications."
PubMed,aortic stenosis,Proceed with caution: addressing the evidence gap and patient bias in transcatheter aortic valve replacement for bicuspid aortic stenosis.,Yao-Ying Jiao; Tian-Yuan Xiong,10.26599/1671-5411.2026.06.002,2026-06-28,Journal of geriatric cardiology : JGC,
PubMed,aortic stenosis,Adequate Venous Drainage Does Not Exclude Cannula Malposition: Right Ventricular Perforation during Minimally Invasive Aortic Valve Replacement.,Kensuke Oue; Moe Kinoshita; Shintaro Okuda; Nobuo Kondo,10.70352/scrj.cr.26-0380,2026,Surgical case reports,"Femoral venous cannulation is widely used to establish cardiopulmonary bypass (CPB) during minimally invasive cardiac surgery (MICS). Although transesophageal echocardiography (TEE) is commonly used to guide cannula placement, cannula malposition can still occur, and preserved venous drainage may delay the recognition of cardiac injury. We report a rare case of right ventricular perforation caused by femoral venous cannulation during minimally invasive aortic valve replacement (AVR), emphasizing that adequate venous drainage does not exclude cannula malposition or cardiac perforation.
A 79-year-old man with severe aortic stenosis underwent minimally invasive AVR via a right mini-thoracotomy. Venous drainage was established via the right femoral vein using a 25-Fr, 55-cm HLS venous cannula with 24 side holes (BE-PVL 2555; Maquet Cardiopulmonary, Rastatt, Germany) under transesophageal echocardiographic guidance. Vacuum-assisted venous drainage was used. The guidewire was advanced toward the superior vena cava, and the cannula tip was initially considered to be positioned within the right atrium. After CPB was initiated, venous drainage became insufficient. The cannula was advanced blindly by approximately 2 cm, after which venous return improved. The valve procedure was completed uneventfully; however, pericardial bleeding became evident during volume loading before weaning from CPB. Conversion to median sternotomy revealed that the cannula had perforated the anterior free wall of the right ventricle and protruded into the pericardial cavity. The injury was repaired with a pledgeted mattress suture, and the patient recovered without further complications.
Adequate venous drainage during CPB does not confirm correct femoral venous cannula positioning. When venous drainage is inadequate during MICS, blind advancement of the femoral venous cannula should be avoided, and cannula position should be reassessed using multiple modalities, including TEE and fluoroscopy, when available."
PubMed,aortic stenosis,"Transcatheter Aortic Valve Implantation/Replacement (TAVI/TAVR): How It Started, How It's Going, and Where It's Going.",Alok Shah; Amr Gamal; Hesham Abdelaziz; Matthew Luckie; Andrew Wiper; Ranjit More; Tawfiq Choudhury,10.3390/jcm15135242,2026-07-04,Journal of clinical medicine,"Transcatheter Aortic Valve Implantation/Replacement (TAVI/TAVR) has come a long way since the first-in-human implant by Prof Cribier & colleagues in 2002. Initially a consideration for inoperable/high-surgical-risk patients, TAVI is now indicated in patients with severe tricuspid aortic stenosis and suitable anatomy aged 70 or higher. This has been made possible due to improvements in preprocedural planning, performance upgrades to and evolution of transcatheter heart valve (THV) systems and increasing operator experience. Younger age at index implantation, complexities of redo TAVI planning and methods to improve THV durability are the next frontiers. This review summarizes these advancements while emphasizing preprocedural planning, current guidelines, and individualized device selection, with a brief note on polymeric heart valves-developed to overcome the disadvantageous bioprosthetic dysfunction seen with current THVs."
PubMed,aortic stenosis,Comparing Direct TAVR to Balloon Aortic Valvuloplasty-TAVR in Patients with Cardiogenic Shock and Severe Aortic Stenosis-A TriNetX-Based Study.,Aditya Desai; Simran Gill; Aparna Manoj; Naishal Mandal; Haidar Hajeh; Darshi Desai; Haresh Gandhi; Prabhdeep Sethi; James Blankenship; Tanawan Riangwiwat,10.3390/jcm15134943,2026-06-25,Journal of clinical medicine,"Objectives: Severe aortic stenosis (AS) with cardiogenic shock (CS) presents a complex clinical challenge. For these patients, the optimal management strategy-either direct transcatheter aortic valve replacement (TAVR) or a staged approach with balloon aortic valvuloplasty (BAV) as a bridge to TAVR (BAV-TAVR)-is uncertain. We aimed to compare the outcomes of these two strategies. Methods: We conducted a retrospective cohort study using the TriNetX database. In this study, we identified patients with CS who underwent direct TAVR or who survived to and underwent TAVR within 30 days of balloon aortic valvuloplasty (BAV-TAVR). After matching propensity scores, 198 patients were analyzed in each group (total of 396). The primary outcome was major adverse cardiovascular events (MACE) at 30 days, 1 year, and 3 years. Results: The analysis included 396 matched patients (198 in each cohort). There was no significant difference in the primary endpoint of MACE at 30 days between the staged BAV and direct TAVR groups HR 1.14 (95% CI 0.79-1.64; p = 0.48), and this finding was consistent at 1 and 3 years with HR 1.20 (95% CI 0.89-1.61; p = 0.23) and HR 1.17 (95% CI 0.89-1.53; p = 0.25) respectively. Similarly, no differences were observed in secondary outcomes including all-cause mortality, stroke, and new permanent pacemaker implantation, at 30 days, 1, and 3 years. Conclusions: Among patients with severe AS and cardiogenic shock who survived definitive therapy, staged BAV-TAVR showed no detectable difference in short- or long-term outcomes versus direct TAVR. Given the limited sample size and the exclusion of patients who did not survive to TAVR, these results are hypothesis-generating and should not be read as evidence of equivalence or of bridging safety; prospective study is warranted."
PubMed,aortic stenosis,Current Trends and Future Challenges in Transcatheter Aortic Valve Implantation (TAVI): A Narrative Review.,Hani Karameh; Prerna Garg; Carla Lucarelli; Mostafa Elguindy; Iqbal Malik; Neil Ruparelia,10.3390/jcm15134850,2026-06-23,Journal of clinical medicine,"The advent of transcatheter aortic valve implantation (TAVI) has redefined the treatment of aortic stenosis over the last two decades, evolving from a therapy reserved for patients that were deemed to be of prohibitive surgical risk to the standard of care for a large group of patients presenting with symptomatic disease. With improvements in technology, operator and institutional experience and longer-term outcome data, recent guidelines have supported the broadening of indications to low-risk and asymptomatic patients in addition to other pathologies including the management of failed surgical bioprosthetic valves and aortic regurgitation. The rapid developments in the field have resulted in a rapid expansion of TAVI. The focus has moved from the technical aspects of the procedure itself that are now well established to the lifetime management of patients with aortic stenosis, particularly younger patients with regard to valve durability, planning for a further intervention after TAVI and associated considerations including future coronary access. Beyond aortic stenosis, TAVI technology is also increasingly being utilized for the management of failed surgical bioprostheses, bicuspid valve disease, aortic incompetence and mitral/tricuspid disease and these represent future areas of focus in the field."
PubMed,aortic stenosis,Analysis of the Accuracy and Inter-Reader Precision of Scar Quantification Techniques in Aortic Stenosis: A Comparative Cardiovascular Magnetic Resonance Imaging Study.,Megan Rian Rajah; Pieter-Paul Strauss Robbertse; Vishesh Sood; Tonya Marianne Esterhuizen; Anton Frans Doubell; Philip George Herbst,10.3390/diagnostics16132017,2026-06-28,"Diagnostics (Basel, Switzerland)","Background: An important determinant of mortality in AS is the presence and quantity of myocardial scar. Scar quantification using late gadolinium enhancement (LGE) on cardiovascular magnetic resonance (CMR) imaging may be a useful risk-stratification tool for at-risk patients who do not meet current criteria for valve intervention. The incorporation of this tool into clinical practice is currently limited by a lack of consensus on the best LGE quantification technique to use. Methods: Fifteen patients with severe AS underwent LGE imaging on CMR. A reference estimate of the LGE mass was made using a semi-automatic quantitative visual method. An intensity slider (reporting software provided) was used to mark areas of enhanced signal in each short-axis slice that correlated with the reader's visual assessment of LGE, which used predetermined imaging criteria. This visual slider method (VslM) of determining LGE mass was then used as a reference for establishing the accuracy of various semi- and fully automated methods for identifying and quantifying LGE burden. These included the signal threshold versus reference mean (STRM) method at thresholds of two-, three-, and five-standard deviations (2SD, 3SD, 5SD, respectively), the full width at half maximum (FWHM) method and the Otsu auto threshold (OAT) method. An intraclass correlation analysis was performed to establish and compare the inter-reader reliability for each method. Results: Three readers demonstrated 100% agreement on the presence of LGE in 12/15 (80%) of study cases. Accuracy determined by the Wilcoxon rank sum, Spearman correlation and Bland-Altman tests suggested that the 5SD method using remote myocardium reference regions of interest only in slices with visually detected LGE was best (Wilcoxon rank sum p-values ranged from 0.3 to 0.5 for the three readers, bias on Bland-Altman was <0.5 g for all three readers). This was followed by the FWHM method, but with wide minimum-maximum ranges observed. Inter-reader reliability was best for the 2SD STRM method (ICC = 0.9, p < 0.001), but accuracy using this method was clinically unacceptable. Inter-reader reliability was statistically acceptable for the VslM (ICC = 0.7, p < 0.001). The FWHM method yielded the best balance between accuracy and reliability but may be limited by the heterogeneity of scars observed from patient to patient. Conclusions: The FWHM appeared to offer a reasonable balance between accuracy and precision. However, it was not always the best fit, e.g., in patients with small or non-bright scars. There may be no additional benefit to using the semi- and fully automated methods in the context of AS, and visual estimation, when performed in the manner described in this study (i.e., the VslM), may be clinically sufficient."
PubMed,aortic stenosis,Factors associated with acute intestinal ischemia after cardiac surgery: A propensity score-matched study.,Valdemar Rømer; Bo Laksáfoss Holbek; Jesper James Linde; Alexandra Brandtzäg; Timothy Resch; Andreas Millarch; Martin Sillesen; Sebastian Christoph Wiberg; René Horsleben Petersen; Matthias Corbascio,10.1016/j.jtcvs.2026.07.001,2026-07-14,The Journal of thoracic and cardiovascular surgery,"Acute intestinal ischemia from cardiac surgery is rare but highly lethal. Conventional risk models lack preoperative markers reflecting splanchnic arterial capacity. We hypothesized that subclinical abdominal atherosclerosis predisposes to perioperative intestinal ischemia and introduced a novel radiological measurement-the Total Enteric Cross-Sectional Artery-area (TECSA)-to quantify anatomical obstruction of intestinal flow capacity.
In this retrospective, propensity score-matched study, we identified 53 cases of acute intestinal ischemia among 9,301 cardiac surgery patients during years 2016-2024. Ten cases were excluded for aortic dissection (n=9) and transplantation surgery (n=1). The remaining 43 cases were compared with 86 matched controls. Minimal luminal cross-sectional areas of the coeliac trunk, superior and inferior mesenteric, and internal iliac arteries were measured on CT-angiograms and indexed to body surface area to derive TECSA. Abdominal aortic and splanchnic calcium-scores and stenoses were also assessed. Associations were analyzed using multivariable logistic regression with multiple imputations.
TECSA was lower in cases compared with controls (median 59 versus 92 mm2/m2, p<0.001). TECSA in the lowest quartile (≤61.5 mm2/m2) was independently associated with high odds of intestinal ischemia (adjusted OR 8.10, 95% CI 1.58-41.41). High abdominal aortic calcium-score was associated with intestinal ischemia in a sensitivity analysis (≥10,559; adjusted OR 6.13, 95% CI 1.29-29.21). Coeliac trunk stenosis showed a weak association among complete cases only.
Low TECSA and high abdominal aortic calcium-score identify patients at risk of acute intestinal ischemia. TECSA represents a novel, physiologically grounded, and reproducible radiological measurement for risk stratification in cardiac surgery."
PubMed,aortic stenosis,"Concomitant Moderate Aortic Stenosis with Moderate Mitral Regurgitation in Patients with Normal Ejection Fraction: Types, Natural History and Outcomes.",Jwan A Naser; Ruxandra Copciag; Christopher G Scott; Hossam Ibrahim; Austin M Kennedy; Alexander C Egbe; Hector I Michelena; Patricia A Pellikka; Vuyisile T Nkomo; William R Miranda; Sorin V Pislaru,10.1016/j.echo.2026.06.012,2026-07-14,Journal of the American Society of Echocardiography : official publication of the American Society of Echocardiography,"Multiple valve lesions involving concomitant moderate aortic stenosis (AS) and moderate mitral regurgitation (MR) remain poorly understood despite its increasing prevalence with population aging. We aimed to evaluate characteristics, mechanisms, cardiac remodeling, and clinical outcomes of MR in patients with concomitant moderate AS and moderate MR compared to each moderate and severe AS without concomitant MR.
Patients with concordant moderate AS and moderate MR (Moderate AS+MR), concordant moderate AS without moderate MR (Moderate AS-MR), and concordant severe AS without moderate MR (Severe AS-MR) were identified. Patients with moderate/severe aortic regurgitation and mitral stenosis, severe MR, and low EF were excluded. The primary endpoint of all-cause mortality under medical management was compared using multivariable analysis and propensity score matching. Cardiac remodeling on follow-up echocardiograms was compared between the groups using annualized changes.
Overall, 277 patients with Moderate AS+MR, 7,446 with Moderate AS-MR, and 2,706 with Severe AS-MR were included. Patients with Moderate AS+MR were the oldest, with most frequent congestive heart failure, atrial fibrillation, pulmonary hypertension and right ventricular enlargement/dysfunction. MR was primary in 64% and secondary in 36%. Over median 1.9 years, patients with Moderate AS+MR experienced excess mortality over time vs Moderate AS-MR (p=0.003), and this excess was observed earlier in secondary MR (within 0.5 year) and later in primary MR (at ∼2 years). Patients with Severe AS -MR had higher mortality vs Moderate AS -MR (p<0.001) and numerically but not statistically higher mortality vs Moderate AS +MR (p=0.13). Patients with Moderate AS+MR had accelerated decline in LVEF compared to Moderate AS-MR.
Concomitant moderate MR in moderate AS is associated with more congestive heart failure and worse pulmonary pressures and outcomes compared to moderate AS without MR. These patients may benefit from closer follow-up; whether these patients benefit from earlier intervention requires investigation."
PubMed,aortic stenosis,Emergency Transcatheter Aortic Valve Replacement in Cardiogenic Shock Caused by Severe Bicuspid Aortic Valve Stenosis.,Martin Jurisic; Fabian Starnecker; Michael Joner; Tobias Rheude,10.1016/j.jaccas.2026.109110,2026-07-14,JACC. Case reports,"Treatment of severe aortic stenosis in cardiogenic shock remains challenging, particularly in younger patients with bicuspid valve stenosis (BVS).
A 51-year-old woman with severe high-gradient BVS presented in cardiogenic shock with multiorgan dysfunction. Given hemodynamic instability, the heart team proceeded with urgent transcatheter aortic valve replacement. A 26-mm balloon-expandable Edwards SAPIEN 3 Ultra RESILIA valve was successfully implanted, resulting in rapid hemodynamic stabilization.
This case highlights the importance of urgent heart team decision-making in unstable patients with severe BVS. Lifetime management requires individualized device selection considering annular dimensions, calcification pattern, coronary access, and future redo-procedure strategies.
In the presence of refractory cardiogenic shock, transcatheter aortic valve replacement may be the preferred treatment strategy and should be considered as part of an individualized lifetime management strategy."
PubMed,aortic stenosis,Diagnostic performance of angiography-derived coronary physiology in transcatheter aortic valve implantation pathway: a systematic review and diagnostic accuracy meta-analysis.,Ioannis Skalidis; Lisa Simioni; Giulia S Beretta; Stéphane Cook; Mario Togni; Peter Wenaweser; Julius Jelisejevas; Giacomo Maria Cioffi; Pascal Meier; Michaella Alexandrou; Anastasios Apostolos; Vasileios Panoulas; Neila Sayah; Antoinette Neylon; Philippe Garot; Thomas Hovasse; Nicolas Amabile; Stephane Noble; Mariama Akodad,10.25270/jic/26.00141,2026-07-10,The Journal of invasive cardiology,"Coronary artery disease affects nearly half of patients undergoing transcatheter aortic valve implantation (TAVI), but the accuracy of angiography-derived, wire-free coronary physiology in severe aortic stenosis remains uncertain. The authors evaluated its diagnostic performance for detecting fractional flow reserve (FFR)-defined significant stenoses in TAVI candidates and assessed whether accuracy differed when invasive FFR was measured before vs after TAVI.
A diagnostic accuracy meta-analysis was performed including studies reporting lesion-level comparisons between angiography-derived physiology (threshold ≤0.80) and invasive FFR (≤0.80) in patients undergoing TAVI evaluation. All included studies evaluated quantitative flow ratio (QFR) or Murray-law-based QFR; no eligible studies using FFRangio or vFFR were identified. Pooled sensitivity and specificity were calculated using random-effects models. Diagnostic odds ratios (DOR), likelihood ratios, and post-test probabilities were derived. Meta-regression evaluated the impact of FFR timing (CRD420261332222).
Five studies met inclusion criteria. Four studies (422 lesions) contributed to the primary analysis and 3 studies (250 lesions) to the secondary analysis. In the primary analysis, pooled sensitivity was 0.79 (95% CI, 0.68-0.87) and specificity 0.88 (95% CI, 0.80-0.93) (DOR 28). In the secondary analysis, sensitivity was 0.71 (95% CI, 0.57-0.82) and specificity 0.95 (95% CI, 0.90-0.98) (DOR 46.5), with comparable global discrimination (Youden index 0.66 vs 0.67). Meta-regression showed no significant interaction by reference timing (P = .39).
Angiography-derived coronary physiology demonstrates good diagnostic performance in patients undergoing TAVI evaluation, with comparable overall discrimination when referenced to both pre- and post-TAVI FFR, although interpretation is limited by the absence of a stable reference standard across hemodynamic states."
PubMed,aortic stenosis,Secondary Hypertension and Renal Atrophy Unmasking Takayasu Arteritis With Renal Artery Stenosis.,Laktib Nabil; Selma Saidi; Yahya Sqalli Houssaini; Zouhair Lakhal; Aatif Benyass,10.7759/cureus.110793,2026-06,Cureus,"Takayasu arteritis is a rare inflammatory arteriopathy predominantly affecting young women and representing an important, often under-recognized, cause of secondary hypertension. Diagnosis is frequently delayed due to nonspecific early manifestations, while advanced vascular lesions may already be established at presentation. A 25-year-old woman with no prior history was referred for incidentally discovered hypertension. Workup excluded common secondary causes but showed elevated inflammatory markers. Imaging revealed severe left renal atrophy with renal artery occlusion, circumferential suprarenal abdominal aortic wall thickening, and superior mesenteric artery ostial stenosis on computed tomography angiography. Takayasu arteritis was diagnosed. Hypertension was attributed to renovascular disease, but revascularization was not indicated due to advanced renal atrophy. The patient was treated with corticosteroids and optimized antihypertensive therapy. This case underscores the insidious presentation of Takayasu arteritis and the pivotal role of imaging in diagnosing active inflammatory lesions. It highlights renovascular hypertension as a key manifestation and emphasizes the importance of assessing renal viability when considering revascularization. In advanced unilateral renal atrophy, the benefit of intervention is limited, and management should prioritize medical therapy. Takayasu arteritis should be considered in young patients with unexplained hypertension and inflammatory syndrome. Early recognition and imaging are essential to guide management and avoid unnecessary interventions in advanced disease."
PubMed,aortic stenosis,Coral reef aorta in a child: a case report.,Ma Yanling; Zhu Hongtao; Qu Ning,10.1186/s13256-026-06245-y,2026-07-13,Journal of medical case reports,"Hypertension in children is predominantly secondary in nature. When conventional antihypertensive therapy proves ineffective, rare vascular conditions such as Coral Reef Aorta (CRA) should be considered. These disorders are extremely uncommon in pediatric practice and are often overlooked.
A 12-year-old Uyghur patient presented with intermittent headaches and severe hypertension. Computed tomography (CT) angiography of the aorta revealed multiple calcified plaques in the descending thoracic aorta, which demonstrated a coral reef-like appearance, as well as renal artery stenosis. Following renal artery balloon angioplasty and antihypertensive medication, the patient's blood pressure was successfully controlled. At the 18-month follow-up, there was no recurrence of hypertension.
This case confirms that rare vascular diseases such as CRA must be included in the differential diagnosis of refractory hypertension of unknown cause in children. Early completion of aortic CT angiography is crucial for establishing a definitive diagnosis, guiding treatment, and preventing long-term complications."
PubMed,aortic stenosis,Aortic Valve Hemodynamic Physiology: New Insights to Improve Patient Selection.,Nils P Johnson; Pim A L Tonino,10.1016/j.jcin.2026.04.050,2026-07-13,JACC. Cardiovascular interventions,
PubMed,aortic stenosis,Iron Deficiency Criteria for Patients Undergoing Transcatheter Aortic Valve Replacement.,Maissa El-Qendouci; Jeannette Goudzwaard; Madelon de Beer-Leentfaar; Lucas Uchoa de Assis; Antigone Kostea; Dian Huurman; Stefan van Gorsel; Isabella Kardys; Joost Daemen; Nicolas M Van Mieghem; Francesco Mattace Raso; Rutger-Jan Nuis,10.1016/j.jcin.2026.04.028,2026-07-13,JACC. Cardiovascular interventions,
PubMed,aortic stenosis,Understanding the Volume-Outcome Curve in Contemporary Transcatheter Aortic Valve Replacement: Complications or Failure to Rescue?,Zaid I Almarzooq; Jay Khambhati,10.1016/j.jcin.2026.05.016,2026-07-13,JACC. Cardiovascular interventions,
PubMed,valvular heart disease,Advances in the Understanding and Mechanisms of Cabergoline-induced Valvulopathy in Prolactinoma Patients.,ZiLong Tan; TengTeng Wang; Wei He; Ziwei Weng; Kaixin Xie; Zhuo Chen; XiaoLi Shen; DaPeng Wang,10.2174/0113895575419669260114072747,2026,Mini reviews in medicinal chemistry,"Prolactinomas are the most common neuroendocrine tumors of the pituitary and the leading cause of hyperprolactinemia. Dopamine Receptor Agonists (DAs), particularly cabergoline (CAB), effectively reduce prolactin levels and tumor volume, and are therefore the first-line therapy for prolactinomas. With long-term cabergoline use, adverse effects may become more consequential for some patients. Cabergoline-Associated Valvulopathy (CAV) primarily affects the mitral, tricuspid, and aortic valves, although its underlying mechanisms remain unclear. The potential link between CAB use and Valvular Heart Disease (VHD) in patients with prolactinomas remains controversial. This review summarizes current understanding of CAV and explores potential molecular mechanisms, including CAB's modulation of catecholaminergic, serotonergic, and Transforming Growth Factor-beta (TGF-β) related signaling pathways, along with inflammatory pathways. By integrating clinical patterns with mechanistic plausibility, we aim to support practical surveillance decisions and improve the long-term safety of CAB therapy in patients with prolactinomas."
PubMed,valvular heart disease,Rethinking Tricuspid Valve Regurgitation in Heart Failure - A Pathophysiology-based Holistic Approach for Individualized Patient Management.,Karl-Patrik Kresoja; Lukas Stolz; Antonio Cannata; Karl-Philipp Rommel; Mirjam Wild; Edoardo Zancanaro; Henrike Arfsten; Christian Besler; Guillaume Bonnet; Niklas Schofer; Robert Stöhr; Alessandro Sticchi; Mirjam Kessler; Erik Rafflenbeul; Frederik H Verbrugge,10.1093/ejhf/xuag226,2026-07-15,European journal of heart failure,"Tricuspid regurgitation (TR) rarely exists as an isolated condition and is most frequently secondary due to heart failure (HF), or atrial fibrillation, with prevalent extracardiac comorbidities. Morphological assessment of the anatomy and severity of TR, together with evaluation of symptoms, currently drives interventional approaches, yet a more holistic integration of causal and contributing comorbid conditions might further improve outcomes. The present review explores such a pathophysiology-driven holistic approach to interpret functional changes and symptomatic burden in patients with TR. It focuses on acknowledging the dynamic nature of TR, but most importantly the bidirectional crosstalk between TR and HF, as well as other organ systems that might drive symptoms and prognosis, but also TR progression. Assessment of TR is ideally performed after optimizing the treatment of interfering comorbidities and correcting volume overload to isolate the true effects of the TR itself. Invasive hemodynamic assessment, portal vein Doppler, and liver stiffness measurements may offer useful information in clinical decision-making. When TR is identified as the primary driver of disease, or if it is strongly interacting with concomitant diseases, more aggressive therapeutic approaches may be pursued. In contrast, when it is more a consequence of the underlying HF, the right expectations in terms of symptomatic improvement and prognosis should be set. This framework may help to identify patients who are the most likely to benefit from TR interventions, while acknowledging the complexity of their clinical picture in the context of HF."
PubMed,valvular heart disease,Surgical management of left ventricular masses: a case series highlighting ventricular-sparing approaches.,Pawan Parasnath Singh; Vidyut Kumar; Prashant Pawar,10.1007/s12055-026-02210-y,2026-08,Indian journal of thoracic and cardiovascular surgery,"Left ventricular (LV) masses, ranging from neoplasms to thrombi, pose diagnostic challenges and significant embolic risks. The traditional surgical approach often involves a ventriculotomy, which can contribute to compromised myocardial function. In the present case series, we aim to report three patients with LV masses of different etiologies managed surgically at a tertiary care center. In the first case, a suspected myxoma attached to the anterior papillary muscle was excised via a trans-mitral approach. Histopathology revealed a rare non-valvular papillary fibroelastoma. In the second case, the patient presented with ischemic cardiomyopathy (left ventricular ejection fraction (LVEF) 40%) and a small apical thrombus, which was managed via a trans-aortic approach, allowing extraction through the aortic valve to preserve ventricular geometry. The third case was a patient with ischemic heart disease (post-percutaneous coronary intervention (post-PCI)) and severe LV dysfunction (LVEF 30%) who presented with a massive (5 × 4 cm) anterior wall thrombus. Access was achieved via the trans-mitral route, facilitating complete extraction of the large burden without ventriculotomy. In this series, we suggest a tiered approach toward LV masses depending on the mass size, location, and patient hemodynamics. Utilizing natural valve orifices (trans-atrial and trans-aortic) to avoid ventriculotomy, particularly in patients with compromised ejection fractions, may improve surgical outcomes by preserving ventricular physiology."
PubMed,valvular heart disease,Corrigendum to: 2025 ESC/EACTS Guidelines for the management of valvular heart disease: Developed by the task force for the management of valvular heart disease of the European Society of Cardiology (ESC) and the European Association for Cardio-Thoracic Surgery (EACTS).,,10.1093/ejcts/ezag193,2026-07-08,European journal of cardio-thoracic surgery : official journal of the European Association for Cardio-thoracic Surgery,
PubMed,valvular heart disease,"Combined Atrial Functional Mitral and Tricuspid Regurgitation in Atrial Fibrillation: Prevalence, Associated Factors, and Three-Dimensional Valve Remodeling.",Andrei-Alexandru Nour; Diana-Ruxandra Hădăreanu; Despina-Manuela Toader; Călin-Dinu Hădăreanu; Maria-Livia Iovănescu; Anca Mihu-Marinescu; Georgică-Costinel Târtea; Ionuț Donoiu; Edme-Roxana Mustafa; Oana Munteanu-Mirea; Răzvan-Ilie Radu; Octavian Istrătoaie; Cristina Florescu,10.3390/jcm15135198,2026-07-02,Journal of clinical medicine,"Background/Objectives: Atrial fibrillation (AF) may cause functional mitral regurgitation (MR) and tricuspid regurgitation (TR) through atrial remodeling and annular dilation. However, the prevalence and structural characteristics of combined MR/TR in AF are not well defined. We aimed to determine the prevalence, clinical profile, and factors associated with combined clinically significant MR and TR in AF patients. Methods: In this prospective observational study (REMO-FIB), 175 consecutive AF patients underwent comprehensive transesophageal echocardiography with three-dimensional mitral valve analysis. After excluding organic MR and significant aortic valve disease, 125 patients were analyzed. Patients were classified into four groups according to the presence of moderate/severe MR and/or TR. Multivariable logistic regression evaluated factors associated with the combined phenotype. Results: Among 125 patients, 53 (42.4%) had no significant MR/TR, 33 (26.4%) had isolated MR, 11 (8.8%) had isolated TR, and 28 (22.4%) had combined MR/TR. Compared with patients without regurgitation, those with combined MR/TR had higher symptom burden (EHRA class, p = 0.036), more heart failure (92.9% vs. 67.9%, p = 0.048), larger left (47.0 vs. 42.0 mm, p = 0.002) and right atria (42.0 vs. 38.0 mm, p < 0.001), higher pulmonary artery pressure (40.0 vs. 28.0 mmHg, p = 0.004), and lower left ventricular ejection fraction (47.5% vs. 55.0%, p = 0.006). Three-dimensional analysis showed larger mitral annular perimeter (129.0 vs. 121.0 mm, p = 0.009), greater annular area (12.7 vs. 11.1 cm2, p = 0.014), longer anterior leaflet length (26.5 vs. 24.0 mm, p < 0.001), and greater tenting area (2.1 vs. 1.4 cm2, p = 0.002). Factors independently associated with the combined phenotype were female sex (OR 4.60, p = 0.015), lower ejection fraction (OR 0.47 per SD, p = 0.005), and larger right atrial diameter (OR 1.85 per SD, p = 0.037). Model discrimination was good (AUC 0.81). Conclusions: Combined moderate/severe MR and TR affects over one-fifth of AF patients without organic valve disease and is associated with advanced biatrial remodeling, adverse symptoms, and heart failure. Comprehensive assessment of both atrioventricular valves should be considered in AF."
PubMed,valvular heart disease,"Valvular Heart Disease and Heart Failure in the Post-COVID-19 Era: A Narrative Review of Mechanisms, Diagnosis, Differential Assessment, and Clinical Outcomes.",Maria Rada; Iasmina Madalina Petculescu; Ana-Maria Pah; Adina Avram; Dana Emilia Velimirovici; Ariana Bianca Velciov; Cristina Tudoran; Stela Iurciuc; Diana Utu; Dan Radu Gheorghe; Maria-Laura Craciun,10.3390/jcm15135007,2026-06-26,Journal of clinical medicine,"Background/Objectives: Cardiovascular involvement is among the most consequential sequelae of SARS-CoV-2 infection. Myocardial injury, arrhythmia, and thromboembolic disease have been characterized in depth, yet the relationship between COVID-19 and valvular heart disease (VHD), and its interplay with heart failure (HF), has received comparatively limited synthesis. This narrative review consolidates current evidence on the mechanisms, diagnosis, differential assessment, and clinical outcomes linking acute and post-acute COVID-19 to valvular dysfunction and to incident or worsening heart failure, with emphasis on practical implications for cardiologists and internists. Methods: We searched PubMed, Scopus, and Web of Science (January 2020-January 2026) for studies on valvular dysfunction, heart failure, myocardial injury, and endothelial pathology in SARS-CoV-2 infection, and synthesized findings narratively. Results: Convergent pathways-endothelial injury, systemic hyperinflammation, micro- and macrovascular thrombosis, and pressure-volume overload-contribute to functional and, less frequently, structural valvular changes. Available evidence suggests that clinically relevant post-COVID valvular abnormalities are more often secondary/functional (mitral and tricuspid regurgitation) than primary structural lesions, although dedicated prospective valvular studies remain scarce. Pre-existing severe VHD markedly worsens acute COVID-19 prognosis. Elevated NT-proBNP, troponin, and interleukin-6 consistently predict decompensation and mortality, and a substantial minority of survivors show persistent fibrotic pulmonary changes and restrictive ventilatory defects on follow-up (pulmonary rather than cardiac findings). Conclusions: Post-COVID valvular dysfunction appears, on currently available but largely indirect evidence, predominantly functional and inflammation-related, and may overlap with HFpEF phenotypes in selected patients when objective diagnostic criteria are fulfilled. Biomarker-guided, multimodality follow-up is reasonable in high-risk survivors, and prospective longitudinal studies with standardized valvular endpoints remain a priority. Dedicated longitudinal evidence on valvular outcomes specifically remains very limited."
PubMed,valvular heart disease,CCTA of Pediatric Congenital Right Heart Obstructive Lesions: A Pictorial Review.,Zuofeng Zheng; Lei Xu,10.3390/diagnostics16131959,2026-06-24,"Diagnostics (Basel, Switzerland)","Pediatric congenital right heart obstructive lesions encompass a spectrum of diseases that obstruct blood flow from the right atrium to the pulmonary artery. Right ventricular inflow obstructions include tricuspid valve abnormalities, such as Ebstein anomaly, tricuspid valve dysplasia, and tricuspid atresia. Right ventricular outflow obstructions include pulmonary valve stenosis, pulmonary atresia, and tetralogy of Fallot. Cardiac computed tomography angiography (CCTA) is a valuable tool for the diagnosis, treatment planning, and follow-up of these lesions. In this pictorial review, we highlight the diagnostic utility of CCTA in congenital right heart obstructive lesions, emphasizing its role in preoperative planning."
PubMed,valvular heart disease,Improvement in Lead-Related Tricuspid Regurgitation Following Transvenous Lead Extraction: A Prospective Multicenter Study.,Mouhannad Sadek; Yaariv Khaykin; Mehrdad Golian; Nicolas M Berbenetz; Lawrence Lau; Angeline Law; Bernice Tsang; David Birnie; Atul Verma; Joshua Cooper; Robert Schaller,10.1016/j.hrthm.2026.07.016,2026-07-14,Heart rhythm,"Cardiac implantable electronic device (CIED) leads can cause or exacerbate tricuspid regurgitation (TR) through mechanical leaflet impingement and subsequent structural remodeling. The extent to which TR improves following transvenous lead extraction (TLE) remains unclear.
To evaluate changes in TR severity after TLE in patients with severe, lead-related TR and identify predictors of improvement.
This prospective, multicenter registry included 25 consecutive patients with severe TR and echocardiographic evidence of CIED lead impingement who underwent TLE at four institutions. The primary endpoint was improvement in TR severity on follow-up echocardiography.
Mean age was 65 ± 19 years, and 44% were male. Pacemakers accounted for 68% of devices, with a mean lead dwell time of 5.6 ± 6.2 years. All patients had severe TR prior to extraction. Following TLE, 9 patients (36%) demonstrated improvement in TR severity. Improvement typically began within 3-4 months and progressed during the first year of follow-up. Patients with TR improvement had significantly shorter lead dwell times compared with those without improvement (2.6 ± 1.6 vs. 8.2 ± 6.9 years, p = 0.025).
In this prospective multicenter cohort, over one-third of patients with severe, lead-related TR experienced meaningful improvement following TLE. Shorter lead dwell time was associated with a higher likelihood of recovery, suggesting that earlier intervention may increase the likelihood of reversibility when TR is caused by leaflet impingement. These findings support timely consideration of TLE in selected patients and warrant validation in larger studies."
PubMed,valvular heart disease,Endograft-facilitated overexpansion of a calcified right ventricle-to-right pulmonary artery Contegra conduit for transcatheter pulmonary valve replacement.,Pradyumna Agasthi; Kaitlyn Krebushevski; Allison K Cabalka; Jason H Anderson,10.25270/jic/26.00168,2026-07-07,The Journal of invasive cardiology,
PubMed,valvular heart disease,Stair use and risk of incident rheumatic and non-rheumatic valvular heart disease: a cohort study from the UK biobank.,Yabing Hou; Huichao Wu; Hongxi Yang; Zuolin Lu,10.3389/fcvm.2026.1855909,2026,Frontiers in cardiovascular medicine,"This study aims to comprehensively investigate the association between stair climbing and risk of incident valvular heart disease (VHD) and its subtypes.
Participants with available measurements of stair climbing at baseline from 2006 to 2010 were included from the UK Biobank study. Stair climbing data was collected through touchscreen questionnaire. The primary outcome was new-onset VHD, which was defined using ICD-10 code. Incident VHD was followed till March 1st, 2022. Cox models were used to assess the association between stair climbing and VHD.
A total of 488,964 participants (mean age 56.5 years) were included in the present study. During a median follow-up time of 13.0 years, 17,494 (3.6%) participants experienced new-onset VHD. After adjustments, climbing 10-50, 60-100, 110-150 and ≥160 steps of stairs per day were associated with significant reduced VHD risks of 12%, 15%, 22%, and 20%, respectively (P for trend <0.0001), compared to not climbing any stairs. For VHD subtypes, individuals who climbed more than 160 steps per day exhibited a lowered risk of rheumatic valve disease (Hazard ratio: 0.79, 95% confidence intervals: 0.66-0.95), non-rheumatic valve disease (0.78, 0.72-0.83), multiple valve disease 0.82, 0.74-0.90), and endocarditis (0.63, 0.48-0.83). Such associations were more evident among participants with lower levels of total physical activity.
In this large population-based cohort study, the number of climbed stairs was independently associated with decreased risk of new-onset VHD. Findings suggest that promoting regular stair climbing could be a potential target for preventive interventions of VHD onset."
PubMed,valvular heart disease,Evaluating the UNICA system for the treatment of severe tricuspid regurgitation.,Idan Bergman; Amos Levi; Guy Witberg; Yeela Talmor-Barkan; Aviad Rotholz; Pablo Codner; Yaron Shapira; Ran Kornowski; Leor Perl,10.1080/14796678.2026.2701251,2026-07-13,Future cardiology,"Despite significant advances in transcatheter tricuspid valve repair and replacement (TTVR), a substantial proportion of patients with severe tricuspid regurgitation (TR) remain ineligible for currently available therapies due to anatomical constraints, advanced disease, or prohibitive procedural risk. Heterotopic valve implantation strategies, in which prosthetic valves are positioned outside the native tricuspid annulus, have emerged as alternative approaches for this challenging population. The UNICA system represents a novel single-stent, double valve heterotopic platform designed for patients with symptomatic severe TR who are unsuitable for surgical or transcatheter annular interventions. Early clinical experience suggests high technical success, short procedural times, favorable short-term safety, and meaningful improvements in functional status and quality of life. Mechanistically, the system offers potential advantages over existing TTVR devices by bypassing complex annular anatomy and simplifying procedural execution. Nevertheless, further prospective data is required to define long-term durability, optimal patient selection, and comparative effectiveness."
PubMed,valvular heart disease,Hospital Volume and Failure to Rescue Post-TAVR: Insights From the STS/ACC TVT Registry.,Tayyab Shah; Jayakumar Sreenivasan; Miloni Shah; Andrzej Kosinski; Sreekanth Vemulapalli; Matthew W Sherwood; John K Forrest; David J Cohen; Tsuyoshi Kaneko; Yousif Ahmad; Howard Julien; Amit N Vora,10.1016/j.jcin.2026.03.036,2026-07-13,JACC. Cardiovascular interventions,"There is an inverse volume-mortality relationship for transcatheter aortic valve replacement (TAVR), with higher adjusted mortality among hospitals with lower TAVR volumes.
The aim of this study was to identify potential mediators of the volume-mortality relationship including the risk of major complications occurring and/or failure to rescue (FTR) from these complications.
Using the Society of Thoracic Surgeons/American College of Cardiology Transcatheter Valve Therapy Registry, we identified patients who underwent TAVR from 2017 to 2023. The rate of FTR-defined as 30-day risk-adjusted mortality following a major complication post TAVR-was compared across hospitals stratified by quartiles (Q1-Q4) of annualized TAVR volume.
A total of 487,159 patients (median age: 79 years, 57% male) who underwent TAVR across 808 sites were included. Lower-volume centers (Q1) had significantly higher rates of 30-day mortality (adjusted OR: 1.12; 95% CI: 1.00-1.25; P = 0.045) and major complications (adjusted OR: 1.19; 95% CI: 1.08-1.32; P = 0.0006) than higher-volume centers (Q4). The overall rate of FTR across all hospitals was 11.0%. There were no significant differences in FTR rates by hospital volume (adjusted OR: 0.97 per 100 cases; 95% CI: 0.93-1.01; P = 0.11) and no evidence of a threshold relationship.
In this large contemporary study, we found that higher annualized TAVR volume was associated with lower complication rates but not with lower FTR rates. These findings suggest that the inverse relationship between hospital TAVR volume and post-TAVR mortality may be more strongly associated with complication rates than with FTR."
PubMed,valvular heart disease,Procedural Strategies for Optimal Transcatheter Aortic Valve Replacement: An International Position Statement.,Annette Maznyczka; Thomas Pilgrim; David Hildick-Smith; Antonio Mangieri; Azeem Latib; Mohamed Abdel-Wahab; Mohamad Alkhouli; John G Webb; Michael J Reardon; Howard C Herrmann; Daniel J Blackman; Luis Nombela-Franco; Tanja K Rudolph; Joanna J Wykrzykowska; Marco Barbanti; Michael Joner; Philippe Généreux; Kristoffer Russell; Christophe Saint-Etienne; Mariama Akodad; Yusuke Kobari; David Meier; Nicolas Van Mieghem; Toby Rogers; Susheel Kodali; Yohei Ohno; Domenico Angellotti; Bernard Prendergast; Danny Dvir; Darren Mylotte; Didier Tchétché; Nicolo Piazza; Ole De Backer,10.1016/j.jcin.2026.04.049,2026-07-13,JACC. Cardiovascular interventions,"The extension of transcatheter aortic valve replacement (TAVR) to younger patients with longer life expectancy has driven a shift in focus toward procedural optimization, with the goals of maximal clinical improvement, durable outcomes, maintained coronary access, and avoidance of permanent pacemaker implantation. A TAVR CODE framework including 4 key fluoroscopic parameters-coaxiality, orientation, depth, and expansion-has recently been proposed to standardize the intraprocedural evaluation of optimal transcatheter heart valve (THV) implantation. Systematic implementation of these concepts during TAVR is expected to improve valve performance and durability. This is hypothesized to improve afterload reduction, enhance left ventricular reverse remodeling, and confer increased and longer lasting clinical benefits. To date, procedural strategies to optimize TAVR outcomes have been largely based upon expert opinion, supported predominantly by mechanistic and retrospective studies. Ongoing randomized trials are evaluating the effects of systematic pre- and postdilatation during TAVR, the impact of same-volume double-tap techniques with balloon-expandable valves, and the effectiveness of different commissural alignment techniques. Meanwhile, intravascular ultrasound is under investigation as a tool to evaluate THV expansion to guide postdilatation, while technical consistency may be improved by innovative THV designs that promote symmetrical expansion, better fluoroscopic visualization, and robotic insertion systems using artificial intelligence. In this article, we detail the possible impact of implementing the TAVR CODE framework on THV function, durability, and clinical outcomes, and provide an expert perspective on procedural strategies to achieve optimal index TAVR outcomes, including management frameworks and position statements according to contemporary best practices."
PubMed,valvular heart disease,Anaesthetic management of a child with anomalous origin of the left coronary artery from the pulmonary artery (ALCAPA) and supravalvular aortic stenosis (SVAS) associated with Williams-Beuren syndrome undergoing combined coronary reimplantation and supravalvular aortoplasty.,Muhammad Azhar Sharafat; Muhammad Saad Yousuf; Muhammad Arslan Zahid; Khalid Samad,10.1136/bcr-2025-271192,2026-07-13,BMJ case reports,"A child with genetically confirmed Williams-Beuren syndrome, having moderate supravalvular aortic stenosis, was diagnosed with anomalous origin of the left coronary artery from the pulmonary artery (ALCAPA), a rarely described combination. This coexistence created competing physiological stress on coronary perfusion as myocardial oxygen delivery to the left ventricle depended on right coronary collateral circulation in the presence of fixed left ventricular outflow obstruction. The child underwent combined surgical repair with reimplantation of the left coronary artery into the aorta and supravalvular aortoplasty. Anaesthesia was induced gradually to avoid abrupt haemodynamic changes, invasive monitoring was established early, and ventilation was adjusted to maintain normocapnia and moderate oxygenation to limit factors that could aggravate coronary steal physiology. The child was separated from bypass on minimal inotropic support and had an uneventful postoperative recovery. This case illustrates the relevance of controlled induction, meticulous haemodynamic balance and coordinated team management for a successful outcome in such a complex case."
PubMed,valvular heart disease,Harbinger of Difficult Weaning from Cardiopulmonary Bypass in Aortic Valve Replacement Surgery: A Case Report.,Allan Deepak; Balaji Kuppuswamy; Kirubakaran Davis; Shalom S Andugala,10.4103/aca.aca_290_25,2026-07-01,Annals of cardiac anaesthesia,"Failure to wean from cardiopulmonary bypass (CPB) is a rare but critical intraoperative challenge. Common causes include residual structural defects (causing intracardiac shunting, prosthetic valve leaks), left ventricle outflow tract obstruction, ventricular dysfunction, or vasoplegic syndrome. We present the case of a 56-year-old man with severe aortic stenosis who underwent surgical aortic valve replacement. Separation from CPB failed repeatedly due to acute right ventricular dysfunction detected on transesophageal echo. The patient was found to have a congenital anomalous high origin of the right coronary artery (RCA), likely compromised during surgery. Timely recognition and surgical revascularization of the RCA with a saphenous vein graft restored right ventricular function and facilitated successful weaning. This case highlights the importance of intraoperative echocardiography, awareness of anomalous coronary anatomy, and prompt multidisciplinary decision-making in managing difficult separation from CPB."
PubMed,valvular heart disease,Stent-Related Infective Endocarditis Revealing Aortic Cusp Perforation on Intraoperative TEE: A Case Report Altering Surgical Strategy.,Rajesh Madavathazathil Gopalakrishnan; Dheeraj Arora; Akhil Diwan,10.4103/aca.aca_268_25,2026-07-01,Annals of cardiac anaesthesia,"Coronary stent infective endocarditis (IE) is a rare but serious complication of percutaneous coronary intervention. Extension to adjacent valvular structures, particularly causing cusp perforation of the aortic valve, is exceedingly uncommon. Intraoperative transesophageal echocardiography (TEE) may reveal complications not detected preoperatively, thereby changing surgical plans. We report a patient who underwent coronary angioplasty followed by persistent fever and suspicion of stent infection. Angiography detected stent related left anterior descending artery aneurysm and preoperative plan for stent explantation and revascularization was made. However, on the operating table, intraoperative TEE demonstrated perforation of the right coronary cusp of the aortic valve with severe aortic regurgitation. Surgical strategy was modified to include stent explantation, coronary artery bypass graft (CABG), and aortic valve replacement. The stent specimen showed evidence of infection. The patient's postoperative course was favorable under targeted antibiotic therapy. This case illustrates how intraoperative TEE can uncover unanticipated valvular destruction in stent-related IE and meaningfully alter surgical decision-making. Early recognition, imaging vigilance, and flexibility in surgical planning are essential in management of such rare but high-risk complications."
PubMed,valvular heart disease,Morquio Syndrome for Aortic Valve Replacement: Anesthesia Concerns - A Case Report.,Jupi Talukdar; Surekha Vondutla; Mamatha Munaf; K P Unnikrishnan; Varghese T Panicker,10.4103/aca.aca_249_25,2026-07-01,Annals of cardiac anaesthesia,"Morquio syndrome is a lysosomal storage disease that can lead to glycosaminoglycan deposition in the tissues. Skeletal deformities, cardiovascular complications, and airway abnormalities are well-recognized in this condition, specifically owing to thickened mucosa and epiglottis, making fiberoptic-guided intubation less successful. Our patient had severe aortic regurgitation and was posted for aortic valve replacement. Anesthetic challenges encountered during the management of the case, and a different approach to airway management are highlighted in this report. With increased survival of patients affected with Morquio syndrome, cardiac anesthesiologists might see an increasing number of similar patients requiring corrective cardiac surgery."
PubMed,valvular heart disease,Rare and rarer: percutaneous transcatheter mitral commissurotomy using over-the-wire technique in a patient with mucopolysaccharidosis-a case report.,Darshita Gosai; Sriram Easwaran; Ajaykumar Mahajan; Pratap Nathani; Milind Phadke,10.1093/ehjcr/ytag266,2026-07,European heart journal. Case reports,"Percutaneous transcatheter mitral commissurotomy (PTMC) by the Inoue technique is the traditional technique to relieve rheumatic mitral stenosis. Mucopolysaccharidoses, a group of rare lysosomal storage disorders, result in skeletal and vertebral anomalies and cardiac valvular abnormalities. The coexistence of both pathologies is rare, and mitral stenosis in such a scenario may pose significant technical challenges.
We present the case of a short statured 15-year-old girl with mucopolysaccharidosis Type VI with severe mitral stenosis and moderate aortic stenosis. Echocardiography revealed features suggestive of rheumatic involvement rather than due to the syndrome. Due to high surgical risk and unique anatomical characteristics, percutaneous approach was more amenable than surgery. The patient underwent successful PTMC using an unconventional over-the-wire technique instead of the traditional Inoue technique.
This case highlights the importance of a case-based approach in unique anatomic and high-risk situations for better outcomes, which may need out-of-the-box thinking."
PubMed,valvular heart disease,Investigating Titanium Fastener Technology: Results from the Multi-center Prospective CRIMP Study.,Farhad Bakhtiary; Nermir Granov; Miriam Silaschi; Greta Lewe; Jacqueline Kruse; David Rowlands; Armin Šljivo; Lazar Velicki,10.1007/s12325-026-03708-y,2026-07-13,Advances in therapy,"Titanium fastener technology is increasingly adopted for use in minimally invasive valve surgery and open procedures to facilitate faster operative times and reproducible fastening of sutures. The objective of this study was to evaluate the technical feasibility and short-term safety of automated titanium fastener technology for securing sutures in heart valve repair and/or heart valve replacement procedures.
The CRIMP study is a multicenter, prospective study that enrolled patients undergoing heart valve repair or replacement via open or minimally invasive approaches at three centers (n = 120). The primary endpoints were device success and prosthesis implantation time.
Mean age was 62.5 (SD 11.1) years, 33.3% of patients was female and the cohort was characterized as low surgical risk (EuroSCORE II 1.6%; SD 2.3%). Predominant valve disease was mitral regurgitation. Median procedure time was 178 (IQR 145-210) min. Median aortic cross-clamp time was 82 (IQR 59-107) min. The majority of procedures was minimally invasive (76.7%). In aortic valve procedures, median prosthesis implantation time (first stitch until last COR-KNOT placement) was 25 (IQR 18-46) min and in mitral valve procedures median implantation time was 50 (IQR 48-52) min. Device success was 100%, since no automated titanium fastener failed to grip or crimp appropriately. Median number of COR-KNOTS used was 14 (IQR 12-16) per valve. In-hospital mortality was 0.8%. All observed adverse events were considered unrelated to the device and there was no valve prosthesis dehiscence at 30-days of follow-up.
The use of automated titanium fastener technology for suture fixation in heart valve surgery was technically feasible and showed short-term safety in all patients, with no obvious device-related adverse events observed. Graphical abstract available for this article.  Clinical trial registration number: DRKS00038956."
Crossref,aortic stenosis,Serum sialic acid is independently associated with cerebrovascular atherosclerotic stenosis severity and total vascular burden: A retrospective cohort study,Qi Cai; Chunjiao Yang; Lei Luo; Yinfei Huang; Yu Xie; Xin Liang; Renwei Zhang; Yumin Liu,10.1016/j.cca.2026.121217,2027-01,Clinica Chimica Acta,
Crossref,aortic stenosis,Staged Full-endoscopic Foraminotomy for Multilevel Lumbar Stenosis with Scoliosis: A Case Report,Takayuki KITAHARA; Yuji NAGAO; Takafumi OHSHIMA; Naoto ONO; Saori SOEDA; Makoto TAKEUCHI; Kosuke SUGIURA; Hiroaki MANABE; Masatoshi MORIMOTO; Fumitake TEZUKA; Hiroshi KAGEYAMA; Junzo FUJITANI; Koichi SAIRYO,10.2176/jns-nmc.2025-0339,2026-12-31,NMC Case Report Journal,
Crossref,aortic stenosis,Two Cases of Lumbar Spinal Canal Stenosis with Dorsal Meningovertebral Ligaments: Potential Risk of Dural Laceration,Kyohei KIN; Ryoji TOMINAGA; Kento TAKEBAYASHI; Hiroki IWAI; Hisashi KOGA,10.2176/jns-nmc.2025-0354,2026-12-31,NMC Case Report Journal,
Crossref,aortic stenosis,Deep learning-based multimodal fusion of vibrational spectroscopy and clinical data for aortic dissection diagnosis and prognosis,Guangyao Ma; Lei Yan; Xuguang Zhou; Hui Yang; Chen Chen; Jing Tao; Hao Liu; Cheng Chen; Yining Yang,10.1016/j.saa.2026.128391,2026-12,Spectrochimica Acta Part A: Molecular and Biomolecular Spectroscopy,
Crossref,aortic stenosis,Vasodilatory study of Mitragyna speciosa (Korth.) Havil methanolic extract using rats aortic ring assay,Hui Wei Loh; Wan Yin Tew; Chong Seng Yan; Chi Yuan Low; Zurina Hassan; Qiyue Qiu; Bin Yang; Zheng Zhang; Ruiling Zhang; Nelson Jeng Yeou Chear; Mun Fei Yam,10.1016/j.jep.2026.122057,2026-12,Journal of Ethnopharmacology,
Crossref,aortic stenosis,Step-by-step En face O red oil method for aortic plaque staining and quantification in ApoE knockout mouse,Nurin Yasmin Mohd Khairudin; B. Vimala R.M.T Balasubramaniam; Suhaila Abd Muid; Nurdiyana Nasrudin; Nasibah Azme,10.1016/j.mex.2026.104020,2026-12,MethodsX,
Crossref,aortic stenosis,An antibody-conjugated polymer nanoparticle that targets inflammatory site for abdominal aortic aneurysm antioxidant stress therapy,Youjin Huang; Qi'’nan Yin; Qin Zhang; Jinping Liu; Ya Wu; Yong Liu,10.1016/j.bioadv.2026.214968,2026-11,Biomaterials Advances,
Crossref,aortic stenosis,M1 macrophage-derived exosomal miR-155-5p exacerbates aortic dissection via SMAD5-Mediated regulation of vascular smooth muscle cell phenotype,Dengwei Cao; Xinyi Li; Shaoping Zhu; Jianfeng Chen; Haoxiang Li; Jiajun Shi; Xiaoqi Xiong; Jiahui Liu; Yumou Wang; Zhe Dong; Jiangping Song; Jinping Liu,10.1016/j.bioactmat.2026.05.057,2026-11,Bioactive Materials,
Crossref,aortic stenosis,Colchicine attenuates diet-induced early aortic vascular remodeling in mice via modulation of inflammatory and cell death-associated pathways,Amira I. Shrief; Sally Abdallah Mostafa; Dina S. Elshenawy; Mamdouh Eldesoqui; Somaya Saad; Yomna F. Hassan,10.1016/j.tice.2026.103720,2026-11,Tissue and Cell,
Crossref,aortic stenosis,Comparative phenotypic analysis of primary aortic VSMCs versus TGF - β/PDGF - BB differentiated MSCs in rat,Pulkit Soni; Diksha Rani; Manish Kumar; Vaibhav Kushwaha; Anurag Thapliyal; Satyavir Yadav; Shashank Kumar Maurya; Sanjay Kumar Dey,10.1016/j.tice.2026.103714,2026-11,Tissue and Cell,
Crossref,aortic stenosis,The impact of FBN1 variant types on pregnancy-related aortic dissection in women with Marfan syndrome,Tae Yokouchi-Konishi; Chizuko Aoki-Kamiya; Mitsuhiro Tsuritani; Yasuki Ishihara; Yohei Miyashita; Yoshihiro Asano; Takeshi Yagyu; Hitoshi Matsuda; Hiroko Morisaki; Mai Temukai; Masami Sawada; Aiko Kakigano; Naoko Iwanaga; Takeshi Kanagawa; Reiko Neki; Jun Yoshimatsu,10.1016/j.ijcard.2026.134634,2026-10,International Journal of Cardiology,
Crossref,aortic stenosis,DNMT3B attenuates the development of thoracic aortic aneurysm and dissection by suppressing TFEB-mediated autophagy in vascular smooth muscle cells,Yulin Bao; Yaxin Zhu; Yuting Niu; Yilu Hu; Dingkun Lu; Ruixia Xu; Xiaohan Fan,10.1016/j.bbadis.2026.168331,2026-10,Biochimica et Biophysica Acta (BBA) - Molecular Basis of Disease,
Crossref,aortic stenosis,Impact of Aortic Diameter on Left Ventricular Diastolic Dysfunction Following Endovascular Aortic Repair in Patients with Abdominal Aortic Aneurysm,Hitoshi Nakanowatari; Masumi Iwai-Takano; Tomohiro Takano; Tsuyoshi Fujimiya; Koki Takahashi; Yoshiki Endo; Yasuhisa Fukada; Yoshihito Irie; Tetsuya Ohira,10.1016/j.avsg.2026.05.108,2026-10,Annals of Vascular Surgery,
Crossref,aortic stenosis,A Systematic Review and Meta-Analysis of Peak Skin Dose Determination Methods during Standard and Complex Endovascular Aortic Aneurysm Repair Procedures,Fotios O. Efthymiou; Vasileios I. Metaxas; Christos F. Pitros; Constantine N. Antonopoulos; Christos P. Dimitroukas; Konstantinos G. Moulakakis; John D. Kakisis; Stavros K. Kakkos; George S. Panayiotakis,10.1016/j.avsg.2026.06.005,2026-10,Annals of Vascular Surgery,
Crossref,aortic stenosis,Interpretable machine learning for one-year mortality prediction in acute aortic dissection: a multimodal model integrating CT imaging features and electrocardiographic parameters,Jing Zhang; Wuyu Xiong; Yunping Sun; Wenqiang Li; Cuiyuan Huang; Huiling Zheng; Caiwei Tan; Ye Sang; Jiajuan Yang; Songlin Zhang; Jian Yang,10.1016/j.bspc.2026.110969,2026-10,Biomedical Signal Processing and Control,
Crossref,aortic stenosis,Early Multicenter Experience with the Nexus Duo™ Aortic Arch Stent Graft System in the Treatment of Aneurysmatic Aortic Arch Diseases,Theodosios Bisdas; Michael Erb; Nikolas Charalambous; Michelle Antonello; Vladimir Makaloski; Luis Miguel Izquierdo Lamoca; Said Abisi; Ahmed Elbasty; Semih Buz; Elisa Jankwitz; Georgios I. Karaolanis; Nada Yasser Elzefzaf; Neophytos Zambas (Nicosia); Prakash Saha; Christiane Schubert,10.1016/j.avsg.2026.05.095,2026-10,Annals of Vascular Surgery,
Crossref,aortic stenosis,Corrigendum to ’Clinical Characteristics of Hospitalized Patients with Abdominal Aortic Aneurysm: A Large Retrospective Study in China’ [Annals of Vascular Surgery (2026) 37-44/AVS-D-25-01555],Shijie Xin; Bo Jiang; Xuan Li; Lei Wang; Ding Wang; Tan Li; Lingfeng Qin; Wayne W. Zhang,10.1016/j.avsg.2026.05.081,2026-10,Annals of Vascular Surgery,
Crossref,aortic stenosis,Metabolic mechanism analysis of abdominal aortic aneurysm tissues by internal extractive electrospray ionization mass spectrometry with minimal sample size,Manman Qin; Leting Wang; Dan Shan; Deqing Lin; Qinglin Chen; Shuxiang Yan; Liangliang Liao; Xinyi Luo; Yifeng Zhang; Jun Yu,10.1016/j.talanta.2026.129840,2026-10,Talanta,
Crossref,aortic stenosis,Long-Term Durability of TEVAR for Blunt Traumatic Aortic Injury in Young Patients,Karthigesu Aimanan; Ammar Ahmad; Michael Arvind; Putera Mas Pian; Kumaraguru VK. Pillay; Hanif Hussein,10.1016/j.avsg.2026.05.107,2026-10,Annals of Vascular Surgery,
Crossref,aortic stenosis,"Evaluation, treatment, and outcomes in patients with possible severe aortic stenosis",Pishoy Gouda; Derek D. Cyr; Karen Chiswell; Jeremy Mercer; Paul Hofmann; Shazeb Khan; Sreekanth Vemulapalli,10.1016/j.ahj.2026.107498,2026-10,American Heart Journal,
Crossref,mitral regurgitation,AIoT-Driven Real-Time Detection of Mitral Valve Prolapse,Meng Han Chen; Guanling Lee,10.1504/ijipt.2027.10079642,2027,International Journal of Internet Protocol Technology,
Crossref,mitral regurgitation,Cine-derived mitral annular relaxation velocity for detection of preclinical left ventricular diastolic dysfunction,Niall McVeigh; David Ryan; Fiona Ryan; Joseph McCambridge; Maria Ferre; Sebastian Flynn; David J. Murphy; Mark Ledwidge; Ken McDonald; Jonathan D. Dodd,10.1016/j.mri.2026.110733,2026-11,Magnetic Resonance Imaging,
Crossref,mitral regurgitation,Corrigendum to “First-in-human study of the K-Clip™ transcatheter annular repair system for severe functional tricuspid regurgitation” [International Journal of Cardiology 390(2023) / IJCA 131174],Xiaochun Zhang; Qinchun Jin; Wenzhi Pan; Wei Li; Yingqiang Guo; Genshan Ma; Cuizhen Pan; Shasha Chen; Yuan Zhang; Lei Zhang; Mingfei Li; Shiqiang Hou; Yat-yin Lam; Thomas Modine; Alex Pui-Wai Lee; Juying Qian; Daxin Zhou; Junbo Ge,10.1016/j.ijcard.2026.134622,2026-10,International Journal of Cardiology,
Crossref,mitral regurgitation,A physiology-constrained framework for non-invasive left atrial pressure assessment and post-procedural estimation in mitral stenosis,Qimin Zhang; Wenwen Liang; Shengzhang Wang; Minmin Sun,10.1016/j.bspc.2026.110809,2026-10,Biomedical Signal Processing and Control,
Crossref,mitral regurgitation,Severe tricuspid regurgitation is a congestion-driven cardiorenal disease: A longitudinal study defining a right heart failure phenotype,Layal Mansour; Prayuth Rasmeehirun; Guillaume L'Official; Benjamin Marut; Marion Lacout; Melanie Bezard; Erwan Donal,10.1016/j.ijcard.2026.134643,2026-10,International Journal of Cardiology,
Crossref,mitral regurgitation,Relationship between left atrial fibrosis and function in a selected cohort undergoing surgery for severe primary mitral regurgitation,Caterina Maffeis; Andrea Rossi; Elvin Tafciu; Stefania Rizzo; Monica De Gaspari; Vincenzo Giambruno; Venanzio Di Nicola; Giovanni B. Luciani; Cristina Basso; Flavio L. Ribichini,10.1016/j.ijcard.2026.134614,2026-10,International Journal of Cardiology,
Crossref,mitral regurgitation,Left atrial strain and fibrosis in primary mitral regurgitation: asynchronous markers of atrial remodelling?,Cristina Conte; Alessandro Telesca; Massimo Imazio,10.1016/j.ijcard.2026.134642,2026-10,International Journal of Cardiology,
Crossref,mitral regurgitation,Safety of multiple grasping attempts during transcatheter mitral valve repair with the PASCAL system,Florian Jürgens; Florian Schindhelm; Mohammed Abusharekh; Clara M.K. Brandts; Jürgen Kampf; Matthias Totzeck; Fadi Al-Rashid; Peter Lüdike; Tienush Rassaf; Amir A. Mahabadi,10.1016/j.ijcard.2026.134636,2026-10,International Journal of Cardiology,
Crossref,mitral regurgitation,"Comment on “accuracy of machine learning models for mitral regurgitation severity assessment: A systematic review and meta-analysis""",Sharyu Ikhar; Yogesh Nagargoje; Ruchita Shrivastava,10.1016/j.ijcrp.2026.200666,2026-09,International Journal of Cardiology Cardiovascular Risk and Prevention,
Crossref,mitral regurgitation,Ultrasound measurement of antral cross-sectional area to predict regurgitation during general anesthesia for cesarean section in laboring women: a prospective observational cohort study,Longyuan Shen; Qiuxia Jiang; Xiaojuan Yu; Quansheng Xiao; Shengzhao Wang; Xiongda Lin; Qichen Luo; Shaoqiang Huang,10.1016/j.accpm.2026.101773,2026-09,Anaesthesia Critical Care &amp; Pain Medicine,
Crossref,mitral regurgitation,"Direct-access, balloon-expandable mitral valve replacement under fibrillatory arrest in extensive mitral annular calcification",John Wheeler; Gilbert Tang; Dimosthenis Pandis; Ahmed El-Eshmawi,10.1016/j.xjse.2026.100130,2026-09,JTCVS Structural and Endovascular,
Crossref,mitral regurgitation,"Hammock mitral valve in a 12-day-old female: pathophysiology, management and legal issues",Antonino Giulio Giannone; Tommaso D’Anna; Giuseppe Calcaterra; Giuseppe Calì; Elisabetta Orlando; Giovanni De Lisi; Eleonora Formisano; Ginevra Malta; Emanuele Lo Rito; Ada Maria Florena; Beatrice Belmonte; Emiliano Maresi,10.1016/j.legalmed.2026.102919,2026-09,Legal Medicine,
Crossref,mitral regurgitation,Case report: Salvage transcatheter aortic valve replacement for acute aortic regurgitation due to prosthetic valve endocarditis,Denizhan Ozdemir; Uttam Singh; Adishwar Singh; Raj R. Makkar,10.1016/j.crmic.2026.100165,2026-09,Cardiovascular Revascularization Medicine: Interesting Cases,
Crossref,mitral regurgitation,Massive mitral annular calcification with valvular involvement: Multimodality and longitudinal imaging correlation,Manuela Montatore; Gabriele Fanigliulo; Federica Masino; Ruggiero Tupputi; Roberto Maresca; Francesca Calò; Eluisa Muscogiuri; Giuseppe Guglielmi,10.1016/j.radcr.2026.05.087,2026-09,Radiology Case Reports,
Crossref,mitral regurgitation,Beyond gastric volume: linking gastric ultrasound to regurgitation to refine aspiration risk assessment,Lionel Bouvet; Dan Benhamou,10.1016/j.accpm.2026.101811,2026-09,Anaesthesia Critical Care &amp; Pain Medicine,
Crossref,mitral regurgitation,Mechanical mitral prosthesis thrombosis despite normal disc mobility: A case report,Parvathy Sankar; Nicholas Mitchell; Aiden Van Loo; Mohammad Ghandhor; Mitchell Schwocho; Noora Neiroukh; Richard Bloomingdale,10.1016/j.crmic.2026.100168,2026-09,Cardiovascular Revascularization Medicine: Interesting Cases,
Crossref,mitral regurgitation,Blood-nulled late gadolinium enhancement increases sensitivity for subtle basal myocardial scar in mitral valve prolapse with annular disjunction,Amy Avakian; Muhammad Umair,10.1016/j.radcr.2026.05.076,2026-09,Radiology Case Reports,
Crossref,mitral regurgitation,Severe aortic regurgitation following ventricular septal defect repair: A case discussion,Jacqueline Nel; Muhammed Vally,10.1016/j.visj.2026.102572,2026-09,Visual Journal of Emergency Medicine,
Crossref,mitral regurgitation,Clinical and echocardiographic predictors of reintervention after percutaneous or surgical treatment of rheumatic mitral stenosis: A systematic review,S.A. Gómez-Gualdrón; J.S. Macias-Martinez; A.M. Pulido-Parra; S.A. Higuera-Leal; B.E. Vesga-Angarita,10.1016/j.cpcardiol.2026.103358,2026-09,Current Problems in Cardiology,
Crossref,mitral regurgitation,Multimodality imaging assessment of caseous mitral annular calcification in a hemodialysis patient undergoing atrial fibrillation ablation: A case report,Jingyan Niu; Wencai Huang; Jiani Zou,10.1016/j.radcr.2026.04.080,2026-08,Radiology Case Reports,
Crossref,valvular heart disease,Giant Cells in Health and Disease-A Review,Sonal Gupta,10.21276/ijchmr.2016.2.2.10,2106-06-20,International Journal Of Community Health And Medical Research,
Crossref,valvular heart disease,Contemporary Disease Management in Quebec,Amédé Gogovor; Michelle Savoie; Yola Moride; Marilyn Krelenbaum; Terrence Montague,10.12927/hcq.2013.19495,2088-01-15,Healthcare Quarterly,
Crossref,valvular heart disease,Chronic Disease Prevention and Management: Implications for Health Human Resources in 2020,Margo Orchard; Esther Green; Terrence Sullivan; Anna Greenberg; Verna Mai,10.12927/hcq.2013.19496,2088-01-15,Healthcare Quarterly,
Crossref,valvular heart disease,What a Study on Ultraprocessed Fake Meat and Heart Disease Really Found,Lori Y,10.1038/scientificamerican072077-2xmzfca9smsvxelw1jobgf,2077-07,Scientific American,
Crossref,valvular heart disease,Woman Receives Genetically Modified Pig Kidney Transplant after Heart Pump Surgery,Tanya L,10.1038/scientificamerican072077-4hozib8kpx2m6wjvhqi1zz,2077-07,Scientific American,
Crossref,valvular heart disease,Water Lily or Camelotte Sign in Pulmonary Hydatid Cyst – An Orphan Disease,Sudheer Tale; Soibampahel M; Mrudula K; Ritisha B; Subodh K; Girish S,10.23880/cclsj-16000132,2028-11-11,Cell &amp; Cellular Life Sciences Journal,"A 20 – year – old male without any previous comorbidity presented to pulmonary medicine outpatient department with complaints of dull aching chest pain on right side, dry cough and shortness of breath for the pastone year. He was non vegetarian and had no addictions. On general physical examination his vitals were stableand respiratory system examination revealed decreased breath sounds in the right hemithorax. All his routineblood investigations were normal. Chest radiograph revealed homogenous opacity in the right middle andlower zones. Contrast enhanced computed tomography of thorax and abdomen showed a well defined encapsulatedcystic lesion of size 12x10x14cm with internal floating membranes (water lily sign or Camelotte sign) with masseffect on adjacent lung parenchyma causing atelectasis and compression of adjacent vessels (Figure 1). Hydatid serology (IgG) was positive. Patient was treated symptomatically and referred for surgical intervention."
Crossref,valvular heart disease,Comparison of convolutional neural network (CNN) methods using AlexNet and VGG16 architectures for disease detection in apples,Anang Pramono; Zuhriah Virlani Putri,10.1504/ijaac.2028.10078919,2028,International Journal of Automation and Control,
Crossref,valvular heart disease,"EFFECT OF FERTILIZER FACTORY WASTES ON SEED GERMINATION, PLANT GROWTH AND ROOT-KNOT DISEASE DEVELOPMENT IN TOMATO (Lycopersicon lycopersicum L.) PLANTS",Gopal Dixit,10.33865/wjb.002.02.0086,2027-08-31,World Journal of Biology and Biotechnology,"In the present research paper studies have been made on fertilizer factory wastes on percent seed germination, root and shoot length of plants and development of root-knot galls by Meloidogyne incognita in five cultivars of tomato. Though all the cultivars showed almost similar impact of fertilizer wastes on seed germination, plant growth and resistance for root-knot disease with little variation. Percent germination of seeds and plant growth was found decreased while the root-knot index was increased along with the increase in concentration of fertilizer wastes."
Crossref,valvular heart disease,RELATION OF HEART WEIGHT WITH AGE AND WEIGHT OF CADAVER,Jolly Agarwal; Virendra Kumar,10.21761/jms.v2i01.10838,2027-07-25,SRMS JOURNAL OF MEDICAL SCIENCE,"Introduction: Height, weight, and age of person has significant impact on the normal size of&#x0D; heart. These parameters need to be considered when cut-off values indicating the need for&#x0D; treatment or even surgery are established. The aim of present work is to study the relation of&#x0D; weight of the heart with age and weight of cadaver.&#x0D; Material and Methods: The study was performed in the Department of Anatomy, Shri Ram&#x0D; Murti Smarak Institute of Medical Sciences, Bareilly on 30 hearts from embalmed cadavers.&#x0D; The hearts were procured from the cadavers available in our department. The heart was&#x0D; thoroughly cleaned and measurements were taken.&#x0D; Results: The mean heart weight was 223.37 ± 57.78 g. Significant relationship between age of&#x0D; the cadaver and weight of the heart (p=0.0004), weight of cadaver and weight of heart&#x0D; (p=0.0001) was observed.&#x0D; Conclusion: The above study provides valuable data of the heart in our geographical location,&#x0D; which may be useful for cardiac surgeons and physicians."
Crossref,valvular heart disease,"Correlation of IL-1β, IL-17A, and CXCL13 Biomarkers with P2RX7 Genetic Polymorphism and Clinical Disease Activity of Iraqi Patients with Rheumatoid Arthritis",Zahraa Thamir; Mohammed Nader,10.21608/ejmm.2026.497902.2527,2027-07-01,Egyptian Journal of Medical Microbiology,
Crossref,valvular heart disease,Elevated TLR-9 Gene Expression Correlates with IL-41 and TNF-α Levels and Renal Dysfunction in Iraqi Patients with Chronic Kidney Disease,Fatima A. Habba; Basima Q. ALSaadi,10.21608/ejmm.2026.497345.2513,2027-07-01,Egyptian Journal of Medical Microbiology,
Crossref,valvular heart disease,Serum Interleukin-15 and Tumor Necrosis Factor-Alpha as Diagnostic and Disease Activity Biomarkers in Vitiligo,Ali S. Aziz; Raad A. Alasady,10.21608/ejmm.2026.494791.2477,2027-07-01,Egyptian Journal of Medical Microbiology,
Crossref,valvular heart disease,Association of Helicobacter pylori toxins cagA and vacA with Parkinson's Disease,Enas A. Daef; Mona H. Abdel-Rahim; Eman M. Farghly; Eman M.H. Khedr; Mona S. Embarek,10.21608/ejmm.2026.483634.2350,2027-04-01,Egyptian Journal of Medical Microbiology,
Crossref,valvular heart disease,Diagnostic and Prognostic Utility of IL-17 and TNF-α in Psoriasis: Insights into Early Detection and Disease Severity,Dhamya K. Sarhan; Jenan M. Ghani; Baneen A. Abd Ulrahman; Intisar R. Sharba; Jinan M. Abd,10.21608/ejmm.2026.482466.2339,2027-04-01,Egyptian Journal of Medical Microbiology,
Crossref,valvular heart disease,Interleukin-30 Level in Patients with Psoriasis Vulgaris and its Relation to Disease Severity,Heba E.S. Hassan; Nessma A. Nosser; Nora M. Darwish; Fatma F. El Dakrory,10.21608/ejmm.2026.487292.2402,2027-04-01,Egyptian Journal of Medical Microbiology,
Crossref,valvular heart disease,Detection of Serum Levels of Interleukin-37 In Patients with Vitiligo and Its Correlation with Disease Activity,Mona G. Nada; Nancy M. Mamdouh; Mera M.G. Anan,10.21608/ejmm.2026.489043.2422,2027-04-01,Egyptian Journal of Medical Microbiology,
Crossref,valvular heart disease,The Role of Nuclear Enriched Abundant Transcript 1 (NEAT1) as a Novel Marker in Diagnosis of Systemic Lupus Erythematosus Disease in Benha University Hospital,"Amany K. Shahat; Ahmed S. Osman; El-Sayed M. Abd-Elghany; Neama L. Ismail; Noha H, Ibrahim",10.21608/ejmm.2026.484722.2369,2027-04-01,Egyptian Journal of Medical Microbiology,
Crossref,valvular heart disease,IL-37 Expression Levels and Its Correlation with Autoantibodies and Disease Severity in Myasthenia Gravis Patients,Radwa M.A. El Galaly; Noha A. Afifi; Ahmad A. Awad; Asmaa M.M. Hasan; Fatma S. Abd-Elsamea,10.21608/ejmm.2026.477092.2284,2027-04-01,Egyptian Journal of Medical Microbiology,
Crossref,valvular heart disease,Efficacy versus coverage: population-level impacts of vaccination schemes,Lixin Lin; Lewi Stone,10.1016/j.idm.2026.07.001,2027-03,Infectious Disease Modelling,
Crossref,valvular heart disease,From giant components to communities: community-level insights for prioritizing interventions within large clusters of HIV-1 transmission networks,Huanchang Yan; Hao Wu; Jiahang Wang; Shunming Li; Yefei Luo; Lingxuan Lai; Jingyang Hu; Zhenming Tian; Yuanli Rao; Jing Gu; Shixing Tang; Yuantao Hao; Zhigang Han; Yu Liu,10.1016/j.idm.2026.05.010,2027-03,Infectious Disease Modelling,
Crossref,deep learning,Learner profiles and the process of Learning in the Higher Educational Context,Christos Skourlas; Petros Belsis,10.15556/ijiim.02.01.003,2115-03-05,International Journal on Integrated Information Management,
Crossref,deep learning,WEB-BASED COLLABORATIVE LEARNING AND KNOWLEDGE SHARING IN INFORMAL BUSINESS NETWORKS,George Stalidis; Costis Papadimitrakopoulos; Theocharis Tsakiris,10.15556/ijiim.01.02.002,2114-12-10,International Journal on Integrated Information Management,
Crossref,deep learning,Availability and Utilization of Tools and Equipment for Teaching and Learning Garment Making Trade in the Senior Secondary Schools in Edo State,,10.20431/2349-0381.0303002,2106,"International Journal of Humanities, Social Sciences and Education",
Crossref,deep learning,Title Pending 8184,,10.3998/mjcsl.8184,2036-06-28,Michigan Journal of Community Service Learning,
Crossref,deep learning,Title Pending 8122,,10.3998/mjcsl.8122,2036-05-11,Michigan Journal of Community Service Learning,
Crossref,deep learning,Title Pending 8219,,10.3998/mjcsl.8219,2036-04-13,Michigan Journal of Community Service Learning,
Crossref,deep learning,Title Pending 8273,,10.3998/mjcsl.8273,2036-03-03,Michigan Journal of Community Service Learning,
Crossref,deep learning,Title Pending 7452,,10.3998/mjcsl.7452,2036-01-19,Michigan Journal of Community Service Learning,
Crossref,deep learning,Title Pending 6294,,10.3998/mjcsl.6294,2034-12-20,Michigan Journal of Community Service Learning,
Crossref,deep learning,Title Pending 5730,,10.3998/mjcsl.5730,2034-11-18,Michigan Journal of Community Service Learning,
Crossref,deep learning,Title Pending 3643,,10.3998/mjcsl.3643,2033-09-06,Michigan Journal of Community Service Learning,
Crossref,deep learning,Title Pending 4120,,10.3998/mjcsl.4120,2033-03-28,Michigan Journal of Community Service Learning,
Crossref,deep learning,Title Pending 2741,,10.3998/mjcsl.2741,2032-09-28,Michigan Journal of Community Service Learning,
Crossref,deep learning,Machine Learning Application for SAIs,Tiare Rivera,10.56251/watu4873,2030-10-20,International Journal of Government Auditing,
Crossref,deep learning,Integration of Biomechanics and Digital Technology: Using Kinovea for Motion Analysis and Learning for Beginner Athletes,Muhammad Nur Hudha; Riezky Maya Probosari; Annisa Nur Khasanah; Supurwoko; Salsabila Kholifahtun Nisa’; Gifran Rihla Gifarka Latief,10.58524/jcss.v4i2.890,2029-11-29,Journal of Coaching and Sports Science,"Background: The integration of biomechanics with digital motion-analysis technologies has introduced new approaches for examining movement efficiency, kinematic characteristics, and technical patterns in walking and running activities. Kinovea, as an accessible motion-analysis software, provides both visual and quantitative feedback. However, its application in supporting technique development among beginner athletes remains insufficiently explored. Aim: This study aims to describe the use of Kinovea in biomechanics training and examine its contribution to the awareness of kinematic characteristics and movement techniques among beginner athletes. Methods: A descriptive qualitative design involved 72 beginner athletes aged 18–25 years selected through purposive sampling. Data were collected over 16 weeks through interviews, field observations, and motion video recordings analyzed using Kinovea. Kinematic data focused on joint angles, stride behavior, and movement phases during walking, running, and the flight phase. Qualitative data were analyzed using content analysis with NVivo 12, while kinematic results were interpreted descriptively to identify performance patterns and areas for technical refinement. Result: Kinematic analysis showed coordinated joint-angle patterns across all phases. Walking analysis identified arm swing angles of 50.9°–58.8° and leg separation angles of 64.3°–67.2°, indicating a stable gait rhythm. The running analysis revealed knee angles of 68.8°–69.8° and elbow angles of 87.6°–89.1°, indicating efficient propulsive mechanics. The flight phase demonstrated knee angles of 81.2°–87.8° and elbow angles of 80.4°–88.3°, suggesting effective momentum use and postural stability. These measurements supported stride-efficiency assessment and technique evaluation. Qualitative findings revealed that Kinovea enabled athletes to interpret movement phases and identify technical inefficiencies through slow-motion and frame-by-frame visualization. Conclusion: Kinovea supports basic motion analysis by providing clear kinematic information and helping beginner athletes observe and refine their movement techniques. The findings also offer practical value for coaches by enabling more precise identification of inefficient patterns and guiding targeted corrections during early-stage training."
Crossref,deep learning,Sparsity Learning via Structured Functional Factor Augmentation,Hanteng Ma; Ziliang Shen; Xingdong Feng; Xin Liu,10.5705/ss.202025.0205,2029,Statistica Sinica,
Crossref,deep learning,Transfer Learning for High-dimensional Regression with Compositional Covariates: Application to Microbiome Studies,Qinqin Hu; Xiaojing Luo; Chencheng Ma; Wang Zhou,10.5705/ss.202025.0314,2029,Statistica Sinica,
Crossref,deep learning,Cyber Defense Digital Twins: A Federated Learning and Zero-Trust AI Architecture for Autonomous Threat Prediction and Response,Sivaramakrishnan Narayanan,10.32628/cseit251116279,2028-08-27,"International Journal of Scientific Research in Computer Science, Engineering and Information Technology","Modern enterprise networks operate under persistent threats that exploit cloud-native misconfigurations, identity sprawl, and API vulnerabilities at machine speed. Existing security operations center (SOC) architectures remain largely reactive, signature-dependent, and incapable of predicting multi-stage lateral movement. This paper proposes the Cognitive Cyber Defense Digital Twin (CCDT), a unified architecture integrating federated learning (FL), graph neural network (GNN)-based attack-path forecasting, adversarially hardened detection models, and autonomous Security Orchestration, Automation, and Response (SOAR) with deception engineering. The CCDT constructs a continuously synchronized digital replica of organizational assets and employs reinforcement learning-based red agents to stress-test detection models. A federated intelligence mesh enables cross-organizational privacy-preserving gradient sharing. Experimental evaluations against CICIDS-2018 and LANL datasets demonstrate 52% faster attack-path detection, 41% reduction in false positive rate, and 60% reduction in mean-time-to-respond (MTTR) compared to traditional SOC baselines. Integrated Explainable AI (XAI) modules using SHAP values enable audit-ready compliance reporting. The CCDT represents a paradigm shift from reactive monitoring to predictive, autonomous, and privacy-preserving cyber defense for hybrid cloud environments."
Crossref,deep learning,The Nexus of Leadership and Learning: Exploring Female Principals' Influence on the Teaching-Learning Process in Secondary Schools,Muhammad Niqab; Salma Tabbasum; Shakil Ahmad,10.55737/qjss.vii-i.26473,2028-02-28,Qlantic Journal of Social Sciences,"The research paper will set out to debate the role played by the leadership competencies of principals in the teaching and learning process. The research will embrace a quantitative research design that will seek to answer the question concerning the relationship that exists between leadership skills of possessed by the  principals and the ongoing teaching-learning process in the female secondary schools using a co-relational study design. A survey instrument comprising of 37 items, which measured the leadership skills possessed by the selected principals and the prevailing teaching learning process, was used in the collection of data. Questionnaires for this study were administered to 108 male and female educators who were serving in secondary schools in Tehsil Wari, upper Dir and among them 100 questionnaires were submitted and were deemed to be useful in the analysis. The data in hand were calculated using Statistical Package of the Social Sciences (SPSS) version-27 and the obtained results indicated that the collected data was normally distributed. The findings revealed that all the variables of the study had great correlations. The analysis of the data was done through linear regression to measure the effect that the leadership skills of the principals had on the teaching learning process and this indicated that leadership skills of the principals have statistically significant effect on the teaching learning process. The policies derived out of this research can be a good guide to both the policymakers and organizational leaders because they can provide a good outline on how to empower the leaders in charge of the principals and as well as exert more influence on the effective teaching and learning processes."
Crossref,deep learning,Transforming Education through Technology: The Case of COVID 19 Digital Learning in Nagaland,K Hinoca Assumi,10.71126/nijre.v2i1.16,2028-02-28,Naveen International Journal of Research in Education (NIJRE),"Through the perspective of the COVID-19 pandemic and the disruption and opportunity it engendered, this chapter follows a transformative effect of EdTech and Digital education in India particularly in Nagaland through analysis. Drawing upon national policy frameworks, conceptual literature on educational technology, and contextual evidence based on the case of Nagaland, the chapter considers the rapid migration to digital learning as an emergency strategy (in response to the ongoing institution closures) based on the stark shifts in pedagogical practice, access to education services, and preparedness. The findings show that, including the ability of national programmes such as NEP 2020, SWAYAM, DIKSHA, PM e-VIDYA, and others, to promote access to digital tools was low within periphery or hill areas (e.g., Nagaland), due to lack of infrastructural resources, digital divide, unprepared teachers and economic/social divides, and more. The pandemic exposed the deep social and infrastructure divides in connectivity, device availability, assessment and learner engagement, with implications that were especially grave in rural and tribal settings. Although it accelerated the pace of innovation and the application of blended and low-tech learning practices teachers have been experimenting with digital platforms and the post-COVID recovery process, including remedial programmes and hybrid instruction. The chapter also discusses that blended learning is the most fitting, viable and sustainable approach for reaching the technological level in the field of educational technology at Nagaland. It implies that technology-mediated education can improve equity, quality, and resilience, but only under the conditions of inclusive policy design, strong digital infrastructure, vigorous teacher capability building, and culturally appropriate digital content. Keywords: Educational technology, digital learning, COVID-19, Nagaland, online education, Challenges, blended learning"
OpenAlex,aortic stenosis,Beyond valve replacement: integrating structural intervention and optimal medical therapy for better long-term outcomes,Mariagrazia Piscione; Marco Zimarino,10.1016/j.ijcha.2026.101972,2026-07-14,IJC Heart & Vasculature,
OpenAlex,aortic stenosis,Anatomical Variations of the Circle of Willis and their Clinical Significance,Saroj Saroj; Chakra Prabha Sharma; Rahul Gaur,10.25258/ijddt.16.64s.20,2026-07-14,International Journal of Drug Delivery Technology,.
OpenAlex,aortic stenosis,Emerging evidence of neutrophil extracellular traps in essential hypertension and target organ damage: pathophysiological insights and therapeutic implications,Anastasia Malliora; Efstratios Gavriilidis; Antonios Lazaridis; Christina Antoniadou; Agapi Chionidou; Vasilios Kotsis; Panagiotis Skendros; Eugenia Gkaliagkousi,10.1038/s41440-026-02724-3,2026-07-14,Hypertension Research,"Abstract Essential hypertension (EH) remains the leading modifiable risk factor for cardiovascular morbidity and mortality, yet even optimally treated patients carry residual cardiovascular risk. Emerging evidence suggests that chronic subclinical inflammation contributes to the pathogenesis of EH, leading to target organ damage. Neutrophil extracellular traps (NETs), which represent networks of decondensed chromatin carrying neutrophil proteins, have recently gained attention as potent drivers of a harmful thromboinflammatory milieu. While NETs are established contributors to atherosclerotic cardiovascular disease, including ischemic stroke, coronary artery disease and heart failure, their role in hypertension has only recently begun to be elucidated. Preclinical studies demonstrate that NETosis may promote endothelial dysfunction, vascular smooth muscle cell proliferation, and blood pressure elevation, while inhibition of NETs formation attenuates these processes. Clinical data, though limited, indicate that untreated hypertensives exhibit higher circulating NETs, linked to enhanced thrombogenicity, adverse vascular remodeling, and potentially to hypertension-mediated organ damage. Furthermore, therapeutic strategies targeting NETs, ranging from conventional immunomodulatory therapies to biologic agents, are under investigation. This review summarizes current knowledge on the role of NETs in the pathophysiology of EH and related cardiovascular diseases, while discussing potential anti-NETotic effects of currently available pharmacological agents."
OpenAlex,aortic stenosis,Analysis of biological systems using bioimpedance spectroscopy: a critical review of technological convergence and translational challenges,Ilena Torres-Grau; Francisco Cuadros-Salcedo; Javier Ramos-Maganés; Justo García-Sanz-Calcedo,10.3389/fbioe.2026.1872322,2026-07-14,Frontiers in Bioengineering and Biotechnology,"Bioimpedance spectroscopy (BIS) has emerged as a versatile, non-invasive technique for real-time electrical characterization of biological systems. By applying alternating current and analyzing the resulting complex impedance, BIS provides insights into cellular structure, tissue properties, and physiological processes, and can also detect pathogenic bacteria. This article presents a scoping review of recent advances in BIS, conducted under the Arksey and O’Malley framework and PRISMA-ScR guidelines, and analyzes 46 studies published between 2015 and 2025 that address BIS applications across biological systems. The strongest evidence was identified in fluid management and hydration monitoring (39.1%), body composition assessment (17.4%), and lymphedema monitoring (15.2%), whereas applications in tissue characterization, cellular systems, agriculture, machine learning-assisted diagnostics, and biosensing technologies remain at lower levels of translational maturity. Recent advances in instrumentation, sensor design, microfluidics, wearable systems, and computational analysis are critically examined. The review identifies major technological barriers, including a lack of standardized acquisition protocols, device-dependent variability, limited interoperability, heterogeneous modeling approaches, and insufficient multicenter validation. Despite challenges related to standardization, modeling of heterogeneous systems, and measurement reproducibility, BIS continues to demonstrate potential across biomedical, biotechnological, and industrial applications. Its ability to provide continuous, real-time, and non-destructive measurements supports its growing use in diagnostic platforms, therapeutic monitoring, and industrial biosensing applications. This review provides an integrated perspective on current developments, limitations, and future directions of BIS-based technologies."
OpenAlex,aortic stenosis,Sex differences in innate immune phenotype and valvular remodelling in aortic stenosis,Eveline P M van Doorn; Wieteke Broeders; Amber van Broekhoven; Aysun Cetinyurek-Yavuz; Erwin S Zegers; Hans W M Niessen; Mihai G Netea; Niels van Royen; Hester M den Ruijter; Niels P Riksen; Saloua El Messaoudi,10.1093/ehjvshd/xwag055,2026-07-14,European Heart Journal - Valvular and Structural Heart Disease,"Abstract Background Aortic stenosis (AS) involves fibrocalcific aortic valve remodelling, leading to left ventricular outflow obstruction. Innate immune responses can contribute to AS by promoting inflammation, fibrotic, and calcific remodelling. AS presents differently between sexes: males typically show a calcific phenotype, whereas females display more fibrosis. The mechanisms underlying these differences remain unclear. Aim To investigate sex differences in innate immune phenotype and function in AS. Methods and Results This cross-sectional study included 119 patients with tricuspid AS (70% male) and 65 healthy controls (52% male). Aortic valves from 23 surgical aortic valve replacement (SAVR) patients (61% male) were examined histologically to assess fibrocalcific remodelling patterns. Blood cell composition, circulating inflammatory markers, and monocyte phenotypes were analysed, with cytokine production evaluated after peripheral blood mononuclear cell (PBMC) stimulation. Males with AS exhibited greater valve calcification, while females demonstrated higher proteoglycan deposition and fibrosis. Males had higher circulating monocyte numbers and percentages, while females had higher lymphocyte percentages. PBMC stimulation induced higher cytokine responses (IL-1β, IL-1Ra) in males, predominantly TLR-3 driven, compared to females. Both sexes displayed higher systemic inflammation versus controls, but with distinct patterns: females had lower platelet counts, higher monocyte CD41 and lower HLA-DR membrane expression, whereas males showed higher cytokine production capacity. Conclusion This study suggests sex-dependent inflammatory mechanisms in AS. Males exhibited a calcific valve phenotype, while females had more fibrosis. Males had higher monocyte numbers and a more pronounced innate immune response, whereas females showed higher lymphocyte percentages and compared to controls, an altered monocyte phenotype. ClinicalTrials.gov ID: NCT04717219"
OpenAlex,aortic stenosis,A unified benchmarking framework for vector databases in scalable embedding-based image retrieval systems,Somula Ramasubbareddy; S. Remya; Sathishkumar Veerappampalayam Easwaramoorthy; Gaddam A. Sanjeeva Reddy; Yong Yun Cho; Manu J. Pillai,10.3389/fcomp.2026.1819991,2026-07-14,Frontiers in Computer Science,"Modern image retrieval and similarity search systems rely on high-dimensional embeddings that are produced by deep neural networks. To store and query these embeddings, vector databases are used. However, the lack of standardized, workload-aware benchmarks makes selecting the right system for a given workload challenging. This paper presents an adaptive benchmarking framework that systematically evaluates vector databases using realistic image-embedding workloads. The framework integrates CLIP ViT-B/32 (512-dimensional) and ResNet-50 embedding models with a consistent indexing and querying pipeline, thereby enabling fair and reproducible evaluation across the entire data lifecycle. We benchmarked four leading vector database systems–FAISS, Milvus, Qdrant, and pgvector–using CIFAR-10 and STL-10 image embeddings scaled from 100 to 10,000 vectors, with cross-dataset validation confirming that relative system rankings are consistent across different embedding distributions, with additional scalability tests up to 5 × 10 4 vectors. Our experiments reveal distinct performance trade-offs: FAISS inserts 10,000 vectors in 15 ms and answers queries in under one millisecond, but lacks built-in persistence. In contrast, pgvector, because of the transactional overhead typical of relational systems, needs 14.9 s for the same insertion task. Milvus balances 47–56 ms query latency with perfect Recall@5 across the lifecycle scales (100–10,000 vectors), with a small drop to 0.98–0.99 at the extended scalability scale of 50,000 vectors due to IVF cluster-boundary quantization error, while Qdrant, which offers the quickest update performance among persistent systems (approximately 2.7 ms across all tested scales), compromises on recall variability (0.88–1.00). At all tested scales, each of FAISS, Milvus, and pgvector scored perfect Recall@5. To support deployment decisions, a workload-aware multi-objective scoring model is suggested that considers latency, memory, and accuracy according to application requirements. The framework thus provides practical deployment insights for practitioners and also provides a reproducible foundation for vector database evaluation in AI-powered image retrieval."
OpenAlex,aortic stenosis,Incidental Thoracic Aortic Kinking Mimicking Aortic Coarctation: A Case Report,Nada Boutbagha; Hanane Ikrou; Hind Serhane,10.7759/cureus.112647,2026-07-14,Cureus,"Thoracic aortic kinking, also known as pseudocoarctation of the aorta, is a rare congenital anomaly characterized by elongation and angulation of the aortic arch without significant luminal narrowing. We report the case of a 67-year-old man admitted for hematemesis and melena. CT pulmonary angiography performed during the diagnostic workup revealed a proximal right pulmonary embolism and an incidental marked angulation of the descending thoracic aorta at the level of the aortic isthmus, without evidence of stenosis or collateral circulation. In the absence of clinical and radiological features of true coarctation, the diagnosis of thoracic aortic kinking was established. Conservative management with clinical and radiological follow-up was adopted. This report highlights the importance of recognizing thoracic aortic kinking as a rare benign anomaly that may mimic true aortic coarctation and emphasizes the role of imaging in establishing the correct diagnosis and avoiding unnecessary intervention."
OpenAlex,aortic stenosis,Silent cerebral injury after cardiac interventions: The role of advanced cardiac imaging at the neurocardiology interface,Mehmet Mustafa Yılmaz; Macit Kalçık; Osman Karaarslan; Oğuzhan Çelik; Abdullah Sarıhan; Mehmet Murat Şahin; Mucahit Yetim; Muhammet Cihat Çelik; Lütfü Bekar; Yusuf Karavelioğlu,10.36922/bh026090011,2026-07-14,Brain & Heart,"Silent cerebral injury (SCI) has emerged as a frequent but underrecognized consequence of contemporary cardiac interventions. Advances in diffusion-weighted magnetic resonance imaging have revealed that subclinical ischemic brain lesions occur commonly after procedures such as transcatheter valve implantation, surgical valve replacement, and percutaneous coronary intervention. Although these lesions do not produce immediate neurological symptoms, growing evidence suggests that they are associated with long-term adverse outcomes, including cognitive decline and increased risk of future stroke. The mechanisms underlying SCI are multifactorial and involve both embolic phenomena and transient cerebral hypoperfusion during procedural manipulation of cardiac and aortic structures. Traditional clinical risk models are limited in their ability to predict subclinical neurovascular injury. In this context, advanced cardiac imaging modalities, including transesophageal echocardiography, cardiac computed tomography, and, in selected cases, cardiac magnetic resonance imaging, may offer valuable insights by identifying structural features such as complex aortic plaques, prosthetic abnormalities, or extensive calcification that predispose to embolization. Integrating imaging-derived markers into pre-procedural assessment may support improved risk stratification and individualized procedural planning. This narrative review summarizes current evidence on SCI following cardiac interventions and explores the potential role of advanced cardiac imaging in predicting neurovascular complications. A greater integration of cardiovascular imaging and neurovascular outcomes may contribute to more effective strategies aimed at reducing subclinical brain injury in modern cardiac practice."
OpenAlex,aortic stenosis,Serum Lipoprotein(a) as A Marker of Severity of Coronary Artery Disease in Aortic Valve Sclerosis Patients,Remon S. Adly; Sally Magdy Teima; Shereen P Aziz; ahmed bedier,10.4274/ijca.2026.86548,2026-07-13,International Journal of the Cardiovascular Academy,"Background and Aim: Aortic valve sclerosis (AVS) and severity of coronary artery disease (CAD) share common risk factors, but not all patients have the same severity of coronary lesions.Lipoprotein(a) [Lp(a)] is a significant, causal, and non-modifiable indicator of valvular outcomes and CAD in the general population.This study aimed to evaluate the correlation between serum Lp(a) level and CAD severity in individuals with AVS. Materials and Methods:This cross-sectional study was conducted in 100 individuals with an established diagnosis of AVS who had chest pain and/or dyspnea and were provisionally diagnosed with CAD.Participants were subdivided into two groups: the normal-level group (n=42), with a cut-off serum Lp(a) level of 30 mg/dL.High level group (n=58): high-risky Lp(a) level.Results: A significant correlation was observed between the number of diseased epicardial coronary arteries and high Lp(a) levels [51.73% vs. 4.77% for 3-vessel disease, and 3.45% vs. 66.66% for one-vessel disease, in the high and normal Lp(a) groups, respectively] (P < 0.001).SYNTAX score had been elevated (35.07±6.08) in those with elevated Lp(a) level contrasted to reduced Lp(a) (14.76±4.5 SD) (P < 0.001).Conclusions: Elevated serum Lp(a) was significantly associated with greater coronary lesion severity and higher SYNTAX scores among patients with AVS."
OpenAlex,aortic stenosis,Case Report: Dual molecular diagnosis in complex congenital heart disease in an Ecuadorian patient with supravalvar aortic stenosis and pulmonary valve stenosis carrying pathogenic variants in ELN and BRAF gene,Santiago Cadena-Ullauri; Viviana A. Ruiz-Pozo; Rafael Tamayo-Trujillo; Patricia Guevara-Ramírez; Elius Paz-Cruz; Rodrigo Bossano R; Miguel Hinojosa; Paul Onofre-Ruiz; Ana Karina Zambrano,10.3389/fped.2026.1868988,2026-07-13,Frontiers in Pediatrics,"Background Congenital heart diseases (CHDs) are the most common inherited anomalies worldwide and remain a major cause of mortality in pediatric populations. Advances in genomic medicine have improved the ability to identify molecular mechanisms underlying complex CHD phenotypes, including cases not fully explained by a single-gene disorder. Case presentation This case presents an Ecuadorian girl with the coexistence of congenital supravalvar aortic stenosis and congenital valvar pulmonary stenosis. Molecular analysis identified pathogenic variants in ELN and BRAF , together with a NOTCH1 p.(Leu2429Arg) variant of uncertain significance (VUS). Ancestry analysis revealed an admixed background with predominant European ancestry, followed by Native American and African components. Discussion Findings are consistent with a multilocus in which ELN and BRAF variants may biologically plausibly contribute to the observed phenotype; however, this should be taken cautiously as more evidence, and studies must be performed to understand the impact of these variants. This case also highlights the importance of generating cardiogenetic evidence from underrepresented Latin American populations. Conclusion Comprehensive genomic evaluation can refine etiologic diagnosis, reveal blended mechanisms in CHD, and support precision medicine approaches. This report contributes to the growing role of advanced genetic testing in the future management of CHD."
OpenAlex,aortic stenosis,Impact of Fascial Orientation of the Radial Artery Graft on Mid-Term Patency and Clinical Outcome,Yoganiranjana Dharuman ⊃; Samir Sirat ⊃; Mirko Doss ⊃,10.3390/jcm15145489,2026-07-13,Journal of Clinical Medicine,"Background: The radial artery (RA) is widely used as a conduit in coronary artery bypass grafting. Its fascial layer provides mechanical stability but may reduce graft flexibility and promote kinking when routed over the margo acutus during right coronary artery bypass. This study investigated the impact of graft fascial orientation on RA patency and clinical outcomes. Methods: In this retrospective observational cohort study with prospective follow-up, 100 patients undergoing CABG with the RA grafted to the right coronary artery were included. Patients were assigned to a “prone” group (n = 50), with the fascial side oriented toward the sternum, or a “supine” group (n = 50), with the fascia facing the epicardium. Clinical follow-up was performed after a mean of 4.25 years. MDCT-based graft patency assessment was available in 89 patients. Results: Overall survival at follow-up was 100%, with no postoperative myocardial infarctions or reoperations. Overall RA patency was 94%, with patency rates of 91.5% in the supine group and 97.6% in the prone group (p = 0.37). Internal mammary artery and saphenous vein graft patency rates were 92.8% and 96.4%, respectively. Competitive flow showed a near-significant association with RA occlusion (p = 0.09). Conclusions: RA grafts demonstrated excellent mid-term patency. Fascial orientation of the pedicled RA graft was not significantly associated with graft patency."
OpenAlex,aortic stenosis,"Hypertrophic Cardiomyopathy in the Era of Targeted Therapy: The Role of Cardiac Myosin Inhibitors, Contemporary Sudden Cardiac Death Risk Stratification, and the Importance of Differential Diagnosis — A Narrative Review",Julia Parda; Jakub Bundyra; Dominika Janik; Oliwia Zuzanna Gańska; Agata Sochocka; Zuzanna Zapart; Martyna Szepietowska; Nina Nowicka; Alicja Sikorska; Emil Mian,10.12775/jehs.2026.94.72850,2026-07-13,Journal of Education Health and Sport,"Introduction and purpose: Hypertrophic cardiomyopathy (HCM) is a common genetic myocardial disease characterized by unexplained left ventricular hypertrophy, phenotypic heterogeneity, and a clinical course ranging from asymptomatic presentation to heart failure, atrial fibrillation, ventricular arrhythmias, and sudden cardiac death. The aim of this narrative review was to summarize knowledge on HCM in the era of targeted therapy, with particular emphasis on cardiac myosin inhibitors, sudden cardiac death risk stratification, and the importance of differential diagnosis. Brief description of the state of knowledge: HCM should be regarded as a genetically mediated and phenotypically diverse disease rather than a single morphologic pattern. Phenotyping is essential because obstructive and non-obstructive forms differ in symptoms, prognosis, and treatment options. Cardiac myosin inhibitors, especially mavacamten and aficamten, represent mechanism-directed therapy targeting sarcomeric hypercontractility and have shown the greatest clinical benefit in symptomatic obstructive HCM. Sudden cardiac death prevention still requires individualized multivariable assessment integrating clinical markers, ambulatory rhythm evaluation, and cardiovascular magnetic resonance findings, particularly myocardial fibrosis. Differential diagnosis remains crucial because athlete’s heart, hypertensive remodeling, restrictive phenotypes, and infiltrative or metabolic phenocopies may mimic HCM but require different management. Summary (conclusions): Cardiac myosin inhibitors have become a major advance in symptomatic obstructive HCM, but their long-term role across all phenotypes remains to be defined. Contemporary management of HCM should combine precise phenotyping, substrate-oriented sudden cardiac death risk stratification, and careful differential diagnosis to support individualized care."
OpenAlex,aortic stenosis,GCA-Net: Gaussian Prior Context Aggregation Network for Echocardiogram-Based Aortic Stenosis Diagnosis,Younas Aziz; Hulin Kuang; Husnain Mushtaq; Yi-Xiang Wang,10.1007/978-981-92-3498-1_24,2026-07-13,Lecture notes in computer science,
OpenAlex,aortic stenosis,Doppler Carotid Blood Flow to Predict Fluid Responsiveness with Passive Leg Raising in Shock – An Original Study,Arjun Bhatnagar; Vidushi Rathi; Neeraj K Gupta; Rohit Kumar; Nitesh Gupta; Pranav Ish,10.5005/jp-journals-11007-0207,2026-07-13,The Indian Journal of Chest Diseases and Allied Sciences,"Background: Fluid therapy in intensive care units (ICU) is challenging as it requires identifying those who are fluid responsive using complex dynamic parameters of fluid responsiveness.Doppler carotid blood flow variation (CBFV) with passive leg raising (PLR) can be a quicker and easier technique.Materials and methods: This study evaluated CBFV with Doppler cardiac output and stroke volume variation (SVV) measured during PLR in patients with shock of varied etiology admitted to the ICU of a tertiary care center.Results: It was found that among the total of 35 patients, 17 patients were fluid responsive and 18 were nonresponsive.There was a strong correlation between cardiac output variation, SVV, and systolic carotid flow time variation with the PLR test.The calculated area under the receiver operating curve was 0.954 for cardiac output variation, 0.948 for SVV, and 0.902 for CBFV with the PLR test.A cut-off for CBFV of 8.5% resulted in a sensitivity of 82% and specificity of 83% to detect fluid responsiveness.Conclusion: Doppler CBFV with the PLR test can be used conveniently to identify fluid-responsive patients with shock admitted to the ICU."
OpenAlex,aortic stenosis,"Thyroid function and outcomes in heart failure with mildly reduced ejection fraction: insights from a large, retrospective registry",Mohammad Abumayyaleh; I Akin; Michelle Goertz; Marielen Reinhardt; Noah Abel; Alexander Schmitt; Felix Lau; K Weidner; Jonas Dudda; Henning Johann Steffen; D R Duerschmied; Michael Behnes; T S Schupp,10.1007/s12020-026-04660-1,2026-07-13,Endocrine,"OBJECTIVE: This study aimed to investigate the prognostic impact of thyroid function on the outcomes of patients with heart failure with mildly reduced ejection fraction (HFmrEF). BACKGROUND: Thyroid function is crucial for the optimal performance of the cardiovascular system. However, the prognostic impact of subclinical thyroid dysfunction in patients with heart failure (HF), specifically HFmrEF, remains unclear. METHODS: For the present study, patients hospitalized with HFmrEF and known thyroid function were included from 2016 to 2022. Patients were divided into four groups: euthyroid (reference group, n = 1186 [TSH 0.45-4.5 mU/L]), subclinical hypothyroidism (n = 95 [TSH > 4.5 mU/L, fT4 7.5-23 pmol/L]), subclinical hyperthyroidism (n = 139 [TSH < 0.45 mU/L, fT4 7.5-23 pmol/L]), and low T3 syndrome (n = 148 [fT3 ≤ 3.3 pmol/L]). Patients with manifest hyper- and hypothyroidism were excluded related to the low sample size. The primary endpoint was all-cause mortality at 30 months (median follow-up). Key secondary endpoint was HF-related rehospitalization at 30 months. RESULTS: From 1568 patients with HFmrEF, most patients presented with euthyroidism (75.6%), followed by low T3 syndrome (9.4%), subclinical hyperthyroidism (8.9%), and subclinical hypothyroidism (6.1%). The risk of all-cause mortality at 30 months was highest in patients with low T3 syndrome (51.4%), followed by subclinical hypothyroidism (38.9%) and subclinical hyperthyroidism (36.7%), whereas euthyroid patients (26.6%) had the lowest risk of long-term all-cause mortality (p = 0.001). In multivariable Cox regression analyses, subclinical hypothyroidism (hazard ratio [HR] 1.454, 95% confidence interval [CI] 1.001-2.113, p = 0.049), subclinical hyperthyroidism (HR 1.458, 95% CI 1.046-2.033, p = 0.026), and low T3 syndrome (HR 1.594, 95% CI 1.185-2.145, p = 0.002) were identified as independent predictors of all-cause mortality at 30 months compared to euthyroid patients. Patients with low T3 syndrome were even associated with impaired prognosis as compared to patients with subclinical hyperthyroidism (HR 1.553, 95% CI 1.088-2.212; p = 0.015). However, thyroid status was not associated with the risk of HF-related rehospitalization at 30 months. CONCLUSION: In patients with HFmrEF, the presence of subclinical hypothyroidism, subclinical hyperthyroidism, and low T3 syndrome were identified as predictors of all-cause mortality, but not of HF-related rehospitalization at 30 months."
OpenAlex,aortic stenosis,BK Polyomavirus-Associated Urothelial Carcinoma Presenting as Obstructive Uropathy in a Long-Term Lung Transplant Recipient,Austin Iroegbu; Shivam Ghosh; Prabhat Narayan; Sonpreet Rai,10.7759/cureus.112571,2026-07-13,Cureus,"A man in his 40s on long-term immunosuppression with bilateral lung transplantation due to cystic fibrosis presented to the hospital with dysuria and flank pain, initially attributed to pyelonephritis. Repeated computed tomography revealed progressive bilateral hydronephrosis unresponsive to ureteric stenting, an extensive bladder wall lesion with calcification, and retroperitoneal lymphadenopathy. A cystoscopic biopsy reviewed at a tertiary centre confirmed high-grade urothelial carcinoma with extensive glandular differentiation, positive for the SV40 antigen, consistent with BK polyomavirus-associated carcinoma (G3 T1 N3 M1a). Persistent hydronephrosis despite appropriately situated stents was the pivotal imaging finding, prompting reassessment for extrinsic malignant obstruction and bilateral nephrostomy insertion. This case highlights the diagnostic challenge of distinguishing malignancy from infection in immunosuppressed individuals through serial imaging."
OpenAlex,aortic stenosis,Causes of congenital heart disease: an integrative narrative review,Huimin Su; Julie De Backer; Jeroen Breckpot; Alexander Van De Bruaene; Lorenz Van der Linden; Anick Bérard; Aris T Papageorghiou; E. W. Jones; Krina Zondervan; Kazem Rahimi; Nathalie Conrad; Werner Budts,10.1136/heartjnl-2026-327998,2026-07-13,Heart,"Congenital heart disease (CHD) is the most common congenital anomaly, with lifelong implications as survival into adulthood becomes the norm. Despite advances in prenatal detection, surgical care and long-term follow-up, the aetiology of CHD remains incompletely understood. This narrative review synthesises current evidence across genetic, epigenetic and environmental domains, with particular attention to their interplay.Growing evidence indicates that genetic susceptibility in combination with environmental exposures may shape CHD risk. While chromosomal anomalies and single-gene defects explain a minority of cases, polygenic contributions and emerging evidence on epigenetic programming suggest additional layers of complexity in CHD aetiology. Maternal health conditions, such as diabetes, autoimmune disease and infections together with medication use, play critical roles in determining fetal cardiac development and contribute to modifiable risk pathways. Lifestyle, reproductive and external environmental factors, including smoking, assisted reproductive technology and air pollution, further underscore the need for proactive counselling and early risk mitigation. Emerging evidence also points to gene-environment interactions as a key mechanism through which genetic susceptibility modulates the impact of external exposures, offering new avenues for precision prevention.Looking ahead, progress will depend on integrating multi-omic data with longitudinal cohorts, multinational registries and interoperable data infrastructures. Such efforts must be coupled with implementation research to translate mechanistic insights into predictive tools and scalable interventions. Framing CHD within this bench-to-bedside-to-policy continuum positions it as both a model for precision prevention and lifelong, multidisciplinary care and a test case for approaches that could be extended to other multifactorial conditions with major population-health impact."
OpenAlex,aortic stenosis,"Comparative prognostic value of GNRI, PNI, and CONUT scores for long-term mortality in patients undergoing transcatheter aortic valve replacement",Serdar Söner; Erkan Baysal; Öner Avınca; Gamze Yeter Arslan; Tuncay Güzel; Hülya Tosun Söner; Abdulkadir Arpa; Harun Elmast; Umut Erdolu; Celal Öztekin; Mehmet Sait Coşkun; Ahmet Taş; Metin Okşul; Faruk Ertaş,10.1186/s12872-026-06240-7,2026-07-13,BMC Cardiovascular Disorders,"OBJECTIVE: This study aimed to comparatively evaluate the association between geriatric nutritional risk index (GNRI), prognostic nutritional index (PNI), and controlling nutritional status (CONUT) scores and long-term mortality in patients undergoing transcatheter aortic valve replacement (TAVR). METHOD: This retrospective observational study included 262 patients who underwent TAVR for severe symptomatic aortic stenosis between January 2015 and December 2018. Patients were divided into two groups based on all-cause mortality development during 7.6 years of follow-up: survivors and those who died. Nutritional status was assessed using pre-admission laboratory and anthropometric data, as well as GNRI, PNI, and CONUT scores. RESULTS: The mean age was 79.0 ± 6.4 years, and 45% of the patients were female. During the follow-up period, 106 patients (40.5%) died. Malnutrition prevalence was found to be 79.8% according to GNRI, 63.7% according to PNI, and 60.7% according to CONUT. In univariate analysis, GNRI (HR: 0.974, p = 0.035), PNI (HR: 0.959, p = 0.007), and CONUT (HR: 1.140, p < 0.001) were significantly associated with mortality. However, in multivariate analysis, none of these scores remained as independent predictors. In ROC analysis, AUC values for GNRI, CONUT, and PNI were found to be 0.626, 0.610, and 0.590, respectively. In Kaplan-Meier analysis, survival was lower in patients with poor nutritional status (log-rank p < 0.001). CONCLUSION: In patients undergoing TAVR, impaired nutritional status is associated with long-term mortality; However, GNRI, PNI, and CONUT scores are not clinically independent predictors of mortality. These scores may provide complementary information regarding nutritional status but showed limited discriminatory ability for mortality prediction."
OpenAlex,mitral regurgitation,[A novel TPM1 variant causing Dilated cardiomyopathy in a child: A case report and literature review].,S Y Sun; Yongzheng Lou; 黄立新; Min Xie; Haibo Li,10.3760/cma.j.cn511374-20250929-00581,2026-08-10,PubMed,"OBJECTIVE: To explore the clinical manifestations and characteristics of TPM1 gene variants causing Dilated cardiomyopathy (DCM) in children. METHODS: This study focused on a pediatric patient diagnosed with DCM associated with a TPM1 gene variant, who presented at the Pediatric Cardiology Department of Women and Children's Hospital of Ningbo University on October 1, 2024. A retrospective analysis of the clinical data was conducted. Peripheral blood samples were collected from the patient and both parents. Following extraction of genomic DNA, whole exome sequencing was carried out. Candidate variant was validated by Sanger sequencing in the family trio. Structural prediction and analysis of the mutant TPM1 protein were carried out using AlphaFold and PyMOL. In addition, a systematic literature review was conducted to summarize the clinical manifestations and genetic characteristics of DCM cases linked to TPM1 variants. This study was approved by the Medical Ethics Committee of the hospital (Ethics No.: EC2024-143). RESULTS: The patient, a 2-year-old girl, presented with delayed motor development. Colored Doppler ultrasound revealed left ventricular enlargement with slight endocardial thickening, mild-to-moderate mitral regurgitation, and reduced left ventricular systolic function. Whole exome sequencing revealed that she has harbored a heterozygous c.82_84del (p.Asp28del) variant of the TPM1 gene, which was detected in neither parent, suggesting a de novo origin or parental germline mosaicism. The three-dimensional structure of the TPM1 protein predicted by AlphaFold was analyzed in PyMOL, demonstrating that the variant may result in deletion of aspartic acid at position 28 (Asp28) and replacement with lysine (Lys28), forming new hydrogen bond interactions with residues Glu24, Ala31, and Glu32. A literature review has identified 10 English and 1 Chinese publication, collectively reporting 30 patients (including the present case) and 12 distinct TPM1 variants. Except for the deletion variant in this study, all others were missense variants, with the most common one being c.250G>A (p.Asp84Asn). Clinically, affected infants typically manifested as delayed motor/growth development, feeding difficulties, and dyspnea, while adult patients commonly presented with exertional dyspnea, palpitations, and dizziness as initial symptoms. CONCLUSION: This study has identified a de novo TPM1 variant c.82_84del (p.Asp28del) as a novel cause of pediatric DCM. Early genetic testing is crucial for the diagnosis, clinical management, and genetic counseling. Above finding has also enriched the mutational spectrum of TPM1-associated cardiomyopathy."
OpenAlex,mitral regurgitation,Recurrent bilateral lower limb arterial embolism secondary to left ventricular thrombus in peripartum cardiomyopathy successfully treated with systemic streptokinase thrombolysis: a rare case report,Raghad Ibrahim; Mohamad Alharbi; Huda Hossin; Rahaf Ibrahim; Renad Alharbi; Omar Alkasem,10.1186/s12872-026-06268-9,2026-07-14,BMC Cardiovascular Disorders,"Peripartum cardiomyopathy (PPCM) is an uncommon but potentially life-threatening form of heart failure occurring toward the end of pregnancy or during the months following delivery in women without pre-existing heart disease. Left ventricular systolic dysfunction predisposes patients to intracardiac thrombus formation and systemic thromboembolic complications, which are associated with significant morbidity and mortality. A 35-year-old multiparous woman presented shortly after spontaneous vaginal delivery of an intrauterine fetal demise with acute right lower-limb ischemia and heart failure. Transthoracic echocardiography demonstrated severe left ventricular systolic dysfunction (LVEF approximately 35%), severe functional mitral regurgitation, pulmonary hypertension, and a large left ventricular thrombus. She underwent urgent Fogarty embolectomy followed by therapeutic anticoagulation with unfractionated heparin and warfarin. Despite therapeutic anticoagulation (INR 2.0 and activated partial thromboplastin time approximately 90 seconds), she developed recurrent bilateral acute lower-limb ischemia five days later. Because of profound hemodynamic instability and prohibitive surgical risk, systemic streptokinase thrombolysis was administered. Repeat echocardiography performed immediately after thrombolysis demonstrated complete resolution of the left ventricular thrombus. Follow-up echocardiography one week later showed significant recovery of left ventricular systolic function (LVEF 45–50%), improvement of mitral regurgitation to mild-to-moderate, and reduction in pulmonary artery systolic pressure. This case highlights the importance of early recognition of thromboembolic complications in PPCM and demonstrates that systemic streptokinase thrombolysis may represent an effective life- and limb-saving therapeutic option in carefully selected patients when surgical or catheter-based interventions are not feasible."
OpenAlex,mitral regurgitation,Takotsubo Syndrome Mimicking Non-ST-Elevation Myocardial Infarction Complicated by Cardiogenic Shock: A Case Report,Saran Raj; Malavika Hariharan; Paul Raphael; L. Panayappan,10.9734/ca/2026/v15i3554,2026-07-14,Cardiology and Angiology An International Journal,"Background: Takotsubo syndrome (TTS) is a transient, stress-induced cardiomyopathy that clinically mimics acute coronary syndrome (ACS). Early diagnosis using established clinical scoring systems and imaging is essential to optimise acute management and avoid inappropriate long-term coronary therapies. Case Presentation: A 70-year-old woman presented to the cardiac care unit with chest discomfort, palpitations, and severe anxiety 24 hours after an acute emotional stressor. On admission, she was hypotensive (blood pressure 80/60 mmHg), with a pulse rate of 58 beats per minute, consistent with cardiogenic shock. Initial laboratory investigations showed elevated cardiac troponin I (3,752 pg/mL) and N-terminal pro-B-type natriuretic peptide (23,756 pg/mL) concentrations. The initial electrocardiogram (ECG) demonstrated an anteroseptal ischaemic pattern that mimicked a non-ST-elevation myocardial infarction (NSTEMI). The patient had a documented history of long-standing paroxysmal atrial fibrillation (AF); during the first four days of admission, serial ECG monitoring documented an acute episode of AF with a rapid ventricular response, together with low-voltage complexes and deep inferior T-wave inversions. Transthoracic echocardiography (TTE) demonstrated classic apical ballooning with severe hypokinesia of the apical segments, right ventricular systolic dysfunction, and severe eccentric mitral regurgitation (MR) secondary to underlying myxomatous posterior mitral leaflet prolapse. Emergency coronary angiography revealed non-obstructive coronary artery disease, ruling out acute myocardial infarction. The InterTAK Diagnostic Score was 72, indicating a high probability of stress cardiomyopathy. Management included tailored inotropic and vasopressor support, fluid optimisation, loop diuretics, and oral anticoagulation. The patient was discharged in a stable condition on Day 5. At the 2-week follow-up, repeat TTE showed normalisation of biventricular systolic function, resolution of the regional wall-motion abnormalities, and a return of MR to its chronic mild baseline. Conclusion: This case highlights the clinical value of using the InterTAK score alongside multimodality imaging to differentiate suspected acute coronary syndrome mimics. The documented complete structural recovery within 2 weeks provides clinically relevant information on TTS presenting with multiple complications."
OpenAlex,mitral regurgitation,Low-dose everolimus as an effective therapy for unresectable giant cardiac rhabdomyoma in a preterm infant: a case report,Katarzyna Hajduk; Aleksandra Gil; Joanna Śliwka; Martyna Gut-Misiaga; Patrycja Pałyga; Szymon Pawlak; Tomasz Hrapkowicz,10.1186/s43054-026-00588-3,2026-07-14,Egyptian Pediatric Association Gazette,"Abstract Background Cardiac Rhabdomyomas (CRs) are the most common cardiac tumors in children and often regress spontaneously, however, large lesions in neonates may cause hemodynamic compromise. Surgical resection is standard for symptomatic tumors, but complete excision may be challenging in cases of diffuse myocardial infiltration or multifocal lesions. Everolimus has emerged as a potential therapeutic option when surgery is not feasible. Case presentation A preterm infant with a giant left ventricular rhabdomyoma causing significant mitral regurgitation and clinical deterioration was unable to undergo complete surgical resection due to diffuse myocardial infiltration. Low-dose everolimus (0.25 mg twice weekly) was initiated, resulting in rapid clinical improvement and remarkable tumor regression from 3.79 × 2.0 cm to 2.7 × 0.7 cm over six weeks. Subsequent echocardiography tests confirmed improved left ventricular function and reduced mitral valve insufficiency Conclusions This case demonstrates that low-dose everolimus may be an effective therapeutic option for symptomatic neonatal CRs when total surgical resection is not feasible, offering a promising alternative for high-risk or unresectable cardiac tumors."
OpenAlex,mitral regurgitation,Impaired left atrial strain is associated with acute ischemic stroke in patients without atrial fibrillation,Robert Trueick; Jonathan Shpigelman; Omar Dabash; John McCallig; Muhammad Ahmad Ashfaque; Muneeb Quidwai; Lisa Donaghy; Patricia Guilfoyle; Lavanya Saiva; James O'Neill; Michael J. Daly,10.3389/fstro.2026.1838151,2026-07-14,Frontiers in Stroke,"Background Cryptogenic stroke, defined as a stroke with an unknown cause, poses a significant clinical challenge in cardiology and neurology. Left atrial (LA) dysfunction, as measured by left atrial strain (LAS), may identify patients who are at high risk for acute ischemic stroke (AIS), even if they do not have documented atrial fibrillation (AF). Methods This retrospective, cross-sectional and cohort study (known as the ASSISTANT Study) was conducted at a single, tertiary-care referral center. The study included patients who tested positive on the Face Arm Speech Test (FAST) and who did not have high-risk stroke mechanisms. These patients presented acutely and underwent a transthoracic echocardiogram. Speckle-tracking echocardiography was used to measure LAS in three phases: reservoir (LASr), conduit (LAScd), and contractile (LASct). The associations of LAS with imaging-confirmed acute ischemic stroke (AIS) at presentation and incident AIS during follow-up were evaluated using multivariable logistic and Cox regression analyses, respectively. Results Among the 415 patients (251 cases and 164 controls), LASr and LAScd were both independently associated with AIS at presentation [OR per 5% increase: 0.789 (95% CI, 0.674–0.920) and 0.573 (95% CI, 0.450–0.718), respectively]. During a median follow-up of 3.59 years, 31 patients developed incident AIS. The incidence of AIS increased as the tertiles of LASr ( P trend = 0.021) and LAScd ( P trend &amp;lt; 0.001) worsened. Only LAScd remained independently associated with incident AIS [HR per 5% increase: 0.682 (95% CI, 0.478–0.953)]. Conclusion Impaired LAScd is independently associated with prevalent and incident AIS in patients without identified high-risk stroke mechanisms. Prospective studies are needed to determine whether LAScd can guide risk stratification and preventive strategies in this patient population. Trial Registration ClinicalTrials.gov (NCT07102693)."
OpenAlex,mitral regurgitation,Anaesthetic Strategy and Functional Outcomes During Contemporary Transcatheter Mitral Edge-to-Edge Repair: A Matched Comparison of Dexmedetomidine-Based Conscious Sedation Versus General Anaesthesia,Andi Rroku; Theodor Kempe; Tharusan Thevathasan; Mario Kasner; Anna Sannino; Carsten Skurk; Sascha Treskatsch; Ulf Landmesser; Markus Reinthaler; Christian Berger,10.1093/ehjvshd/xwag057,2026-07-14,European Heart Journal - Valvular and Structural Heart Disease,"Abstract Background Transcatheter edge-to-edge repair (M-TEER) is an established therapy for severe mitral regurgitation (MR) in patients at increased surgical risk. While procedures are commonly performed under general anaesthesia (GA), dexmedetomidine-based conscious sedation (DCS) may preserve physiological haemodynamics and improve procedural efficiency. Comparative data remain limited. Aims To compare procedural effectiveness, efficiency and safety of M-TEER performed under GA versus DCS. Methods In this retrospective observational study, patients undergoing M-TEER under anaesthesiologist-guided DCS or GA were analysed using propensity score matching to adjust for baseline differences. The primary endpoint was device effectiveness, defined as successful implantation with MR reduction to ≤2+ post-procedure and sustained at discharge. Procedural duration was analysed as a secondary workflow endpoint. The main safety endpoint was a composite of all-cause death, stroke, cardiac structural complications, cardiogenic shock, acute kidney injury requiring renal replacement therapy, or moderate/severe bleeding according to Mitral Valve Academic Research Consortium criteria. Results Ninety-seven patients were included (DCS 37; GA 60). Device implantation success was achieved in 98.9% of procedures. Immediate device effectiveness was high and comparable between strategies (100% vs. 98.3%; p=1.0). Procedural duration was shorter with DCS (84 [IQR 70.5–111.5] vs. 102.5 [78–144] min; p=0.019). In matched analysis (36 pairs), fluoroscopy time, radiation dose, and residual MR at discharge (MR≤1: 86.1% vs. 83.3%; p=0.743) were similar. The composite safety endpoint did not differ significantly (p=0.436), and no surgical conversions occurred. Conclusions Dexmedetomidine-based conscious sedation provided procedural effectiveness and safety comparable to GA while improving procedural efficiency. These findings support an individualized anaesthetic strategy and warrant prospective evaluation in contemporary M-TEER practice."
OpenAlex,mitral regurgitation,"Late diagnosis of 22q11.2 microdeletion syndrome in adulthood: clinical implications associated with tetralogy of Fallot, infective endocarditis, and septic embolism",Horacio Muñoz-López; Tiffany Amber-Dunaway; Alejandro Rivera-Millán; Javier E. Escober-Torres; Diego I. Cardoso-Casco,10.24875/rmu.26000008,2026-07-13,Medicina Universitaria,"22q11.2 microdeletion syndrome, also known as DiGeorge syndrome, is a multisystem genetic disorder characterized by congenital heart disease and immune dysfunction.Adults with conotruncal defects are at an increased risk for infective endocarditis.We present the case of a 42-year-old man who experienced transient loss of consciousness, stroke, and hypoxemia.Chest computed tomography revealed multiple cavitated pulmonary nodules consistent with septic emboli.Transthoracic echocardiography demonstrated tetralogy of Fallot accompanied by valvular vegetations.Blood cultures identified the presence of Streptococcus parasanguinis.In addition, fluorescence in situ hybridization confirmed a 22q11.2microdeletion.The patient underwent 6 weeks of intravenous ceftriaxone treatment, resulting in a favorable clinical outcome.This case underscores the significance of genetic and echocardiographic assessment in adults with congenital heart diseases and highlights the importance of early recognition of 22q11.2deletion syndrome in preventing severe cardiovascular complications."
OpenAlex,mitral regurgitation,Left Internal Jugular Vein Access for Mitral Transcatheter Edge‐to‐Edge Repair: A Case Report and Review of Literature for Alternative Venous Access Routes,Hossameldin Hussein; William Moody; Sagar N. Doshi; Adnan Nadir,10.1002/ccd.70727,2026-07-13,Catheterization and Cardiovascular Interventions,"BACKGROUND: The increasing indications of transcatheter edge-to-edge repair (TEER) have led to its use in more diverse populations, including patients with complex comorbidities where standard transfemoral access may not be feasible. In these cases, utilizing the right internal jugular vein (IJV) access has been reported as a safe and practical alternative route. Herein, we report the first case of mitral TEER via left IJV access, using PASCAL system. CASE PRESENTATION: A 50-year-old woman with long-standing chronic kidney disease and two previously failed renal transplants suffered repeated admissions for acute pulmonary edema. Echocardiography confirmed severe functional mitral regurgitation (MR) and global left ventricular systolic dysfunction. Due to extremely high surgical risk, the multidisciplinary heart team opted for mitral TEER. Unexpectedly, pre-procedural imaging demonstrated complete occlusion of the inferior vena cava with prominent collateral circulation and total occlusion of the right IJV. After extensive team discussion, access via the left IJV was selected. Transseptal puncture (TSP) was performed with the VersaCross radiofrequency system, the septum was dilated using a 6 mm Mustang balloon, and a PASCAL P10 device was successfully implanted between the A2 and P2 segments, resulting in reduction of MR severity from severe (4+) to mild (1+). The procedure concluded without complications and hemostasis was secured. At 2-month follow-up the patient remained stable with no recurrent decompensations. CONCLUSION: Left IJV is a feasible alternative access for mitral-TEER when other venous accesses are not feasible. Proper pre-procedural planning and local expertise is essential to overcome the technical challenges related to TSP and steering the guiding catheter against the complex anatomical orientation of the left innominate vein."
OpenAlex,mitral regurgitation,"Recent Advances in the Management of Heart Failure, Including the Role of AI and Advances in Gene Therapy",Lakshmi Kattamuri; Kunal Sharma; Debabrata Mukherjee,10.1055/a-2904-8847,2026-07-13,International Journal of Angiology,"Abstract Heart failure (HF) remains a major cause of morbidity and mortality despite significant advances in its management. This study aimed to synthesize recent advances in HF management, including the role of artificial intelligence (AI) and advances in gene therapy. PubMed, Embase, Web of Science, and Google Scholar were searched for original research (2020–January 2026) on recent advances in HF management, including AI and gene-based therapies. While guideline-directed management and therapy (GDMT) substantially reduce mortality and hospitalization in heart failure with reduced ejection fraction (HFrEF), utilization of such therapies is frequently constrained by delayed initiation, incomplete titration, noncompliance, and cost. Beyond foundational therapy, finerenone, sodium glucose cotransporter-2 inhibitors (SGLT2i) across the ejection fraction (EF) spectrum, and glucagon-like peptide-1 receptor agonist (GLP-1 RA) for obesity-related heart failure with preserved ejection fraction (HFpEF) extend phenotype-directed options. Transcatheter mitral and tricuspid repair/replacement has shifted mitral and tricuspid regurgitation from a bystander lesion to a treatable contributor to improvement of symptoms and quality of life. Adjunctive transcatheter mitral interventions have expanded treatment options for selected symptomatic HFrEF patients with secondary mitral regurgitation (MR) despite optimized GDMT, improving MR severity, functional status, and reducing HF hospitalizations. Donor-derived cell-free DNA rejection surveillance, donation after circulatory death to expand donor supply, and refinement of left ventricular assist device (LVAD) antithrombotic strategies are evolving in advanced HF. AI tools and gene therapies are showing promising results but require further large-scale studies for validation and clinical adoption. Contemporary HF management is increasingly phenotype- and trajectory-guided, but its clinical adoption is limited by optimal implementation and access barriers. Future research should focus on outcomes-based validation with a clear patient-selection framework to enable durable real-world implementation to improve outcomes further."
OpenAlex,mitral regurgitation,Outcome of Patients with Single Ventricles who Initially did not Indicate Fontan Completion After Stage II Palliation,Carolin Niedermaier; C Przybilla; Thibault Schaeffer; Muneaki Matsubara; Christina Ruda; Jonas Palm; Nicole Piber; Peter Ewert; Jürgen Hörer; Masamichi Ono,10.1007/s00246-026-04382-1,2026-07-13,Pediatric Cardiology,"Despite an early-staged Fontan completion strategy, certain patients after bidirectional cavopulmonary shunt (BCPS) could not undergo swift Fontan completion. This study aimed to clarify the clinical course of these patients. Among all infants with univentricular hearts who underwent BCPS between 1998 and 2022, those who could not undergo the Fontan completion at the initial assessment were identified. The reasons, clinical course, and delayed Fontan completion of these patients were evaluated. A total of 491 patients underwent cardiac catheterization for evaluation of Fontan completion at a median age of 1.8 (1.6-2.3) years and 1.4 (1.2-1.9) years after BCPS. Among them, 470 patients underwent subsequent Fontan (Group F), and 21 patients did not (Group C). There were various reasons, including left pulmonary artery stenosis in 14 patients, high pulmonary artery pressure (PAP) in 7, significant atrioventricular valve regurgitation in 6, and systemic ventricular dysfunction in 5. Delayed Fontan completion was performed in 16 patients at a median age of 5.5 (3.7-5.9) years. Survival at 5 years was 90.9% in Group C and 97.2% in Group F (p = .005). A need for additional pulmonary blood flow (APBF) after BCPS (p = .015) and higher PAP at initial assessment (p = .003) were risk factors for delaying Fontan completion. Left pulmonary artery stenosis requiring APBF and high PAP were contraindications to early Fontan completion. Delayed Fontan completion was possible in most patients with acceptable outcomes, suggesting improvement of Fontan candidacy during follow-up."
OpenAlex,mitral regurgitation,Biatrial Inflammatory and Profibrotic Remodeling in Severe Mitral Regurgitation: A Comparative Tissue and Echocardiographic Study Versus CABG Comparator Group,Adrian-Grigore Merce; Daniel Nișulescu; Anca Hermenean; Oana-Maria Burciu; I. Munteanu; Adrian-Petru Merce; Daniel Miron Brie; A. Mornos; Dragoș Cozma; Raluca Șoșdean; Cristian Mornoş,10.3390/diagnostics16142183,2026-07-13,Diagnostics,"Background/Objectives: Severe mitral regurgitation (MR) is associated with chronic atrial stretch, chamber enlargement, pulmonary pressure elevation, and atrial fibrosis, yet the relationship between tissue inflammatory/profibrotic signaling, histologically quantified fibrosis, and echocardiographic remodeling remains incompletely characterized. This study aimed to compare biatrial tissue remodeling in patients with severe MR undergoing mitral valve surgery with a practical non-valvular surgical comparator group undergoing isolated coronary artery bypass grafting (CABG). Methods: This single-center, observational, cross-sectional comparative study included 36 elective cardiac-surgery patients: 22 with severe MR and 14 undergoing isolated CABG without significant valvular disease. Left- and right-atrial tissue samples were collected intraoperatively. IL-6, TNF-α, and TGF-β expression was assessed by quantitative real-time PCR using pooled atrial samples stratified by atrial side and study group, whereas atrial fibrosis was quantified histologically on individual tissue specimens using Masson’s trichrome staining and digital image analysis. Clinical, laboratory, and echocardiographic parameters were compared between groups, and exploratory associations were assessed with cautious interpretation. Results: Compared with the CABG comparator group, patients with severe MR showed a pooled molecular profile compatible with higher aggregate atrial expression of IL-6, TNF-α, and TGF-β; because qPCR was performed on pooled tissue preparations, these molecular findings were interpreted descriptively and were not used for patient-level inferential statistics. Histologically quantified fibrosis was significantly increased in severe MR in both the left atrium (29.69 ± 12.26% vs. 12.17 ± 4.56%, p &lt; 0.0001) and the right atrium (25.25 ± 11.33% vs. 9.01 ± 4.46%, p &lt; 0.0001). The MR group also showed more pronounced echocardiographic remodeling, including larger estimated left atrial volume, higher pulmonary artery systolic pressure, and greater right ventricular diameter. Exploratory individual-level analyses were restricted to histological fibrosis and echocardiographic variables. Conclusions: Severe MR was associated with marked echocardiographic remodeling and significantly greater histologically quantified biatrial fibrosis compared with a CABG surgical comparator group. Pooled qPCR findings support an aggregate inflammatory/profibrotic signal, but they should be interpreted descriptively because individual-level molecular variability could not be assessed. These findings are hypothesis-generating and do not establish causality."
OpenAlex,mitral regurgitation,A Wearable Infrared Sensor for Detecting Non-ST Segment Elevation Acute Coronary Syndromes,Partho P. Sengupta; Ankush D. Jamthikar; Naveena Yanamala; Kameswari Maganti; Jitto Titus; Sanjeev P. Bhavnani; Lori B. Daniels; W. Frank Peacock; Shantanu P. Sengupta,10.3390/life16071155,2026-07-13,Life,"Background: Non-ST segment elevation acute coronary syndrome (NSTE-ACS) is conventionally diagnosed using electrocardiography and serial blood biomarker measurements. We investigated a noninvasive, bloodless, and electrode-free diagnostic strategy using a wrist-worn infrared spectrophotometric biosensor (Infrasensor). Results: In a prospective multicenter study of 595 patients with suspected NSTE-ACS enrolled across 13 sites in two countries, participants were stratified into five analytical cohorts. With 200 multi-ethnic controls and a leave-one-cohort-out external validation, a machine learning model detected high-grade coronary obstruction with an area under the receiver operating characteristic curve (AUC) of 0.87 (95% CI: 0.84–0.90), 90% specificity, and 84% positive predictive value—surpassing standard risk scores. A secondary model predicted freedom from NSTE-ACS and adverse outcomes over 30 days with an AUC of 0.89 (95% CI: 0.87–0.92), 99% sensitivity, and 96% negative predictive value. Conclusions: The Infrasensor demonstrated high diagnostic accuracy for high-grade coronary obstruction and 30-day adverse outcome prediction, surpassing conventional risk scores across a prospective, multi-ethnic, multicenter cohort. These findings support its potential as a rapid, noninvasive point-of-care tool for early NSTE-ACS risk stratification."
OpenAlex,mitral regurgitation,Effects of statins on functional capacity and cardiac remodeling in patients with heart failure and preserved ejection fraction: a randomized open-label pilot trial,Artem Ovchinnikov; Alexandra Potekhina; Olga Svirida; Tatiana Arefieva; Tamila Martynyuk; Fail Ageev; Marijana Tadić; Evgeny Belyavskiy,10.3389/fcvm.2026.1870027,2026-07-13,Frontiers in Cardiovascular Medicine,"Background Systemic inflammation is an essential pathophysiological factor of heart failure with preserved ejection fraction (HFpEF) that supports the use of statins. The purpose of the study was to determine the effects of statin therapy with atorvastatin or rosuvastatin on functional capacity, cardiac remodeling, profibrotic and inflammatory biomarkers in patients with HFpEF. Since lipophilic and hydrophilic statins may exert different effects on HF, we also compared the effects of lipophilic atorvastatin vs. hydrophilic rosuvastatin. Methods We enrolled 59 patients with HFpEF who had no history of statin use or had not received statins for 6 months. Participants were randomly assigned to receive atorvastatin (20–80 mg a day, n = 30) or rosuvastatin (10–40 mg a day, n = 29) for 6 months. Echocardiography, 6 min walk distance (6MWTD), biomarkers of inflammation (hsCRP and MCP-1), and extracellular matrix homeostasis (PICP and sST2) were analyzed at baseline and after 6 months. Results After 6 months of therapy, atorvastatin was associated with a greater increase in 6MWTD than rosuvastatin, but both statin groups showed comparable improvements in NYHA functional class and bicycle exercise duration. There were comparable decreases in E/e′ ratio and left atrial (LA) volume index, as well as comparable improvements in diastolic (e′ velocity enhancement on exercise) and chronotropic (heart rate enhancement on exercise) reserves in both statin groups. Atorvastatin was superior to rosuvastatin in modifying LA reserve (reservoir strain enhancement on exercise). A significant decrease in blood levels of all biomarkers was observed in the atorvastatin group but not in the rosuvastatin group. Rosuvastatin was associated with a reduction in hsCRP and MCP-1 only in subgroups of patients with baseline values above the median. Conclusions In HFpEF, statin therapy appears to be associated with improved functional capacity, possibly by reducing LV filling pressure and favoring cardiac remodeling. Atorvastatin may provide some additional benefits compared with rosuvastatin. Clinical Trial Registration https://rosrid.ru , identifier AAAA-A18-118022290061-2."
OpenAlex,mitral regurgitation,Challenges in diagnosis of reninoma: three case reports and literature review,Li Li; Heye Chen; Baoping Wang; S Li; Bo Bian; Jingqiu Cui; Qing He; Zuoliang Dong; Qiusong Chen; Xin Zhao; Yujie Zhang; M N Liu,10.3389/fendo.2026.1799414,2026-07-13,Frontiers in Endocrinology,"Background Reninoma is rare and very challenging to diagnose. It is characterized by excessive renin secretion that causes severe hypertension and occurs more frequently in young females. Here, we compare and analyze three cases, which were not initially considered reninoma, because there was no increase in plasma renin activity (PRA), patients had refractory hypertension, or were older. Results In two cases, PRA is normal or decreased but the direct renin concentration (DRC) is elevated. The third is in an older man with ambiguous imaging assessments and no evident lateralization of renal vein renin levels. Conclusions Our findings suggest that the diagnosis of reninoma should not be completely excluded in patients with no elevated renin activity or refractory hypertension. In addition, a combination of blood tests and imaging analysis is highly recommended, and lateralization of renin levels is more applicable in cases where tumors are relatively small."
OpenAlex,mitral regurgitation,Investigating the fundamental characteristics of retinal age models,Yukun Zhou; Yiqun Lin; Ariel Ong; Matthew Wong; Yilan Wu; Wenyi Hu; Shubhank Verma; Broder Poschkamp; Lie Ju; Akshay Narayan; Sophie Martin; Maitrei Kohli; Fares Antaki; Alexander Heatley; Meng Wang; Ke Zou; Zheyuan Wang; Eden Ruffell; Dominic Williamson; Justin Engelmann; Hyunmin Kim; Takahiro Ninomiya; Rahul A. Jonas; Y Liu; Zijie Cheng; Hanyuan Zhang; Hejie Cui; Hao Wang; Zuozhu Liu; Bin Pu; Chubo Liu; K eqin Li; Jiayang Xu; Xinpeng Ding; Guokai Zhang; Huazhu Fu; Zongyuan Ge; Xujia Liu; Mohammad Eslami; Milen Raytchev; Tobias Elze; Michael Morley; Neil P. Oxtoby; Daniel C. Alexander; Anthony P. Khawaja; Ching‐Yu Cheng; Zhuoting Zhu; Yih Chung Tham; James H. Cole; Carol Y. Cheung; Pearse A. Keane; Siegfried K. Wagner,10.21203/rs.3.rs-10157626/v1,2026-07-13,Research Square,
OpenAlex,mitral regurgitation,"Ebstein Anomaly: Imaging, Pathophysiology, and Therapeutics",Guillermo Cueto‐Robledo; Maria-Fernanda Yañez-Marquez; Melissa Garcia-Lezama; Victor-Hugo Ramos-Pacheco; Leslie-Marisol Gonzalez-Hermosillo; Abril-Carolina Mendoza-Lopez; Ernesto Roldan-Valadez,10.7759/cureus.112612,2026-07-13,Cureus,"Ebstein anomaly is a rare congenital malformation defined by failed delamination and apical displacement of the tricuspid valve, which produces an atrialized segment of the right ventricle and variable right ventricular dysfunction. Its clinical expression is wide, ranging from severe neonatal cyanosis and heart failure, which carry high perinatal mortality, to incidental detection in adulthood. Because anatomy and physiology vary widely among patients, imaging is central to diagnosis, risk stratification, and treatment planning. Transthoracic echocardiography remains the first-line study and establishes the diagnosis through apical leaflet displacement, leaflet tethering, and right atrial dilation; three-dimensional and transesophageal echocardiography refine the assessment of leaflet morphology and the atrialized right ventricle. Cardiac magnetic resonance imaging quantifies right ventricular and right atrial volumes, ejection fraction, regurgitant volume, and myocardial fibrosis, and increasingly informs the timing of surgery; computed tomography is a complement when magnetic resonance is contraindicated or extracardiac anatomy must be defined. Management is guided by current European and North American congenital heart disease guidelines and is matched to symptom burden and anatomy. Transplacental non-steroidal anti-inflammatory drugs may relieve the circular shunt in selected fetuses. Cone reconstruction has become the preferred surgical repair, with valve replacement reserved for valves deemed unsuitable. Catheter-based options, including device closure of interatrial communications, accessory-pathway ablation, and transcatheter tricuspid valve-in-valve implantation, address specific problems in higher-risk patients, although dedicated transcatheter replacement remains investigational in this population. Long-term care depends on serial imaging to detect residual regurgitation, progressive ventricular dysfunction, and arrhythmia. This review summarizes the anatomy, pathophysiology, multimodality imaging, and contemporary therapy of Ebstein anomaly, with emphasis on how imaging findings translate into clinical decisions."
OpenAlex,mitral regurgitation,Integrated Impact of Post-TAVR Cardiac Damage and Pacemaker Implantation on Long-Term Outcomes,Xinyue Yang; Ruisi Tang; Y J Yao; Fengqian Chen; Xingzhou Pu; Xi Wang; Yi-Xiang Wang; Chengqiang Liao; Yu Bao; Can Li; Y N Li; Mao Chen,10.3390/biomedicines14071569,2026-07-13,Biomedicines,"Background/Objectives: Post-procedural permanent pacemaker implantation (PPMI) and cardiac damage are individually associated with adverse outcomes following transcatheter aortic valve replacement (TAVR). However, their joint impact has not been systematically evaluated. Methods: Individuals who underwent TAVR procedures between 2013 and 2024 were retrospectively enrolled and classified into four groups based on their PPMI and cardiac damage status. Univariate and multivariable Cox regression were used to analyze the association of these factors with long-term outcomes, while receiver operating characteristic (ROC) curves, decision curve analysis (DCA), net reclassification improvement (NRI), and integrated discrimination improvement (IDI) were used to further assess their predictive performance. Results: A total of 1274 patients met the inclusion criteria. Compared to non-PPMI patients with early cardiac damage stage, those with PPMI and advanced stage had higher all-cause mortality (HR: 2.98; 95% CI: 1.60–5.56; p value &lt; 0.001) and more cardiac deaths (HR: 3.85; 95% CI: 1.36–11.10; p = 0.012). Multivariable analysis confirmed PPMI and cardiac damage stage as independent prognostic factors. Notably, the predictive model incorporating both variables achieved the best performance (AUC = 0.703) with significant NRI and favorable DCA results, suggesting incremental value for identifying high-risk patients and acceptable clinical utility. Conclusions: The current study is among the first to explore whether post-procedural cardiac damage may identify a subgroup in whom PPMI carries a particularly adverse long-term prognosis, highlighting the need for integrated risk assessment for post-TAVR lifelong management."
OpenAlex,mitral regurgitation,Atrial distensibility predicts short-term prognosis in fetal single ventricle-type congenital heart disease with atrioventricular valve regurgitation,Yohei Akazawa; Kosuke Yonehara; Haruka Obinata; Ryusuke Numata; Yuma Shibuya; Kohta Takei; Kiyohiro Takigiku,10.21203/rs.3.rs-10203071/v1,2026-07-12,Research Square,
OpenAlex,deep learning,The Role of Collective Bricolage in Creating University Governance Structures: The Example of the Galileo Observatory,Ariel Méndez; Amandine Pascal,,2050-01-01,Cairn.info,"This study investigates the concept of “collective bricolage” within the framework of creating a universe science observatory in France. In the face of significant transformations in higher education and research, this article examines how university stakeholders can employ collective bricolage to adapt to institutional mandates for restructuring. Drawing on Lévi-Strauss’s notion of bricolage and the theoretical contributions of Duymedjian and Rüling (2010), this research investigates how this bricolage can be implemented in the absence of conventional or normative space to support the process, and particularly within a context characterized by conflictual relationships. The case study analyzes the collective bricolage process and its components, demonstrating that the dialectical nature of collective bricolage facilitates the creation of robust governance structures through the negotiation and recombination of resources and rationales from the diverse actors involved."
OpenAlex,deep learning,The nature and tensions of environmental management control in local authorities,Christophe Maurel; Christophe Favoreu; London Proofreaders,,2050-01-01,Cairn.info,"This exploratory research aims to characterize, on the one hand, the concept of environmental management control (EMC) through the practices that underpin it, and, on the other hand, the tensions associated with it and the implementation of these practices in public organizations. Although EMC is attracting growing interest within the public sector, it seems to be facing technical and governance difficulties. A grid for analyzing management tools and the theory of organizational paradoxes is used to address the issue of characterizing EMC practices and the associated tensions in the local public sector. Various municipalities were mobilized to explore and characterize their first experiences of implementing EMC. Our results enable us to characterize both the tools used and the tensions generated between the objectives pursued in terms of resource management, dialogue with the socio-economic environment, and behavioral orientation."
OpenAlex,deep learning,A collaborative and participatory approach to public service innovation: Health sector dynamics and outlook,Fatima Yatim; Alan Sitkin; Cadenza Academic Translations,,2050-01-01,Cairn.info,"This article explores the dynamics of collaborative and participatory innovations in public health services using Chen et al.’s (2020) typology. Based on a mixed survey of projects awarded under the national “Droits des usagers de la santé” initiative, the study finds that user participation primarily generates operational and capacity-oriented innovations frequently involving external partnerships. The analysis highlights the crucial interactions between internal and external dynamics, identifying essential conditions for successful innovations: effective mobilization of internal resources, robust institutional support, and early and active user involvement. However, the study also identifies limitations in citizen engagement, particularly in the evaluation phase of innovations. The article concludes by suggesting avenues for enhancing full co-creation processes in public services to maximize public value."
OpenAlex,deep learning,Genesis of Organizational Innovation in Healthcare,Sabrina Grandclaude; Didier Grandclaude; Thierry Nobre; Cadenza Academic Translations,,2050-01-01,Cairn.info,"Based on the analysis of 96 organizational innovation in healthcare (OIH) projects and 52 interviews conducted with project leaders initiating these innovations, this research identifies the phenomena underlying the genesis of OIHs. The results highlight the major role played by factors such as patient empathy, international inspiration, academic inspiration, technological inspiration, serendipitous encounters, and the desire for organizational transformation in driving the generation of OIHs. Furthermore, our findings emphasize the dual nature of the research and development process for these innovations, characterized as both ex nihilo and ex materia."
OpenAlex,deep learning,"Depth of Processing, learner aptitude, and the acquisition of L2 English grammatical structures",Shweta Nigam,10.48683/1926.00128861,2031-01-01,CentAUR (University of Reading),"Depth of Processing (DoP) is central to several models of instructed second language acquisition (ISLA) (Leow, 2015). While DoP has been extensively examined in vocabulary learning (e.g., Laufer &amp; Hulstijn, 2001), its role in the acquisition of grammatical structures, particularly through oral and audio-visual modalities remains comparatively underexplored. Drawing on the Levels of Processing framework (Craik &amp; Lockhart, 1972), this study investigated whether task-induced processing depth influences the acquisition of third conditionals and comparatives, and whether language aptitude (LLAMA B, D, F) predicts learning gains. Using a pretest–posttest design, four intact classes involving 108 Grade 8 EFL learners in India were assigned to one of the three experimental conditions differing in level and type of processing: Low DoP, High DoP Explicit, and High DoP Implicit. The treatment task required the participants to listen to an audio-visual story containing the target structures (third conditionals and comparatives) and complete analytic tasks (varying in different groups) before listening to the story for a second time. The oral performance of the participants was analysed for accuracy, and frequency of use of the target structures. A grammaticality judgement test (GJT) and an elicited imitation task (EIT) were used to assess the participants’ gains in the knowledge of the target structures. In addition, language aptitude (LLAMA B, D, F) was measured and modelled as a predictor of gain scores. Results showed a significant effect of processing condition on GJT performance with the High DoP Implicit group outperforming the High DoP Explicit group on total scores and comparatives. In contrast, ANCOVA analyses indicated no significant group differences on EIT outcomes once pretest performance was controlled, with pretest scores strongly predicting posttest performance. In oral production, processing effects were structure-specific: the Low DoP group showed greater accuracy gains for comparatives, while both High DoP groups revealed increased frequency of use of third conditionals. However, across all four measures, multiple regression analyses indicated that LLAMA B, D, and F did not significantly predict gain scores. Overall, the findings support a processing-by-structure pattern: deeper processing benefits were most evident for the more salient structure (comparatives) on an explicit, written measure, whereas complex, low-salience forms (third conditionals) showed limited accuracy change but increased frequency of use under deeper processing."
OpenAlex,deep learning,Combating Data and Target Shifts in Visual Tasks,Zhaorui Tan,10.17638/03194353,2031-01-01,Open MIND,"The rapid advancement of deep learning models for visual tasks has led to significant progress in many domains. However, a key challenge remains: ensuring that models can generalize effectively to unseen samples or novel classes, especially in real-world scenarios where training data-target pairs are often limited or unavailable, and test data may exhibit shifts in both data and targets. This thesis addresses the problem of shifts across data and targets, proposing novel methods to improve model generalization and transferability in complex settings. The thesis identifies the different shift scenarios for visual tasks and presents their problem forms. The research first relaxes the static target distribution assumption in Multi-Domain Generalization (mDG) tasks, introducing the General Multi-Domain Generalization (GMDG) objective to improve generalization under varying data shifts. Specifically, Extensive experiments validate that GMDG is feasible for classification, segmentation, and regression tasks. Further considering extreme target distribution shifts where even unknown novel classes emerge, the study also explores logical regularization techniques for tasks such as Generalized Category Discovery (GCD), mDG+GCD, and Class Incremental Learning (CIL), proposing a sample-based logical regularization term (L-Reg) to enhance data-, target-, and all-shift generalization. Additionally, a partial logic framework is introduced to address challenges in CIL, enabling models to retain room for unknown classes during training. This is further extended by the Partial-Logic Regularization (PL-Reg), which improves generalization across GCD, mDG+GCD, and transferability for CIL tasks. Furthermore, the thesis proposes a novel Semantic-aware Data Augmentation (SADA) framework for cross-modality generalization in text-to-image synthesis (T2Isyn), text-image retrieval (TIR), and image-text retrieval (ITR) tasks. This framework ensures semantic preservation across text and image modalities, improving both semantic consistency and image quality in cross-modality tasks. The methods proposed in this thesis offer significant advancements in visual generalization and transfer scenarios, providing theoretical insights and practical solutions for handling data shifts, target shifts, and multi-modalities in complex scenarios. Extensive experiments validate the effectiveness of the proposed methods, demonstrating their superior performance across a range of tasks."
OpenAlex,deep learning,Assessing the Role of Digital Transformation in Strengthening Customer Engagement: A Case Study of bKash,Abdullah Al Ahad; Majeda Begum,,2031-01-01,RUCforsk (Roskilde University),"In this study, the role of digital transformation in enhancing customer engagement in the mobile financial services (MFS) industry is explored through a case study of bKash in Bangladesh.The research was designed to find out the key digital transformation projects which bKash has done, understanding customer perceptions about digital service, understanding the relationship and analysis between features of digital transformation and customer engagement, and analysing the challenges and opportunities of digital transformation.The research method used was a mixed-method research design, which was a combination of quantitative survey data from 46 respondents and qualitative data from the interviews conducted with 4 participants.The quantitative data were analysed statistically using descriptive statistics, reliability analysis, correlation analysis and multiple regression analysis, and the qualitative data were analysed in themes.The study was adopted primarily based on the Technology Acceptance Model (TAM) with the aid of the Diffusion of Innovation (DOI)Theory.The results propose that digital transformation has a positive impact on customer engagement for bKash.The PU, TR and PS measures had strong direct effects on customer engagement.On the contrary, the POEU and DSQ measures had results were statistically insignificant.Qualitative data discussion specified some factors that influence users experience, and these are convenience, reliability, and trust.Though there are several advantages in using digital platforms like bKash, but there are some cautions and issues of being worried.Fraud and service cost is two key area of being worried.According to the findings of this research project, the significance of ongoing innovation, robust security measures, and customer-focused digital approaches are so crucial and in emerging markets Bangladesh, financial service providers should integrate these issues to succeed in the competition."
OpenAlex,deep learning,Antecedents and consequences of Green-tech FDI in emerging markets,Zhuoran Liu,10.17638/03195308,2031-01-01,Open MIND,"As environmental pressures intensify, attracting sustainable foreign direct investment (FDI), particularly green-tech FDI, has become a critical pathway for emerging markets to achieve environmental sustainability. However, existing research remains fragmented, offering limited insights into why green-tech FDI enters emerging markets and how it affects regional green innovation. This thesis addresses these gaps by systematically examining both the antecedents and consequences of green-tech FDI through three empirical studies using regional data from China. Study 1 and Study 2 focus on the antecedents of green-tech FDI. Study 1 examines how host-country conditions can attract green-tech FDI, highlighting the role of environmental management information disclosure (EMID) by domestic firms in reducing information gaps and strengthening green market–seeking motives. Study 2 shifts attention to the active decision-making of green-tech FDI, showing that under uncertainty, green-tech foreign investors engage in identity-based bandwagon learning by imitating peers with similar green identities, thereby mitigating investment risks. Study 3 turns to the consequences of green-tech FDI. It demonstrates that, due to the technological complexity of green innovation and limited absorptive capacity in emerging markets, green-tech FDI may generate crowding-out effects rather than purely positive spillovers. Adopting a network perspective, the study further finds that universities play a key moderating role: through broad linkages and deep collaborations, they help mitigate negative spillovers and facilitate the diffusion of green technologies. Together, the three studies advance the literature on sustainable FDI by differentiating green-tech FDI from general FDI and identifying the specific mechanisms that shape its entry decisions and local innovation outcomes. Practically, the findings provide guidance for emerging-market governments and firms on how to attract and manage sustainable investment, balance growth with environmental objectives, and strengthen local innovation ecosystems."
OpenAlex,deep learning,Deep learning design of programmed enhancer pairs,Salil Garg; Blake M Torres; Joanna Wypasek,10.5281/zenodo.19477875,2030-04-08,Zenodo (CERN European Organization for Nuclear Research),
OpenAlex,deep learning,Deep learning design of programmed enhancer pairs,Salil Garg; Blake M Torres; Joanna Wypasek,10.5281/zenodo.19463376,2030-04-08,Zenodo (CERN European Organization for Nuclear Research),
OpenAlex,deep learning,Deep learning design of programmed enhancer pairs,Salil Garg; Blake M Torres; Joanna Wypasek,10.5281/zenodo.19463375,2030-04-08,Zenodo (CERN European Organization for Nuclear Research),
OpenAlex,deep learning,A UAV-Based Framework for Community-Scale Residential Building Energy Modelling in China,Mengfan Jin,10.17638/03195460,2029-01-01,Open MIND,"With increasing emphasis on energy efficiency and carbon emission reduction in the building sector, rapid and scalable energy modelling of existing buildings is critical for retrofit projects and policy development. Conventional surveys, data collection and energy modelling processes remain labour-intensive and impractical for large-scale applications, and energy modelling often dominates project time and cost. Unmanned Aerial Vehicles (UAVs) equipped with high-resolution and infrared cameras now offer fast and safe exterior surveys, showing great potential in building energy assessments. Yet, a systematic framework for UAV integration, from image capture through processing to inputs for building energy simulation, has not been established. This research addresses these challenges by developing a structured framework for community-scale building energy modelling, which integrates UAV photogrammetry to accelerate data acquisition, reduce labour, and shorten energy modelling time for retrofit projects. The framework is designed to minimise prior data requirements while maximising automation and retaining sufficient accuracy and reliability. It also addressed systemic issues, such as the lack of data necessary to fully exploit the potential of available technologies in the context of this study. To achieve this research objective, a mixed-methodology approach, combining desk studies and fieldwork, was adopted. First, a comprehensive review of UAV-based building energy studies mapped the current applications and available tools, proposing a preliminary framework. Fieldwork then encompassed a pilot study and a detailed case study. In the pilot test, a single building was surveyed to identify an optimal toolchain for flight planning, image capture, photogrammetric reconstruction, model generation, and selection of a simulation platform. The resulting refined framework was applied to a case study of a 39-building community, and it was demonstrated that further automation was necessary. The potential for automation was then further explored. Geomatic algorithms, machine learning, and deep learning techniques were compared, and the combination that best balanced accuracy and processing time was selected for 3D model generation and window-to-wall ratio (WWR) extraction. In parallel, an archetype library of residential buildings in the Hot Summer Cold Winter (HSCW) zone in China was compiled to facilitate the assignment of thermal parameters. Finally, a reusable community-scale building energy modelling (CBEM) workflow was assembled in Grasshopper using Ladybug Tools components to process the aforementioned inputs. In conclusion, this study integrates UAV photogrammetry, GIS-based geomatic algorithms, machine learning, and graphical programming to develop an UAV-CBEM framework. The outcomes establish a foundation for scalable UAV-based building energy assessments, enhancing applicability in data-limited and large-scale settings worldwide."
OpenAlex,deep learning,Culture Audit - Save a Life Pet Rescue,Grace L Kmak; Kaley A Chriswell; Carter Roberts; Antonio Pizza; Caroline Parrott,,2029-01-01,Journal of International Crisis and Risk Communication Research,"Our project was a culture audit on the non-profit save a life pet rescue. Our goal was to analyze how the group works along with determine if there is any areas of improvement for the organization. Through this, we learned that any ability to give back can make an impact for all things. Whether it be dogs or families."
OpenAlex,deep learning,Data Augmentation Application in Deep Learning Drug Discovery by Utilizing Relationships Between Biological and Medical Entities,Tianjun Wang,10.17638/03195452,2029-01-01,Open MIND,
OpenAlex,deep learning,Spectral Materialism: Encounters with land-time-scapes,Sam Nightingale,10.25602/gold.00040593,2029-01-01,Goldsmiths (University of London),"This transdisciplinary, practice-based PhD introduces spectral materialism through art-based research encounters with ecologically and historically stratified land-time-scapes shaped by hypersalinity and colonial terraforming. Centred in the semi-arid Mallee (southeastern Australia) and read through echoes with California’s Imperial Valley, the project examines how spectral time—the co-presence and haunting of other temporalities—manifests in the material conditions of salt, soil, water, plants, and infrastructures. It asks how learning from geological, First Nations, colonial, and ecological pasts can orient responsibilities in unsettled futures. Treating the present as a crisis of time as much as a crisis of matter, the thesis critiques linear-progressive temporalities bound to Western modernity and extractive regimes. In response, spectral materialism is developed as both a conceptual framework and a critical creative methodology. Through alchemical media experiments with salt crystals, hypersaline soils, and halophytes, photography is reconfigured as a site-responsive, process-oriented practice. Salt is engaged as a material agent and ‘time-crystal’ whose phase shifts—dissolution, saturation, precipitation, crystallisation, evaporation—form a meta-chemistry that refracts deep-marine pasts, settler-colonial irrigation infrastructures, and contemporary dust into processual renderings of time. Methodologically, the project advances attunement as a mode of sensing and responsiveness to forces that are not always immediately perceptible yet are materially active. Field notes appear as para-writing, interrupting linear narration so that heterogeneous times co-present themselves within the text. The thesis is guided by First Nations temporalities—time as relational and in place—while remaining accountable to ethical limits and protocols. The contribution is twofold: a theoretical articulation of spectral materialism as a way to think time otherwise, and a set of site-responsive methods for engaging elemental media in saline environments. Together, they generate materially grounded accounts of spectral presences and open alternative pathways for knowing, sensing, and relating within land-time-scapes marked by enduring colonial and ecological afterlives amid planetary change."
OpenAlex,deep learning,Advocating the potential of AI for syndrome discovery: a scoping review,A C P Ferreira; Aleksandar Anžel; Alexander Ullrich; Georges Hattab,,2029-01-01,Open MIND,"This protocol describes a scoping review to map the landscape of artificial intelligence (AI) applications in syndrome discovery. Specifically, we aim to identify: 1. What AI techniques (e.g., natural language processing, machine learning, deep learning) have been used to detect or characterize syndromes (in the context of Syndromic Surveillance Systems); 2. which clinical data sources (e.g., EHR text, emergency departments data, primary care data) are leveraged."
OpenAlex,deep learning,Deep learning image analysis of donor red blood cells to predict deformability and transfusion efficacy,Erik S. Lamoureux,10.14288/1.0451932,2028-01-01,cIRcle (University of British Columbia),"The full abstract for this thesis is available in the body of the thesis, and will be available when the embargo expires."
OpenAlex,deep learning,Le jeu de rôle ludique : un terrain d’analyse et d’entraînement pour l’acquisition de compétences managériales,Sanne Stijve; David Robert,,2028-01-01,Cairn.info,"Unlike serious role-playing games, which attempt to simulate certain situations and interactions in the business world, tabletop role-playing games set their narrative in a fictional universe. RPG games provide an excellent opportunity to analyse the interaction and thinking patterns of participants and offers the possibility to develop new behaviours and testing them over the course of one or more game sessions, using the “decontextualised” simulation system on a benevolent testing ground, an immersive simulation environment that enables analysis and personal growth work. This activity has been the subject of workshops run by PsychoStratégie SA, which constitute a case study showing how tabletop RPGs can be used in an innovative way to develop the managerial skills of professionals through a deeper understanding of their own interactional and reflexive patterns and the development of new behaviours and tactics."
OpenAlex,deep learning,"The Enlightenment of an Entrepreneur: A Multidisciplinary Exploration of Management, Psychology and Economic Theology",Graziano Mazza,,2028-01-01,Cairn.info,"This conceptual paper explores how Economic Theology’s ideas of calling, oikonomia, and entrepreneurship can enhance entrepreneurs’ ability to navigate sustainability transitions. Integrating concepts from various disciplines, it reimagines entrepreneurship as an iterative learning process that addresses societal challenges. The paper analyses existing Religion of Work theories, providing societal, psychological, and anthropological insights. It elucidates the concept of calling in entrepreneurship, suggesting that work can have transcendent meaning and purpose. Additionally, it examines boundaryless careers and the significance of work, portraying entrepreneurship as a profession with humanitarian and spiritual dimensions. The paper outlines fundamental beliefs and frameworks for societal contribution through entrepreneurship, emphasizing the individual-in-society perspective. It advocates for entrepreneurs as moral agents aligned with community values and proposes a shift from viewing economic actions as mere resource allocation to recognizing entrepreneurial action as an expression of human agency. JEL Codes: B5"
OpenAlex,deep learning,Deep q-learning aided k-means clustering protocol for optimizing network lifetime in wireless sensor networks,Flynn Dowey,10.14288/1.0451106,2028-01-01,Open Collections,"The full abstract for this thesis is available in the body of the thesis, and will be available when the embargo expires."
