source,keyword,title,authors,doi,publication_date,journal,abstract
PubMed,aortic stenosis,Deep Survival Modeling With Echocardiographic Myocardial Texture Radiomics for Prediction of Major Adverse Cardiovascular Events in Hypertrophic Cardiomyopathy.,Guizi Liang; Jiangyu Han; Xiaolan Huang; Xing Chen; Dongwei Xie; Limei Liang; Rentao Zhi; Shengjiang Chen; Bulin Zhang; Yan Deng,10.1007/s12265-026-10845-w,2026-10-02,Journal of cardiovascular translational research,"Hypertrophic cardiomyopathy (HCM) carries substantial risk of major adverse cardiovascular events (MACE), yet current tools do not fully exploit quantitative myocardial texture from routine echocardiography. We retrospectively studied 413 patients with HCM from two tertiary centers to develop and externally validate a deep survival model integrating transthoracic echocardiographic texture radiomics with clinical and conventional echocardiographic variables. Patients from one center (n = 308) were used for development and internal testing and those from the other (n = 105) for external validation. The best-performing model was selected by cross-validated Harrell C-index and interpreted using Shapley additive explanations. During median follow-up of 30.7 and 35.6 months, 83 patients (20.1%) experienced a first MACE. The Combined model showed the highest concordance and net clinical benefit, with age, RadScore, left atrial diameter, and maximal wall thickness as leading contributors. This model may provide an accessible approach to individualised MACE risk stratification in HCM."
PubMed,aortic stenosis,Age-Related Excessive Tortuosity of the Right Brachiocephalic Artery in Patients Being Evaluated for Transcatheter Aortic Valve Replacement (TAVR): Potential to Affect Alternate Access.,Kyrillos Girgis; Prashant K Gupta; Danielle Retcho; Divine Dele; Aarti Gupta; Rajiv Tayal; Nishant Sethi; Arash Salemi; Sergio Waxman; Najam Wasty,10.7759/cureus.115579,2026-09,Cureus,"Background We hypothesized age-related excessive tortuosity of the right brachiocephalic artery (RBCA) in patients undergoing transcatheter aortic valve replacement (TAVR) evaluation. Methods This single-center, retrospective, cross-sectional study evaluated 100 consecutive patients aged ≥70 undergoing TAVR workup. Contrast-enhanced computed tomography (CT) angiography of the chest, abdomen, and pelvis was performed, and three-dimensional volume-rendered reconstructions were generated. Tortuosity of the RBCA was quantified based on the number and degree of angulations (≥45° or ≥90°). Results Of the 100 patients, the mean age was 80.6 years, there were 53 females, 37 diabetics, and 99 hypertensives, the mean low-density lipoprotein (LDL) was 81.8 mg/dL, the mean ejection fraction was 57.1%, and the mean of the mean aortic valve gradients was 33.6 mmHg. About 88% of the patients had a varying combination of at least up to two angulations ≥45° and/or ≥90°, while 47% had at least two angulations ≥90°. Conclusions Incidence of excessive tortuosity of the RBCA in the elderly being evaluated for TAVR is indeed very high; 88% of the patients had a varying combination of at least up to two angulations ≥45° and/or ≥90°, while 47% had at least two angulations ≥90° (normal in young healthy subjects being no angulations at all ≥45° and/or ≥90°). This excessive RBCA tortuosity may affect the ease and success of procedures performed using the right axillary approach, particularly for TAVR alternate access (percutaneous axillary (PercAx)). Larger studies are needed to corroborate our findings not only in patients with aortic stenosis being evaluated for TAVR but also in this age group in general, since such excessive RBCA tortuosity may, to some degree, explain the increased incidence of radial-to-femoral conversion with advancing age."
PubMed,aortic stenosis,Occult Bartonella Quintana Infective Endocarditis Incidentally Diagnosed During Pre-Transcatheter Aortic Valve Implantation (TAVI) Workup in a Patient Without Classical Risk Factors.,Nouhaila Bentama; Malak Alaoui Yazidi; Jalal Tagueniti; Brahim Meftout,10.7759/cureus.115582,2026-09,Cureus,"Bartonella infective endocarditis (IE) is a rare cause of initially blood culture-negative IE, classically associated with cat flea exposure in Bartonella henselae infection or body lice infestation among individuals experiencing homelessness or alcoholism in Bartonella quintana infection. We report the case of an 84-year-old man with severe calcific aortic stenosis who was undergoing evaluation for pre-transcatheter aortic valve implantation (TAVI). Cardiac computed tomography (CT) unexpectedly revealed a peri-annular cavity consistent with a drained or healed peri-annular abscess, despite the absence of fever or other clinical features of IE. Initial blood cultures were negative, and TAVI was planned following multidisciplinary discussion, pending serological results. However, a subsequently reported high-titer Bartonella serology prompted readmission, and TAVI was ultimately deferred after the diagnosis was confirmed. Prolonged incubation of blood cultures subsequently identified B. quintana, while brain magnetic resonance imaging (MRI) revealed a lesion suspicious for an intracranial infectious aneurysm. Definite IE was established according to the 2023 Duke-International Society for Cardiovascular Infectious Diseases (Duke-ISCVID) criteria based on two major criteria: high-titer Bartonella serology and imaging evidence of a peri-annular abscess. No classical epidemiological risk factors for Bartonella infection were identified. Despite targeted antimicrobial therapy, the patient experienced progressive clinical deterioration, and multiple comorbidities precluded surgical intervention. He ultimately died of multiorgan failure. This case highlights the diagnostic challenge of occult B. quintana IE incidentally identified during pre-TAVI evaluation, including in patients without classical epidemiological risk factors or overt manifestations of infection. It also emphasizes that unexpected peri-annular abnormalities detected during pre-TAVI evaluation should prompt a thorough investigation for IE, even in clinically unsuspected cases, with direct implications for procedural planning."
PubMed,aortic stenosis,Real-World Comparison of Balloon-Expandable Valves for Transcatheter Aortic Valve Replacement: Data From the Aortic+Mitral TRAansCatheter Valve Registry.,Yeela Talmor-Barkan; Kush P Patel; Marco Barbanti; Sofia Sammartino; Giuliano Costa; Carmelo Grasso; Ole De Backer; Davorka Lulic; Carmen Olmos; Giulia Masiero; Marianna Adamo; Dabit Arzamendi; Mario García-Gómez; Jose A Baz; Klemen Steblovnik; Victor Mauri; Matti Adam; Hendrik Wienemann; Manuel Hein; Philipp Ruile; Bing Wei Thaddeus Soh; Luca Branca; Rodrigo Estévez-Loureiro; Ignacio J Amat-Santos; Darren Mylotte; Matjaz Bunc; Giuseppe Tarantini; Michael J Mullen; Luis Nombela-Franco; Leor Perl; Ran Kornowski; Amos Levi; Guy Witberg,10.1016/j.shj.2026.101104,2026-10,Structural heart : the journal of the Heart Team,"Comparative real-world data on newer balloon-expandable valve (BEV) platforms remain limited. We sought to compare clinical, procedural, and early hemodynamic outcomes following transcatheter aortic valve replacement (TAVR) using 2 contemporary BEVs in a multicenter international registry.
Consecutive patients undergoing TAVR with Sapien 3/Ultra and MyVal from the Aortic+Mitral TRAansCatheter Valve Registry were included. Propensity score matching was used to generate a balanced 1:3 cohort. The primary endpoint was 2-year all-cause mortality. Secondary endpoints included in-hospital complications, defined according to Valve Academic Research Consortium-3 criteria.
A total of 1903 patients undergoing TAVR with BEV were included (Sapien, n = 1676; MyVal, n = 227). Baseline clinical and echocardiographic characteristics were largely comparable between groups. In the propensity-matched cohort (n = 743), 2-year all-cause mortality did not differ between groups. In-hospital mortality and major procedural complications were similar across platforms. New permanent pacemaker implantation occurred more frequently with MyVal compared with Sapien (26.6% vs. 10.1%; p < 0.001). Postprocedural mean transvalvular gradients were comparable between valves, but a greater proportion of Sapien recipients had elevated mean gradients (>10 mmHg), (44.0% vs. 32.3%; p = 0.019). Paravalvular leak (PVL) distribution differed, with more-than-mild PVL observed more frequently in the MyVal group (9.8% vs. 2.1%; p < 0.001).
In this analysis, both BEV platforms demonstrated comparable safety, mortality, and overall hemodynamic performance following TAVR. However, MyVal was associated with higher rates of permanent pacemaker implantation and PVL. These findings highlight important platform-specific differences that may inform valve selection and warrant further long-term evaluation."
PubMed,aortic stenosis,Duodenal Obstruction and Grade III Acute Cholangitis Following Pancreaticoduodenal Artery Aneurysm Rupture During Conservative Management of Acute Type B Aortic Dissection: A Case Report.,Osamu Kinoshita; Satoru Murata; Ryoya Sakakibara; Takuma Aoki; Jun Koizumi,10.7759/cureus.115546,2026-08,Cureus,"Aneurysms of the pancreaticoduodenal arcade are uncommon visceral artery aneurysms that are strongly associated with stenosis or occlusion of the celiac axis and that may rupture irrespective of size. Rupture produces a peripancreatic or retroperitoneal hematoma, and duodenal stenosis is a recognized sequela; biliary complications have rarely been reported. An 84-year-old man admitted with an acute Stanford type B aortic dissection with a thrombosed false lumen was managed conservatively with strict blood pressure control. Surveillance non-contrast computed tomography (CT) on day 7 incidentally showed a periduodenal hematoma, absent on day 5, in a patient who had no abdominal pain. Contrast-enhanced CT on day 8 demonstrated a 5-mm aneurysm of the anterior inferior pancreaticoduodenal artery (AIPDA) adjacent to the hematoma, together with severe celiac origin stenosis. The same narrowing was present on the day 0 study, as demonstrated on retrospective review. Coil embolization on day 12 occluded the aneurysm, and the arcade remained patent, maintaining collateral blood flow to the liver; the celiac origin stenosis was not treated. Postprandial vomiting began on day 16, and imaging on day 19 confirmed high-grade stenosis at the distal descending duodenum. He was managed with nasogastric decompression and parenteral nutrition, and endoscopy showed a short, tight stenosis of extrinsic appearance with normal mucosa. On day 37, he developed septic shock with direct-predominant hyperbilirubinemia, and CT showed a dilated biliary tree with severe narrowing of the common bile duct at the level of the coils. According to the Tokyo Guidelines 2018, grade III acute cholangitis was diagnosed, and an endoscopic nasobiliary drainage catheter was placed without sphincterotomy; blood and bile grew extended-spectrum beta-lactamase-producing Escherichia coli. The duodenal stenosis improved sufficiently for an oral elemental diet on day 45 and a full oral diet on day 47, and he was discharged home walking unaided on day 60. Rupture of an AIPDA aneurysm may be painless, although this is not the usual presentation, and may be detected only on surveillance imaging; severe cholangitis may follow in a patient with a persistent periduodenal hematoma and duodenal obstruction. Both complications were managed nonoperatively."
PubMed,aortic stenosis,Influence of including or excluding endocardial borders on left ventricular wall thickness measurements in cats.,Maximiliane G Sehn; Yuen Yee Cheuk; Jose Novo Matos; David Brodbelt; Virginia Luis Fuentes,10.1093/jvimsj/aalag224,2026-09-01,Journal of veterinary internal medicine,"Consensus is lacking on which endocardial borders to include when measuring left ventricular wall thickness (LVWT) in cats.
The number of endocardial borders included can influence whether an individual cat is classified as having hypertrophic cardiomyopathy (HCM) or not.
Fifty-two cats that previously were diagnosed as either healthy, equivocal for HCM, or having an HCM phenotype.
Single-center retrospective cross-sectional study. Three observers measured LVWT using 4 different LVWT measurement protocols: leading edge-to-leading edge (L-L); leading edge-to-trailing edge, trailing edge-to-leading edge, and trailing edge-to-trailing edge for the interventricular septum and L-L and trailing edge-to-leading edge methods for the left ventricular free wall (LVFW). Measurements were made using stored echocardiographic images on 2 occasions by 2 observers. A Friedman test and post-hoc Wilcoxon signed rank test with Bonferroni correction were performed to detect differences between measurement techniques.
Interventricular septum (IVS) wall thickness was significantly larger for leading-edge-to-trailing-edge measurement (median and [interquartile range (IQR)]: 5.5 [3.8-7.2] millimeters) compared with other methods (P < .001). The trailing-edge-to-leading-edge method produced significantly smaller results (4.3 [IQR, 3.4-6.2] millimeters for the interventricular septum and 4.8 [IQR, 3.4-6.2] millimeters for the LVFW) compared with other methods (P < .001). Median IVS thickness measured as leading-edge-to-trailing-edge was 1.2 millimeters larger than when measured as trailing-edge-to-leading-edge.
LVWT varies depending on the number of endocardial borders included. The number of endocardial borders included in LVWT measurements should be standardized."
PubMed,aortic stenosis,A bilobed syphilitic thoracoabdominal aortic aneurysm with vertebral erosion and multibranch visceral occlusion.,Shinji Kanemitsu; Daisuke Suzuki; Satoshi Teranishi; Takato Yamasaki; Koh Kajiyama,10.1016/j.jvscit.2026.102471,2026-12,Journal of vascular surgery cases and innovative techniques,"A 55-year-old man with serologically confirmed tertiary syphilis had an asymptomatic 70 mm bilobed thoracoabdominal aortic aneurysm with two contiguous saccular components, severe T11 to T12 vertebral body erosion, complete celiac artery occlusion, and critical ostial stenosis of the superior mesenteric and right renal arteries, with mature collateral perfusion from the inferior mesenteric artery. After preoperative penicillin therapy, open repair with selective left renal artery reimplantation and intentional nonreconstruction of the chronically occluded visceral branches was completed without paraplegia or mesenteric ischemia."
PubMed,aortic stenosis,Pathophysiology-Driven Anesthetic Management of Williams Syndrome for Combined Oral Surgery: A Case Report.,Sherin Abdelhamid; Khaled Abuamra; Usama Abdelgwad; Aicha Idrissi; Gopinath Chowdappa; Cornelia Weidinger,10.7759/cureus.115523,2026-08,Cureus,"Williams syndrome is a rare multisystem genetic disorder associated with developmental delay, characteristic dysmorphic features, congenital cardiovascular lesions, and increased perioperative anesthetic risk, particularly when supravalvular aortic stenosis or other vasculopathy is present. Children with Williams syndrome may also present practical perioperative challenges related to anxiety, poor cooperation, and potential airway difficulty, making individualized anesthetic planning essential. We report a 12-year-old boy with Williams syndrome who underwent ranula excision and complete oral rehabilitation under general anesthesia. Although preoperative cardiac evaluation revealed no severe structural anomalies, he was managed as high risk due to the inherent vulnerability of coronary perfusion in Williams syndrome. The perioperative strategy combined tight hemodynamic control with pharmacologic and nonpharmacologic measures to minimize sympathetic activation. This case highlights that apparently mild structural cardiac findings may not fully reflect perioperative risk in Williams syndrome and supports a pathophysiology-driven, individualized anesthetic approach even for seemingly minor noncardiac procedures."
PubMed,aortic stenosis,[Complex femoral access in TAVI: From risk identification to alternative approaches].,I Skalidis; G Liccardo; T Hovasse; T Unterseeh; S Champagne; Y Lounes; A Neylon; M Akodad,10.1016/j.ancard.2026.102090,2026-10-01,Annales de cardiologie et d'angeiologie,"Transcatheter aortic valve implantation (TAVI) has become the reference treatment for severe aortic stenosis across all surgical risk categories. Transfemoral access remains the default approach, but vascular complications, especially in patients with peripheral artery disease (PAD), can limit its feasibility. This review follows a three-step structure. First, when to suspect complex femoral access? The concept of ""hostile"" access (small calibre, severe calcification, tortuosity) and the Hostile and Passage-Puncture scores allow this risk to be stratified from preoperative imaging. Second, how to manage a complex femoral access? Intravascular lithotripsy (IVL) and orbital atherectomy expand eligibility for transfemoral access in severe calcified PAD, dedicated techniques (buddy wire, snare) address aortic and iliofemoral tortuosity, and careful puncture-site planning limits local complications. Third, when and which alternative access to consider when transfemoral access remains unfeasible? Transaxillary/subclavian, transcarotid, transcaval or, more rarely, transapical/transaortic, are associated with different risks and selection criteria. As TAVI expands to lower-risk populations, a structured vascular access strategy remains essential to procedural success and to decrease vascular complications."
PubMed,aortic stenosis,"Trainee exposure to valve surgery in the UK: safety, decline and organisational inequality in a national cohort.",Jeremy Chan; Maria Comanici; Pradeep Narayan; Tim Dong; Gianni D Angelini,10.1136/openhrt-2026-004389,2026-10-01,Open heart,"To evaluate trends, early clinical outcomes and surgeon-variation and hospital-variation in trainees performing isolated aortic valve replacement (AVR) and mitral valve (MV) surgery, including replacement (MVR) and MV repair (MVr) in the UK.
All adults undergoing elective or urgent isolated AVR or isolated MVr/MVR in the National Adult Cardiac Surgery Audit between 1996 and 2019 were included. Temporal trends and early clinical outcomes were compared between consultants and trainees as primary operators. Three-level multilevel logistic regression was used to quantify hospital-level and consultant-level variation in the proportion of cases performed by trainees.
Among 71 710 isolated AVR and 25 197 isolated MV surgery cases, 13 432 (18.7%) and 2472 (9.8%) were performed by trainees, respectively. MV surgery included 9893 MVR and 15 292 MVr, of which 1226 (12.4%) and 1246 (8.1%) were performed by trainees, respectively.Propensity matching generated balanced cohorts of 13 432 AVR, 1223 MVR and 1243 MVr pairs. Trainee-led procedures were not associated with higher in-hospital morbidity or mortality.Multilevel modelling demonstrated substantial variation in trainees being the primary operator, with 59.6%, 57.1% and 44.8% of variation at hospital-level and surgeon-level for AVR, MVr and MVR, respectively.
In this national UK cohort, trainees performed approximately one in five isolated AVR operations and one in ten isolated MV operations. Trainee exposure was the lowest in MVr. Trainee-led procedures were not associated with an increase in in-hospital mortality or early morbidity. There was a marked hospital-level and consultant-level variation in trainees' operating opportunities. These findings support continued structured exposure to isolated aortic and MV surgery, with particular attention to a specific MVr training pathway."
PubMed,aortic stenosis,Transfemoral TAVI in the Contemporary Era: From High-Risk Innovation to Mainstream Cath-Lab Procedure.,Ashish H Shah,10.1016/j.hlc.2026.03.055,2026-10,"Heart, lung & circulation",
PubMed,aortic stenosis,"Effect of low-flow, very low-gradient aortic stenosis on survival and objective functional recovery after TAVI.",José M de la Torre-Hernández; Gabriela Veiga; Rigoberto Hernández; Nicolás Maneiro Melón; Leire Andraka; Miguel Artaiz; Sergio García-Blas; Ignacio J Amat Santos; Antonio J Muñoz-García; Joaquín Sánchez Gila; Manuel López Pérez; Francisco Ten; Guillermo Galeote; María Cruz Ferrer; Juan Francisco Oteo Domínguez; Luisa Salido; Cristobal Urbano-Carrillo; Tamara García Camarero; Lluis Asmarats; Bruno García Del Blanco; Raquel Del Valle; Luis Nombela; Juan M Ruiz-Nodar; Enrique Gutiérrez; Víctor Fradejas-Sastre; Ander Regueiro; Carlos Cuellas; Valeriano Ruiz Quevedo; Jessica Roa; Soledad Ojeda; Pilar Jiménez Quevedo,10.1016/j.rec.2026.09.002,2026-10-01,Revista espanola de cardiologia (English ed.),"It is unclear how the magnitude of reductions in baseline mean aortic gradient and flow affects clinical outcomes after TAVI. This study aimed to assess the prognostic impact of low-flow very low-gradient (LF-VLG) aortic stenosis on survival and objective functional recovery after TAVI.
Data from the Spanish TAVI Registry were analyzed. Three groups were included: high-gradient (≥ 40 mmHg), low-flow low-gradient (LF-LG) (20-39 mmHg) and LF-VLG (≤ 20 mmHg). A prospective single-center substudy was conducted to evaluate objective functional recovery after TAVI.
A total of 17 836 patients were included. Two-year survival was 82% in the high-gradient group (n = 12 800), 79% in the LF-LG group (n = 4126), and 73.2% in the LF-VLG group (n = 495) (P < .0001). In patients with LF-VLG, coronary artery disease and atrial fibrillation, but not ejection fraction, independently predicted mortality. In a cohort of 465 patients, objective improvement was observed in 88% of patients in the high-gradient group, 70% in the LF-LG group, and 57% in the LF-VLG group (P < .0001).
Patients with LF-VLG aortic stenosis show reduced but acceptable 2-year survival regardless of ejection fraction and limited functional recovery at 6 months after TAVI. Coronary artery disease and atrial fibrillation were independent predictors of mortality."
PubMed,aortic stenosis,Automated Aortic Valve Calcification Scoring: Multicenter External Validation of a Deep Learning Algorithm.,Jimmy Zheng; Eren Alkan; Aniruddha Deshpande; Jo Ann Efobi; William F Fearon; Paul A Heidenreich; Nishith Khandwala; David J Maron; Felipe Morais; Fatima Rodriguez; David Eng; Alexander T Sandhu,10.1016/j.jacadv.2026.103277,2026-09-23,JACC. Advances,"Aortic valve calcification (AVC) quantification is a guideline-recommended imaging biomarker for aortic stenosis (AS) severity and progression yet remains underreported on routine chest computed tomography (CT). With nearly 20 million nongated chest CTs performed annually in the United States, automated AVC detection offers potential for opportunistic AS screening without added radiation or cost.
This study evaluated whether deep learning can accurately quantify AVC from nongated, noncontrast chest CT, with performance comparable to expert assessment.
We evaluated a convolutional neural network across a multicenter consortium of 33 sites spanning 8 health systems in the United States and Brazil. The algorithm was developed using training (n = 1,446) and validation (n = 361) sets and evaluated on a separate holdout test set (n = 239) acquired from 2021 to 2024. Reference standards were manual segmentations independently verified by at least 2 board-certified radiologists. Primary outcomes were Pearson correlation and Bland-Altman analysis of algorithm-estimated vs manual Agatston scores. Secondary outcomes were sensitivity and specificity for a high calcium burden associated with moderate-to-severe AS using validated sex-specific thresholds.
The algorithm showed high correlation with expert reference standards (r = 0.99; 95% CI: 0.98-0.99; P < 0.001). Bland-Altman analysis showed minimal bias (mean difference: 5.2 AU; 95% CI: -7.6 to 17.9). For moderate-to-severe AS, sensitivity was 0.92 (95% CI: 0.80-0.97) and specificity 0.98 (95% CI: 0.95-0.99). Performance remained consistent across demographic subgroups and CT technical parameters.
This automated deep learning algorithm quantifies AVC from routine chest CT with expert-comparable performance, potentially enabling opportunistic AS screening. Prospective studies are needed to determine whether it improves clinical outcomes."
PubMed,aortic stenosis,Unicuspid Aortic Valve Presenting With Severe Aortic Regurgitation and Successfully Repaired by Bicuspidization.,Naoko Soejima; Hidekazu Tanaka; Tatsuya Miyoshi; Ayano Yoshida; Hiroki Matsuzoe; Genichi Sakaguchi; Gaku Nakazawa,10.1016/j.jaccas.2026.110360,2026-09-30,JACC. Case reports,"Unicuspid aortic valve (UAV) is a rare congenital anomaly and is often misdiagnosed as a bicuspid aortic valve (BAV). It typically presents with aortic stenosis rather than regurgitation.
A 21-year-old man presented with exertional dyspnea and was diagnosed with severe aortic regurgitation (AR) and aortic root dilation. He had been followed as having BAV since childhood. However, transesophageal echocardiography revealed a unicommissural UAV. The patient underwent valve-sparing aortic root replacement using the reimplantation technique combined with bicuspidization. Postoperative echocardiography showed mild residual AR with good valve function.
UAV is frequently misdiagnosed on transthoracic echocardiography, and its presentation with severe AR is uncommon. This case highlights the diagnostic value of transesophageal echocardiography and the feasibility of valve-sparing surgery in selected young patients.
UAV may be overlooked as BAV and can present with severe AR. Accurate diagnosis and valve-sparing surgery are key in young patients."
PubMed,aortic stenosis,Procedural Sequence in Simultaneous TAVR and PBMV: A 3-Patient Case Series.,Xingwei He; Nan Hu; Hu Zhao; Lei Zheng; Qiang Zhou; Hesong Zeng,10.1016/j.jaccas.2026.109801,2026-09-30,JACC. Case reports,"Combined aortic stenosis (AS) and mitral stenosis (MS) present a challenging multivalvular disease scenario. Simultaneous transcatheter aortic valve replacement (TAVR) and percutaneous balloon mitral valvuloplasty (PBMV) has emerged as a potential option for selected high-risk patients, but the optimal procedural sequence remains unclear. We describe 3 patients with severe AS and MS who underwent combined TAVR and PBMV following heart team evaluation, with a focus on procedural sequencing. Postprocedural hemodynamics improved immediately, and short-term outcomes were satisfactory. Our experience suggests that a TAVR-first strategy may provide superior hemodynamic stability and facilitate more accurate assessment of PBMV endpoints in selected patients with combined AS and MS."
PubMed,aortic stenosis,Estimated Left Ventricular Outflow Tract Diameter: Proposal of an Equation for Clinical Use in Adults from The ELSA Brasil Study data.,Giulia Bevilacqua Schmitz; Bruce Bartholow Duncan; Murilo Foppa; Angela Barreto Santiago Santos,10.36660/abc.20260036,2026,Arquivos brasileiros de cardiologia,"Left ventricular outflow tract diameter (LVOTd) is essential for estimating stroke volume and aortic stenosis severity, but technical limitations may affect its accuracy. A predicted LVOTd may overcome these issues, though it has not been validated in large populations. We studied the participants of the representative random sample and with ≥ 60 y-o from the Elsa-Brasil study with echocardiogram performed (n=3,267), divided into a derivation (70%) and a validation subgroup (30%). In the derivation cohort, independent determinants of LVOTd were identified, and a regression equation was derived. In the validation cohort, the performance of LVOTELSA was evaluated and compared with previously published formulas. In our derivation sample (n= 1,822; 58.9 ± 9.5 y-o; 52% females), the mean measured LVOTd was 19.5 ± 2.5 mm. The strongest predictors of LVOTd were sex, height, aortic root diameter (AoDiam), and LV end-diastolic diameter (LVEDD), deriving the equation LVOTELSA = 0.03 + [0.59 x male] + [0.04 x height] + [0.22 x AoDiam] + [0.13 x LVEDD]. In the validation sample (n=739), LVOTELSA showed a high correlation (r=0.63) with measured LVOTd with similar agreement to LVOTPestelli (r=0.61), but worse with LVOTBSA(r=0.47). These differences are reflected in relevant differences in stroke volumes. LVOTELSA showed good performance in a general adult population and may be used as an alternative when direct echocardiographic measurement of LVOTd is not feasible."
PubMed,aortic stenosis,Pulmonary venous Doppler as a marker of restrictive atrial physiology in fetal critical aortic stenosis after fetal valvuloplasty.,Nageswara Rao Koneti; Shweta Nathani Bakhru,10.4103/apc.apc_111_26,2026,Annals of pediatric cardiology,"Fetal balloon aortic valvuloplasty (fBAV) is performed in carefully selected fetuses with critical aortic stenosis to prevent progression to hypoplastic left heart syndrome. We report a fetus with critical aortic stenosis who underwent successful fBAV at 26 weeks' gestation with restoration of antegrade aortic flow. Serial fetal echocardiography subsequently demonstrated progressive restriction and eventual functional closure of the foramen ovale despite technically successful valvuloplasty. Pulmonary venous Doppler revealed a prominent atrial reversal wave with prolonged reversal duration, while mitral inflow showed marked E-wave predominance, indicating elevated left atrial pressure and severe left ventricular diastolic dysfunction. After birth, the neonate developed pulmonary hypertension physiology with persistently elevated left ventricular end-diastolic pressure despite postnatal balloon aortic valvotomy. This case highlights that pulmonary venous Doppler provides a valuable noninvasive marker of restrictive atrial physiology and may identify fetuses at risk of adverse neonatal hemodynamics despite successful relief of aortic valve obstruction."
PubMed,aortic stenosis,Lipoprotein(a) in the statin era: from risk marker to therapeutic target.,Rongshen Hong; Yuhua Liu; Xiaochun Li; Hongxiao Liu; Dongyang Xie,10.3389/fphar.2026.1938864,2026,Frontiers in pharmacology,"Lipoprotein(a) [Lp(a)] is a predominantly genetically determined lipoprotein whose concentration is generally stable over time, although clinically relevant within-person variation can occur. Elevated concentrations affect about one in five people. It has emerged as one of the most important causal contributors to the residual cardiovascular risk that persists despite effective LDL-cholesterol lowering in the statin era, and it is also causally implicated in calcific aortic valve stenosis. For decades Lp(a) was measurable yet effectively untreatable, because conventional lipid-lowering therapies do not reduce it to a clinically meaningful degree. Two practical obstacles further constrain its clinical use. Analytical standardization is incomplete: mass and molar units are not interchangeable, and some immunoassays are biased by apolipoprotein(a) isoform size. Real-world screening rates also remain very low, despite a guideline consensus on once-in-a-lifetime testing. This picture is now changing rapidly. RNA-targeted agents, comprising antisense oligonucleotides and small interfering RNAs, together with a first oral small-molecule inhibitor, lower Lp(a) by about 65% to more than 95%, differing in mechanism, route of administration, dosing interval and durability. Two questions remain open: how large an absolute reduction is needed for clinical benefit (the threshold hypothesis), and whether lowering Lp(a) reduces major adverse cardiovascular events at all. Several cardiovascular outcomes trials are now testing these questions directly. They include Lp(a)HORIZON, OCEAN(a)-Outcomes, and ACCLAIM-Lp(a), together with a dedicated aortic-valve trial, and the first readouts are anticipated. Framing Lp(a) as the residual cardiovascular risk target of the statin era, this review integrates measurement, screening, risk stratification, current management, and emerging targeted therapies into a single clinical and pharmacological roadmap for the outcomes-trial era."
PubMed,aortic stenosis,Navigating Indeterminate Stress Echocardiography in Low-Gradient Aortic Stenosis: Improved Phenotyping but With Unclear Clinical Implications.,Bassim El-Sabawi; Brian R Lindman,10.1161/CIRCIMAGING.126.020501,2026-10-01,Circulation. Cardiovascular imaging,
PubMed,aortic stenosis,Aortic valve replacement in patients with small aortic annuli: a systematic review and network meta-analysis.,Juan Guido Chiabrando; Marco Lombardi; Edoardo Elia; Claudio Laudani; Giovanni Occhipinti; Ander Regueiro; Andrea Audo; Giulia Maj; Carlos Giuliani; Salvatore Garibaldi; Josep Rodés-Cabau; Philippe Pibarot; Rocco Vergallo; Italo Porto; Nicolas M Van Mieghem; Giuseppe Patti; Gioel Gabrio Secco,10.25270/jic/26.00198,2026-09-24,The Journal of invasive cardiology,"Up to 40% of patients with aortic stenosis undergoing valve replacement have a small annulus, a key determinant of valve hemodynamics, durability, and clinical outcomes. Surgical and transcatheter approaches have been reported to be determined by prosthesis design, considering the operative mortality and morbidity risk. The authors sought to evaluate surgical and transcatheter strategies in patients with small aortic annuli.
The authors systematically reviewed and synthesized evidence of 20 studies including 8843 patients. Primary outcomes included all-cause death and severe patient-prosthesis mismatch (PPM). Secondary outcomes included hemodynamic structural and non-structural valve dysfunction, postprocedural hemodynamics (indexed effective orifice area [iEOA] and mean transvalvular gradients), and major clinical events.
Compared with supra-annular self-expanding valves (SAV), intra-annular devices and surgical aortic valve replacement (SAVR) were associated with higher risks of severe PPM (P < .05) without differences in 1-year mortality (P > .05). Balloon-expandable valves were associated with increased hemodynamic structural dysfunction (risk ratio [RR], 4.44; 95% CI, 2.08-9.45), smaller iEOA (mean difference [MD], -0.18 cm²/m²; 95% CI, -0.24 - -0.11), and higher gradients (MD 4.72 mm Hg; 95% CI, 3.52-5.92). SAVR showed the worst hemodynamics, but lower risk of paravalvular leak (RR, 0.12; 95% CI; 0.03-0.54), pacemaker implantation (RR, 0.43; 95% CI; 0.20-0.94) and major vascular complications (RR, 0.20; 95% CI, 0.08-0.47). Stroke, major bleeding, and heart failure hospitalization events were similar among groups.
In patients with small annuli, SAV showed superior hemodynamic profile and the lowest risk of dysfunction. These differences did not translate into a lower incidence of hard clinical outcomes at 1-year follow-up."
PubMed,valvular heart disease,Association Between Cardiopulmonary Bypass Time and Early Postoperative Acute Kidney Injury in Adults.,Tanjim Hassan Maruf; Md Shafiqul Islam; Md Raisul Islam; Marina Ahmed; Md Shahidul Amin; Md Golam Sarwar; Masnoon A Noor,10.7759/cureus.115589,2026-09,Cureus,"Introduction Cardiopulmonary bypass (CPB) has improved the safety and precision of complex cardiac surgery, but its inflammatory, embolic, and hemodynamic effects may contribute to postoperative acute kidney injury (AKI). This study explored whether longer CPB duration was associated with early postoperative AKI and related renal and clinical recovery outcomes in adult cardiac surgical patients. Methodology This prospective observational comparative study was conducted at the Department of Cardiac Surgery of the National Institute of Cardiovascular Diseases (NICVD) in Dhaka, Bangladesh, from July 1, 2022, to June 30, 2024. It included 100 adult cardiac patients aged 18-65 years who underwent cardiac surgery under CPB, selected by convenience sampling after ethical approval. Patients were divided into two equal groups after surgery according to recorded CPB duration: Group A included 50 patients with CPB time ≤120 minutes, while Group B included 50 patients with CPB time >120 minutes. Patients with pre-existing chronic kidney disease, kidney transplant history, emergency surgery, ejection fraction below 30%, previous cardiac surgery, or surgery without CPB were excluded. Results The two study groups were broadly comparable at baseline, with similar mean age (37.8±13.73 vs. 38.46±13.30 years; p=0.8), age distribution (p=0.93), gender distribution (male 58% vs. 52%; p=0.69), comorbidities, body mass index (BMI) profile, and underlying cardiac disease pattern. Smoking, hypertension, diabetes mellitus, and dyslipidemia were distributed without significant difference, while most patients in both groups had normal BMI, and isolated valvular heart disease was the commonest diagnosis. The intended difference between the groups was clearly established by CPB duration, with a mean CPB time of 93.00±11.42 minutes in Group A and 137.10±12.08 minutes in Group B (p<0.001). After surgery, patients with longer CPB time showed lower urine output at 24, 48, and 72 hours, with all differences reaching statistical significance (p<0.001). Although baseline serum creatinine was statistically insignificant (0.83±0.11 vs. 0.86±0.13 mg/dL; p=0.108), postoperative serum creatinine became significantly higher in Group B at 24, 48, and 72 hours (p<0.001). Postoperative AKI occurred in seven patients (14%) in Group A but in 23 patients (46%) in Group B, showing more than a threefold higher occurrence among patients with CPB time >120 minutes (p<0.001). Renal replacement therapy was required only in Group B in four patients (8%), and in-hospital mortality also occurred only in Group B in three patients (6%), though these differences were not statistically significant. Patients in the longer CPB group required longer mechanical ventilation (8.90±3.84 vs. 6.98±2.69 hours; p<0.001), longer ICU stay (10.15±4.68 vs. 4.87±1.58 days; p<0.001), and longer postoperative hospital stay (14.36±5.55 vs. 10.11±3.05 days; p<0.001). Conclusion Prolonged CPB time was significantly associated with greater early postoperative renal stress, higher AKI occurrence, and slower recovery, though the findings require cautious interpretation due to the single-center design, convenience sampling, short follow-up, and unadjusted perioperative factors."
PubMed,valvular heart disease,Treatment of Tricuspid Valve Disease.,Elina Pliakos; Suzanne J Baron,10.1146/annurev-med-042525-084459,2026-10-01,Annual review of medicine,"In the landscape of valvular heart disease, the tricuspid valve has traditionally been dubbed the forgotten valve. However, over the last several years, studies have demonstrated that tricuspid valve disease is increasing in prevalence due to a growing aging population, and tricuspid regurgitation, in particular, is associated with increased mortality and morbidity. Traditional surgical tricuspid valve replacement or repair is often an undesirable option for patients with severe tricuspid regurgitation due to the high rates of concurrent comorbidities seen in this patient population; accordingly, treatment has traditionally been largely confined to symptom management with medical therapy. More recently, however, the field has experienced a major paradigm shift toward transcatheter interventions. Pivotal trials evaluating transcatheter edge-to-edge repair and transcatheter tricuspid valve replacement have shown that these therapies safely achieve robust tricuspid regurgitation reduction, reduce heart failure hospitalization, and significantly improve patient-reported quality of life in the short term. These technologies have been key in providing treatment options for a large, previously underserved patient population, but further research is needed to establish the durability of these devices and to evaluate the cost-effectiveness of these interventions within a value-based healthcare framework."
PubMed,valvular heart disease,Transapical Mitral TEER and Aortic Regurgitation TAVR With Dedicated Device in a Patient With Extreme Scoliosis.,Dominador V Del Castillo; Bin Wang; Yan Wang,10.1016/j.jaccas.2026.109582,2026-09-30,JACC. Case reports,"Concomitant aortic and mitral regurgitation (CAMR) is a rare valvulopathy, seen in patients with scoliosis, and rarely involves aortic regurgitation with concomitant primary mitral regurgitation associated with poor prognosis when left untreated. Current guidelines lack robust evidence to guide the management of CAMR in complex anatomies such as extreme scoliosis.
We report the first case of a one-stage transcatheter intervention for CAMR in a 62-year-old man with extreme scoliosis. The patient underwent one-stage transapical mitral transcatheter edge-to-edge repair (mTEER) and on-label transcatheter aortic valve replacement to reduce surgical risk in high-risk patients. Despite significant anatomical challenges, the procedure was completed successfully without complications.
CAMR in patients with severe scoliosis poses high operative risk, but a one-stage transapical approach using dedicated mTEER and transcatheter aortic valve replacement is a feasible, effective strategy. An mTEER-first strategy enables hemodynamic stabilization and precise leaflet grasping. This case underscores the value of individualized transcatheter strategies to achieve safe and effective outcomes in complex valvular disease."
PubMed,valvular heart disease,Severe pulmonary valve stenosis associated with advanced atrioventricular conduction disease: A rare case report.,Arshad Nazir; Roopali Khanna; Shubham Srivastava; Aditya Kapoor,10.4103/apc.apc_118_26,2026,Annals of pediatric cardiology,"Congenital pulmonary valve stenosis is a common cause of right ventricular (RV) outflow tract obstruction. Advanced atrioventricular (AV) block in congenital heart disease is usually associated with abnormalities of AV septation or conduction system malposition. An association between isolated pulmonary valve stenosis and advanced AV block has not previously been reported. A 16-year-old male presented with exertional dyspnea and recurrent presyncope. Electrocardiography (ECG) revealed 2:1 AV block. Transthoracic echocardiography demonstrated severe valvular pulmonary stenosis with a peak gradient of 100 mmHg and preserved RV function. Cardiac computed tomography confirmed thickened pulmonary valve cusps with poststenotic pulmonary artery dilatation. The patient underwent successful balloon pulmonary valvotomy with significant reduction in RV systolic pressure. As advanced AV block persisted, a dual-chamber permanent pacemaker was implanted. The patient remained asymptomatic on follow-up. This case describes a rare and previously unreported association of advanced AV congenital heart block with isolated pulmonary valve stenosis. Persistence of heart block following relief of RV outflow obstruction suggests an underlying congenital conduction system abnormality. Awareness of this potential association is important when evaluating symptomatic patients with congenital right-sided obstructive lesions."
PubMed,valvular heart disease,Recurrence to persistence: Inflammatory markers in pediatric rheumatic heart disease.,Lalan Kumar; Sakshi Sachdeva; Dheeraj Deo Bhatt; Dinesh Kumar; Neera Sharma; Vishal Kumar Vishwakarma; Harlokesh Narayan Yadav; Nimisha Sharma,10.4103/apc.apc_100_26,2026,Annals of pediatric cardiology,"Studies in adults with chronic rheumatic heart disease (RHD) suggest persistence of elevated inflammatory markers, indicating a potential role of ongoing inflammation in disease chronicity. However, similar data in the pediatric population are lacking.
A cross-sectional observational study was conducted in the Division of Pediatric Cardiology at a tertiary care hospital in North India from August 2022 to February 2024. Forty-three patients with RHD <18 years were enrolled. Comprehensive history taking and clinical examinations were conducted. Blood samples were collected to evaluate C-reactive protein (CRP), neutrophil-to-lymphocyte ratio, interleukin-6 (IL-6), IL-17, and tumor necrosis factor alpha (TNF-α) levels. Inflammatory marker levels were compared with American College of Cardiology (ACC) valvular heart disease (VHD) stage.
Mean age of participants was 13.14 ± 3.17 years. Mean duration of disease was 3.23 ± 1.98 years. The CRP was elevated in 37.2% (n = 16) patients. IL-6, IL-17, and TNF-α were elevated in all patients. IL-6 (P = 0.036) and IL-17 (P = 0.008) showed significant association with ACC VHD stage.
Pediatric RHD patients exhibit elevated blood inflammatory markers in the absence of acute rheumatic fever. Targeting this chronic inflammation could potentially slow progression of RHD."
PubMed,valvular heart disease,Case report: aortic root thrombus presenting with syncope and embolic events.,Ai Phi Thuy Ho; Eirik Brekka Tjønnfjord; Ole-Christian Walter Rutherford,10.1093/ehjcr/ytag715,2026-09,European heart journal. Case reports,"Aortic root thrombus is a rare but potentially life-threatening condition, often associated with systemic embolization or obstruction of coronary arteries (myocardial infarction). The most common reason is a complication of left ventricular assist device (LVAD) implantation, but it may occur in the absence of LVAD, for instance in structural valve disease or prothrombotic disorders (antiphospholipid syndrome, haemolytic diseases, and myeloproliferative disease, making diagnosis challenging.
We report the case of a 47-year-old man with a history of deep venous thrombosis who presented with syncope, anaemia, and new-onset atrial fibrillation. Initial evaluation revealed elevated troponin, cerebral and splenic embolic lesions, and a mobile aortic root mass measuring 2.3 × 1.3 cm. Despite extensive work-up, no autoimmune or haematological disorder was identified. Surgical removal of the thrombus was performed. His postoperative course was complicated by pericardial tamponade requiring drainage but was otherwise favourable. He was discharged on long-term anticoagulation with preserved cardiac function.
Aortic root thrombus may present with systemic embolization in otherwise healthy individuals without identifiable thrombophilia. Early recognition and surgical intervention are essential when thrombus size, mobility, and embolic risk are high."
PubMed,valvular heart disease,Vitrification for semilunar valve preservation: Progress to date toward optimizing partial heart transplantation.,Almontasser Bella Kassier; Herra Javed; Ahmed Zaghw; Meagan O Rogers; Sarah Coffield; Gabriella A Ten Have; Taufiek Konrad Rajab,10.1016/j.cryobiol.2026.105716,2026-09-30,Cryobiology,"Congenital heart diseases, including semilunar valve (SV) abnormalities, remain a leading cause of mortality in the pediatric population. SV defects present a particular challenge in children because currently available prosthetic valves lack growth potential and often require repeated reinterventions as the patient matures. Partial heart transplantation (PHT) has recently emerged as a novel strategy to overcome this limitation, whereby viable donor SVs, isolated from hearts unsuitable for orthotopic heart transplantation, are implanted with the capacity to grow with the recipient. Given the relative structural simplicity of the SV tissue, multiple preservation strategies may be feasible. Among these, vitrification has demonstrated particular promise, offering the potential for long-term storage while preserving structural integrity, cellular viability, and reducing immunogenicity. This review summarizes the progress to date in applying vitrification to SV preservation and discusses the future applications in PHT."
PubMed,valvular heart disease,Complication management in hypertrophic cardiomyopathy.,Viktoria Höller; Peter-Paul Zwetsloot; Viktoria Santner; Nora Schwegel; Sophie Luise Pötsch; Nicolas Verheyen; Michelle Michels,10.1007/s10741-026-10682-8,2026-09-30,Heart failure reviews,"Hypertrophic cardiomyopathy (HCM) is the most common inherited cardiac disorder, yet remains substantially underdiagnosed in clinical practice. Although current guidelines define HCM primarily based on left ventricular wall thickness, this approach alone does not capture the full spectrum of disease expression. Comprehensive phenotyping using multimodality imaging, combined with genetic testing and systematic family screening, allows for more accurate diagnosis and earlier detection, although its integration into routine clinical algorithms remains incomplete. Clinical outcomes and therapeutic strategies in HCM are largely driven by disease-related complications. These include heart failure, atrial fibrillation, ventricular arrhythmias, and sudden cardiac death, where risk stratification and prevention are central. While left ventricular outflow tract obstruction represents a major therapeutic target with rapidly evolving treatment options, alternative obstruction phenotypes and non-obstructive disease have received comparatively less attention. In these patients, symptoms are often determined by microvascular dysfunction, diastolic impairment, and myocardial fibrosis, contributing to myocardial ischemia and heart failure. Recent advances in targeted therapies, particularly cardiac myosin inhibitors, highlight the increasing importance of precise phenotypic characterization for treatment selection. However, their long-term impact on disease progression and clinical outcomes remains to be established. Overall, HCM should be considered a dynamic and heterogeneous disease continuum requiring individualized, phenotype-driven diagnostic and therapeutic strategies."
PubMed,valvular heart disease,Acute Rheumatic Fever: Atrial Flutter Associated With Carditis.,Amrit Kannan; Kaitlyn Bates; Aparna Panatpur; Lauren Ferriño; Zofia Zdanowicz; Ashwin Srivatsav; Jasmine S Moreno; Santiago O Valdés; Tam T Doan; Joseph Burns,10.1016/j.jaccas.2026.110545,2026-09-30,JACC. Case reports,"Acute rheumatic fever (ARF) is an immune-mediated sequela of group A streptococcal infection that can progress to rheumatic heart disease (RHD), defined by permanent rheumatic valvular damage. Although uncommon in the United States, delayed recognition may lead to advanced valve disease and arrhythmias.
A 10-year-old African-American male presented after syncope following 4 months of unexplained bilateral ankle arthritis. He was found to be in atrial flutter. Echocardiography showed a flail mitral valve with severe regurgitation, moderate tricuspid regurgitation, and mild-to-moderate aortic insufficiency. After several cardioversions to re-establish sinus rhythm, he underwent mitral valve replacement and tricuspid annuloplasty 1 week after presentation.
This case highlights the need for a high index of suspicion for ARF in children presenting with unexplained inflammatory symptoms and new cardiac findings, even in low-prevalence settings. Early recognition, treatment, and secondary prophylaxis help prevent recurrent ARF and progression to RHD.
Children with unexplained arthritis, systemic inflammation, arrhythmia, and multivalvular disease should be evaluated for ARF and evolving RHD to reduce morbidity and prevent disease progression."
PubMed,valvular heart disease,Implementation of cardiac magnetic resonance imaging in everyday cardiology practice.,Sarah Moharem-Elgamal; Anna Baritussio; Ruxandra Christodorescu; Marc Ferrini; Giovanni Benfari; Fabrizio Ricci; Filipa Xavier Valente; José F Rodríguez Palomares; Gianluca Pontone; Stefano Nistri,10.1093/eurheartj/ehag678,2026-09-30,European heart journal,"Cardiac magnetic resonance (CMR) plays an established role in the assessment of cardiac patients. In this document, the aim is to demonstrate and clarify the role of CMR in the clinical management of heart disease for general cardiologists in everyday clinical practice. This document will cover the clinical indications, prognostic values, and limitations of CMR in the diagnosis and follow-up of heart disease, including ischaemic heart disease, heart failure, cardiomyopathies, valvular heart disease, aortopathies, cardiac masses, pericardial conditions, and adult congenital heart disease. This document also provides a basic understanding of the use of different CMR sequences and how cardiac function is assessed. With the increasing number of patients with cardiac implantable electronic devices, a brief understanding and advice on the use of CMR in this growing patient population who may need a scan during their lifetime is discussed. This document outlines the clinical applications of CMR and its use in everyday clinical practice for cardiologists who are not experts in CMR."
PubMed,valvular heart disease,2026 AHA/ACC/ACS/ASNC/HRS/SCA/SCCT/SCMR/SVM Guideline for Perioperative Cardiovascular Management for Noncardiac Surgery: A Report of the American College of Cardiology/American Heart Association Joint Committee on Clinical Practice Guidelines.,Annemarie Thompson; Kirsten E Fleischmann; Nathaniel R Smilowitz; Lisa de Las Fuentes; Debabrata Mukherjee; Niti R Aggarwal; Faraz S Ahmad; Robert B Allen; S Elissa Altin; Andrew Auerbach; Jeffrey S Berger; Benjamin Chow; Habib A Dakik; Eric L Eisenstein; Marie Gerhard-Herman; Kamrouz Ghadimi; Bessie Kachulis; Jacinthe Leclerc; Christopher S Lee; Tracy E Macaulay; Gail Mates; Geno J Merli; Purvi Parwani; Jeanne E Poole; Michael W Rich; Kurt Ruetzler; Steven C Stain; Bobbie Jean Sweitzer; Amy W Talbot; Saraschandra Vallabhajosyula; John Whittle; Kim Allan Williams,10.1016/j.jacc.2026.06.017,2026-09-29,Journal of the American College of Cardiology,"The ""2026 AHA/ACC/ACS/ASNC/HRS/SCA/SCCT/SCMR/SVM Guideline for Perioperative Cardiovascular Management for Noncardiac Surgery"" provides recommendations to guide clinicians in the perioperative cardiovascular evaluation and management of adult patients undergoing noncardiac surgery.
A comprehensive literature search was conducted from August 2022 to March 2023 to identify clinical studies, reviews, and other evidence conducted on human subjects that were published in English from MEDLINE (through PubMed), EMBASE, the Cochrane Library, the Agency for Healthcare Research and Quality, and other selected databases relevant to this guideline.
Recommendations from the ""2014 ACC/AHA Guideline on Perioperative Cardiovascular Evaluation and Management of Patients Undergoing Noncardiac Surgery"" have been updated with new evidence consolidated to guide clinicians; clinicians should be advised this guideline supersedes the previously published 2014 guideline. In addition, evidence-based management strategies, including pharmacological therapies, perioperative monitoring, and devices, for cardiovascular disease and associated medical conditions, have been developed."
PubMed,valvular heart disease,Sex Differences in Clinical Presentation and Outcome of Degenerative Mitral Regurgitation Quantified: The MIDA-Q Registry.,Benjamin Essayagh; Giovanni Benfari; Steele C Butcher; Gal Tsaban; Clemence Antoine; Francesco Grigioni; Thierry Le Tourneau; Jeroen J Bax; Nina Ajmone Marsan; Christophe Tribouilloy; Yan Topilsky; Prabin Thapa; Hector I Michelena; Maurice Enriquez-Sarano,10.1161/CIRCIMAGING.125.019952,2026-09-30,Circulation. Cardiovascular imaging,"Degenerative mitral regurgitation (DMR) due to valve prolapse predominates in men, but sex-specific differences are poorly understood due to a lack of quantitative and sex-stratified studies.
The international MIDA-Q (Mitral Regurgitation International Database-Quantitative) registry enrolled 3274 men and 2331 women with greater than or equal to mild DMR prospectively quantified, comprehensively characterized, and long-term follow-up.
Women were more symptomatic despite lower effective regurgitant orifice (ERO, 27±18 versus 38±22 mm2, standardized mean difference 0.54; P<0.0001) and regurgitant volume (46±26 versus 61±31 mL/beat, standardized mean difference 0.52; P<0.0001), even for similar mitral lesions. With increasing ERO, women showed lower regurgitant volume, higher heart rate, lower blood pressure, but left ventricular size response in women was smaller in absolute measures while larger when body surface area normalized, with higher ejection fraction and cardiac index (all P<0.0001). Incidence of mitral valve surgery was similar in symptomatic women and men, but lower in asymptomatic women versus men (adjusted hazard ratio, 0.80 [0.69-0.94]; P=0.008) for similar ERO, linked to smaller left ventricular diastolic absolute diameter (P<0.0001). Excess mortality under medical management (of severe versus mild ERO) was similar in women (adjusted hazard ratio, 1.67 [1.24-2.24]; P=0.0007) and men (adjusted hazard ratio, 1.63 [1.27-2.09]; P<0.0001) and versus expected survival (2.12 [1.51-2.98] in women and 2.27 [1.75-2.94] in men). However, moderate ERO (20-39 mm2) was associated with significant excess mortality in women (1.47 [1.19-1.77] versus mild). In men, the corresponding hazard ratio did not reach statistical significance. Postoperative survival was similar in men and women.
Women with DMR present with lower ERO and regurgitant volume than men and with considerable adaptive differences to increasing DMR severity versus men. Asymptomatic women are less referred to surgery than men of similar DMR severity, linked to smaller absolute left ventricular size. Severe DMR by similar quantitative thresholds causes similar excess mortality in men and women; moderate quantitative DMR shows a trend for higher excess mortality versus expected in women than men, requiring further confirmation. These data emphasize the importance of quantitative DMR and left ventricular remodeling assessment in men and women for appropriate clinical management."
PubMed,valvular heart disease,Hospital Indicators for the Management of Native and Prosthetic Valve Infective Endocarditis Across Brazilian Regions From 2015 to 2024.,Lívia L Marques; Lívia Kobarg C Akerman; Luiza M Diniz; Louise M da Rocha Sady; Selena M Brandão; Tuany C Bernardi; Lucas F Ananias,10.7759/cureus.117169,2026-09,Cureus,"This study aimed to analyze regional distributions and temporal trends in approved Hospital Admission Authorizations (AIHs), in-hospital deaths, proportions of admissions resulting in in-hospital death, and length of hospital stay associated with hospital care for native-valve and prosthetic-valve infective endocarditis in Brazil from 2015 to 2024.
This retrospective ecological time-series study used aggregated data from the Brazilian Unified Health System Hospital Information System, accessed through DATASUS, for 2015-2024. Approved AIHs linked to selected procedure codes for native-valve and prosthetic-valve infective endocarditis treatment were analyzed across Brazil's five regions, classified by hospital location. Descriptive measures included frequencies, deaths per 100 approved AIHs, mean hospital stay, and dispersion. Annual AIH and recorded in-hospital death rates per 100,000 population were calculated using year-specific regional population estimates. Trends in these rates were assessed using the Joinpoint Regression Program (version 6.0.1; U.S. National Cancer Institute, Bethesda, MD), estimating annual percentage changes (APCs) and average APCs with 95% confidence intervals from 10 annual observations per series. Statistical significance was set at α = 0.05.
Native-valve treatment records comprised 13,920 approved AIHs and 1,966 in-hospital deaths (14.1 deaths per 100 AIHs), with authorizations concentrated in the Southeast and Northeast. AIH rates per 100,000 population declined significantly in the Northeast during 2015-2019 and increased in the Southeast during 2020-2024. Recorded in-hospital death rates per 100,000 population increased significantly in the Southeast and South. Prosthetic-valve treatment records comprised 6,610 approved AIHs and 1,115 in-hospital deaths (16.9 deaths per 100 AIHs). AIH rates fluctuated in the North and increased significantly in the Southeast during 2021-2024. No statistically significant regional trends were identified in recorded in-hospital death rates for this treatment category.
Hospital records linked to the selected infective endocarditis treatment procedure codes showed heterogeneous regional trends and a higher cumulative number of in-hospital deaths per 100 approved AIHs for prosthetic-valve treatment. These findings characterize recorded hospital utilization within SUS and may inform regional service monitoring and planning."
PubMed,valvular heart disease,Age-related changes in spermidine and association with incident heart failure.,Andrew I Lyon; Carl Lejonberg; Ulrika Ericson; Tomasz Czuba; Mahmoud Abdellatif; Jakub Morze; Olle Melander; Kristina Sundquist; Clemens Wittenbecher; Simon Sedej; Malin Levin; Marju Orho-Melander; Gunnar Engström; Olof Gidlöf; J Gustav Smith,10.1093/cvr/cvag221,2026-09-30,Cardiovascular research,
PubMed,valvular heart disease,Thromboprophylaxis in congenital and acquired heart disease across the lifespan. A French consensus position statement: Part 2 - from adolescence to adulthood.,Clement Karsenty; Magalie Ladouceur; Neil Derridj; Olivia Domanski; Estiballiz Valdeolmillos; Pamela Moceri; Dominique Lasne; Nicolas Combes; Ramona Ghenghea; Laurence Iserin; Francis Bessiere; Lea Linglart; Damien Bonnet; Sebastien Hascoet; Sophie Malekzadeh-Milani; Fanny Bajolle,10.1016/j.acvd.2026.07.006,2026-09-16,Archives of cardiovascular diseases,"Patients with congenital and acquired heart disease are exposed to a lifelong thromboembolic risk that increases progressively from adolescence to adulthood because of residual lesions, arrhythmias, venous congestion, repeated interventions and acquired co-morbidities. Management is further complicated by concurrent bleeding risk. To provide practical expert consensus recommendations on thromboprophylaxis in congenital and acquired heart disease from adolescence to adulthood. A multidisciplinary expert panel from the Paediatric and Congenital Cardiology Branch of the French Society of Cardiology conducted a focused literature review and structured consensus process. Recommendations were graded pragmatically according to available evidence and expert agreement. Major clinical scenarios include Fontan circulation, Eisenmenger syndrome and Kawasaki coronary sequelae. From adolescence, bleeding risk may increase in girls and women as a result of dysovulation, menstruation and anticoagulant-related uterine bleeding, warranting gynaecological referral. In adulthood, thrombotic burden progressively increases through cumulative exposure to arrhythmias and reinterventions, such as transcatheter pulmonary valve replacement. Management should therefore rely on individualized treatment integrating thrombosis-bleeding balance, serial reassessment, patient education and tailored choice among antiplatelet therapy, vitamin K antagonists and direct oral anticoagulants. Thromboprophylaxis from adolescence to adulthood should move towards lifelong personalized care based on cumulative risk exposure, changing clinical status and sex-specific issues. Large prospective studies are required to refine risk stratification and optimize treatment pathways."
PubMed,valvular heart disease,Early aortic valve replacement for asymptomatic severe aortic stenosis: an updated systematic review and meta-analysis.,Francesco Cannata; Alberico Del Torto; Kamil Stankowski; Fabio Fazzari; Valentina Mantegazza; Luigi Tassetti; Nicola Cosentino; Saima Mushtaq; Andrea Baggiano; Manuela Muratori; Gianluca Pontone,10.1016/j.pcad.2026.09.005,2026-09-29,Progress in cardiovascular diseases,"The optimal timing of intervention in asymptomatic severe aortic stenosis remains debated. This updated meta-analysis evaluates the comparative effects of early surgical or transcatheter aortic valve replacement (AVR) versus conservative management by incorporating recent long-term randomized evidence.
We performed a systematic review and meta-analysis of randomized trials comparing early AVR with conservative management in asymptomatic severe AS. Hazard ratios and 95% confidence intervals were pooled using a random-effects model, and exploratory meta-regression analyses were conducted to identify potential treatment-effect modifiers.
Across the included randomized trials, an early intervention strategy was associated with significant reductions in cardiovascular hospitalizations, heart failure hospitalizations, and stroke. Reductions in all-cause and cardiovascular mortality favored early intervention but did not achieve statistical significance. Treatment benefits varied according to clinical and hemodynamic profiles: greater baseline valve severity was associated with larger therapeutic effects, whereas increasing comorbidity burden (such as diabetes) tended to result in inferior clinical outcomes.
In asymptomatic severe AS, an early AVR strategy consistently reduces cardiovascular and heart failure hospitalizations and stroke compared with conservative surveillance, despite neutral effects on overall and cardiovascular mortality. These findings support a contemporary shift toward an individualized, phenotype-driven approach rather than universal early intervention. Integrating hemodynamic severity and comorbidity burden can help identify patients most likely to derive net clinical benefit from early valve replacement."
PubMed,deep learning,Artificial Intelligence-Based Scoring System and Exploratory Multiomics in Ankylosing Spondylitis: Hip Severity and Age-at-Severe-Hip-Involvement Stratification.,Chenxing Zhou; Xinli Zhan; Jichong Zhu; Tianyou Chen; Shaofeng Wu; Sitan Feng; Chengqian Huang; Jiarui Chen; Jiang Xue; Bin Zhang; Liyi Chen; ShengSheng Huang; Tuo Liang; Jie Jiang; Hao Li; Xuhua Sun; Wendi Wei; Zhenwei Yang; Chong Liu,10.1111/1756-185x.70888,2026-10,International journal of rheumatic diseases,"Accurate diagnosis and assessment of hip involvement are important for the clinical management of ankylosing spondylitis (AS). This study aimed to develop and internally validate an artificial intelligence-based Ensemble Scoring System (ESS) for AS diagnosis and hip-disease severity assessment and to explore its association with heterogeneous immune-cell infiltration and age at first documented severe hip involvement.
A total of 5721 patients with pelvic radiographs and linked clinical records were retrospectively included. Participants were divided into training and held-out validation cohorts at a 7:3 ratio strictly at the patient level, with no patient or image overlap. Deep-learning features extracted by a convolutional neural network were integrated with clinical variables using XGBoost to construct task-specific ensemble deep-learning (EDL) models. Exploratory proteomic, transcriptomic, single-cell RNA-sequencing, immunohistochemical, and peripheral-blood analyses were performed to investigate AS-related immune infiltration. An exploratory immune ensemble (IE) score was constructed using the monocyte proportion and EDL score. Kaplan-Meier analysis was used to examine the association between the IE score and age at severe hip involvement.
The EDL model achieved AUCs of 0.978 for distinguishing AS from non-AS, 0.990 for identifying hip arthropathy among patients with AS, and 0.996 for identifying BASRI-Hip grade ≥ 3 among patients with hip arthropathy. Monocyte percentage was an influential feature across the three EDL classification tasks. Exploratory multiomics and immunohistochemical analyses showed higher LYN expression in AS than in the corresponding non-AS fracture-control groups and suggested that LYN expression was concentrated predominantly in monocytes. A high IE score was associated with earlier severe hip involvement, with estimated median ages at first documented severe hip involvement of 36 and 50 years in the high- and low-IE-score groups, respectively. This finding represents exploratory risk stratification and does not establish independent prediction of biological disease progression.
The ESS showed strong internal validation performance for AS diagnosis and hip-disease severity classification. Exploratory analyses linked LYN dysregulation in monocytes with heterogeneous immune infiltration, while the IE score was associated with earlier severe hip involvement. Prospective multicenter external validation is required before clinical application."
PubMed,deep learning,"Editorial for ""Multicenter, Multivendor Development and Validation of Automated Liver Prescription"".",Grace McIlvain; Benjamin Sloan,10.1002/jmri.70577,2026-10-02,Journal of magnetic resonance imaging : JMRI,
PubMed,deep learning,"Multicenter, Multivendor Development and Validation of Automated Liver Prescription.",Garrett C Fullerton; Jitka Starekova; Collin J Buelo; David T Harris; Raphael do Vale Souza; Aaron Faacks; Alexandra A Anagnostopoulos; Veronica P Christofi; Austin Murphy; Diana Kadi; Takeshi Yokoo; Mustafa R Bashir; Scott B Reeder; Diego Hernando,10.1002/jmri.70575,2026-10-02,Journal of magnetic resonance imaging : JMRI,"Manual prescription of liver MRI volumes introduces inter-operator variability and prolongs exam duration. Artificial intelligence (AI)-based prescription has been demonstrated, but existing work has been limited to single-vendor settings.
To develop and validate an AI model for automated liver MRI prescription using a large, consecutive, multicenter dataset encompassing multiple vendors, field strengths, localizer sequences, and liver pathologies.
Retrospective.
A total of 11,012 patients (5928 female) who underwent liver MRI exams across three vendors (GE HealthCare, Philips Healthcare, Siemens Healthineers) at three institutions, split into training/validation/test sets (70/10/20%). Liver disorders included cirrhosis, ascites, portal hypertension, and iron overload.
Three-plane localizers acquired using single-shot fast spin echo (68.3%) and gradient echo (31.7%) at 1.5 T (52.8%) and 3 T (47.2%).
A YOLOv8 object detection model was trained to detect the liver, torso, and arms on localizer images. Automated prescription accuracy was assessed using three-dimensional intersection-over-union (IoU3D) for axial, coronal, and sagittal prescriptions. Subgroup analyses evaluated performance across technical and patient-related factors.
Mann-Whitney U tests with Bonferroni correction, Kruskal-Wallis tests, Wilcoxon signed-rank tests, Spearman correlation. Effect sizes were calculated using rank-biserial correlation (rrb) and epsilon-squared (ε2). p < 0.05 was considered statistically significant.
Median axial prescription IoU3D was 0.963 (interquartile range: 0.946-0.976), with median IoU3D above 0.940 for coronal and sagittal prescriptions. For axial prescriptions, margins less than 4 mm in each direction were required to achieve complete coverage of manual prescriptions in 90% of cases in the held-out test set. Effects were negligible to small across vendors, field strengths, localizer sequences, and patient factors (rrb ≤ 0.16, ε2 ≤ 0.01).
A single multivendor model achieved accurate automated liver MRI prescription without clinically meaningful performance differences across vendors, field strengths, localizer sequences, or patient factors.
2.
Stage 1."
PubMed,deep learning,Accuracy of large language models in the Turkish dental specialization examination (DUS): a multidimensional evaluation across disciplines and question formats.,Fatih Karaaslan; Muhammed Halil Yilan; Merve Tirimoğulları,10.1186/s12903-026-09758-6,2026-09-01,BMC oral health,"This study aimed to evaluate the performance of contemporary Large Language Models (LLMs) on the clinical sciences component of the Turkish Dental Specialization Examination (DUS) by comparing their accuracy across disciplines, examination years, and question types.
The source dataset contained 1,040 scheduled clinical-science questions from the official DUS examinations (2012/1-2021). Thirteen officially cancelled items were excluded, leaving 1,027 evaluable questions across eight disciplines (871 MCQs, 119 CMCQs, and 37 IBMCQs). The same questions were submitted once to seven consumer AI interfaces. Overall and exploratory subgroup comparisons were performed using Cochran's Q test. Only the overall comparison was followed by 21 exact pairwise McNemar tests with Holm adjustment. Wilson 95% confidence intervals were calculated for overall accuracy.
Overall accuracy differed among the seven interfaces (Cochran's Q = 669.10; p < 0.001). Gemini 2.5 Pro achieved the highest accuracy (92.9%; 954/1,027), whereas Qwen3-Max achieved the lowest (59.5%; 611/1,027). Exploratory Cochran's Q tests indicated omnibus differences among interfaces within every dental discipline (all p < 0.001) and within MCQ (Q = 669.91; p < 0.001), CMCQ (Q = 59.29; p < 0.001), and IBMCQ groups (Q = 14.68; p = 0.023). The IBMCQ result should be interpreted cautiously because only 37 items were available.
Under standardized, single-attempt Turkish DUS testing conditions, the evaluated consumer AI interfaces showed materially different accuracy across the full dataset and exploratory discipline- and format-based subgroups. These findings characterize examination performance only and require confirmation with novel, unpublished, clinically contextualized, and independently assessed questions before broader educational or clinical utility can be inferred."
PubMed,deep learning,Large language models' performance in answering common patient questions about colonoscopy: an expert-based evaluation.,Neslihan Güneş Aydemi̇r; Dilek Yapar; Yasemin Demi̇r Avcı; Esra Tokur Sonuvar; Ahmet Mert Aydemir,10.1186/s12876-026-05345-9,2026-10-01,BMC gastroenterology,"This study aimed to compare the performance of two large language models (LLMs) the ChatGPT-4 and the Google Bard in delivering medical information about colonoscopy. It also sought to evaluate the models' responses to common patient and caregiver questions in terms of accuracy, applicability, comprehensiveness, and communication quality, as assessed by experts using a rubric-based method.
This comparative, expert-based observational study analyzed the responses of both models to 11 colonoscopy-related questions written in Turkish, simulating real patient inquiries. To ensure consistency and fairness, questions were asked in separate sessions using a standardized zero-shot approach without prior examples or context. The gastroenterology experts from various institutions in Türkiye were recruited using snowball sampling and evaluated the responses using a rubric-based scale across four domains. Data were collected online.
A total of 40 gastroenterologists participated (mean age 39.1 ± 6.4 years). For ChatGPT-4, more than 70% of responses were rated ≥ 4 across all domains, with median overall index scores ranging from 4.1 to 4.7. In contrast, Google Bard demonstrated lower performance, with median scores ranging from 3.6 to 4.0 and lower proportions of high ratings (≥ 4), particularly in comprehensiveness (55.7%) and applicability (58.4%). Comparative analysis showed that ChatGPT-4 significantly outperformed Google Bard across all domains: accuracy (p = 0.003, effect size = 0.47), applicability (p < 0.001, effect size = 0.64), comprehensiveness (p = 0.004, effect size = 0.46), and communication (p = 0.001, effect size = 0.52). No significant differences were observed across evaluator subgroups based on academic title, prior ChatGPT use, or age (all p-values > 0.05).
ChatGPT-4 outperformed Google Bard across all domains, providing more accurate, comprehensive, and patient-centered responses. Despite these findings, human oversight remains essential to ensure safety and reliability in clinical communication. It should also be noted that different versions of LLMs may yield different results."
PubMed,deep learning,Artificial intelligence and digital technologies transforming neonatal respiratory assessment: a scoping review.,Simone Nascimento Santos Ribeiro; Maria Eduarda Ribeiro Rocha Vargas; Raquel de Carvalho Velame; Aline Elvina Rodrigues Fernandes; Marcos Aurélio Tavares Filho; Richardson Naves Leão; Helton Maia; Silvana Alves Pereira; Maria da Glória Rodrigues-Machado,10.1038/s41372-026-02894-5,2026-10-02,Journal of perinatology : official journal of the California Perinatal Association,"Digital technologies and artificial intelligence (AI) have been increasingly incorporated into neonatal care, particularly in respiratory assessment. However, structured evidence regarding their clinical applications, performance, and limitations remains limited. This scoping review analyzed 35 studies published between 2019 and 2026 to map the use of digital technologies and AI in neonatal respiratory assessment. The findings showed that these approaches are mainly applied to predictive models, medical image analysis, and continuous physiological monitoring. Overall, the studies demonstrated potential for early diagnosis, prediction of respiratory outcomes, and clinical decision support. Nevertheless, the available evidence remains limited by methodological heterogeneity, lack of robust external validation, small sample sizes, and absence of protocol standardization. These findings suggest that, although promising, AI-based technologies are not yet ready for widespread clinical implementation, requiring prospective, multicenter, and standardized studies to validate their effectiveness and safety in neonatal care. IMPACT: This review synthesizes the use of digital technologies and artificial intelligence in neonatal respiratory assessment, highlighting their expanding role in neonatal respiratory research and clinical decision support. AI-based predictive models demonstrate potential for early identification of critical respiratory outcomes, including bronchopulmonary dysplasia and the need for mechanical ventilation. Imaging-based approaches, such as chest radiography and lung ultrasound combined with deep learning, may improve diagnostic accuracy and reduce interobserver variability. Digital monitoring technologies enable continuous, noninvasive, and real-time assessment of neonatal respiratory parameters. The lack of external validation, methodological standardization, and evidence of clinical impact limits their application, reinforcing the need for multicenter studies and structured integration of these technologies into clinical workflows."
PubMed,deep learning,pLM-HP: Peptide hormone prediction using pre-trained protein language model representations.,Chunyan Ao; Shihu Jiao; Xi Su; Huan Yang,10.1016/j.jare.2026.10.002,2026-10-02,Journal of advanced research,"Peptide hormones play key roles in metabolic regulation, growth and development, and the maintenance of homeostasis and are important targets for drug discovery and design. However, traditional experimental methods for screening and identifying peptide hormones are costly and inefficient. Although existing machine learning methods have made some progress, they pay limited attention to class imbalance, and there is still room to improve prediction performance.
This study aimed to develop an effective deep learning framework for imbalanced peptide hormone prediction and to improve the recognition of hormone peptides as the minority class.
We developed pLM-HP, a deep learning framework based on a pre-trained protein language model. The framework combines the ESM2 protein language model with a bidirectional long short-term memory network. ESM2 was first used to obtain high-dimensional global contextual embeddings from peptide sequences, and BiLSTM was then applied to model sequential dependencies between residues. Class weights were incorporated into the loss function to reduce bias caused by class imbalance.
Compared with traditional feature-based methods, pLM-HP achieved a BACC of 95.61% and an MCC of 0.802 in five-fold cross-validation, and a BACC of 95.64% and an MCC of 0.824 on the independent test set. The model also maintained stable and strong performance under imbalanced data conditions.
These results indicate that combining protein language models with sequence modeling and class-imbalance learning strategies is an effective way to improve peptide hormone prediction. pLM-HP may provide a useful tool for high-throughput functional peptide screening and prioritization of candidate peptide hormones. The source code of pLM-HP is freely available at https://github.com/aochunyan123/pLM-HP.git."
PubMed,deep learning,Integrated transcriptomic and deep learning analyses define acRG signature for prognosis and therapeutic options in osteosarcoma.,Honglei Xiao; Xiaolong Yang; Maobin Zhou; Hongze Chang; Yan Zhang; Xiaodong Liu; Feng Cai,10.1016/j.bbadis.2026.168492,2026-10-02,Biochimica et biophysica acta. Molecular basis of disease,"Osteosarcoma is a highly malignant bone tumor characterized by significant clinical heterogeneity and poor prognostic outcomes. In this study, we integrated single-cell RNA sequencing data to characterize the landscape of genes related to N4-acetylcytidine (ac4C) modification. We calculated an acRG activity score and found that activity was predominantly enriched in osteoblastic cells. Using a machine learning framework, we constructed a six-gene prognostic signature termed acRGBS. This signature served as a robust and independent predictor of overall survival across multiple independent cohorts. Further analysis revealed that high acRGBS scores were associated with an immunosuppressive tumor microenvironment and increased immune evasion potential. Among the hub genes identified, S100A13 was highlighted as a potential driver of tumor progression. Functional experiments demonstrated that S100A13 knockdown significantly inhibited cell proliferation and reduced xenograft tumor growth in vivo. Mechanistically, S100A13 physically interacts with the mitochondrial calcium uniporter (MCU) to maintain mitochondrial calcium homeostasis. Silencing S100A13 led to mitochondrial calcium overload, which exacerbated oxidative stress and induced cell apoptosis. Finally, we showed that S100A13 knockdown significantly enhanced the anti-tumor efficacy of cisplatin treatment. These findings suggest that S100A13 is a promising therapeutic target and a valuable biomarker for risk stratification in patients with osteosarcoma."
PubMed,deep learning,Dense temporal sleep apnea profiling from single-channel PPG with downstream AHI estimation: a large-scale retrospective feasibility study.,Filippos Ioannis Katsaridis; Sotirios Fouzas; Ilias Theodorakopoulos,10.1088/1361-6579/aeafaa,2026-10-02,Physiological measurement,"Sleep apnea (SA) diagnosis remains challenging due to the cost and limited accessibility of polysomnography. Most automated screening approaches estimate the Apnea-Hypopnea Index (AHI) from oximetry-derived features and do not provide temporally resolved characterization of respiratory events. This study investigates the feasibility of dense temporal respiratory event profiling and clinically meaningful SA severity estimation from single-channel photoplethysmography (PPG).&#xD;Approach: A two-stage framework was developed using single-channel PPG. A fully convolutional neural network operating on PPG-derived waveforms outputs time-resolved probabilities for normal breathing, central apnea, obstructive apnea, hypopnea, and desaturation-only states. These predictions are aggregated via a machine learning metamodel to estimate clinically relevant indices including AHI, Obstructive - Central AHI difference, and the Apnea-to-Apnea-Hypopnea ratio. Models were trained and evaluated on 2029 polysomnography studies from the Multi-Ethnic Study of Atherosclerosis.&#xD;Main results: Fine-grained discrimination between respiratory event subtypes remained challenging, particularly for rare classes like central apnea, whereas aggregated respiratory disturbance detection was more reliable (apnea AUPRC = 0.28, prevalence = 1.9%, AUROC = 0.92). In the PPG-only setting, AHI estimation explained 76% of variance; inclusion of an auxiliary SpO₂-derived desaturation feature improved this to 83%. SpO₂ assisted SA severity classification achieved Macro F1 of 0.71, with only 1.18% of apnea cases misclassified as non-apneic.&#xD;Significance: These findings support the feasibility of dense temporal respiratory disturbance profiling and SA severity estimation from single-channel PPG, while auxiliary oximetry can improve severity estimation when available. They also indicate that fine-grained subtype discrimination remains challenging from PPG alone."
PubMed,deep learning,External evaluation of a deep learning-based algorithm for automated lung tumor and esophagus segmentation on CBCT.,Zhehao Zhang; Dean Hobbis; Jue Jiang; Aneesh Rangnekar; Chloe Min Seo Choi; Michael Waters; Harini Veeraraghavan; Geoffrey D Hugo,10.1088/2057-1976/aeaf5c,2026-10-02,Biomedical physics & engineering express,"Online adaptive radiotherapy (ART) requires fast and accurate delineation of targets and organs at risk on cone-beam computed tomography (CBCT). Although deep learning (DL)-based CBCT auto-segmentation methods have been proposed, their clinical generalizability remains insufficiently validated. This study aimed to externally evaluate a pretrained DL model for lung tumor and esophagus segmentation on CBCT. Originally trained using C-arm linac CBCT images, the model was directly applied to an independent cohort of 12 lung cancer patients, each with 5 CBCT images acquired at a separate institution on an O-ring linac. Rigid propagation of planning CT contours served as a minimal baseline to determine whether the model matched or outperformed conventional rigid registration for gross tumor volume (GTV) and esophagus segmentation using geometric and dosimetric measures. Compared with rigid contour propagation, the model significantly improved GTV segmentation accuracy, with mean Dice similarity coefficient (DSC) increasing from 0.66 to 0.76. Significant differences in GTV D98% were observed between the model-generated contours and the reference contours (50.69 vs. 53.58 Gy). The model showed a statistically non-significant decrease in performance compared with previously reported results on its original testing dataset (mean DSC = 0.84), which shared the same distribution as the training dataset. For esophagus segmentation, evaluation of 26 scans from 6 patients showed that the model achieved geometric accuracy within peri-target contour rings comparable to rigid propagation, with mean DSC of 0.72 and 0.70, respectively. Similar esophagus V32Gy values were observed between the model-generated and reference contours (0.06 vs. 0.06 cc). Significantly reduced accuracy was observed compared with previously reported results, with mean DSC decreasing from 0.79 to 0.72. These findings highlight that DL-based CBCT auto-segmentation may suffer performance degradation under domain shifts across patient populations, clinical workflows, and imaging systems, emphasizing the necessity of external evaluation beyond the original development environment."
PubMed,deep learning,Rapid assessment of the intrinsic hazard potential of different types of plastic additives using machine learning (RF-MLP).,Qiang Liu; Ye Zhang; Zhen Hua Liu; Hong Hui Teng,10.1016/j.jhazmat.2026.143780,2026-09-29,Journal of hazardous materials,"As plastic pollution becomes increasingly severe, the additives released during its degradation have attracted widespread attention. How to effectively assess the potential hazards of plastic additives and identify candidates with relatively lower predicted intrinsic hazard potential for further evaluation has become an urgent issue. Experimental hazard assessment is costly and time-consuming, and the limited availability of baseline data prevents comprehensive screening of the large number of plastic additives in use. Currently, most additives lack sufficient baseline data, making it difficult for existing risk assessment methods to provide effective predictions under conditions of data scarcity. This paper proposes an intrinsic hazard potential assessment method based on the random forest-multilayer perceptron (RF-MLP) model to address this challenge. By combining the powerful nonlinear modeling capabilities of RF with the deep feature learning capabilities of Multi-Layer Perceptrons, this method can effectively capture the complex relationships between plastic additives and intrinsic hazard potential, thereby improving the accuracy of intrinsic hazard potential predictions. To further enhance the model's robustness and predictive capability, an Out-of-Fold (OOF) combination strategy was incorporated into the model. Linear regression analysis was performed on the outputs of the RF and MLP, thereby improving the accuracy of intrinsic hazard potential predictions. This model was used to conduct intrinsic hazard potential assessments on 7267 plastic additives. The RF-MLP model achieved an R2 of 0.68 on the independent test set, reflecting the degree of agreement between the predicted and observed Hazard_score_sum values. Additionally, the performance of the RF-MLP model was compared with that of commonly used machine learning models (such as RF, MLP, SVR, and XGBoost) and other hybrid models. Validation was conducted on 60 plastic additives across different predicted intrinsic hazard potential intervals, incorporating toxicity or intrinsic hazard potential results reported in the literature and data from the T.E.S.T. software developed by the U.S. EPA. The results indicate that the RF-MLP model outperforms the comparison models in predictive performance. Comparisons with literature reports and T.E.S.T. outputs provided complementary evidence for interpreting the predicted hazard patterns. The constructed RF-MLP model partially mitigates the practical limitations caused by the prediction challenges caused by insufficient baseline data and can be applied not only to the intrinsic hazard potential assessment of plastic additives but also serve as a reference for chemical intrinsic hazard potential prediction in other data-scarce scenarios."
PubMed,deep learning,AI-driven transcriptomics for neurodegenerative disease research: A systematic review.,Anushree Tripathi; Anoop Kumar Yadav; Nilesh Kumar,10.1016/j.compbiolchem.2026.109448,2026-09-29,Computational biology and chemistry,"Neurodegenerative diseases (NDDs), including Alzheimer's disease (AD), Parkinson's disease (PD), and Amyotrophic Lateral Sclerosis (ALS), present a growing global health challenge, with traditional diagnostic and therapeutic approaches facing significant limitations in early detection and mechanistic resolution.
Innovations in transcriptomic technologies-spanning bulk RNA sequencing, single-cell RNA-seq (scRNA-seq), and spatially resolved transcriptomics-provide unprecedented insights into cellular heterogeneity and microenvironmental dysregulation. This systematic review synthesizes recent applications of artificial intelligence (AI), machine learning (ML), and deep learning (DL) across transcriptomic tiers to benchmark computational models for biomarker identification, disease diagnosis, patient subtyping, and drug repurposing.
Following PRISMA 2020 guidelines for qualitative systematic reviews, literature published between 2016 and 2025 was systematically searched across PubMed/MEDLINE, IEEE Xplore, Google Scholar, and bioRxiv/medRxiv. Of 1058 records identified, 19 core empirical studies met all eligibility criteria and were synthesized in depth alongside contextual reference benchmarks.
Traditional ML algorithms (SVM, RF, Elastic Net) demonstrate high diagnostic accuracy (AUC 0.72-0.98) in blood-based biomarker selection, while deep architectures (autoencoders, LSTMs, and Graph Neural Networks) excel at modeling continuous disease trajectories and resolving spatial transcriptomic niches (e.g., STAGATE, SpaGCN, cell2location). Emerging spatial deep learning models successfully localize disease-associated microglia (DAM) around amyloid plaques and trace axonal degeneration pathways.
Key translational hurdles include data scarcity in rare NDD subtypes, lack of cross-platform spatial benchmarks, and the black-box nature of deep neural networks. Integrating explainable AI (XAI) and prospective multi-modal cohorts is essential for translating computational transcriptomics into clinical diagnostics and targeted therapeutics."
PubMed,deep learning,FKAN-MoCBDTI: Multimodal drug-target interaction prediction via collaborative bilinear attention and knowledge distillation.,Xianjun Hu; Zhen Zhang; Ziyan Deng; Lei Wang,10.1016/j.compbiolchem.2026.109450,2026-09-29,Computational biology and chemistry,"Drug-target interaction (DTI) prediction plays a pivotal role in drug discovery and drug repurposing, yet current deep learning approaches still suffer from limitations in multimodal fusion, fine-grained cross-modal interaction modeling, nonlinear representation learning, and inductive generalization. To overcome these issues, we develop FKAN-MoCBDTI, a multimodal framework that unifies heterogeneous feature extraction, collaborative bilinear attention, Fourier Kolmogorov-Arnold Networks (FKAN), teacher-student knowledge distillation and conditional domain adversarial learning (CDAN). On the drug side, SMILES sequences are encoded by a Transformer and molecular topology is modeled by an FKAN-based graph neural network. On the target side, M-gram embeddings are combined with multi-layer graph convolutional networks to capture complementary sequential and sequence-derived topological information. A collaborative bilinear attention module is designed to explicitly characterize local pairwise associations between drug molecular and protein residue features, improving both feature fusion and qualitative attention visualization, while FKAN is used as the predictor to enhance high-order nonlinear modeling. Furthermore, we integrate a teacher-student KD mechanism with a CDAN module to effectively bridge domain discrepancies under cross-domain scenarios. Comprehensive evaluations across six benchmark datasets demonstrate the competitive performance of FKAN-MoCBDTI. Specifically, standard pair-wise random splitting validates in-domain pair interpolation, while evaluations across cold-entity settings (cold-drug and cold-both) and clustering-based cross-domain transfers demonstrate its strong attribute-based inductive generalization on unseen chemical compounds and novel interaction pairs, alongside nuanced performance trade-offs under unseen target protein (cold-target) scenarios. Ablation studies, visualization analyses, and retrospective case studies further confirm the effectiveness of the proposed framework, providing structural and literature-based support for the plausibility of selected predictions.Overall, FKAN-MoCBDTI offers a robust and generalizable approach for DTI prediction."
PubMed,deep learning,The benefits and biases of artificial intelligence in microbiology.,Sesan Abiodun Aransiola; Adams Husseinat Onyinoyi; Joshua O Akhigbe; Suleiman Ishaq Onoruoiza; Ebenezer Esenogho; Naga Raju Maddela,10.1016/j.compbiolchem.2026.109457,2026-09-30,Computational biology and chemistry,"Microbiology has been greatly advanced by the incorporation of Artificial Intelligence (AI) by improving the classification, isolation and detection of microorganisms in several fields where microbial exploration is carried out. With the ability to process large volumes of data from genomic sequences, biochemical profiles and imaging, AI enables faster and more accurate microbial identification than conventional techniques. In microbiome study, AI decodes complex microbial communities in environments, the human body and air by identifying unknown species and their ecological roles. AI is a valuable tool in predicting antimicrobial resistance (AMR) by detecting resistance genes within microbial genomes and aiding in effective treatment strategies. AI-powered diagnostic tools and biosensors offer rapid pathogen detection, while Natural Language Processing (NLP) aids in tracking emerging microbial threats through scientific literature and health databases. In drug and vaccine development, AI accelerates the discovery process by simulating molecular interactions and predicting outcomes, saving time and resources. Most AI models, especially deep learning tools, however, lack transparency leading to difficult result interpretation. Additionally, over-fitting and limited generalizability of AI models are also concerns, along with ethical and legal issues like data privacy in microbiome research and clinical settings. Prior review articles have examined AI's impact in singular microbiological settings, and special attention has been paid to AI applications in medical microbiology. This review article reaches out and analyzes AI applications across general, industrial, medical, and environmental microbiology. It also outlines how mitigation strategies like inclusive dataset design, algorithm vigilance, evaluation techniques like Translational Evaluation of Healthcare AI (TEHAI) and emerging directions of analyses like federated learning and Explainable Artificial Intelligence (XAI) address the risks associated with AI use like bias and reduced interpretability."
PubMed,deep learning,Information Leakage in Enzyme Substrate Prediction.,Vahid Atabaigi Elmi; Roman Joeres; Olga V Kalinina,10.1093/bioinformatics/btag733,2026-10-01,"Bioinformatics (Oxford, England)","Enzymes are essential catalysts in many cellular processes. Understanding their interactions with small molecules, such as regulators, cofactors, and most importantly, substrates, is crucial for understanding the biochemical processes that occur in cells. Correctly interpreting the roles of small molecules that interact with enzymes is key to elucidating enzyme function. Recently, enzyme-small molecule interaction prediction has attracted growing interest from computational methods, especially deep learning. As a result, researchers have published several datasets and numerous models with remarkable performance.
In this work, we critically examine one of the most popular datasets and four models trained on it, identifying similarity-induced information leakage that may overinflate reported model performance in out-of-distribution applications. We show that the inspected models are susceptible to information leakage, and their performance is not better than statistical baselines when the leakage is removed. Furthermore, controlling for leakage due to protein sequence similarity alone still yields high predictive performance, whereas performance decreases substantially when common substrates shared between training and test sets are removed from one of them, and approaches random prediction when structurally similar ligands are separated between splits. Thus, the investigated models generalize considerably better across enzyme sequence space than across ligand chemical space, indicating that their reported performance depends strongly on the small-molecule similarity between training and evaluation data.
All data splits we calculated in this study are available on Zenodo (DOI: 10.5281/zenodo.18786394). The code is available on GitHub and backed up on Zenodo (DOI: 10.5281/zenodo.18788609).
Supplementary information is available at Bioinformatics online."
PubMed,deep learning,Multi-Objective-Conditioned-Return-Blocks Decision Transformer: A Novel Approach for Multi-Objective De Novo Drug Design.,Eyal Mazuz; Or Gindes; Lior Rokach; Bracha Shapira,10.1093/bioinformatics/btag731,2026-10-01,"Bioinformatics (Oxford, England)","Designing novel molecules that simultaneously satisfy several, often conflicting, properties is a long-standing challenge in drug design. While recent deep learning advances optimize single targets effectively, navigating the trade-offs required for multiple objectives remains a difficult problem.
We introduce the Multi-Objective-Conditioned-Return-Blocks Decision Transformer (M-GoRT), a novel architecture for multi-target de-novo drug design incorporating return-to-go blocks conditioned on goal embeddings. Trained without exploration, reward weighting or online fine-tuning, M-GoRT efficiently optimizes for multiple targets. M-GoRT achieves competitive multi-objective success rates against state-of-the-art baselines while maintaining superior structural diversity and novelty, even in high-dimensional tasks incorporating biological targets (DRD2, JNK3). In these high-dimensional tasks, M-GoRT maintains superior structural diversity and novelty establishing it as a practical tool for multi-property molecular generation.
M-GoRT is freely available as an open-source software under the MIT license at GitHub https://github.com/eyalmazuz/MolGen/tree/GCRB-DT.
For further information, please contact mazuze@post.bgu.ac.il.
Supplementary data associated with this research are available at Bioinformatics online."
PubMed,deep learning,Machine Learning for Human-Autonomy Teaming in Surgical Skill Assessment: Scoping Review.,Kamal Barati; Michael S Ramirez Campos; Thomas E Doyle,10.2196/94109,2026-10-02,JMIR AI,"Human-autonomy teaming (HAT) has the potential to reshape surgical practice by fostering true partnership between surgeons and intelligent systems. To achieve this, AI must move beyond static scoring to provide adaptive, real-time guidance based on reliable skill assessment.
This scoping review aims to map the current landscape of machine learning methods for surgical skill assessment and evaluate their technical readiness for integration into functional HAT systems.
Following PRISMA-ScR (Preferred Reporting Items for Systematic Reviews and Meta-Analyses extension for Scoping Reviews) guidelines, we conducted a systematic search across 3 major scientific databases (PubMed, IEEE Xplore, and Web of Science). We identified and analyzed 92 peer-reviewed studies published between 2019 and 2025. The review focused on data modalities (kinematics, video, and biosignals), model architectures, and validation environments. To assess translational maturity, each study was evaluated using the NASA technology readiness level (TRL) scale and mapped to the Yang et al levels of autonomy for surgical robotics, alongside 6 additional dimensions: real-time capability, interpretability, adaptivity, validation environment, external validation, and clinical integration.
Our analysis of the 92 included studies reveals a dominant shift toward multimodal data integration and deep learning architectures. While high performance is frequently reported on benchmark datasets, significant barriers to HAT integration persist. The TRL analysis shows that 77.2% (71/92) of studies remain at TRL 3 (proof-of-concept), with only 2.2% (2/92) reaching TRL 5 or above. Furthermore, 96.7% (89/92) of studies operate at Yang autonomy level 0, providing no autonomous functionality beyond classification. We identified that 91.3% (84/92) of models are static, with no user-specific adaptation, 38% (35/92) lack any external validation, and validation practices remain inconsistent across the field.
Current AI techniques provide a robust foundation for objective skill assessment, but they are not yet ready for autonomous teaming. Future development must prioritize model robustness, interpretability, and seamless integration into clinical environments to transition from stand-alone assessment tools to effective surgical teammates.
OSF Registries 10.17605/OSF.IO/PQWS5; https://osf.io/pqws5."
PubMed,deep learning,Utility of Augmented Reality Glasses With Waveguide Optics and Facial Recognition Technology for Patient Verification in a Simulated Outpatient Setting: Physician Questionnaire Survey Study.,Ryo Andy Ogasawara; Soichiro Yoshida; Kentaro Okamoto; Eiki Nagaoka; Hirotaka Sagawa; Kazutaka Sumita; Hajime Tanaka; Satoshi Shiraga; Tomohiro Amemiya; Yasuhisa Fujii,10.2196/95664,2026-10-02,JMIR human factors,"Augmented reality (AR) glasses with waveguide optics and facial recognition may enhance patient identification and clinical workflows. However, their usability among physicians has not yet been evaluated.
The objective of this study was to assess the usability and acceptability of prototype AR glasses with facial recognition in a simulated outpatient setting.
In May 2025, 14 urologists from a single institution tested prototype AR glasses developed by Cellid Inc. The device incorporates waveguide-based optical displays, a miniature camera, and deep learning-based facial recognition software. Physicians identified preregistered mock patients, with demographic and clinical data displayed on the right lens. After the trial, participants completed an anonymous questionnaire on usability, comfort, visibility, and self-reported symptoms using 3- or 5-point Likert scales.
Eleven participants (79%; 95% CI 52%-92%) found the device helpful in performing clinical procedures, and 12 (86%; 95% CI 60%-96%) believed it improved patient safety. Most participants adapted quickly to wearing the device, and 79% (95% CI 52%-92%) expressed a willingness to use it in future practice. Four of 13 respondents (31%; 95% CI 13%-58%) selected ""somewhat tired"" for eye fatigue, and only 1 participant experienced minor and transient physical symptoms including headache and nausea. Three of 13 respondents (23%; 95% CI 8%-50%) rated the glasses as slightly heavy, and among the 5 participants who wore prescription glasses, 4 (80%; 95% CI 38%-96%) reported difficulty wearing the prototype over their glasses. Surrounding-environment visibility and perceived facial recognition responsiveness were generally favorable; however, 8 of 13 respondents (62%; 95% CI 36%-82%) rated the displayed patient information as slightly difficult to see.
In this pilot study, AR glasses with facial recognition were well accepted by physicians. This technology has demonstrated perceived clinical utility and has the potential to assist medical professionals, though further refinement and larger clinical evaluations are needed."
PubMed,deep learning,Integrating tongue image and health examination records for MASLD risk prediction via multimodal deep learning: A prospective diagnostic accuracy study.,Xiaohua Hu; Jia Shi; Zhehong Zhang; Jing Qiu; Wenyi Pei,10.1097/MD.0000000000050918,2026-10-02,Medicine,"Metabolic dysfunction-associated steatotic liver disease (MASLD) is a growing global health concern, but its early detection remains limited by the cost and accessibility of conventional diagnostic tools. This study aimed to develop an interpretable multimodal deep learning framework for MASLD classification by integrating tongue images with routine health examination data. A total of 711 matched tongue images and health records were collected from Shanghai Changhai Hospital between June and December 2024. Residual Network-50 was used to extract image features, while a graph attention network modeled structured clinical data. An attention-based fusion module integrated the 2 modalities for classification. DeepMASLD achieved an accuracy of 92.04% and an F1 score of 0.91, outperforming the corresponding unimodal models. Triglycerides, alanine aminotransferase, and total cholesterol were among the most influential structured features, while class activation maps highlighted the posterior and lateral tongue regions. This study presents an accessible, interpretable multimodal framework integrating tongue images with clinical indicators for MASLD screening, achieving 92.04% accuracy and an F1 score of 0.91. In summary, DeepMASLD may support scalable early detection, pending multicenter and histopathological validation."
PubMed,deep learning,Periodontitis Risk Assessment and Prevention Planning: Comparative Study of Multimodal Large Language Models and Periodontist Evaluations.,Laura Swinckels; Katharina Alves Rabelo; Eduardo L Delamare; Bruno G Loos; Pierre Lahoud; Harmen Bijwaard; Ander de Keijzer; Jinman Kim; Josef Bruers,10.2196/87781,2026-10-02,Journal of medical Internet research,"Periodontitis is one of the most prevalent yet preventable oral diseases, as indicated by multiple clinical and radiographic factors. As these factors are recorded in electronic health records (EHRs), their reuse offers opportunities for personalized risk assessment and targeted prevention. Predictive AI and traditional machine learning models support fragmented detection tasks but lack the integration of textual and imaging predictors. Emerging multimodal large language models (M-LLMs) show promise in combining these data sources for clinical assessment. Evaluating the capabilities of M-LLMs and comparing them against the current clinical standard are therefore essential to determine their potential as digital assistants.
This study aimed to evaluate the ability of M-LLMs to assess periodontitis risk and suggest prevention strategies, based on EHR data and radiographic findings. Each M-LLM was individually evaluated by periodontal experts, benchmarked against other models, and compared with a periodontist as a reference.
A vignette study was conducted following TRIPOD (Transparent Reporting of a Multivariable Prediction Model for Individual Prognosis or Diagnosis) guidelines for the evaluation of LLMs. Ten periodontal vignettes were created, each including a panoramic radiograph and textual EHR data. Three LLMs capable of reasoning and handling multimodal data were compared to a periodontist who generated outputs manually, based on the same prompts and input data. Periodontal experts rated all outputs across 6 predefined criteria on a 5-point Likert scale. Statistical analyses evaluated overall performance per model and tested whether performance varied per model, scenario complexity, or rater.
GPT o1 Pro and Claude Sonnet 4 showed strong performance, with 86.7% and 85.6% of ratings deemed acceptable-comparable to the periodontist's output (87.8%). Gemini 2.5 Pro was rated significantly lower than both the periodontist and the other models (59.4% acceptable; P<.002). Radiographic interpretation consistently received lower scores than other abilities across all models and the periodontist, with Gemini rated below the acceptable threshold. The time required for completion ranged from approximately 10 seconds for Claude to 37 seconds for Gemini; 3 minutes, 22 seconds, for GPT; and 5 minutes, 57 seconds, for the periodontist.
M-LLMs demonstrated strong reasoning abilities in periodontal assessment. Across all models, unacceptable elements were consistently related to errors in radiographic interpretation, though refined prompting or newer model versions may improve this. Notably, even when radiographic findings were incorrect and plaque-retentive factors were absent, outputs were still rated well, indicating that EHR data alone provide a substantial basis. For clinical applicability, M-LLMs must at least perform comparably to a periodontist and meet the quality standards set by periodontal experts-a bar that GPT and Claude appear to approach."
Crossref,valvular heart disease,Giant Cells in Health and Disease-A Review,Sonal Gupta,10.21276/ijchmr.2016.2.2.10,2106-06-20,International Journal Of Community Health And Medical Research,
Crossref,valvular heart disease,Chronic Disease Prevention and Management: Implications for Health Human Resources in 2020,Margo Orchard; Esther Green; Terrence Sullivan; Anna Greenberg; Verna Mai,10.12927/hcq.2013.19496,2088-01-15,Healthcare Quarterly,
Crossref,valvular heart disease,Contemporary Disease Management in Quebec,Amédé Gogovor; Michelle Savoie; Yola Moride; Marilyn Krelenbaum; Terrence Montague,10.12927/hcq.2013.19495,2088-01-15,Healthcare Quarterly,
Crossref,valvular heart disease,Woman Receives Genetically Modified Pig Kidney Transplant after Heart Pump Surgery,Tanya L,10.1038/scientificamerican072077-4hozib8kpx2m6wjvhqi1zz,2077-07,Scientific American,
Crossref,valvular heart disease,What a Study on Ultraprocessed Fake Meat and Heart Disease Really Found,Lori Y,10.1038/scientificamerican072077-2xmzfca9smsvxelw1jobgf,2077-07,Scientific American,
Crossref,valvular heart disease,Simultaneous Estimation and Variable Selection for Linear Transformation Models in the Presence of Functional and Missing Covariates with the Application to Alzheimer’s Disease,Yichen Lou; Mingyue Du; Jianguo Sun,10.5705/ss.202026.0046,2029,Statistica Sinica,
Crossref,valvular heart disease,Water Lily or Camelotte Sign in Pulmonary Hydatid Cyst – An Orphan Disease,Sudheer Tale; Soibampahel M; Mrudula K; Ritisha B; Subodh K; Girish S,10.23880/cclsj-16000132,2028-11-11,Cell &amp; Cellular Life Sciences Journal,"A 20 – year – old male without any previous comorbidity presented to pulmonary medicine outpatient department with complaints of dull aching chest pain on right side, dry cough and shortness of breath for the pastone year. He was non vegetarian and had no addictions. On general physical examination his vitals were stableand respiratory system examination revealed decreased breath sounds in the right hemithorax. All his routineblood investigations were normal. Chest radiograph revealed homogenous opacity in the right middle andlower zones. Contrast enhanced computed tomography of thorax and abdomen showed a well defined encapsulatedcystic lesion of size 12x10x14cm with internal floating membranes (water lily sign or Camelotte sign) with masseffect on adjacent lung parenchyma causing atelectasis and compression of adjacent vessels (Figure 1). Hydatid serology (IgG) was positive. Patient was treated symptomatically and referred for surgical intervention."
Crossref,valvular heart disease,Innovative deep learning computational approach for wheat disease detection employing faster region-based convolutional neural network,Shikai Zhou,10.1504/ijaac.2028.10080905,2028,International Journal of Automation and Control,
Crossref,valvular heart disease,Comparison of convolutional neural network (CNN) methods using AlexNet and VGG16 architectures for disease detection in apples,Anang Pramono; Zuhriah Virlani Putri,10.1504/ijaac.2028.10078919,2028,International Journal of Automation and Control,
Crossref,valvular heart disease,"Impact of diploma-disease, massification, and commodification in education on live interaction-phobia in the era of AI and digitalisation",Gazi Mahabubul Alam; Vesna Skrbinjek; Karima Bashir; Morsheda Parvin; Md. Mahfuzur Rahman; Romana Kader,10.1504/ijil.2028.10081039,2028,International Journal of Innovation and Learning,
Crossref,valvular heart disease,Galectin-1 Correlates with Inflammatory Cytokines and T-Cell Subsets in Children with Type 1 Diabetes and/or Celiac Disease: Evidence from an Iraqi Pediatric Cohort,Mohammad K. Murshid; Oras M. Shaheed,10.21608/ejmm.2026.502293.2588,2027-10-01,Egyptian Journal of Medical Microbiology,
Crossref,valvular heart disease,Diagnostic value for miRNA-21-5p and miRNA-27b-3p in Diabetic Retinopathy Disease Development,Malak B. Alshaheen; Ibrahim A. Altamem,10.21608/ejmm.2026.506159.2625,2027-10-01,Egyptian Journal of Medical Microbiology,
Crossref,valvular heart disease,"EFFECT OF FERTILIZER FACTORY WASTES ON SEED GERMINATION, PLANT GROWTH AND ROOT-KNOT DISEASE DEVELOPMENT IN TOMATO (Lycopersicon lycopersicum L.) PLANTS",Gopal Dixit,10.33865/wjb.002.02.0086,2027-08-31,World Journal of Biology and Biotechnology,"In the present research paper studies have been made on fertilizer factory wastes on percent seed germination, root and shoot length of plants and development of root-knot galls by Meloidogyne incognita in five cultivars of tomato. Though all the cultivars showed almost similar impact of fertilizer wastes on seed germination, plant growth and resistance for root-knot disease with little variation. Percent germination of seeds and plant growth was found decreased while the root-knot index was increased along with the increase in concentration of fertilizer wastes."
Crossref,valvular heart disease,RELATION OF HEART WEIGHT WITH AGE AND WEIGHT OF CADAVER,Jolly Agarwal; Virendra Kumar,10.21761/jms.v2i01.10838,2027-07-25,SRMS JOURNAL OF MEDICAL SCIENCE,"Introduction: Height, weight, and age of person has significant impact on the normal size of&#x0D; heart. These parameters need to be considered when cut-off values indicating the need for&#x0D; treatment or even surgery are established. The aim of present work is to study the relation of&#x0D; weight of the heart with age and weight of cadaver.&#x0D; Material and Methods: The study was performed in the Department of Anatomy, Shri Ram&#x0D; Murti Smarak Institute of Medical Sciences, Bareilly on 30 hearts from embalmed cadavers.&#x0D; The hearts were procured from the cadavers available in our department. The heart was&#x0D; thoroughly cleaned and measurements were taken.&#x0D; Results: The mean heart weight was 223.37 ± 57.78 g. Significant relationship between age of&#x0D; the cadaver and weight of the heart (p=0.0004), weight of cadaver and weight of heart&#x0D; (p=0.0001) was observed.&#x0D; Conclusion: The above study provides valuable data of the heart in our geographical location,&#x0D; which may be useful for cardiac surgeons and physicians."
Crossref,valvular heart disease,TNFAIP3 Downregulation Predicts Disease Activity and Recovers with Treatment Escalation in Rheumatoid Arthritis: A Cross-Sectional Analysis of NF-κB Dysregulation,Ali Qasim; Rafid Abdulkarrem,10.21608/ejmm.2026.497612.2518,2027-07-01,Egyptian Journal of Medical Microbiology,
Crossref,valvular heart disease,"Correlation of IL-1β, IL-17A, and CXCL13 Biomarkers with P2RX7 Genetic Polymorphism and Clinical Disease Activity of Iraqi Patients with Rheumatoid Arthritis",Zahraa Thamir; Mohammed Nader,10.21608/ejmm.2026.497902.2527,2027-07-01,Egyptian Journal of Medical Microbiology,
Crossref,valvular heart disease,Altered Gut Microbiota and Its Relationship with Circulating Plasma Cytokines in Parkinson's Disease Patients from Upper Egypt: A Cross-Sectional Case-Control Investigation,Roba R. Riad; Eman M. Khedr; Enas A. Daef; Mona A. Hassan; Maggie A. Ibrahim; Gellan K. Ahmed,10.21608/ejmm.2026.510190.2652,2027-07-01,Egyptian Journal of Medical Microbiology,
Crossref,valvular heart disease,Elevated TLR-9 Gene Expression Correlates with IL-41 and TNF-α Levels and Renal Dysfunction in Iraqi Patients with Chronic Kidney Disease,Fatima A. Habba; Basima Q. ALSaadi,10.21608/ejmm.2026.497345.2513,2027-07-01,Egyptian Journal of Medical Microbiology,
Crossref,valvular heart disease,Serum Interleukin-15 and Tumor Necrosis Factor-Alpha as Diagnostic and Disease Activity Biomarkers in Vitiligo,Ali S. Aziz; Raad A. Alasady,10.21608/ejmm.2026.494791.2477,2027-07-01,Egyptian Journal of Medical Microbiology,
Crossref,valvular heart disease,Immunological Significance of CPAs and IL-13 in Predicting Interstitial Lung Disease Among Patients with Rheumatoid Arthritis,Asmaa K. Yassin; Firas F. Raja,10.21608/ejmm.2026.504884.2613,2027-07-01,Egyptian Journal of Medical Microbiology,
OpenAlex,aortic stenosis,Cardiovascular disease in patients with cancer or amyloidosis,Muzna Hussain,10.17034/32633640,2026-10-01,Research Portal (Queen's University Belfast),"This thesis comprises of two parts which report three component studies each involving cardio-oncology and transthyretin cardiac amyloidosis (ATTR-CA). The association between CVD and cancer is increasingly recognized. To further investigate CVD in patients with cancer and improve gaps in knowledge, we investigated the frequency and temporal relationships of CVD. We reported temporal trends of all CVD within 1 year of chemotherapy and risk factor association pre-chemotherapy and post-chemotherapy. We developed network-based methodology for unbiased cardiac risk stratification for cancer patients with CTRCD. Using this method, we identified 4 subgroups that had the most distinct survival rate among the overall cohort. In terms of CVD, the most common risk factor was found to be atrial fibrillation (AF) and this was further investigated diagnosis of AF relative to cancer diagnosis according to age and the associations between AF timing, CHA2DS2-VASc score, cancer therapeutics and mortality in selected oncology patients. The second section of this thesis focuses on ATTR-CA, which is associated with CVD and is an evolving entity. ATTR-CA is increasingly recognized as a cause of heart failure in older patients. Cardiac scintigraphy with technetium-99m-pyrophosphate (99mTc-PyP) labelled bone-seeking tracers is used to non-invasively make the diagnosis of ATTR-CA based on the presence of ventricular uptake. Atrial uptake (AU) on 99mTc-PyP is currently not clinically reported. We investigated AU and the relative interaction with atrial fibrillation, ATTR-CA, and clinical outcomes. Using von Kossa staining (a phosphate binding dye) within histopathological samples of patients that confirm the presence of micro-calcifications with atrial and ventricular tissue. For the next chapter, I focused on aortic stenosis (AS) and investigated AV calcification in patients with and without ATTR-CA using propensity matching to compare. In this thesis, I report a wide variety of findings and observations of CVD in cardio-oncology and ATTR-CA. Thesis is embargoed until 31 July 2028."
OpenAlex,aortic stenosis,Relationship between baseline patient-reported health status and patient-centered outcomes after Transcatheter Aortic Valve Replacement.,Daijiro Tomii; Jonas Lanz; Dik Heg; Hölger Thiele; Won-Keun Kim; Michael Joner; Helge Möllmann; Lenard Conradi; Christian Thilo; Stefan Toggweiler; Bernard Prendergast; Stephan Windecker; Thomas Pilgrim,10.48620/98197,2026-10-01,Open Access CRIS of the University of Bern,"Background Aortic stenosis (AS) impairs health-related quality of life but the prognostic impact of patient-reported health status prior to transcatheter aortic valve replacement (TAVR) is not fully established.Objectives To investigate the association of patient-reported health status at baseline with clinical outcomes and health status after transfemoral TAVR in patients with symptomatic severe AS.Methods In the investigator-initiated, multicenter SCOPE I randomized trial, patients underwent TAVR who provided baseline Kansas City Cardiomyopathy Questionnaire (KCCQ) assessment were included in this post-hoc analysis. An integrated patient-centered outcome was defined as being alive with good health status (KCCQ overall summary score [KCCQ-OS] ≥75 without a decline of >10 points from baseline).Results Of 739 patients enrolled in SCOPE I, 692 were included in the present analysis. Median baseline KCCQ-OS was 54.9 [39.6-71.9] distributed as follows: KCCQ-OS <25 - 74 (10.7%), 25-49 - 222 (32.1%), 50-74 - 271 (39.2%), ≥75 - 125 (18.1%). At 3 years after TAVR, higher baseline KCCQ-OS was associated with a greater likelihood of being alive with good health status (KCCQ-OS 50-75 vs. 0-25: adjusted odds ratio 2.25, 95% CI 1.12-4.54; 75-100 vs. 0-25: adjusted odds ratio 5.15, 95% CI 2.33-11.3). Restricted cubic spline modelling demonstrated an approximately linear relationship between baseline KCCQ-OS and all-cause mortality, and alive with good health status.Conclusions In this post-hoc analysis of SCOPE I, better baseline patient-reported health status was associated with a higher probability of being alive with good health status up to 3 years after TAVR.Clinical Trial Registration https://www.Clinicaltrials gov. NCT03011346."
OpenAlex,aortic stenosis,P109 TIMING OF AORTIC VALVE REPLACEMENT IN SEVERE AORTIC STENOSIS: A TIME DEPENDENT ANALYSIS OF 2559 PATIENTS,A. Roshan; J. Yim; S. Lakhani; A. Sidhu; N. Pandith; S. Zhu; E.C. Sayre; J. Sathananthan; D. Wood; M.Y.C. Tsang; D.F. Yeung; C. Luong; P. Nair; J. Jue; T.S.M. Tsang,10.1016/j.cjca.2026.07.112,2026-10-01,Canadian Journal of Cardiology,
OpenAlex,aortic stenosis,P262 IMPLEMENTATION OF BEST PRACTICES IN TRANSCATHETER AORTIC VALVE IMPLANTATION PROGRAMS: FINDINGS OF THE IMPACT BENCHMARK STUDY IN CANADA,S.B. Lauck; M. Yu; A. Dick; M. Kass; C. Low; J. Velianou; T. Je; J. Forcillo; O. Elkhateeb; J.F. Légaré; J. Syed; N. Pearce; J. Eckstein; N. Fam; M. Prabhakar; A.D. Chan; J. Polderman; E. Tang; D. Wood; T. Al-Atassi,10.1016/j.cjca.2026.07.247,2026-10-01,Canadian Journal of Cardiology,
OpenAlex,aortic stenosis,P097 ECHOCARDIOGRAPHIC AND CT PROGRESSION OF AORTIC VALVE STENOSIS ACROSS LIPOPROTEIN (A) LEVELS,M.R.R. Durr; D. Arangalage; T. Grinberg; A. Tavoosi; L. Lau; H. Alfradi; A. Mulloy; M. Rashid; I.G. Burwash; D. Messika-Zeitoun,10.1016/j.cjca.2026.07.103,2026-10-01,Canadian Journal of Cardiology,
OpenAlex,aortic stenosis,P104 LEFT ATRIOVENTRICULAR COUPLING INDEX TO IMPROVE RISK STRATIFICATION IN PATIENTS UNDERGOING TRANSCATHETER AORTIC VALVE IMPLANTATION,S. Haloui; S. Hecht; T. Pezel; C.M. Giuliani; S. Jacob; R. Abu-Alhayja’A; J. Bernard; R. Delarochellière; J. Rodés-Cabau; N. Côté; P. Pibarot,10.1016/j.cjca.2026.07.107,2026-10-01,Canadian Journal of Cardiology,
OpenAlex,aortic stenosis,P108 SEX DIFFERENCES IN AORTIC STENOSIS PROGRESSION,T. Grinberg; M.R.R. Durr; A. Tavoosi; L. Beauchesne; L. Lau; A. Mulloy; M. Rashid; H. Alfraidi; I.G. Burwash; D. Messika-Zeitoun,10.1016/j.cjca.2026.07.111,2026-10-01,Canadian Journal of Cardiology,
OpenAlex,aortic stenosis,P088 ARTIFICIAL INTELLIGENCE APPLIED TO ECHOCARDIOGRAPHY FOR THE DIAGNOSIS AND PROGNOSIS OF AORTIC STENOSIS,J. Seth; A. Shokravi; D. Shirvani; B. Dhaliwal; P. Nelson; S. Sharma,10.1016/j.cjca.2026.07.098,2026-10-01,Canadian Journal of Cardiology,
OpenAlex,aortic stenosis,P190 PROGNOSTIC IMPACT OF MULTIPLE OR MIXED VALVULAR HEART DISEASES ON OUTCOMES IN PATIENTS WITH AORTIC STENOSIS,É. Blondeau; M.A. Fleury; L. Constantin; L. Tastet; R. Capoulade; M.A. Clavel; S. Hecht; N. Côté; P. Pibarot,10.1016/j.cjca.2026.07.182,2026-10-01,Canadian Journal of Cardiology,
OpenAlex,aortic stenosis,P110 TRANSVALVULAR FLOW AND AORTIC VALVE CALCIFICATION IN DISCORDANT SEVERE AORTIC STENOSIS,T. Grinberg; G. Prosperi-Porta; M.R.R. Durr; A. Tavoosi; L. Beauchesne; L. Lau; A. Mulloy; M. Rashid; H. Alfraidi; I.G. Burwash; D. Messika-Zeitoun,10.1016/j.cjca.2026.07.113,2026-10-01,Canadian Journal of Cardiology,
OpenAlex,aortic stenosis,P091 CARDIAC DAMAGE STAGING IN PATIENTS WITH BICUSPID AORTIC VALVE DISEASE,L. Constantin; M.A. Fleury; P. Lopez Santi; S. Hecht; N. Côté; N.A. Marsan; P. Pibarot,10.1016/j.cjca.2026.07.101,2026-10-01,Canadian Journal of Cardiology,
OpenAlex,aortic stenosis,P279 TRANSCATHETER AORTIC VALVE IMPLANTATION WITH THE TRILOGY VALVE FOR PURE AORTIC REGURGITATION: A SINGLE-CENTER EXPERIENCE BEYOND TRIAL-BASED INDICATION,S. Corona; P. Demers; A. Sarshoghi; A. Osman; S. Mrad; R. Kouz; R. Ibrahim; R.S. Von Bardeleben; W. Ben Ali; M. Ibrahim,10.1016/j.cjca.2026.07.261,2026-10-01,Canadian Journal of Cardiology,
OpenAlex,aortic stenosis,P102 LEFT ATRIAL RESERVOIR STRAIN OUTPERFORMS LEFT ATRIAL VOLUME IN ASSESSING HEMODYNAMIC STRESS IN SEVERE AORTIC STENOSIS,Z. Zhu; N. Pandith; A. Roshan; C.M. Thorson; M.E. Barnes; W.T.C. Wong; I. Korchinski; T.S.M. Tsang,10.1016/j.cjca.2026.07.106,2026-10-01,Canadian Journal of Cardiology,
OpenAlex,aortic stenosis,P017 DAYS ALIVE AND OUT OF HOSPITAL: VALIDATION OF A PATIENT-CENTERED OUTCOME FOR TRANSCATHETER AORTIC VALVE IMPLANTATION,M. Servito; F. Qiu; A. Jerath; S.E. Fremes; D.T. Ko; M. Sud; D.Y. Tam; H.C. Wijeysundera,10.1016/j.cjca.2026.07.028,2026-10-01,Canadian Journal of Cardiology,
OpenAlex,aortic stenosis,Influence of leaflet thickness on deformation behavior of a 3D-printed training heart valve for an implantation training bench,Robert Thiel; Joel Focking; Nico Beyer; Jens Jäkel; Faouzi Derbel,10.1515/cdbme-2026-0245,2026-10-01,Current Directions in Biomedical Engineering,"Abstract High-fidelity physical simulators are essential for transcatheter aortic valve implantation (TAVI) training. While additive manufacturing enables patient-specific fabrication, standard isotropic 3D-printing materials (e.g., Formlabs Elastic 50A Resin) fail to replicate the anisotropic biomechanics of native valves. Consequently, direct geometric replication causes synthetic stenosis and unphysiological flow resistance. To overcome this, we developed an automated computational pipeline to optimize the leaflet thickness of a 3Dprinted aortic valve. The geometry is parameterized via analytical tensor-product B-spline surfaces, ensuring exact offsets and robust conformal discretization. Non-linear shell simulations (CalculiX) were driven by experimentally characterized material properties (E = 2.0 MPa) and boundary conditions acquired from a mock circulatory loop. A systematic parametric grid search mapped the inverse relationship between leaflet thickness and systolic Geometric Orifice Area (GOA). The optimization identified an ideal thickness (t*= 0.8 mm) that structurally compensates for isotropic material stiffness, restoring physiological opening kinematics. This experimental-computational framework demonstrates that macroscopic geometric tuning effectively replicates realistic valve behavior in synthetic surgical training simulators."
OpenAlex,aortic stenosis,A Study on the Measurement of Calcification in Bicuspid Aortic Valves,Laura Supp; Jan Oldenburg; Matthias Leuchter; Finja Borowski; Alper Oener; Marc-André Weber; Klaus‐Peter Schmitz; Michael Stiehm,10.1515/cdbme-2026-0239,2026-10-01,Current Directions in Biomedical Engineering,"Abstract Transcatheter aortic valve implantation (TAVI) is widely used in the clinical treatment of severe aortic stenosis. Functionally bicuspid patients are increasingly included in TAVI cohorts. However, their pronounced geometric variability introduces additional challenges for device deployment and procedural outcomes. This underscores the importance of analyzing this subgroup in greater detail. Virtual cohorts and in silico studies provide a suitable framework for systematically investigating such anatomical variations. To assess whether synthetically generated calcification patterns reproduce the constrictive effects observed in real functionally bicuspid patient data, we defined a parameter describing the calcified connection between the leaflets as quantitative criterion. Using pyVista, we quantified the maximum extent of these calcified connections in 40 segmented, functionally bicuspid human aortic valves. The measurement demonstrated a high degree of reproducibility, with six independent observers obtaining comparable results. The longest and most frequent calcified connections were observed between the right-coronary cusp (RCC) and the left-coronary cusp (LCC). Among patients exhibiting only a single calcified connection, the mean normalized bridging extent was 62% for RCC and LCC, 54% for non-coronary cusp (NCC) and RCC and 34% for LCC and NCC. These findings provide essential quantitative insight into calcification-induced leaflet constriction in functionally bicuspid anatomies and support the validation of virtual TAVI cohorts."
OpenAlex,aortic stenosis,"Classification of Valvular Heart Diseases Using Nonlinear Heart Rate Variability Indices in Concurrent Electrocardiograms, Seismocardiograms, and Gyrocardiograms",Szymon Siecinski,10.1515/cdbme-2026-0229,2026-10-01,Current Directions in Biomedical Engineering,"Abstract Valvular heart disease (VHD) remains a major clinical burden, while simple signal-based screening methods are limited. This study tested whether nonlinear heart rate variability (HRV) indices from concurrent electrocardiograms (ECG), seismocardiograms (SCG), and gyrocardiograms (GCG) can differentiate five VHD labels: aortic regurgitation (AR), aortic stenosis (AS), mitral regurgitation (MR), mitral stenosis (MS), and tricuspid regurgitation (TR). Because the public dataset contains only VHD patients, the task was lesion-oriented classification rather than healthy-control versus VHD screening. Nonlinear HRV features from interbeat intervals were classified with eight machine-learning models using grid search and 5-fold patient-level crossvalidation. Macro F1 score was prioritized over accuracy because several imbalanced tasks showed inflated accuracy. The best result was obtained for SCG-based AS classification with Linear SVM (accuracy: 0.780 ± 0.081, macro F1 score: 0.755 ± 0.109). Averaged across classifiers and VHDs, GCG achieved the highest mean macro F1 score (0.518), followed by SCG (0.503) and ECG (0.491). Nonlinear HRV indices therefore provide an interpretable benchmark for comparing ECG, SCG, and GCG in VHD-oriented classification."
OpenAlex,aortic stenosis,Impact of Rhythm Transition from Sinus Rhythm to Atrial Fibrillation on Mean Gradient Assessment in Aortic Stenosis,Anushka Mahajan; Muqaddas Hussain; Juan Farina; Ahmed Magdy; Christy M. Baxter; Krishna Saketh Athmakuri; Hari P. Chaliki,10.1177/30494826261491063,2026-10-01,Journal of the Heart Valve Society,"Background Aortic stenosis (AS) severity assessment relies on Doppler-derived mean gradient (MG), which is flow dependent. Atrial fibrillation (AF) causes stroke volume variability, which may lower measured gradients despite unchanged anatomic valvular severity. Guidelines recommend averaging MG over 5 cardiac cycles in AF, but this may underestimate true severity compared with sinus rhythm (SR). We evaluated the impact of transition from SR to AF on MG in AS. Methods We retrospectively studied adults with AS undergoing transthoracic echocardiography. Patients had paired SR and AF studies within 3 months, left ventricular ejection fraction ≥50%, and no more than mild valvular regurgitation. MG was measured by averaging over 3 cycles in SR and 5 cycles in AF, and the highest single-beat MG meeting quality criteria. Paired comparisons were performed with statistical testing. Agreement was assessed using intraclass correlation coefficient (ICC) and Bland-Altman analysis. Results Thirty patients were included (mean age 77 ± 10 years; 33% female). Left ventricular ejection fraction remained preserved in both rhythms. Averaged MG was lower in AF than SR (23.4 ± 12 vs 28.3 ± 12 mm Hg, P < .001). In contrast, the highest single-beat MG in AF was similar to SR (27.3 ± 11 vs 28.4 ± 12 mm Hg, P = .29). Agreement with SR was moderate for averaged MG (ICC 0.792, 95% CI 0.612-0.895) and higher for single-beat MG (ICC 0.897, 95% CI 0.797-0.949). Conclusions Averaging MG over 5 AF cycles underestimates AS severity. The highest single-beat MG better reflects SR measurements and may more accurately represent true severity."
OpenAlex,mitral regurgitation,P015 COST-UTILITY ANALYSIS OF ROBOTIC-ASSISTED VERSUS STERNOTOMY MITRAL VALVE SURGERY FOR SEVERE DEGENERATIVE MITRAL REGURGITATION,M. Servito; Y.C. Qian; E. Yusuf; P. Pechlivanoglou; S.E. Fremes; H.C. Wijeysundera; D.Y. Tam,10.1016/j.cjca.2026.07.026,2026-10-01,Canadian Journal of Cardiology,
OpenAlex,mitral regurgitation,Cardiogenic shock in Takotsubo syndrome: Insights into phenotype-tailored management,Marco Tomasino; Francisco Gonzalez‐Santorum; Lluis Admella; Aitor Uribarri,10.1016/j.medin.2026.502517,2026-10-01,Medicina Intensiva,"Takotsubo syndrome (TTS) is an acute and reversible condition that mimics acute coronary syndromes but occurs in the absence of coronary disease. Cardiogenic shock in TTS (CS-TTS) represents its most severe complication, affecting up to 25% of the cases and multiplying by six by six in-hospital mortality. CS-TTS is heterogeneous, arising from multiple and often overlapping mechanisms. Beyond classical pump failure due to severe systolic dysfunction, distinct phenotypes include dynamic left ventricular outflow tract obstruction (LVOTO) with mitral regurgitation, isolated or combined right ventricular failure, and rare mechanical complications. Additionally, vasoplegic and mixed shock can further expand the hemodynamic spectrum. Phenotype recognition guides therapy: pure pump failure may require cautious short-term inotropes or unloading mechanical support; LVOTO-mediated shock contraindicates catecholamines and favors cautious volume, pure vasopressors, and short-acting β-blockers; vasoplegia requires vasopressors; RV failure needs inotropes and preload optimization. Prospective phenotype-guided trials are urgently needed."
OpenAlex,mitral regurgitation,P002 5 YEAR EXPERIENCE WITH MINIMALLY INVASIVE MITRAL VALVE REPAIR WITH COMPLEX NEOCHORDAL RECONSTRUCTION,R. El-Andari; M. Machhiwala; E. Nurmambetova; M. Buchko; M. Moon; J. Nagendran,10.1016/j.cjca.2026.07.013,2026-10-01,Canadian Journal of Cardiology,
OpenAlex,mitral regurgitation,P013 CLINICAL CHARACTERISTICS AND 5-YEAR OUTCOMES OF THE MITRAL VALVE SURGERY FOR MITRAL REGURGITATION: INSIGHTS FROM THE VANCOUVER GENERAL HOSPITAL COHORT,J. Yoon; M. Alfadhalah; C. Lam; C. Luong,10.1016/j.cjca.2026.07.024,2026-10-01,Canadian Journal of Cardiology,
OpenAlex,mitral regurgitation,Machine learning prediction of mitral regurgitation improvement after TAVI,Yazheng Shan; Peng Liu; Zirui Zhao; Hanzhe Wang; Junlin Lai; Xiang Qiu; Xiaojing Li; Shijie Wang; Yin Wang,10.1038/s41598-026-74084-4,2026-10-01,Scientific Reports,"Abstract The fate of mitral regurgitation after transcatheter aortic valve implantation is highly heterogeneous, and accurate preoperative prediction of mitral regurgitation improvement remains challenging. This study aimed to develop and validate a machine learning-based predictive model for regurgitation improvement following transcatheter aortic valve implantation. This single-centre retrospective study included 324 patients with moderate-to-severe mitral regurgitation who underwent transcatheter aortic valve implantation between 2019 and 2024 (development cohort) and 120 patients in 2025 (temporal validation cohort). Eleven machine learning algorithms were compared. Feature selection was performed using a dual-screening strategy combining the Boruta algorithm and Least Absolute Shrinkage and Selection Operator. Model performance was evaluated using the area under the receiver operating characteristic curve, calibration curves, and decision curve analysis. SHapley Additive exPlanations analysis was used to interpret predictor contributions to model predictions. Six variables were identified as robust predictors: functional mitral regurgitation, interventricular septal thickness, atrial fibrillation, left ventricular ejection fraction, surgical approach, and left atrial diameter. In temporal validation, logistic regression achieved an AUC of 0.788 (95% CI 0.694–0.883), followed by Least Absolute Shrinkage and Selection Operator regression (AUC, 0.787; 95% CI 0.693–0.882) and CatBoost (AUC, 0.778; 95% CI 0.683–0.872). Interventricular septal thickness showed a significant nonlinear association with mitral regurgitation improvement, with approximately 1.1 cm suggested as a provisional breakpoint in an exploratory analysis. This machine learning model enables individualized prediction of mitral regurgitation improvement after transcatheter aortic valve implantation using readily available preoperative parameters. The identification of interventricular septal thickness as a nonlinear predictor with a potentially clinically relevant threshold suggests promise for preoperative risk stratification. Nevertheless, because both the development and temporal validation cohorts were derived from a single centre, these findings are preliminary and require prospective multicentre validation before any clinical implementation."
OpenAlex,mitral regurgitation,Beyond the Mitral Valve: Thoracic Antero-Posterior Diameter Identifies Distinct Risk Phenotypes in Mitral Valve Prolapse,Andrea Sonaglioni; Michele Lombardo; Gian Luigi Nicolosi; Massimo Baravelli,10.20944/preprints202610.0029.v1,2026-10-01,Preprints.org,"Background: Risk stratification in mitral valve prolapse (MVP) remains challenging, particularly in symptomatic patients without severe mitral regurgitation (MR) or left ventricular (LV) dysfunction. Thoracic geometry is frequently altered in MVP, but the clinical and prognostic significance of directly measured antero-posterior (A-P) thoracic diameter remains poorly defined. Methods: In this single-center retro-prospective observational study, 116 symptomatic adults with echocardiographically confirmed MVP, preserved LV ejection fraction (≥55%), and non-severe primary MR underwent clinical assessment, thoracic morphometry, echocardiography, speckle-tracking analysis, carotid ultrasonography, and exercise stress echocardiography (ESE). Patients were categorized using an a priori A-P diameter threshold of <13 or ≥13 cm (n = 58 each), after age- and sex-matching. Cardiovascular events were assessed separately during a retrospectively reconstructed pre-index period and prospective post-index follow-up. Cox regression, receiver operating characteristic (ROC), and Kaplan–Meier analyses were performed. Results: The <13-cm phenotype had smaller cardiac chambers, lower LV mass, less pronounced MR and mitral annular disjunction, but lower exercise capacity, more symptoms, and greater exercise-induced ST-segment abnormalities, without inducible regional wall-motion abnormalities on ESE. During the pre-index period (4.58 ± 4.37 years), 25 non-fatal cardiovascular events were identified: 4/58 (6.9%) versus 21/58 (36.2%) in the <13- and ≥13-cm groups, respectively. A-P diameter (adjusted HR per 1-cm increase, 1.773; 95% CI, 1.178–2.667; p = 0.006) and more-than-mild peak-exercise MR (adjusted HR, 3.486; 95% CI, 1.273–9.544; p = 0.015) were independently associated with pre-index events. During prospective follow-up (7.32 ± 1.14 months), 14 non-fatal cardiovascular events occurred, with no fatal cardiovascular events: 1/58 (1.7%) versus 13/58 (22.4%), respectively. A-P diameter (adjusted HR per 1-cm increase, 3.234; 95% CI, 1.821–5.745; p < 0.001) and more-than-mild peak-exercise MR (adjusted HR, 5.053; 95% CI, 1.104–23.125; p = 0.037) remained associated with subsequent events. A-P diameter showed high discrimination for post-index events (AUC, 0.952; 95% CI, 0.886–1.000; p < 0.001), and prospective event-free survival differed by the prespecified 13-cm threshold (log-rank p = 0.001). Conclusions: A-P thoracic diameter identifies distinct MVP phenotypes and was associated with both previous and subsequent cardiovascular events. These exploratory prospective findings support thoracic depth as a simple, radiation-free marker potentially complementary to conventional MVP risk assessment, requiring external validation."
OpenAlex,mitral regurgitation,Unilateral pulmonary oedema secondary to acute severe mitral regurgitation mimicking pneumonia: A case report,Elsayed Khalil; Mohamed Abada; Ahmed Hamada,10.4103/sja.sja_414_26,2026-10-01,Saudi Journal of Anaesthesia,"ABSTRACT Unilateral pulmonary oedema is a rare and frequently under-recognized manifestation of acute cardiogenic pulmonary oedema. Its unilateral radiographic appearance often mimics pneumonia, leading to diagnostic delay, and inappropriate initial management. Acute severe mitral regurgitation is among the most important cardiac causes of unilateral pulmonary oedema, particularly when associated with eccentric regurgitant jets directed toward the pulmonary veins."
OpenAlex,mitral regurgitation,Changes in right ventricular-pulmonary artery coupling after transcatheter edge-to-edge repair in primary and atrial mitral regurgitation,Michael G. Paulus; Nure Suloja; Franziska Grewe; Moritz Haus; Valeska Bienert; Michael Wester; Christian Schach; Andreas Luchner; Christoph M. Birner; Bernhard W. Unsöld; Lars Siegfried Maier; Kurt Debl; Christine Meindl,10.1016/j.ijcard.2026.134953,2026-10-01,International Journal of Cardiology,
OpenAlex,mitral regurgitation,Three-dimensional mitral valve geometry after transcatheter edge-to-edge repair: PASCAL versus PASCAL-ACE—implications for devices selection,Mohammed Abusharekh; Jürgen Kampf; Florian Schindhelm; Florian Jürgens; Iryna Dykun; Fadi Al‐Rashid; Matthias Totzeck; Tienush Rassaf; Amir Abbas Mahabadi,10.1007/s00392-026-03031-0,2026-10-01,Clinical Research in Cardiology,"Abstract Background The PASCAL® transcatheter edge-to-edge repair system (TEER) is established for mitral regurgitation (MR), with the ACE iteration tailored for complex anatomies. Comparative data are limited. Aims To compare 3D mitral valve remodeling and procedural outcomes in patients undergoing TEER with PASCAL or PASCAL ACE device at a high-volume tertiary center. Methods This retrospective, single-center study included 366 consecutive patients (mean age 77.7 ± 10.2 years; 57.9% male) with moderate-to-severe or severe MR treated between 2019 and 2024. Patients were stratified by device (ACE, n = 128, PASCAL, n = 238). Procedural outcomes and 3D echocardiographic remodeling were evaluated. Results ACE-treated patients had more complex mitral anatomies and larger baseline mitral valve orifice areas (3D-MVOA, 6.55 [5.74–7.96] vs. 5.87 [4.86–7.38] cm 2 ; p = 0.001). Relative reduction in 3D-MVOA following the first device was similar between groups (ACE − 44.5 ± 6.55% vs. PASCAL − 45.9 ± 6.61%; p = 0.066) and consistent across functional, degenerative, and mixed MR subgroups (all p > 0.05). ACE cases had a modestly smaller mean pressure gradient increase (+ 1[0–1] vs. + 1[1, 2] mmHg, p = 0.046), likely reflecting larger residual MVOAs (3.81 ± 1.11 vs. 3.38 ± 1.07 cm 2 ; p < 0.001). Post-procedural annular remodeling by annular sphericity index was comparable (ACE 0.67 ± 0.09 vs. PASCAL 0.69 ± 0.09; p = 0.119). Both devices achieved similarly high procedural success (ACE 100% vs. PASCAL 99.6%, p = 1.00) with no procedural complications. Conclusions In this real-world cohort, the ACE device was preferentially used in more complex mitral anatomies. Post-procedural MVOA was dictated by baseline valve anatomy rather than device configuration, with comparable relative MVOA reduction, annular remodeling, and procedural success, advocating for an anatomy-guided device selection."
OpenAlex,mitral regurgitation,Left Ventricular Remodelling and Functional Status Across Mitral Regurgitation Severity in Mitral Valve Prolapse,Klara Lodin; Cristina Oliveira Da Silva; Anne Wang; Ivana Bulatović; Lauge Østergaard; Gabriella Boano; Aristomenis Manouras; Lars H. Lund; Peter K. Svenarud; Magnus Dalén; Marcus Carlsson; Jannike Nickander; Bahira Shahim,10.64898/2026.09.28.26364239,2026-10-01,medRxiv,"Background: Mitral valve prolapse (MVP) causes mitral regurgitation (MR), leading to volume overload and maladaptive left ventricular (LV) remodelling. Objective: To comprehensively characterize markers of maladaptive LV remodelling across MR severity grades in MVP using cardiovascular magnetic resonance (CMR), and their association with functional status. Methods: Patients with MVP undergoing 1.5T CMR (2016-2025) were stratified by MR fraction: mild<20%, moderate 20-39%, and severe ≥40%. Exclusion criteria were significant coronary artery disease, rheumatic valve disease, mitral stenosis, previous mitral valve procedures, endocarditis or signs of primary cardiomyopathy. Global native T1, T2, extracellular volume (ECV), indexed ECV (iECV), indexed intracellular volume (iICV), and late gadolinium enhancement (LGE) were quantified. Indexed LV end-diastolic volume (EDVI) and the EDV-to-LV mass ratio (EDV/LVM-ratio) were also calculated as indices of LV remodelling and adaptive hypertrophy. Functional status was assessed by NYHA class. Results: Among 112 MVP patients (23 mild, 48 moderate, 41 severe MR) and 20 controls, LGE prevalence (17% vs. 46% vs. 51% vs. 0%) and the proportion with LV dilatation (46% vs. 67% vs. 88% vs 15%) rose progressively with MR severity. Increased EDVI, prevalence of LGE, higher EDV/LVM-ratio, global native T1 and iECV showed the strongest associations with more severe MR, whereas EDV/LVM-ratio, iECV and global native T1 were independently related to NYHA class≥II. Conclusions: CMR markers of maladaptive LV remodelling were abnormal across all MR grades and increased markedly with MR severity. Global native T1, iECV and EDV/LVM-ratio correlated most strongly with symptom burden, rather than MR severity per se."
OpenAlex,mitral regurgitation,Annals of Cardiothoracic Surgery,,10.21037/acs,2026-09-30,Annals of Cardiothoracic Surgery,"The Annals of Cardiothoracic Surgery (ACS, Ann Cardiothorac Surg, Print ISSN 2225-319X; Online ISSN 2304-1021) is a bi-monthly peer-reviewed publication, dedicated to the field of cardiothoracic surgery."
OpenAlex,mitral regurgitation,Uncommon but Critical Cardiac Abnormalities on Routine Chest Computed Tomography,Seung Min Yoo; Min Ji Son; Dawon Park; Charles S. White,10.1097/rti.0000000000000912,2026-09-30,Journal of Thoracic Imaging,"Uncommon but critical cardiac abnormalities may be missed on routine chest computed tomography (CT) due to misinterpretation as motion artifact. The examples include paradoxical embolism through the patent foramen ovale, right ventricular lead perforation, patent ductus arteriosus with endarteritis, infective endocarditis, acute mitral regurgitation secondary to chordal rupture, acute myocardial infarction, left atrial or ventricular thrombus, and paracardiac fat necrosis. Such overlooked diagnoses may lead to an unfavorable outcome. This review provides important tips to discriminate true abnormalities from cardiac motion artifact, and discusses specific CT findings that permit identification of subtle but critical cardiac findings on routine chest CT."
OpenAlex,mitral regurgitation,Primary left ventricular intimal sarcoma: a case report of multimodality imaging and molecular confirmation,Peiyan Peng; 王良玉; Bingli Li; Peixiu Yao; Zexin Zhang,10.3389/fcvm.2026.1964010,2026-09-30,Frontiers in Cardiovascular Medicine,"Primary cardiac intimal sarcoma is a rare malignant mesenchymal neoplasm whose intracavitary appearance may mimic other cardiac masses. We report a woman in her early 60s with recurrent palpitations and occasional exertional dyspnea. Transthoracic echocardiography (TTE) demonstrated a giant, highly mobile, irregular multilobulated mass occupying most of the left ventricular cavity, with slit-like interlobular clefts and a probable broad-based attachment near the apical interventricular septum. Low-velocity color Doppler demonstrated residual flow around and between lobules, while continuous-wave Doppler showed a peak left ventricular outflow tract velocity of 3.09 m/s and a peak instantaneous gradient of 38 mmHg. Cardiac computed tomography angiography (CTA) showed a large relatively hypoattenuating left ventricular mass with heterogeneous enhancement: some portions showed no obvious enhancement, whereas others showed mild enhancement; the interface with the ventricular wall was locally indistinct, so myocardial involvement could not be excluded. After induction of general anesthesia, intraoperative transesophageal echocardiography (TEE) showed the mass nearly filling the left ventricular cavity, but the attachment and fine multilobulated architecture were less clearly seen than on preoperative TTE. The patient underwent tumor resection with concomitant mitral valve repair. Histology showed mildly atypical spindle cells with fascicular and focal perivascular growth, readily identified mitotic figures, and mild myxoid stromal change. Immunohistochemistry showed MDM2 positivity, and fluorescence in situ hybridization demonstrated MDM2 and CDK4 amplification, supporting the diagnosis of intimal sarcoma. At approximately 2 weeks after surgery, follow-up TTE showed no residual or recurrent left ventricular mass, preserved left ventricular systolic function, minimal residual mitral regurgitation, and a peak outflow tract velocity of 0.92 m/s without residual obstruction. Postoperative 18F-FDG PET/CT performed at approximately the same time identified no definite extracardiac primary tumor or obvious distant metastatic lesions. The case illustrates how multimodality imaging can define the anatomy and hemodynamic effects of a rare left ventricular intimal sarcoma, while histopathologic and molecular findings remain essential for definitive diagnosis."
OpenAlex,mitral regurgitation,"New-Onset Thrombocytopenia after Treatment of Mitral Valve Endocarditis, Resolution Following Valve Replacement: A Case Report",Eun Yeung Jung; Hyunkyung Park; Sung‐Ho Jung,10.5090/jcs.26.075,2026-09-30,The Korean Journal of Thoracic and Cardiovascular Surgery,"/μL during routine outpatient follow-up after discharge. Follow-up echocardiography showed resolution of the vegetation, and inflammatory markers had normalized; however, corticosteroid treatment did not improve the platelet count. Elective surgery was performed for severe mitral stenosis with moderate tricuspid regurgitation and atrial fibrillation. After mitral valve replacement with concomitant tricuspid valve repair and a maze procedure, the platelet count normalized immediately and remained within the normal range during approximately 3 months of postoperative follow-up, without further thrombocytopenia-directed therapy. This case suggests a possible valve- and atrium-related mechanism for thrombocytopenia developing after treated IE and indicates that valve surgery may contribute to platelet recovery in selected patients."
OpenAlex,mitral regurgitation,A Clinical Case of Complex Treatment for Tachycardia-Induced Cardiomyopathy,Olena K. Gogayeva; Oleksandr O. Nudchenko; Oleksandr A. Beregovyi,10.63181/ujcvs.2026.34(3).160-164,2026-09-30,Ukrainian journal of cardiovascular surgery,"Introduction. Tachycardia-induced cardiomyopathy (TIC) is characterized by impaired left ventricular systolic function caused by chronic tachyarrhythmia or frequent ventricular extrasystoles in the absence of structural heart disease.Aim. To present a complex treatment approach in a patient with tachycardia-induced cardiomyopathy.Clinical case description. A 50-year-old patient presented with a significantly reduced left ventricular ejection fraction (LVEF) of 22-25 %, severe tricuspid regurgitation, moderate mitral regurgitation, and pulmonary hypertension (pulmonary artery systolic pressure [PASP], 53 mmHg) associated with persistent atrial fibrillation/flutter. After further evaluation, TIC was diagnosed, guideline-directed medical therapy (GDMT) for heart failure was initiated, and linear radiofrequency catheter ablation of the cavotricuspid isthmus was performed. NT-proBNP was 1594 pg/mL at admission and decreased to 459.1 pg/mL at discharge. Six months after the procedure, patient maintains sinus rhythm, NTproBNP is 9.85 pg/mL. Echocardiography revealed a high left ventricular contractility (LVEF 64 %), mild mitral and tricuspid regurgitation, and no significant pulmonary hypertension (PASP 30 mmHg).Conclusions. Our clinical case demonstrates successful radiofrequency ablation of cavotricuspid isthmus and GDMT in a patient with TIC. Preservation of sinus rhythm was associated with progressive improvement of left ventricle ejection fraction, and quality of life, as well as resolution of clinical symptoms. NTproBNP is a strong marker of heart failure which qualitatively reflects the dynamics of the process and can be used to assess the effectiveness of therapy."
OpenAlex,mitral regurgitation,Robot -Assisted Mitral Valve Repair via Right Mini-Thoracotomy in a Patient with a History of Cardiac Surgery via Median Sternotomy: A Case Report and Technical Considerations,T. Kawase; Kenta Nishiya; Goki Inno; Yukihiro Nishimoto; Kazuki Noda; Ryo Fujii; Yosuke Takahashi,10.21203/rs.3.rs-10951665/v1,2026-09-30,Research Square,
OpenAlex,mitral regurgitation,Does Treatment of Left Ventricular Diastolic Dysfunction in Chronic Obstructive Pulmonary Disease Matter: An Appraisal from an Open Prospective Real-world Observation with Use of Dapagliflozin,Parthasarathi Bhattacharyya; Sumedha Biswas; Sayoni Sengupta; Aniruddha De; Mintu Paul; Dipanjan Saha; Ranjan Kumar Sharma,10.5005/jp-journals-11007-0216,2026-09-30,The Indian Journal of Chest Diseases and Allied Sciences,"Background: Left ventricular diastolic dysfunction (LVDD), a common co-event of chronic obstructive pulmonary disease (COPD), can adversely influence functionality, quality of life (QoL), and survival prospects.Objective: To see the impact of treatment of LVDD with the sodium-glucose cotransporter 2 (SGLT-2) inhibitor dapagliflozin in a prospective trial.Materials and methods: Serial consenting patients with stable COPD underwent Doppler echocardiography on clinical or radiological suspicion of LVDD or pulmonary hypertension (PH).The subjects with LVDD were treated with add-on dapagliflozin in an open, prospective, real-world observation.The follow-up (FU) records of the first 35 patients were included for statistical analysis.The treatment effects were measured in terms of changes in postexercise recovery response [two-chair test (2CT)] and health status [COPD assessment test (CAT) score].Results: We included 35 patients of COPD [mean age: 67.66 ± 9.28 years, mean body mass index (BMI): 24.64 ± 3.97] with male predominance: 30:5.Their mean post-bronchodilator (BD) absolute forced expiratory volume in the first 1 second (FEV1)/forced vital capacity (FVC) and mean post-BD percentage predicted FEV1 were 0.50 ± 0.11 and 44.37 ± 15.72, respectively, with hypertension being the commonest comorbidity (30%) followed by diabetes and ischemic heart disease.On echocardiography, they displayed the mean value of pulmonary artery pressure (PAP) (systolic) as 45.43 ± 6.57, E/e' as 13.60 ± 2.52, left atrial volume index as 27.88 ± 8.54 mL/m 2 of body surface area, and tricuspid regurgitation (TR)-jet velocity as 3.04 ± 0.24.On a mean FU of 104.7 ± 70.96 days, they showed statistically significant improvement in postexercise minimum SpO 2 (p = 0.043) and desatmax (p = 0.020) of the 2CT; the CAT score also improved significantly (14.35 ± 3.00-8.93± 4.09; p < 0.0001).Repeat echocardiography, possible in nine patients, showed an improving trend in all parameters.All the patients tolerated dapagliflozin well.Conclusion: Dapagliflozin, an SGLT-2 inhibitor, improves health status and the postexercise recovery response significantly with LVDD in COPD."
OpenAlex,mitral regurgitation,"Editorial: Comprehensive approaches to multivalvular disease: diagnosis, treatment, and innovation",Alon Shechter; Anastasiοs Apostolos,10.3389/fcvm.2026.2001254,2026-09-30,Frontiers in Cardiovascular Medicine,"Valvular heart disease remains a major challenge in contemporary cardiology, owing in part to the complex interplay among loading conditions, filling pressures, cardiac remodeling, and ventricular function, which contributes to substantial variability in clinical presentation and disease progression. Further, the assessment and management of multivalvular disorders is substantially less well defined than those of isolated valvular lesions, potentially leading to mistreatment. Our current Research Topic aims to address these challenges by bringing together contemporary work spanning novel diagnostic technologies, perioperative risk stratification, and advanced echocardiographic phenotyping. The four manuscripts published within this collection illustrate innovative directions in the evolving field of valvular heart disease, while highlighting areas in which additional research is needed.The first article, by Li and colleagues, deals with intraoperative hemodynamic assessment during valve replacement surgery. In a retrospective matched cohort of 162 patients, the investigators compared transesophageal echocardiography (TEE) combined with FloTrac monitoring with TEE accompanied by conventional invasive arterial pressure monitoring.Significant differences between monitoring strategies were observed in several hemodynamic variables, including cardiac output, cardiac index, stroke volume variation, and their temporal behavior during surgery. However, despite the greater hemodynamic detail provided by TEE plus FloTrac, postoperative complication rates, including cognitive decline, did not differ significantly between groups, suggesting that a intraprocedural physiological measurement does not necessarily translate into improved clinical outcomes. Once again, further prospective studies are needed to investigate the prognostic impact of monitoring protocols during valvular The second paper, by Close and colleagues, reports on the detection of isolated aortic stenosis using auscultation recordings obtained with unmodified mobile phones and analyzed by computational nonlinear dynamics. In this single-center pilot study of 248 participants, the bestperforming model for aortic stenosis achieved an area under the curve of 0.872 and a sensitivity of 92.3%. Interestingly, recordings obtained by study personnel and by participants themselves appeared to be equally informative, suggesting feasibility of patient-generated recordings. The implications of this work extend beyond aortic stenosis itself, as access to definitive diagnostic tests requiring appropriately trained personnel is limited in general, and the need for low-cost screening tools is as high as ever. While thought-provoking, the study's findings require external prospective validation across broader populations as well as evaluation of whether such screening improves referral, diagnosis, treatment, and outcomes.The third article, by Gharehdaghi and colleagues, focuses on risk stratification in isolated tricuspid regurgitation (TR). In this multicenter retrospective study of of 104 patients with at least moderate TR, the TRI-SCORE independently forecasted the risk for all-cause mortality and/or heart failure hospitalizations following both conservative and invasive (i.e., surgery or transcatheter edge-to-edge repair) management. Moreover, one-year mortality increased progressively across low-, intermediate-, and high-risk categories, from 7% to 13% and 33%, respectively. These findings are particularly relevant, as proper risk stratification is essential for successful treatment and the avoidance of a futile one. Yet, the absence of a significant survival difference between treatment groups in this observational cohort highlights the limitations of non-randomized comparisons.Last but not least, Liao and colleagues explore advanced echocardiographic markers in medically managed secondary mitral regurgitation. Among 399 patients followed for a median of"
OpenAlex,valvular heart disease,Ocena funkcji nerek i czynników ryzyka uszkodzenia nerek u dzieci po przeszczepieniu komórek krwiotwórczych,Katarzyna Gąsowska,,2026-10-12,Homo Politicus (Academy of Humanities and Economics in Lodz),and risk factors of kidney damage in children after hematopoietic stem cell transplantation
OpenAlex,valvular heart disease,Laser manufacturing of multi-functional and antibacterial surfaces for orthopaedic applications,Ryan McFadden,10.17034/32631291,2026-10-01,Research Portal (Queen's University Belfast),"With an increasingly aging population across the globe, there is an increased demand for implantable medical devices to treat long-term health conditions and injuries. Patients with implantable devices such as joint prosthesis, trauma fixation dental implants have a risk of experiencing device associated infection (DAI) which is caused by bacteria attaching to the associated device and forming antibiotic tolerant biofilms1. Attributable mortality rate of DAI across a range of devices can be as high as 25% and treatment is often costly with a much higher chance of reoccurring infections after the first one1. Laser surface treatment of commercially pure titanium (cp Ti or medical grade 2), which is a commonly used material in medical devices has been shown to improve response to bacteria attempting to attach to the surface2. The aim of this work was to investigate how laser treatment in an open-air environment made changes to the surface of cp Ti, the bacterial response to these changes and to propose a mechanism of this improved response to bacterial attachment. Surface characteristics to cp Ti were investigated before and after laser treatment in open air assisted via argon gas. Characterisation was conducted in terms of topography and roughness (SEM, WLI and AFM), surface chemistry (XPS and ToF-SIMS), phase composition (XRD), microstructure (SEM) and wettability (contact angle). The biofilm coverage of multiple species, S. aureus, S. epidermidis, E. coli, P. aeruginosa and P. mirabilis was measured via Live/Dead staining. SEM and FEG-SEM techniques were used to assess the position of bacteria and biofilms on the surface and FIB techniques were used to investigate the bacteria-material interface.Open-air laser surface treatment via a continuous wave laser assisted by argon gas was conducted on as received (AR) cp Ti at laser energy densities of 13.9 J/mm2 (LP), 19.8 J/mm2 (MP) and 28.2 J/mm2 (HP). Laser surface treatment changed both the micro and nano-topography of cp Ti in the form for laser tracks (micro-scale) and ripples (nano-scale). SEM images also revealed presence of micro sized re-solidified “droplets” of titanium on all surfaces as a result of laser-material interaction. Micro-roughness decreased initially from AR (Ra = 0.34 μm) to LP (Ra = 0.19 μm) and increased for MP (Ra = 0.41 μm) and HP (Ra = 0.63 μm). Laser treated surfaces were considered spiky (Rku > 3) with more peaks than troughs (Rsk > 0). Nano-roughness increased as a result of laser treatment from AR (Ra = 46.1 nm) to LP (Ra = 95.9 nm), MP (Ra = 100.4 nm) and HP (Ra = 169.9 nm). All surfaces remained smooth (Rku < 3), with LP & HP surfaces possessing more peaks across the surface (Rsk > 0) and MP surface possessing a surface with more troughs (Rsk < 0).vOnly α-phase titanium existed at the surface level after laser treatment, with changes to the microstructure involving a shift from HCP α-phase titanium to a mixture of acicular and platelet α-phase. XPS and ToF-SIMS results indicated a higher concentration of TiO2 at the surface with an increasing oxide thickness with increasing laser energy density. Surfaces remained hydrophilic after laser surface treatment, with contact angles not exceeding 59.6 ± 2.1°.Live/Dead staining and measurement of biofilm coverage indicated a statistically significant (p < 0.05) reduction in biofilm coverage for all tested species across all laser treated surfaces relative to the AR surface. There was no statistically significant difference in biofilm coverage on the laser treated surfaces themselves. SEM and FEG-SEM images depicted biofilms forming readily on the AR surfaces and only small micro-colonies and clusters forming around micro features (i.e. re-solidified droplets) on the laser treated surfaces. Bacteria were much more scattered across the nano-ripples on the laser treated surfaces with only a few small colonies forming. FIB sectioning of S. aureus on the LP surface did not possess sufficient magnification to identify any specific bacteria-material interactions in the nano-scale. In conclusion a combination of hierarchical micro and nano topographies on laser treated surfaces with an increased thickness in the oxide layer reduced the biofilm coverage of multiple species of bacteria associated with DAI on cp Ti."
OpenAlex,valvular heart disease,Investigating pathology associated with cardiac hypertrophy at the single-cell level,Oisín Tadhg Cappa,10.17034/32641008,2026-10-01,Research Portal (Queen's University Belfast),"Cardiac hypertrophy (CH) is the heart’s response to sustained increased workload, marked by myocardial expansion to preserve output. However, under pathological stimuli—such as hypertension, valvular disease, or diabetes—CH becomes maladaptive, leading to structural and functional abnormalities, heart failure, and associated morbidity and mortality. These stimuli trigger complex cardiac remodelling involving both muscle and non-muscle cells, primarily driven by changes in gene expression. Investigating these changes can shed light on the molecular mechanisms driving pathological CH. This PhD thesis aimed to characterise dysregulated gene expression in distinct cardiac cell types during pathological CH using single-cell RNA-sequencing. The study used samples from three established mouse models of CH, two of which included 5-Azacitidine treatment groups, an anti-hypertrophic medication. All major cardiac cell types were implicated in remodelling and pro-hypertrophic signalling. Importantly, 19 genes were consistently dysregulated across all models, suggesting a common link to CH regardless of the pathological stimulus. These candidate genes are novel or poorly characterised in the context of pathological CH. After devising a bioinformatic technique to systematically assess conservation in mouse-human cardiac gene expression, dysregulated expression was characterised at the single-cell level in human heart samples from hypertensive disease patients. This represents a novel study of human HTD, identifying prominent changes in gene expression and possible alterations in cardiac tissue composition in HTD, a condition which is responsible for most cases of pathological CH in humans. Of the 19 candidate genes implicated in CH via mouse models, 15 were also dysregulated in human HTD versus normal heart. These 15 genes (ADAMTS4, ADAMTS9, AKAP12, B2M, B4GALT5, CMSS1, DENND4A, EMP1, FOSL2, JUN, KLF2, NFKBIZ, PDE4B, UBASH3B, and ZBTB16) are hypothesised to include key drivers of cardiac hypertrophy under pathological stimulus, a characterisation which is either novel or under-appreciated for each of the 15 candidates. Thesis is embargoed until 31 July 2030."
OpenAlex,valvular heart disease,Frailty Measures for Adult Patients and Outcomes for Vestibular Schwannoma Surgeries: A Retrospective Cohort Study.,Eric Michael Cohen; Emma C. Dunn; Bryan A. Clampitt; Jacob Parker; Mohammad Hassan A. Noureldine; Emily C. Coughlin; Rahul Suresh Mhaskar; Siviero Agazzi,10.1227/neuprac.0000000000000289,2026-10-01,PubMed,"BACKGROUND AND OBJECTIVES: To determine whether preoperative frailty [5-item/11-item modified frailty index (mFI-5/mFI-11)] independently predicts length of stay (LOS) and early facial nerve function after vestibular schwannoma (VS) resection when adjusting for tumor and operative factors at a single center with standardized postoperative care. METHODS: This was a single-center, institutional review board-approved, retrospective review of consecutive adults undergoing microsurgical VS resection from 2014 to 2025. Candidate predictors included mFI-5, mFI-11, age, temporal muscle thickness, tumor size, surgical approach, preoperative nonauditory cranial nerve deficits, immediate postoperative facial nerve function, and ventriculoperitoneal shunt requirement. Primary outcomes were LOS (days) and House-Brackmann (HB) grade at discharge, modeled with negative binomial and cumulative odds ordinal logistic regression, respectively (two-sided α = 0.05). RESULTS: = .017). Substituting individual comorbidities for frailty indices did not materially alter findings. CONCLUSION: In VS microsurgery, tumor size rather than frailty was the dominant correlate of early postoperative outcomes after adjustment. Because frailer patients are often selected out before elective surgery, the null adjusted association does not prove frailty is clinically irrelevant but reflects its limited incremental value among already-fit patients. Counseling should prioritize tumor characteristics and surgical approach. These hypothesis-generating findings warrant prospective multicenter confirmation."
OpenAlex,valvular heart disease,P184 PERFORMANCE OF CONVENTIONAL VS. DIGITAL AUSCULTATION FOR VALVULAR HEART DISEASE SCREENING: A PRELIMINARY ANALYSIS FROM THE STETHO-SCREEN HVD STUDY,J. Rodrigue; S. Hecht; M.H. Leblanc; P.Y. Turgeon; D. Belzile; J. Beaudoin; K. O'Connor; B. Labbé; F. Beaupré; A. Paquin; C.M. Giuliani; S. Mas-Peiro; N. Côté; P. Pibarot; J. Forcillo,10.1016/j.cjca.2026.07.176,2026-10-01,Canadian Journal of Cardiology,
OpenAlex,valvular heart disease,P032 PRE-OPERATIVE INVASIVE CORONARY ANGIOGRAM VERSUS CORONARY COMPUTED TOMOGRAPHY ANGIOGRAPHY IN PATIENTS UNDERGOING VALVULAR HEART SURGERY,C. Sun; G. Lee; F. Qiu; Y.C. Qian; H. Wijeysundra; S.E. Fremes; D.Y. Tam,10.1016/j.cjca.2026.07.040,2026-10-01,Canadian Journal of Cardiology,
OpenAlex,valvular heart disease,P239 SURGICAL RISK ASSESSMENT AND OUTCOMES IN TRANSTHYRETIN AMYLOIDOSIS CARDIOMYOPATHY,S. Sud; K. Shahi; N. Fine,10.1016/j.cjca.2026.07.228,2026-10-01,Canadian Journal of Cardiology,
OpenAlex,valvular heart disease,"P376 VALVULAR HEART DISEASE SCREENING: ACCESS DISPARITIES, SEX INEQUITIES, AND NOVEL STRATEGIES",C. Diep; K. Khalil; E. Ross; C. Rhéaume; L. Montoya; S.B. Lauck; K. Panaritis; P. Pibarot; J. Forcillo,10.1016/j.cjca.2026.07.341,2026-10-01,Canadian Journal of Cardiology,
OpenAlex,valvular heart disease,Case Study: Nursing Care for a Patient with CHF and Ineffective Peripheral Perfusion Through Passive Range of Motion (ROM) Interventions for the Lower Extremities Combined with 30° Leg Elevation in the Intensive Cardiac Care Unit (ICCU) at Jakarta Cempaka Putih Islamic Hospital,Mufti Ibrahim; Auliya Zahwarani; Ayu Mulyo Puspa Chelseati; Erwan Setyono,10.56359/igj.v5i3.1091,2026-10-01,INDOGENIUS,"Background & Objective: The high incidence of CHF is inseparable from various etiological factors, one of which is valvular heart disease. Valvular heart disease, whether in the form of stenosis or regurgitation, can lead to disturbances in blood flow and a chronic increase in cardiac workload. In Indonesia, valvular heart disease remains a significant problem, particularly rheumatic heart disease, which is commonly found among individuals in the productive age group. One of the interventions that can be provided is passive ROM (Range of Motion) exercises on the lower extremities combined with 30° leg elevation. This final scientific paper aims to determine the effectiveness of passive ROM exercises on the lower extremities combined with 30° leg elevation in patients with CHF. Method: A case study was conducted using a nursing care approach that included assessment, determination of nursing diagnoses, planning, implementation, and evaluation for a patient with CHF (Mrs. M) who was treated in the ICCU of Jakarta Islamic Hospital Cempaka Putih. The intervention of passive ROM (Range of Motion) exercises on the lower extremities combined with 30° leg elevation was administered once daily for three consecutive days to monitor the patient’s peripheral circulation using the Ankle Brachial Index (ABI) as an indicator. Result: The passive ROM intervention administered over three days resulted in improvements in ABI values, increased peripheral pulses, shortened capillary refill time (CRT), warm extremities, reduced muscle weakness, and decreased peripheral edema. Conclusion: Passive ROM exercises of the lower extremities combined with 30° leg elevation are effective nursing interventions for improving ABI values, peripheral pulses, capillary refill time (CRT), extremity warmth, muscle weakness, and peripheral edema in patients with CHF. Consistent application of passive ROM interventions to the lower extremities can support the rehabilitation process."
OpenAlex,valvular heart disease,Giant Cell Arteritis: Cardiac and Aortic Complications at the Cardio-Rheumatology Interface,Jay Gohri; Tanisha Jindal; Kaaviyashri Saraboji; Farshi Farook; Anmolpreet Kaur; Simardeep Kaur Bumrah; Surbhi Dadwal; Jyoti Yadav; Chandra Rupini Premkumar; JIEUN LEE; Vidhya C. M.; Niharika Shailendra; Sancia Mary Jerold Wilson; Jayavinamika Jayapradhaban Kala; Shiva Sankari Karuppiah; Suganti Shivaram; Lakshmi Sree Pugalenthi; Divyanshi Sood; rashi bilgaiyan; Scott A. Helgeson; Shivaram P. Arunachalam,10.3390/jvd5050040,2026-09-30,Journal of Vascular Diseases,"Giant cell arteritis (GCA) is the most common primary systemic vasculitis of older adults and has traditionally been framed as an ophthalmologic emergency. Its most serious consequences, however, occur in the cardiovascular system, often years after inflammatory markers have normalized. In contemporary matched population cohorts, patients with GCA carry an approximately two-fold excess risk of aortic aneurysm; the historical Olmsted County cohort reported a 17-fold excess of thoracic aortic aneurysm with wide confidence limits, and the characteristic latency to aneurysm is five to ten years. Patients also face elevated risks of aortic dissection, myocardial infarction, stroke, venous thromboembolism, and heart failure that cluster within the first year of diagnosis, when vascular inflammation is most active. This narrative review, based on a structured search of PubMed/MEDLINE and Google Scholar through September 2026 with independent verification of every cited estimate, synthesizes current evidence on the full spectrum of cardiac and aortic complications of GCA, including aortitis, aneurysm and dissection, coronary arteritis, valvular disease, pericarditis, myocarditis, and conduction disease. We trace their common origin to the immunopathology of the arterial wall, where dendritic cell activation, Th1/Th17 polarization, and maladaptive vascular remodeling produce occlusion in medium-sized arteries and dilation in the aorta. We examine current diagnostic modalities, from the ultrasound-based fast-track clinic, which has reduced permanent visual loss by half or more in observational cohorts, to FDG-PET/CT, in which aortic uptake at diagnosis is associated with subsequent aortic dilation. We review treatment after the GiACTA and SELECT-GCA trials in the light of the 2025 European Alliance of Associations for Rheumatology (EULAR) recommendations, the unresolved role of antiplatelet and statin therapy, and the surgical and endovascular management of GCA-related aortopathy. We suggest that the organization of care, as well as the limitations of drug therapy, may contribute to the residual mortality of GCA, a hypothesis that has not been tested; distinguish recommendations that are supported by current guidelines from those that are our own proposals; and outline a cardio-rheumatology pathway in which baseline vascular phenotyping informs individualized aortic surveillance. GCA is a disease whose natural history often begins in the rheumatology clinic and ends in the cardiac operating room without prior surveillance."
OpenAlex,deep learning,Antecedents and consequences of Green-tech FDI in emerging markets,Zhuoran Liu,10.17638/03195308,2031-01-01,University of Liverpool,"As environmental pressures intensify, attracting sustainable foreign direct investment (FDI), particularly green-tech FDI, has become a critical pathway for emerging markets to achieve environmental sustainability. However, existing research remains fragmented, offering limited insights into why green-tech FDI enters emerging markets and how it affects regional green innovation. This thesis addresses these gaps by systematically examining both the antecedents and consequences of green-tech FDI through three empirical studies using regional data from China. Study 1 and Study 2 focus on the antecedents of green-tech FDI. Study 1 examines how host-country conditions can attract green-tech FDI, highlighting the role of environmental management information disclosure (EMID) by domestic firms in reducing information gaps and strengthening green market–seeking motives. Study 2 shifts attention to the active decision-making of green-tech FDI, showing that under uncertainty, green-tech foreign investors engage in identity-based bandwagon learning by imitating peers with similar green identities, thereby mitigating investment risks. Study 3 turns to the consequences of green-tech FDI. It demonstrates that, due to the technological complexity of green innovation and limited absorptive capacity in emerging markets, green-tech FDI may generate crowding-out effects rather than purely positive spillovers. Adopting a network perspective, the study further finds that universities play a key moderating role: through broad linkages and deep collaborations, they help mitigate negative spillovers and facilitate the diffusion of green technologies. Together, the three studies advance the literature on sustainable FDI by differentiating green-tech FDI from general FDI and identifying the specific mechanisms that shape its entry decisions and local innovation outcomes. Practically, the findings provide guidance for emerging-market governments and firms on how to attract and manage sustainable investment, balance growth with environmental objectives, and strengthen local innovation ecosystems."
OpenAlex,deep learning,Combating Data and Target Shifts in Visual Tasks,Zhaorui Tan,10.17638/03194353,2031-01-01,University of Liverpool,"The rapid advancement of deep learning models for visual tasks has led to significant progress in many domains. However, a key challenge remains: ensuring that models can generalize effectively to unseen samples or novel classes, especially in real-world scenarios where training data-target pairs are often limited or unavailable, and test data may exhibit shifts in both data and targets. This thesis addresses the problem of shifts across data and targets, proposing novel methods to improve model generalization and transferability in complex settings. The thesis identifies the different shift scenarios for visual tasks and presents their problem forms. The research first relaxes the static target distribution assumption in Multi-Domain Generalization (mDG) tasks, introducing the General Multi-Domain Generalization (GMDG) objective to improve generalization under varying data shifts. Specifically, Extensive experiments validate that GMDG is feasible for classification, segmentation, and regression tasks. Further considering extreme target distribution shifts where even unknown novel classes emerge, the study also explores logical regularization techniques for tasks such as Generalized Category Discovery (GCD), mDG+GCD, and Class Incremental Learning (CIL), proposing a sample-based logical regularization term (L-Reg) to enhance data-, target-, and all-shift generalization. Additionally, a partial logic framework is introduced to address challenges in CIL, enabling models to retain room for unknown classes during training. This is further extended by the Partial-Logic Regularization (PL-Reg), which improves generalization across GCD, mDG+GCD, and transferability for CIL tasks. Furthermore, the thesis proposes a novel Semantic-aware Data Augmentation (SADA) framework for cross-modality generalization in text-to-image synthesis (T2Isyn), text-image retrieval (TIR), and image-text retrieval (ITR) tasks. This framework ensures semantic preservation across text and image modalities, improving both semantic consistency and image quality in cross-modality tasks. The methods proposed in this thesis offer significant advancements in visual generalization and transfer scenarios, providing theoretical insights and practical solutions for handling data shifts, target shifts, and multi-modalities in complex scenarios. Extensive experiments validate the effectiveness of the proposed methods, demonstrating their superior performance across a range of tasks."
OpenAlex,deep learning,"Depth of Processing, learner aptitude, and the acquisition of L2 English grammatical structures",Shweta Nigam,10.48683/1926.00128861,2031-01-01,CentAUR (University of Reading),"Depth of Processing (DoP) is central to several models of instructed second language acquisition (ISLA) (Leow, 2015). While DoP has been extensively examined in vocabulary learning (e.g., Laufer & Hulstijn, 2001), its role in the acquisition of grammatical structures, particularly through oral and audio-visual modalities remains comparatively underexplored. Drawing on the Levels of Processing framework (Craik & Lockhart, 1972), this study investigated whether task-induced processing depth influences the acquisition of third conditionals and comparatives, and whether language aptitude (LLAMA B, D, F) predicts learning gains. Using a pretest–posttest design, four intact classes involving 108 Grade 8 EFL learners in India were assigned to one of the three experimental conditions differing in level and type of processing: Low DoP, High DoP Explicit, and High DoP Implicit. The treatment task required the participants to listen to an audio-visual story containing the target structures (third conditionals and comparatives) and complete analytic tasks (varying in different groups) before listening to the story for a second time. The oral performance of the participants was analysed for accuracy, and frequency of use of the target structures. A grammaticality judgement test (GJT) and an elicited imitation task (EIT) were used to assess the participants’ gains in the knowledge of the target structures. In addition, language aptitude (LLAMA B, D, F) was measured and modelled as a predictor of gain scores. Results showed a significant effect of processing condition on GJT performance with the High DoP Implicit group outperforming the High DoP Explicit group on total scores and comparatives. In contrast, ANCOVA analyses indicated no significant group differences on EIT outcomes once pretest performance was controlled, with pretest scores strongly predicting posttest performance. In oral production, processing effects were structure-specific: the Low DoP group showed greater accuracy gains for comparatives, while both High DoP groups revealed increased frequency of use of third conditionals. However, across all four measures, multiple regression analyses indicated that LLAMA B, D, and F did not significantly predict gain scores. Overall, the findings support a processing-by-structure pattern: deeper processing benefits were most evident for the more salient structure (comparatives) on an explicit, written measure, whereas complex, low-salience forms (third conditionals) showed limited accuracy change but increased frequency of use under deeper processing."
OpenAlex,deep learning,Deep learning design of programmed enhancer pairs,Salil Garg; Blake M Torres; Joanna Wypasek,10.5281/zenodo.19463376,2030-04-08,Zenodo (CERN European Organization for Nuclear Research),
OpenAlex,deep learning,Deep learning design of programmed enhancer pairs,Salil Garg; Blake M Torres; Joanna Wypasek,10.5281/zenodo.19463375,2030-04-08,Zenodo (CERN European Organization for Nuclear Research),
OpenAlex,deep learning,Deep learning design of programmed enhancer pairs,Salil Garg; Blake M Torres; Joanna Wypasek,10.5281/zenodo.19477875,2030-04-08,Zenodo (CERN European Organization for Nuclear Research),
OpenAlex,deep learning,Data Augmentation Application in Deep Learning Drug Discovery by Utilizing Relationships Between Biological and Medical Entities,Tianjun Wang,10.17638/03195452,2029-01-01,University of Liverpool,
OpenAlex,deep learning,A UAV-Based Framework for Community-Scale Residential Building Energy Modelling in China,Mengfan Jin,10.17638/03195460,2029-01-01,University of Liverpool,"With increasing emphasis on energy efficiency and carbon emission reduction in the building sector, rapid and scalable energy modelling of existing buildings is critical for retrofit projects and policy development. Conventional surveys, data collection and energy modelling processes remain labour-intensive and impractical for large-scale applications, and energy modelling often dominates project time and cost. Unmanned Aerial Vehicles (UAVs) equipped with high-resolution and infrared cameras now offer fast and safe exterior surveys, showing great potential in building energy assessments. Yet, a systematic framework for UAV integration, from image capture through processing to inputs for building energy simulation, has not been established. This research addresses these challenges by developing a structured framework for community-scale building energy modelling, which integrates UAV photogrammetry to accelerate data acquisition, reduce labour, and shorten energy modelling time for retrofit projects. The framework is designed to minimise prior data requirements while maximising automation and retaining sufficient accuracy and reliability. It also addressed systemic issues, such as the lack of data necessary to fully exploit the potential of available technologies in the context of this study. To achieve this research objective, a mixed-methodology approach, combining desk studies and fieldwork, was adopted. First, a comprehensive review of UAV-based building energy studies mapped the current applications and available tools, proposing a preliminary framework. Fieldwork then encompassed a pilot study and a detailed case study. In the pilot test, a single building was surveyed to identify an optimal toolchain for flight planning, image capture, photogrammetric reconstruction, model generation, and selection of a simulation platform. The resulting refined framework was applied to a case study of a 39-building community, and it was demonstrated that further automation was necessary. The potential for automation was then further explored. Geomatic algorithms, machine learning, and deep learning techniques were compared, and the combination that best balanced accuracy and processing time was selected for 3D model generation and window-to-wall ratio (WWR) extraction. In parallel, an archetype library of residential buildings in the Hot Summer Cold Winter (HSCW) zone in China was compiled to facilitate the assignment of thermal parameters. Finally, a reusable community-scale building energy modelling (CBEM) workflow was assembled in Grasshopper using Ladybug Tools components to process the aforementioned inputs. In conclusion, this study integrates UAV photogrammetry, GIS-based geomatic algorithms, machine learning, and graphical programming to develop an UAV-CBEM framework. The outcomes establish a foundation for scalable UAV-based building energy assessments, enhancing applicability in data-limited and large-scale settings worldwide."
OpenAlex,deep learning,Spectral Materialism: Encounters with land-time-scapes,"Nightingale, Sam",10.25602/gold.00040593,2029-01-01,Goldsmiths (University of London),"This transdisciplinary, practice-based PhD introduces spectral materialism through art-based research encounters with ecologically and historically stratified land-time-scapes shaped by hypersalinity and colonial terraforming. Centred in the semi-arid Mallee (southeastern Australia) and read through echoes with California’s Imperial Valley, the project examines how spectral time—the co-presence and haunting of other temporalities—manifests in the material conditions of salt, soil, water, plants, and infrastructures. It asks how learning from geological, First Nations, colonial, and ecological pasts can orient responsibilities in unsettled futures. Treating the present as a crisis of time as much as a crisis of matter, the thesis critiques linear-progressive temporalities bound to Western modernity and extractive regimes. In response, spectral materialism is developed as both a conceptual framework and a critical creative methodology. Through alchemical media experiments with salt crystals, hypersaline soils, and halophytes, photography is reconfigured as a site-responsive, process-oriented practice. Salt is engaged as a material agent and ‘time-crystal’ whose phase shifts—dissolution, saturation, precipitation, crystallisation, evaporation—form a meta-chemistry that refracts deep-marine pasts, settler-colonial irrigation infrastructures, and contemporary dust into processual renderings of time. Methodologically, the project advances attunement as a mode of sensing and responsiveness to forces that are not always immediately perceptible yet are materially active. Field notes appear as para-writing, interrupting linear narration so that heterogeneous times co-present themselves within the text. The thesis is guided by First Nations temporalities—time as relational and in place—while remaining accountable to ethical limits and protocols. The contribution is twofold: a theoretical articulation of spectral materialism as a way to think time otherwise, and a set of site-responsive methods for engaging elemental media in saline environments. Together, they generate materially grounded accounts of spectral presences and open alternative pathways for knowing, sensing, and relating within land-time-scapes marked by enduring colonial and ecological afterlives amid planetary change."
OpenAlex,deep learning,DEVELOPMENT AND COMMERCIALIZATION OF COMPUTATIONAL METHODS TO ACCELERATE DERMATOLOGICAL DISCOVERY,Jasson Makkar,10.7273/000008421,2028-02-26,Washington State University,"The skin is the largest and outermost organ that surrounds the human body and provides a physical barrier that protects the more delicate internal tissues from the harsh surrounding environment. Over the course of evolution, specialized structures have also arisen in the skin, including sweat and sebaceous glands, nails and claws, and hair follicles. The hair follicle is a multi-lineage mini-organ that is a critical component in defining mammalian species. The gain of function derived from hair and fur benefited these species for millennia due to its insulative and protective properties, mechanosensing function, and ability to serve as camouflage. Current approaches to assess these fibers are generally non-quantitative or are low throughput due to technical limitations of ‘splitting hairs’. We developed a novel deep learning-based computer vision approach for the high throughput quantification of individual hair fibers at a high resolution. Our innovative computer vision tool can distinguish and extract overlapping fibers for quantification of multivariate features including length, width, and color to generate single-hair phenomes (shPhenome) of diverse conditions across the lifespan of mice. Using our tool, we explored the effects of hormone signaling, genetic modifications, and aging on hair follicle output. These analyses revealed novel hair phenotypes as a result of endocrinological, developmental, and aging-related alterations in the fur coats of mice. This tool was then adapted to capture more nuanced hair phenotypes, such as curvature, in a variety of mouse models harboring genetic perturbations. Commercialization of the deep hair phenomics technology presented a unique opportunity to pursue research translation, transforming fundamental biological research into marketable products. Much like the traditional academic route, the path to commercialization requires consistent and continuous iteration, testing of hypotheses, and allowing data to influence and lead subsequent actions. However, as opposed to the pursuit of knowledge, translating research into market-ready solutions requires a focus on consumer needs and the identification of market opportunities. Additionally, the shift in incentive structure requires commercial ventures to prioritize intellectual property protection, alter capital and resource allocation, and seek alternative fundraising sources. The entrepreneurial foundation built through this process culminated in the filing of a provisional patent and establishment of a startup company, kerat Inc. This journey illuminated the multifaceted challenges inherent in closing the gap between academic innovation and commercially viable goods, requiring simultaneous advancement of technical capabilities, adaptation to market dynamics, and fabrication of business infrastructure. Overall, the culmination of work presented in this dissertation sheds light on the importance of quantitatively assessing hair fiber properties to capture the biological phenomena that underlie this fundamental feature of mammalian skin. These findings also highlight the capabilities of this methodology for identifying perturbations in normal growth, potentially indicative of disease or dysfunction. Lastly, this showcased the potential of this technology’s commercial use cases in both the cosmetics and diagnostics industries."
OpenAlex,deep learning,Deep q-learning aided k-means clustering protocol for optimizing network lifetime in wireless sensor networks,Flynn Dowey,10.14288/1.0451106,2028-01-01,Open Collections,"The full abstract for this thesis is available in the body of the thesis, and will be available when the embargo expires."
OpenAlex,deep learning,Deep learning image analysis of donor red blood cells to predict deformability and transfusion efficacy,Erik S. Lamoureux,10.14288/1.0451932,2028-01-01,cIRcle (University of British Columbia),"The full abstract for this thesis is available in the body of the thesis, and will be available when the embargo expires."
OpenAlex,deep learning,"Optimization and Uncertainty in Learning: Optimizer, Regularization, and Randomized-Search Ablations on a Covertype PyTorch Backbone",Makan Sabeti,10.5281/zenodo.21631048,2027-07-27,Zenodo (CERN European Organization for Nuclear Research),
OpenAlex,deep learning,"Optimization and Uncertainty in Learning: Optimizer, Regularization, and Randomized-Search Ablations on a Covertype PyTorch Backbone",Makan Sabeti,10.5281/zenodo.21631047,2027-07-27,Zenodo (CERN European Organization for Nuclear Research),
OpenAlex,deep learning,Cost-Grounded Reward Scaling for Deep Reinforcement Learning in Zero-Buffer Flow-Shop Maintenance - DATA,Valentina Popolo; Silvestro Vespoli,10.17632/t73ckh3f7k,2027-07-09,Mendeley Data,
OpenAlex,deep learning,Cost-Grounded Reward Scaling for Deep Reinforcement Learning in Zero-Buffer Flow-Shop Maintenance - DATA,Valentina Popolo; Silvestro Vespoli,10.17632/t73ckh3f7k.1,2027-07-09,Mendeley Data,
OpenAlex,deep learning,Data & Script for Enhanced Rockburst Hazard Prediction through Generative Data Augmentation and Explainable Machine Learning Frameworks,Ibrahim TIjani; Abiodun Ismail Lawal; François K. Mulenga; Sangki Kwon; Hasan Haroglu,10.17632/7vm635jzd5,2027-01-30,Mendeley Data,
OpenAlex,deep learning,Data & Script for Enhanced Rockburst Hazard Prediction through Generative Data Augmentation and Explainable Machine Learning Frameworks,Ibrahim TIjani; Abiodun Ismail Lawal; François K. Mulenga; Sangki Kwon; Hasan Haroglu,10.17632/7vm635jzd5.1,2027-01-30,Mendeley Data,
OpenAlex,deep learning,"LeafMicroDefect-TR: A Digital Microscope-Based Dataset of Microscopic Leaf Surface Images for Defect Detection, Region-wise Analysis, and Explainable Deep Learning",HIDIR SELCUK NOGAY,10.17632/tvxkgj69kg.1,2027-01-12,Mendeley Data,
OpenAlex,deep learning,"LeafMicroDefect-TR: A Digital Microscope-Based Dataset of Microscopic Leaf Surface Images for Defect Detection, Region-wise Analysis, and Explainable Deep Learning",HIDIR SELCUK NOGAY,10.17632/tvxkgj69kg,2027-01-12,Mendeley Data,
